{"branch": {"accuracy": 0.9926088141735766, "distinct": 187, "entropy": 2.364016905121683, "errors": 5, "exp_cost": 7744372, "f1-score": 0.9732162290590726, "falsepos": 0.19788202244431707, "fullscore": 0.9828966012379846, "index": 8.600404473962032, "loss": 0.3031588304946494, "meanscore": 0.9849254670127473, "n_docs": 4938, "precision": 0.9916687503294315, "prediction_time": 9.126062833598791, "recall": 0.8359252651510154, "time": 14.221091123932426}, "brand": {"accuracy": 0.9629467664231328, "auc": 0.2596506609285101, "avg_time": 53.82910270354297, "benchmark": 1.5843129076919944, "distinct": 24, "entropy": 3.389403036191155, "exp_cost": 59971, "f1-score": 0.9964171772132621, "falsepos": 0.0006246432808330038, "fullscore": 0.9415528773732473, "index": 2.6715476428537914, "loss": 2.5672510279850513e-06, "meanscore": 0.9960297150320646, "n_docs": 5410, "non_null": 0.00014709493003906005, "prediction_time": 500.53098053393546, "recall": 0.9678518709192162, "size": 104715, "time": 12.464275005289213, "weighted_avg": 3.353370393627028}, "classifier": {"accuracy": 0.9873705419143284, "avg_time": 0.6855031762646908, "benchmark": 0.8694940143559264, "distinct": 280, "entropy": 2.548427907424501, "errors": 299, "exp_cost": 49414926, "f1-score": 0.6881708471134729, "falsepos": 0.10229971612992173, "fullscore": 0.9841954910562694, "index": 2.472308697927619, "loss": 0.0004496242901637082, "meanscore": 0.9988961915267911, "n_docs": 36729, "prediction_time": 40.14488129364693, "size": 692119, "time": 5.635898351082697, "weighted_avg": 1.3479555897002504}, "model": {"accuracy": 0.8940267934119034, "auc": 0.9995715991850571, "benchmark": 1.4617295408149822, "distinct": 68, "entropy": 1.6590782964104225, "errors": 218, "f1-score": 0.534219332308171, "fullscore": 0.9999090040418526, "index": 10.625555038104226, "loss": 0.005857866875465523, "meanscore": 0.9947785874274948, "n_docs": 6003087, "prediction_time": 70.32756423878371, "size": 3460278, "time": 3.6846751991339026, "weighted_avg": 1.0825774394801613}, "train": {"accuracy": 0.999572991141176, "avg_time": 12.312841906729746, "benchmark": 3.735437883725317, "distinct": 206, "entropy": 1.0863190572693693, "errors": 179, "exp_cost": 949706, "f1-score": 0.9931544558443202, "falsepos": 0.8869100738917407, "fullscore": 0.8936738053912863, "index": 1.3554328539385598, "loss": 0.00021772757582128044, "meanscore": 0.8372481681778786, "n_docs": 232, "non_null": 0.0743604225971809, "precision": 0.998207124797546, "prediction_time": 11.575861013486351, "recall": 0.9169376296375726, "size": 2392822, "weighted_avg": 4.10647034442563}, "train_full": {"accuracy": 0.9999879441671942, "auc": 0.9998692882960464, "avg_time": 14.629629324267755, "benchmark": 0.3869149473788922, "distinct": 105, "entropy": 1.4229095479661649, "exp_cost": 209377, "f1-score": 0.24660728247640312, "falsepos": 0.007321423024767237, "fullscore": 0.13786384166775995, "index": 20.3796217223909, "meanscore": 0.971521078474565, "n_docs": 134278, "non_null": 0.3283034864337725, "precision": 0.9616387578956023, "prediction_time": 20.038139075949424, "size": 11061823, "time": 15.914558551910599, "weighted_avg": 2.363153827080771}}