{"branch": {"accuracy": 0.7220500761622713, "distinct": 15, "entropy": 0.5574669636166238, "errors": -163, "exp_cost": 683053, "f1-score": 0.5984765869246206, "falsepos": 0.801707079288248, "fullscore": 0.7839222108128188, "index": 1.8723216780603311, "loss": 0.8397531884359575, "meanscore": 0.6513545839796523, "n_docs": 32, "precision": 0.6248616606956372, "prediction_time": 0.9753883860601626, "recall": 0.44066514214098274, "time": 2.2851711773109025}, "brand": {"accuracy": 0.6071413544029108, "auc": 0.003289299397382206, "avg_time": 10.677226839770162, "benchmark": 0.22314084066646347, "distinct": -142, "entropy": 1.3998482709064617, "exp_cost": 2448, "f1-score": 0.8718637268920442, "falsepos": 0.1727439382957039, "fullscore": 0.49601033548668855, "index": 0.5238803980693643, "loss": 0.007610795369814571, "meanscore": 0.9049531480096427, "n_docs": 168, "non_null": 0.03911463277955318, "prediction_time": 79.23052799830332, "recall": 0.564977099711682, "size": 775, "time": 3.551832837121835, "weighted_avg": 1.2692455431870893}, "classifier": {"accuracy": 0.8360020079316782, "avg_time": 0.24832321470040583, "benchmark": -0.839338332844719, "distinct": 135, "entropy": 0.8400819502164036, "errors": 72, "exp_cost": 625989, "f1-score": 0.07654702091383125, "falsepos": 0.5550668203747116, "fullscore": 0.4545543904835108, "index": 0.25965813630789036, "loss": 0.07790424378178717, "meanscore": 0.9560759306417397, "n_docs": 881, "prediction_time": 6.835865755863337, "size": 13619, "time": 0.5758856982720875, "weighted_avg": 0.3010902202310449}, "model": {"accuracy": 0.2910439156014978, "auc": 0.9881365530297705, "benchmark": -0.6464378421309034, "distinct": -108, "entropy": -0.40397648058054797, "errors": 25, "f1-score": 0.03727553880602874, "fullscore": 0.9650559471539414, "index": 2.645792337179942, "loss": 0.22695295819176242, "meanscore": 0.8334631925513917, "n_docs": 28226, "prediction_time": 10.445606344403462, "size": 34094, "time": 0.5587912751565297, "weighted_avg": -1.0389641411852644}, "train": {"accuracy": 0.9206978882247808, "avg_time": 3.773666432187658, "benchmark": 2.0852811531166413, "distinct": 29, "entropy": -1.2414220991759226, "errors": -49, "exp_cost": 11355, "f1-score": 0.8950291628328448, "falsepos": 0.9977694702310784, "fullscore": 0.22173182393424862, "index": 0.2953943562269392, "loss": 0.04308542983291774, "meanscore": 0.2832189009802888, "n_docs": 3, "non_null": 0.7059400596028481, "precision": 0.854378199902925, "prediction_time": 2.843306753090077, "recall": 0.49641309842583176, "size": 27468, "weighted_avg": 2.132981570093033}, "train_full": {"accuracy": 0.9970345712890525, "auc": 0.9337258823802612, "avg_time": 1.7869007586518073, "benchmark": -1.9683536491332663, "distinct": -55, "entropy": -0.5989688828330049, "exp_cost": 2020, "f1-score": 0.00731867995760771, "falsepos": 0.3735850588920706, "fullscore": 0.00718840877204896, "index": 3.24431918585737, "meanscore": 0.6572212440391818, "n_docs": 8823, "non_null": 0.9101867914987591, "precision": 0.757865616581977, "prediction_time": 3.364647584514733, "size": 28987, "time": 1.910431816554743, "weighted_avg": 0.4975826720649234}}