{"branch": {"accuracy": 0.9999999778058994, "distinct": 462, "entropy": 5.506412364243414, "errors": 225, "exp_cost": 779411521, "f1-score": 0.99999926317519, "falsepos": 5.367707832748536e-05, "fullscore": 0.9999731670134167, "index": 204.67107512313848, "loss": 0.00280781182217249, "meanscore": 0.9999932476922704, "n_docs": 4156457, "precision": 0.9999999970834981, "prediction_time": 296.043161523425, "recall": 0.9984924234867508, "time": 373.7520461444865}, "brand": {"accuracy": 0.9999628728659562, "auc": 0.9985450365119638, "avg_time": 838.3674099478709, "benchmark": 3.9402877844891604, "distinct": 293, "entropy": 6.865901840856112, "exp_cost": 7442623, "f1-score": 0.9999999397594327, "falsepos": 8.592015987574086e-13, "fullscore": 0.9999897375360751, "index": 37.323737199898694, "loss": 0.0, "meanscore": 0.9999998387673661, "n_docs": 1052212, "non_null": 2.9919400290623344e-12, "prediction_time": 15583.673441388224, "recall": 0.9999983201177431, "size": 145927168, "time": 124.2522323705454, "weighted_avg": 6.962327232704434}, "classifier": {"accuracy": 0.9999902326929608, "avg_time": 4.230362537502557, "benchmark": 3.6587551102295897, "distinct": 529, "entropy": 5.275666683486082, "errors": 645, "exp_cost": 41722395268, "f1-score": 0.99995239764617, "falsepos": 0.000831983921559809, "fullscore": 0.9999999491673615, "index": 66.3628690253903, "loss": 2.6860735857781037e-12, "meanscore": 0.9999998836453338, "n_docs": 8155508, "prediction_time": 745.9584122912728, "size": 350878390, "time": 321.66498719299506, "weighted_avg": 3.783658353758658}, "model": {"accuracy": 0.9999950193111089, "auc": 0.9999997021348717, "benchmark": 4.903995911085787, "distinct": 334, "entropy": 4.632467120470976, "errors": 550, "f1-score": 0.9997639201385765, "fullscore": 0.999999999998787, "index": 119.4769465386327, "loss": 2.049037350904115e-08, "meanscore": 0.9999999703085167, "n_docs": 7409609892, "prediction_time": 1340.4567121602017, "size": 9715364466, "time": 56.20825415576921, "weighted_avg": 4.54748904902563}, "train": {"accuracy": 0.9999999998443607, "avg_time": 69.27808642909443, "benchmark": 6.499946342508155, "distinct": 503, "entropy": 4.545116400443824, "errors": 563, "exp_cost": 1142046566, "f1-score": 0.9999990649974769, "falsepos": 0.09039761199554086, "fullscore": 0.999997831453924, "index": 13.03200606796458, "loss": 1.104798474926838e-10, "meanscore": 0.9999219394663533, "n_docs": 172951, "non_null": 6.085767582098001e-07, "precision": 0.9999999984127413, "prediction_time": 89.97770400714757, "recall": 0.9998717837045557, "size": 1870482500, "weighted_avg": 7.4477444608716254}, "train_full": {"accuracy": 0.9999999999922506, "auc": 0.9999999999968111, "avg_time": 370.05645926997516, "benchmark": 3.760088141948604, "distinct": 346, "entropy": 4.421265087029898, "exp_cost": 1187088600, "f1-score": 0.989556306948064, "falsepos": 6.802668206518092e-09, "fullscore": 0.7700584700301185, "index": 418.5560123965436, "meanscore": 0.9999924856928698, "n_docs": 13546644, "non_null": 0.0004068798929592887, "precision": 0.9998825186270774, "prediction_time": 346.69212438796313, "size": 271841194397, "time": 504.9214881121238, "weighted_avg": 5.639438437358826}}