{"branch": {"accuracy": 0.9998161735942452, "distinct": 258, "entropy": 3.5365960090976674, "errors": 86, "exp_cost": 46066089, "f1-score": 0.9977672243358296, "falsepos": 0.02917434679366704, "fullscore": 0.9975439230727701, "index": 28.61863083812322, "loss": 0.12679405292888513, "meanscore": 0.9967615594609998, "n_docs": 59525, "precision": 0.9997232757053004, "prediction_time": 27.81136407392169, "recall": 0.9464948367077352, "time": 53.6817457222105}, "brand": {"accuracy": 0.9933715716704816, "auc": 0.6995890580410494, "avg_time": 138.20105096975294, "benchmark": 2.4023668237724087, "distinct": 101, "entropy": 4.463969702643802, "exp_cost": 344446, "f1-score": 0.9997424145704243, "falsepos": 3.7502114921261764e-06, "fullscore": 0.9953759364258425, "index": 5.144192552798737, "loss": 4.934673780709886e-09, "meanscore": 0.9996325745836947, "n_docs": 26652, "non_null": 9.687194320040504e-07, "prediction_time": 1654.340684977547, "recall": 0.9987404682558425, "size": 1174344, "time": 28.48031076764763, "weighted_avg": 4.549020102146376}, "classifier": {"accuracy": 0.9981134755925665, "avg_time": 1.2240912623984765, "benchmark": 1.9545954684199787, "distinct": 375, "entropy": 3.5709580032952575, "errors": 401, "exp_cost": 688393166, "f1-score": 0.9499564428021499, "falsepos": 0.024276195852394267, "fullscore": 0.9992260106575183, "index": 7.957349287402975, "loss": 2.6214614724517915e-06, "meanscore": 0.9999125170304962, "n_docs": 308936, "prediction_time": 95.44152819576051, "size": 4038357, "time": 23.08112505324526, "weighted_avg": 2.1629542020883163}, "model": {"accuracy": 0.9893825604422934, "auc": 0.9999181068432602, "benchmark": 2.5760830859259953, "distinct": 168, "entropy": 2.66187725866497, "errors": 332, "f1-score": 0.9226343203048895, "fullscore": 0.9999995611580847, "index": 26.637514380093656, "loss": 0.00016813657812198013, "meanscore": 0.9998459113035159, "n_docs": 96630564, "prediction_time": 174.63422280380013, "size": 55121350, "time": 11.264109279991699, "weighted_avg": 2.315812032149035}, "train": {"accuracy": 0.9999971261511436, "avg_time": 23.86977343262096, "benchmark": 4.662270460242294, "distinct": 291, "entropy": 2.362333826352237, "errors": 299, "exp_cost": 12481624, "f1-score": 0.999221820751448, "falsepos": 0.6395934950345112, "fullscore": 0.9910142023116901, "index": 2.6432263387625663, "loss": 2.3039525018919704e-06, "meanscore": 0.9761809796630839, "n_docs": 1970, "non_null": 0.004675841901251254, "precision": 0.9999862394464737, "prediction_time": 20.7334317775035, "recall": 0.987799721933966, "size": 16054406, "weighted_avg": 5.161024391041439}, "train_full": {"accuracy": 0.9999998063023235, "auc": 0.9999983377102427, "avg_time": 45.665426110915725, "benchmark": 1.4669330213548042, "distinct": 184, "entropy": 2.2175321786673123, "exp_cost": 4994677, "f1-score": 0.7210260621701645, "falsepos": 0.0002831116571364589, "fullscore": 0.3054243366793652, "index": 71.28443383236323, "meanscore": 0.995464262933436, "n_docs": 461249, "non_null": 0.09250051224586342, "precision": 0.9929379606601701, "prediction_time": 46.21304171108296, "size": 384319125, "time": 51.54090099637411, "weighted_avg": 3.555720097615088}}