{"branch": {"accuracy": 0.9992461337274593, "distinct": 241, "entropy": 3.2484066107629133, "errors": 50, "exp_cost": 20255870, "f1-score": 0.9950921381687523, "falsepos": 0.05454232895133293, "fullscore": 0.9931943694920699, "index": 20.160661062961918, "loss": 0.1907642914080636, "meanscore": 0.9942355729693733, "n_docs": 29385, "precision": 0.9991088401624216, "prediction_time": 17.769877898113837, "recall": 0.9341460988199154, "time": 31.97315400881761}, "brand": {"accuracy": 0.9826954205822227, "auc": 0.5481752563852503, "avg_time": 115.16903396102686, "benchmark": 2.1650134224684727, "distinct": 66, "entropy": 4.130872708739539, "exp_cost": 130647, "f1-score": 0.9995007376979163, "falsepos": 2.537018388726331e-05, "fullscore": 0.9903617456039877, "index": 5.019272138383599, "loss": 4.669777653454332e-08, "meanscore": 0.9989906478646362, "n_docs": 19186, "non_null": 6.98981470770299e-06, "prediction_time": 1129.6287647409736, "recall": 0.9950381172374314, "size": 504237, "time": 23.492740369304784, "weighted_avg": 4.141850919449109}, "classifier": {"accuracy": 0.9957283988158532, "avg_time": 1.105415759636622, "benchmark": 1.5585055073606855, "distinct": 339, "entropy": 3.2537945502224477, "errors": 362, "exp_cost": 226585854, "f1-score": 0.9037211124542782, "falsepos": 0.05137207330994742, "fullscore": 0.9969390016772224, "index": 5.097264717859397, "loss": 2.4104428678062284e-05, "meanscore": 0.9997550106115592, "n_docs": 137731, "prediction_time": 75.2344390191724, "size": 2392152, "time": 16.014018352583612, "weighted_avg": 1.8417989779102695}, "model": {"accuracy": 0.9729232865276575, "auc": 0.9998903414862683, "benchmark": 2.174227410965449, "distinct": 127, "entropy": 2.3211966915833813, "errors": 292, "f1-score": 0.8076320037329824, "fullscore": 0.9999963715243224, "index": 20.38612867687387, "loss": 0.0005511150137907928, "meanscore": 0.9995943951496621, "n_docs": 35516627, "prediction_time": 123.71152736385865, "size": 15888792, "time": 7.81202650857898, "weighted_avg": 1.9141019837633548}, "train": {"accuracy": 0.9999686053747137, "avg_time": 19.347602811242915, "benchmark": 4.437070282815494, "distinct": 269, "entropy": 1.7546370541961382, "errors": 267, "exp_cost": 6114477, "f1-score": 0.9987770450919315, "falsepos": 0.7659492074024166, "fullscore": 0.9744793092543436, "index": 2.143165183891631, "loss": 1.419047696127329e-05, "meanscore": 0.9565337148861285, "n_docs": 1309, "non_null": 0.011250706494170704, "precision": 0.9999350986945581, "prediction_time": 18.06921916096697, "recall": 0.9766588167538739, "size": 6374073, "weighted_avg": 4.643438882507466}, "train_full": {"accuracy": 0.9999989316045044, "auc": 0.9999899350083824, "avg_time": 30.691571049781285, "benchmark": 1.0891141049990272, "distinct": 158, "entropy": 1.9378014077778474, "exp_cost": 2139381, "f1-score": 0.49655788820332264, "falsepos": 0.00068131668770266, "fullscore": 0.22749304892058564, "index": 42.33127965652166, "meanscore": 0.9918050332894368, "n_docs": 339446, "non_null": 0.14326422260735683, "precision": 0.989883165489589, "prediction_time": 34.82473697022117, "size": 140566642, "time": 30.712347285352013, "weighted_avg": 3.148178056018259}}