{"branch": {"accuracy": 0.9999998092524468, "distinct": 418, "entropy": 5.0118100112459665, "errors": 209, "exp_cost": 658317537, "f1-score": 0.9999949289727696, "falsepos": 0.0002569250521760047, "fullscore": 0.9999211552026152, "index": 122.67067740064094, "loss": 0.006767446680410627, "meanscore": 0.9999267144032388, "n_docs": 2001265, "precision": 0.9999999252183396, "prediction_time": 165.52311462536198, "recall": 0.9959452541860857, "time": 233.92966378125794}, "brand": {"accuracy": 0.9998438283678404, "auc": 0.9928234807091867, "avg_time": 560.828457652528, "benchmark": 3.7518767653592335, "distinct": 250, "entropy": 6.220673307092814, "exp_cost": 3626602, "f1-score": 0.9999996131158903, "falsepos": 2.0179746762494233e-11, "fullscore": 0.9999579111335836, "index": 26.705103338310483, "loss": 1.2989609388114332e-14, "meanscore": 0.9999989805792472, "n_docs": 513683, "non_null": 1.1403844535351482e-10, "prediction_time": 10108.411901788188, "recall": 0.999992114046705, "size": 79774047, "time": 91.14938426121519, "weighted_avg": 6.482525375524592}, "classifier": {"accuracy": 0.999965754769319, "avg_time": 3.4248385221610937, "benchmark": 3.3862603540572587, "distinct": 499, "entropy": 4.836289143294076, "errors": 588, "exp_cost": 17223904164, "f1-score": 0.999550003855516, "falsepos": 0.0026601518480833253, "fullscore": 0.9999989576408117, "index": 40.14277938473713, "loss": 2.3811175253740657e-11, "meanscore": 0.9999989610430279, "n_docs": 4482930, "prediction_time": 491.9493741715796, "size": 109074475, "time": 200.4205534068003, "weighted_avg": 3.5192732076311426}, "model": {"accuracy": 0.9999632313514617, "auc": 0.9999990786448639, "benchmark": 4.472751018750832, "distinct": 298, "entropy": 4.177800273563177, "errors": 501, "f1-score": 0.9986000276640172, "fullscore": 0.9999999999725134, "index": 94.31563160612761, "loss": 1.9478391877214563e-07, "meanscore": 0.9999997709021398, "n_docs": 2635191163, "prediction_time": 803.6933192855417, "size": 3017116552, "time": 46.055928523812796, "weighted_avg": 4.084164027024865}, "train": {"accuracy": 0.9999999988083231, "avg_time": 59.25525638896569, "benchmark": 6.173016405824705, "distinct": 458, "entropy": 3.993878017871357, "errors": 508, "exp_cost": 493726136, "f1-score": 0.9999949935582504, "falsepos": 0.17522445096020767, "fullscore": 0.9999858781639323, "index": 8.786254915903475, "loss": 1.0012535245351728e-09, "meanscore": 0.999775725023028, "n_docs": 80630, "non_null": 5.156982476828276e-06, "precision": 0.9999999896269471, "prediction_time": 66.04342811790059, "recall": 0.9995566576642758, "size": 650468707, "weighted_avg": 6.774555571158779}, "train_full": {"accuracy": 0.9999999999674892, "auc": 0.9999999999420992, "avg_time": 242.48512212854234, "benchmark": 3.302761362547336, "distinct": 312, "entropy": 3.8844375750111912, "exp_cost": 253500118, "f1-score": 0.9728799195233061, "falsepos": 1.3759508521449249e-07, "fullscore": 0.6693324482389295, "index": 289.89946787818064, "meanscore": 0.9999539304866188, "n_docs": 8316048, "non_null": 0.0019184925035187206, "precision": 0.9996152099980076, "prediction_time": 223.63171924950802, "size": 57738566081, "time": 308.25910578219225, "weighted_avg": 5.186156539858732}}