{"branch": {"accuracy": 0.999999398468295, "distinct": 393, "entropy": 4.93610851414144, "errors": 199, "exp_cost": 296580704, "f1-score": 0.9999801836208528, "falsepos": 0.0005854446835842353, "fullscore": 0.9998497101327812, "index": 116.0057373571614, "loss": 0.016742476502706216, "meanscore": 0.9999502272571579, "n_docs": 851653, "precision": 0.9999997189929727, "prediction_time": 126.47888578994188, "recall": 0.9952007883821995, "time": 200.97057218836704}, "brand": {"accuracy": 0.999611614233198, "auc": 0.9828867580162788, "avg_time": 464.34880159480264, "benchmark": 3.315808764638401, "distinct": 213, "entropy": 6.123211565676451, "exp_cost": 1781410, "f1-score": 0.9999982958443123, "falsepos": 3.2432301289020415e-10, "fullscore": 0.9999630872014637, "index": 20.554843605771108, "loss": 6.88338275267597e-14, "meanscore": 0.9999967424097613, "n_docs": 249951, "non_null": 1.9355339553328577e-10, "prediction_time": 8827.506956025029, "recall": 0.9999841877779618, "size": 33606979, "time": 79.59607996102751, "weighted_avg": 6.087190050993318}, "classifier": {"accuracy": 0.9999407190128303, "avg_time": 2.7174841473841393, "benchmark": 3.2938905147834734, "distinct": 482, "entropy": 4.720188287483403, "errors": 579, "exp_cost": 9889309049, "f1-score": 0.9993981748420112, "falsepos": 0.0029976162710851906, "fullscore": 0.9999970513378151, "index": 32.582939596110386, "loss": 2.4974322609949695e-10, "meanscore": 0.9999979342194147, "n_docs": 2598206, "prediction_time": 338.4627423005628, "size": 81524218, "time": 126.45048070850929, "weighted_avg": 3.3360840062141275}, "model": {"accuracy": 0.9999404738383865, "auc": 0.999996931822572, "benchmark": 4.203024600440928, "distinct": 283, "entropy": 3.9751571452373144, "errors": 475, "f1-score": 0.9975003741737951, "fullscore": 0.999999999929403, "index": 84.01454917517023, "loss": 5.690069713182311e-07, "meanscore": 0.9999994757249075, "n_docs": 1806310727, "prediction_time": 636.2755539581162, "size": 1696661418, "time": 31.265229750964806, "weighted_avg": 3.874188188440254}, "train": {"accuracy": 0.999999985837102, "avg_time": 49.14588747024336, "benchmark": 5.8965602101152985, "distinct": 444, "entropy": 3.945190761901329, "errors": 469, "exp_cost": 324623394, "f1-score": 0.9999910954419503, "falsepos": 0.21079628060744848, "fullscore": 0.9999556447167918, "index": 7.413620307479266, "loss": 2.9855777849974174e-09, "meanscore": 0.9993462945219491, "n_docs": 39512, "non_null": 2.8356749997127118e-05, "precision": 0.9999999740449769, "prediction_time": 59.166181558639465, "recall": 0.9993998460886648, "size": 363211068, "weighted_avg": 6.4834631994460175}, "train_full": {"accuracy": 0.9999999997098035, "auc": 0.9999999996294413, "avg_time": 181.1320780116623, "benchmark": 3.119967349318777, "distinct": 286, "entropy": 3.650015472927236, "exp_cost": 200378447, "f1-score": 0.9668423493814142, "falsepos": 4.1373838721714407e-07, "fullscore": 0.6568320099869466, "index": 214.82640966009586, "meanscore": 0.9999027661610485, "n_docs": 5186596, "non_null": 0.004929807554935106, "precision": 0.9993408624037704, "prediction_time": 182.94001940632702, "size": 23347085493, "time": 240.12383077089711, "weighted_avg": 4.997325011933705}}