{"branch": {"accuracy": 0.9999988113098844, "distinct": 377, "entropy": 4.741442840929776, "errors": 187, "exp_cost": 255630803, "f1-score": 0.9999681625613867, "falsepos": 0.000797088251388467, "fullscore": 0.9998119733071328, "index": 104.78785407031174, "loss": 0.011906809523720696, "meanscore": 0.999886620856401, "n_docs": 881393, "precision": 0.9999992415780609, "prediction_time": 116.28805043959085, "recall": 0.9927242081642766, "time": 157.97893903649393}, "brand": {"accuracy": 0.9996735856308302, "auc": 0.9755788191472958, "avg_time": 413.121098014741, "benchmark": 3.325916486937009, "distinct": 203, "entropy": 5.7585504765092335, "exp_cost": 1779252, "f1-score": 0.9999981353197266, "falsepos": 9.45308387123589e-10, "fullscore": 0.9999095525489883, "index": 18.394491948259272, "loss": 2.170486013142181e-13, "meanscore": 0.9999966657379749, "n_docs": 311794, "non_null": 1.3667124099114858e-09, "prediction_time": 7252.336092050058, "recall": 0.9999756179347943, "size": 22535657, "time": 63.42848629770313, "weighted_avg": 5.969997926585052}, "classifier": {"accuracy": 0.99990205817722, "avg_time": 2.4295352327488025, "benchmark": 3.0399111607128773, "distinct": 467, "entropy": 4.4549184357490565, "errors": 537, "exp_cost": 6503715539, "f1-score": 0.9978465075572354, "falsepos": 0.00639417482089899, "fullscore": 0.9999928231621227, "index": 26.034146653834473, "loss": 6.167591992678467e-10, "meanscore": 0.9999975874324781, "n_docs": 2773598, "prediction_time": 374.6810309023009, "size": 55284848, "time": 122.8460758600075, "weighted_avg": 3.13263154922082}, "model": {"accuracy": 0.9998263075474259, "auc": 0.9999953629068186, "benchmark": 4.074858360086587, "distinct": 272, "entropy": 3.7762329584248255, "errors": 454, "f1-score": 0.996784981756166, "fullscore": 0.9999999993482785, "index": 72.6245897309143, "loss": 1.369119469574187e-06, "meanscore": 0.9999983516110806, "n_docs": 1037241376, "prediction_time": 588.3690311535695, "size": 1376464466, "time": 31.026495455012324, "weighted_avg": 3.633533004765089}, "train": {"accuracy": 0.9999999890960488, "avg_time": 46.492960483335466, "benchmark": 5.86454120613614, "distinct": 424, "entropy": 3.507069935560981, "errors": 442, "exp_cost": 188542305, "f1-score": 0.9999814938561281, "falsepos": 0.2860464543355201, "fullscore": 0.9998748633847664, "index": 7.040279069173446, "loss": 8.31645130539016e-09, "meanscore": 0.9989597879684847, "n_docs": 33073, "non_null": 4.0043551160273694e-05, "precision": 0.9999998738747341, "prediction_time": 46.84007343847667, "recall": 0.9991041362166232, "size": 279868719, "weighted_avg": 6.440626549112829}, "train_full": {"accuracy": 0.9999999989051004, "auc": 0.9999999992265182, "avg_time": 156.45355233103945, "benchmark": 2.955543764425269, "distinct": 279, "entropy": 3.4402983856341187, "exp_cost": 118178318, "f1-score": 0.9411466722561642, "falsepos": 7.830757769999863e-07, "fullscore": 0.5953278754974378, "index": 199.61835919439045, "meanscore": 0.9998508022978201, "n_docs": 3194959, "non_null": 0.004802677159727153, "precision": 0.9989766219123573, "prediction_time": 157.8152451894834, "size": 23273415486, "time": 205.81191433158813, "weighted_avg": 4.733611011941888}}