{"branch": {"accuracy": 0.999999998171451, "distinct": 504, "entropy": 6.044585337574384, "errors": 284, "exp_cost": 1899729930, "f1-score": 0.99999990903542, "falsepos": 5.009308571057858e-06, "fullscore": 0.9999942326524301, "index": 259.8374556629282, "loss": 0.000600654625453001, "meanscore": 0.9999983817423268, "n_docs": 15552822, "precision": 0.9999999998549267, "prediction_time": 483.86438436167776, "recall": 0.9995296391303445, "time": 524.503537558507}, "brand": {"accuracy": 0.9999934117967633, "auc": 0.9997813353141607, "avg_time": 1185.2892326943524, "benchmark": 4.316049011462434, "distinct": 328, "entropy": 7.334695351253141, "exp_cost": 15429439, "f1-score": 0.99999999362594, "falsepos": 9.103828801926284e-15, "fullscore": 0.9999988194399382, "index": 52.36751382877492, "loss": 0.0, "meanscore": 0.9999999735591202, "n_docs": 2521983, "non_null": 8.748557434046234e-14, "prediction_time": 25552.961925465705, "recall": 0.9999997338976204, "size": 567887947, "time": 189.6612919454199, "weighted_avg": 7.425273873110893}, "classifier": {"accuracy": 0.9999975711109559, "avg_time": 4.894810224868364, "benchmark": 4.082642266003811, "distinct": 556, "entropy": 5.672171163637579, "errors": 705, "exp_cost": 103273706581, "f1-score": 0.9999916276530105, "falsepos": 0.00046884922932544093, "fullscore": 0.9999999967966211, "index": 95.13849821040387, "loss": 1.3766765505351941e-14, "meanscore": 0.9999999925088725, "n_docs": 22700784, "prediction_time": 1185.6352914436118, "size": 809266742, "time": 532.0058609214036, "weighted_avg": 4.2247249101169135}, "model": {"accuracy": 0.9999994366700911, "auc": 0.9999998390343168, "benchmark": 5.4558448306057965, "distinct": 370, "entropy": 4.9625316386429255, "errors": 599, "f1-score": 0.9999523466573659, "fullscore": 0.9999999999999583, "index": 172.8804552411177, "loss": 1.9778935156367083e-09, "meanscore": 0.9999999967822409, "n_docs": 22329647561, "prediction_time": 1993.3243730256743, "size": 38639100171, "time": 70.67086849112144, "weighted_avg": 5.150293750553201}, "train": {"accuracy": 0.9999999999812089, "avg_time": 88.97709134806466, "benchmark": 6.910317535515736, "distinct": 549, "entropy": 5.110166993475509, "errors": 606, "exp_cost": 2568878814, "f1-score": 0.9999996404275018, "falsepos": 0.04521341197475348, "fullscore": 0.9999998237459926, "index": 19.356628755844728, "loss": 1.262945303892593e-11, "meanscore": 0.9999841691399355, "n_docs": 395046, "non_null": 1.7243925509724534e-08, "precision": 0.9999999998843787, "prediction_time": 122.97140389109454, "recall": 0.9999744554563077, "size": 5567415703, "weighted_avg": 7.738094485971703}, "train_full": {"accuracy": 0.9999999999996367, "auc": 0.9999999999999665, "avg_time": 545.8642305679899, "benchmark": 4.526944120032672, "distinct": 383, "entropy": 4.9999294019299665, "exp_cost": 3538177522, "f1-score": 0.9963657788533242, "falsepos": 2.2172019775723584e-10, "fullscore": 0.852298432068376, "index": 686.7460261728742, "meanscore": 0.999998517442427, "n_docs": 40054400, "non_null": 4.4363693622706535e-05, "precision": 0.9999611272453925, "prediction_time": 587.8758883172561, "size": 937410930885, "time": 897.114997854487, "weighted_avg": 6.083470250121928}}