{"branch": {"accuracy": 0.9999999992114402, "distinct": 518, "entropy": 6.12172411783419, "errors": 293, "exp_cost": 2453600834, "f1-score": 0.9999999755471364, "falsepos": 1.1637574086620361e-06, "fullscore": 0.9999959374015632, "index": 335.4329670760632, "loss": 0.0004396222839673225, "meanscore": 0.9999991111578794, "n_docs": 23388839, "precision": 0.9999999999708182, "prediction_time": 655.1474655984464, "recall": 0.9997089787982087, "time": 627.5125481916333}, "brand": {"accuracy": 0.9999966780810545, "auc": 0.9999062626921881, "avg_time": 1451.2882607179797, "benchmark": 4.650825441659724, "distinct": 348, "entropy": 7.5750558676654585, "exp_cost": 18361749, "f1-score": 0.999999998346037, "falsepos": 1.887379141862766e-15, "fullscore": 0.9999996682193888, "index": 64.71908837120421, "loss": 0.0, "meanscore": 0.9999999870288029, "n_docs": 4526547, "non_null": 4.463096558993129e-14, "prediction_time": 32940.49522449093, "recall": 0.9999998271997996, "size": 895909545, "time": 210.02086517210586, "weighted_avg": 7.605338884992512}, "classifier": {"accuracy": 0.9999990604060575, "avg_time": 5.874707989561341, "benchmark": 4.225056772334064, "distinct": 575, "entropy": 5.814903428073656, "errors": 722, "exp_cost": 142797171934, "f1-score": 0.9999965119754819, "falsepos": 0.0003712329557993277, "fullscore": 0.9999999993139943, "index": 107.34267097776198, "loss": 2.4424906541753444e-15, "meanscore": 0.9999999965494679, "n_docs": 31056909, "prediction_time": 1219.1817730825946, "size": 1561135632, "time": 729.028630357343, "weighted_avg": 4.247939365841721}, "model": {"accuracy": 0.9999998453857009, "auc": 0.9999999459232677, "benchmark": 5.6409913738503965, "distinct": 389, "entropy": 5.209127564461267, "errors": 621, "f1-score": 0.9999702032429246, "fullscore": 0.9999999999999936, "index": 223.88819567186005, "loss": 1.0327705357582317e-09, "meanscore": 0.9999999968581583, "n_docs": 26944855902, "prediction_time": 2472.346239620615, "size": 47194559926, "time": 79.31290477200609, "weighted_avg": 5.343014885789787}, "train": {"accuracy": 0.9999999999913146, "avg_time": 98.16252935025338, "benchmark": 7.03510827879864, "distinct": 581, "entropy": 5.34945369668821, "errors": 642, "exp_cost": 3271662903, "f1-score": 0.9999998496103175, "falsepos": 0.026985213742640957, "fullscore": 0.9999999431413162, "index": 20.914668242949283, "loss": 7.326805828711258e-12, "meanscore": 0.9999870951998484, "n_docs": 678123, "non_null": 6.055888013278832e-09, "precision": 0.9999999999358721, "prediction_time": 146.60411021637006, "recall": 0.9999843671311126, "size": 12763833446, "weighted_avg": 7.924826605537238}, "train_full": {"accuracy": 0.9999999999999236, "auc": 0.9999999999999918, "avg_time": 704.3971930999413, "benchmark": 4.667319582890797, "distinct": 404, "entropy": 5.109976049988001, "exp_cost": 4815812682, "f1-score": 0.9974822752795514, "falsepos": 6.66586785769141e-11, "fullscore": 0.8476974044866219, "index": 743.2439686887938, "meanscore": 0.9999995191325979, "n_docs": 68008834, "non_null": 1.950442812115316e-05, "precision": 0.9999697466153575, "prediction_time": 717.8431347284505, "size": 1451066908501, "time": 1130.84609344905, "weighted_avg": 6.257578634947917}}