{"branch": {"accuracy": 0.9999999974667491, "distinct": 477, "entropy": 5.9457050600746335, "errors": 270, "exp_cost": 1460193402, "f1-score": 0.9999998598027285, "falsepos": 5.630333760220374e-06, "fullscore": 0.9999891332199029, "index": 275.2193071560299, "loss": 0.0012054164126809042, "meanscore": 0.9999970792921051, "n_docs": 13319894, "precision": 0.9999999996616913, "prediction_time": 426.17507711577025, "recall": 0.9994179656811758, "time": 549.7796399357463}, "brand": {"accuracy": 0.9999889662002154, "auc": 0.9996591478753772, "avg_time": 1186.5706550300647, "benchmark": 4.302419944339291, "distinct": 317, "entropy": 7.087303909893461, "exp_cost": 10546006, "f1-score": 0.9999999898052363, "falsepos": 3.175237850427948e-14, "fullscore": 0.9999992696866724, "index": 51.078360098782476, "loss": 0.0, "meanscore": 0.9999999537266844, "n_docs": 1984002, "non_null": 2.9909408283401717e-13, "prediction_time": 26252.591195480156, "recall": 0.9999996487475121, "size": 440190676, "time": 173.03373645311385, "weighted_avg": 7.310036110731802}, "classifier": {"accuracy": 0.9999972142372648, "avg_time": 4.896349934601619, "benchmark": 3.9639234263061716, "distinct": 555, "entropy": 5.558836263030214, "errors": 696, "exp_cost": 85553229019, "f1-score": 0.9999884179808238, "falsepos": 0.001125305328105175, "fullscore": 0.999999985028561, "index": 81.96147126045037, "loss": 8.504308368628699e-14, "meanscore": 0.9999999637320964, "n_docs": 17448551, "prediction_time": 1053.4291955852514, "size": 744792877, "time": 522.5111986619997, "weighted_avg": 4.061109158446379}, "model": {"accuracy": 0.9999991257960079, "auc": 0.9999998146080038, "benchmark": 5.345815406734216, "distinct": 367, "entropy": 4.9193543038693335, "errors": 598, "f1-score": 0.9999318883014124, "fullscore": 0.9999999999999593, "index": 184.86292934909423, "loss": 3.216224286894942e-09, "meanscore": 0.9999999926112246, "n_docs": 15262291303, "prediction_time": 1760.4848044277674, "size": 21115213062, "time": 69.02386118522404, "weighted_avg": 5.05287775165421}, "train": {"accuracy": 0.9999999999778071, "avg_time": 84.49272556523813, "benchmark": 6.871974195023338, "distinct": 542, "entropy": 5.117665193274791, "errors": 596, "exp_cost": 2331925341, "f1-score": 0.9999996046017678, "falsepos": 0.04775775649893865, "fullscore": 0.9999996575683694, "index": 16.435098172898474, "loss": 2.280642341645489e-11, "meanscore": 0.9999702557241972, "n_docs": 387951, "non_null": 3.299873030382372e-08, "precision": 0.999999999792136, "prediction_time": 113.33244922454168, "recall": 0.9999675230878194, "size": 4410270848, "weighted_avg": 7.6771925080609265}, "train_full": {"accuracy": 0.9999999999979675, "auc": 0.9999999999999074, "avg_time": 551.0010089654718, "benchmark": 4.345364323213915, "distinct": 378, "entropy": 4.743598162701339, "exp_cost": 2818729012, "f1-score": 0.99537312925059, "falsepos": 2.5992896723892045e-10, "fullscore": 0.8153510972397875, "index": 612.5821495556155, "meanscore": 0.9999974153772188, "n_docs": 38415169, "non_null": 7.792927360483759e-05, "precision": 0.9999514230903678, "prediction_time": 499.6357774671907, "size": 442690203562, "time": 903.8670277510205, "weighted_avg": 6.053841720485901}}