{"branch": {"accuracy": 0.9106352507188514, "distinct": 63, "entropy": 1.3262275089849984, "errors": -100, "exp_cost": 1467415, "f1-score": 0.8079463554593441, "falsepos": 0.651806566688873, "fullscore": 0.8756773817388848, "index": 3.310656038405292, "loss": 0.697051039647012, "meanscore": 0.8836545521370056, "n_docs": 302, "precision": 0.8675849810820178, "prediction_time": 2.099260809801, "recall": 0.6499216087377959, "time": 4.680960299687369}, "brand": {"accuracy": 0.7941987147025755, "auc": 0.016448381095460096, "avg_time": 21.728571132258686, "benchmark": 0.6053695556076935, "distinct": -68, "entropy": 1.928197658450379, "exp_cost": 8679, "f1-score": 0.949526158468468, "falsepos": 0.03830250152646009, "fullscore": 0.749500895161171, "index": 0.783281299188716, "loss": 0.0008488175152179256, "meanscore": 0.95142087912321, "n_docs": 707, "non_null": 0.007380730437869021, "prediction_time": 138.51966223024291, "recall": 0.8325609585320468, "size": 8071, "time": 6.500318412385159, "weighted_avg": 1.9651001156692887}, "classifier": {"accuracy": 0.9200442326756972, "avg_time": 0.3177655788596229, "benchmark": -0.2538728065889101, "distinct": 212, "entropy": 1.480240180308315, "errors": 155, "exp_cost": 3517992, "f1-score": 0.22575617253462643, "falsepos": 0.29771718870537, "fullscore": 0.8332541503853403, "index": 0.6742589499455551, "loss": 0.015954416974620633, "meanscore": 0.9805817910809109, "n_docs": 4474, "prediction_time": 12.11967999203368, "size": 57240, "time": 1.3494399556302508, "weighted_avg": 0.5263062664927706}, "model": {"accuracy": 0.5041437894731037, "auc": 0.9964239333527446, "benchmark": 0.160615624904847, "distinct": -18, "entropy": 0.5452925202383591, "errors": 90, "f1-score": 0.17986662292826772, "fullscore": 0.9930717690896727, "index": 4.334663593279901, "loss": 0.06869150156986081, "meanscore": 0.9467530367022546, "n_docs": 262234, "prediction_time": 18.561728424339332, "size": 237417, "time": 1.502238965410394, "weighted_avg": -0.34290624733838765}, "train": {"accuracy": 0.9913868974708344, "avg_time": 6.546498075410291, "benchmark": 2.769899663825126, "distinct": 91, "entropy": -0.12319396692562973, "errors": 38, "exp_cost": 73233, "f1-score": 0.9664888421705405, "falsepos": 0.9896842356206146, "fullscore": 0.462769052747826, "index": 0.49247805077969053, "loss": 0.0062770184057462375, "meanscore": 0.5440968920589873, "n_docs": 14, "non_null": 0.44221275696760853, "precision": 0.9758928634657397, "prediction_time": 5.163653074216043, "recall": 0.6996550232356502, "size": 149777, "weighted_avg": 2.91756731969983}, "train_full": {"accuracy": 0.9994198881900378, "auc": 0.9870485055700424, "avg_time": 5.227903619821886, "benchmark": -1.1778971490314032, "distinct": 5, "entropy": 0.08067511528097274, "exp_cost": 11126, "f1-score": 0.035316162416204055, "falsepos": 0.14562440190254833, "fullscore": 0.03927631758921102, "index": 6.5191961877049405, "meanscore": 0.8230923650405015, "n_docs": 16425, "non_null": 0.7830478972666549, "precision": 0.8971935391141628, "prediction_time": 5.792867312975216, "size": 679710, "time": 4.32079792084904, "weighted_avg": 1.2740707503242172}}