{"branch": {"accuracy": 0.9999994448130209, "distinct": 399, "entropy": 4.9219027031028455, "errors": 205, "exp_cost": 384858815, "f1-score": 0.9999860046536313, "falsepos": 0.0005176161856944583, "fullscore": 0.9999089933108096, "index": 111.12589656862357, "loss": 0.013842810842314979, "meanscore": 0.9999366588988864, "n_docs": 1010293, "precision": 0.9999997860323038, "prediction_time": 127.30623959188739, "recall": 0.995657233294445, "time": 200.7283361555655}, "brand": {"accuracy": 0.9996405873951382, "auc": 0.9872505213430861, "avg_time": 496.4461967512791, "benchmark": 3.4240517947018003, "distinct": 223, "entropy": 6.1515139004496975, "exp_cost": 2033725, "f1-score": 0.9999985348076789, "falsepos": 2.0679080670049643e-10, "fullscore": 0.999972878660835, "index": 23.340836525512795, "loss": 7.671641100159832e-14, "meanscore": 0.999997158203372, "n_docs": 265146, "non_null": 1.504192326251541e-10, "prediction_time": 9231.831076416032, "recall": 0.999982123706394, "size": 43425842, "time": 81.52814162790887, "weighted_avg": 6.215274304152652}, "classifier": {"accuracy": 0.9999457428636213, "avg_time": 2.8774341594414214, "benchmark": 3.289176764334048, "distinct": 482, "entropy": 4.723135114482107, "errors": 585, "exp_cost": 10924471171, "f1-score": 0.9994130677059556, "falsepos": 0.003699999237357643, "fullscore": 0.9999971777410724, "index": 32.643390492964464, "loss": 1.729072440781465e-10, "meanscore": 0.9999986494296442, "n_docs": 2661179, "prediction_time": 360.66451238371013, "size": 83562704, "time": 128.17596758022552, "weighted_avg": 3.433375626032962}, "model": {"accuracy": 0.9999480090931634, "auc": 0.9999971981835313, "benchmark": 4.249767023253009, "distinct": 285, "entropy": 3.9717852983358095, "errors": 469, "f1-score": 0.9977562693515241, "fullscore": 0.9999999999458341, "index": 90.80043715925189, "loss": 4.1233365311033054e-07, "meanscore": 0.999999585777505, "n_docs": 1681757936, "prediction_time": 648.787088959297, "size": 1904480471, "time": 35.38970471409524, "weighted_avg": 3.945563737689273}, "train": {"accuracy": 0.9999999938056365, "avg_time": 51.34891566133966, "benchmark": 5.947237347716564, "distinct": 447, "entropy": 3.911037721349209, "errors": 474, "exp_cost": 364283799, "f1-score": 0.9999928429864395, "falsepos": 0.2059787736184856, "fullscore": 0.9999646216648803, "index": 7.951307303436305, "loss": 2.1130436289595877e-09, "meanscore": 0.9992527679277798, "n_docs": 42430, "non_null": 1.8699996630733295e-05, "precision": 0.9999999795797854, "prediction_time": 60.31246340737016, "recall": 0.9994316601993409, "size": 405092949, "weighted_avg": 6.601444442948157}, "train_full": {"accuracy": 0.999999999852602, "auc": 0.9999999997143845, "avg_time": 188.96569882390241, "benchmark": 3.200674447111624, "distinct": 288, "entropy": 3.702730731353265, "exp_cost": 202042027, "f1-score": 0.9674880766867453, "falsepos": 4.125811218225195e-07, "fullscore": 0.6705194942360656, "index": 220.33150960096137, "meanscore": 0.9999334238668767, "n_docs": 6291544, "non_null": 0.004348388379811441, "precision": 0.9994841777591962, "prediction_time": 181.6878890434977, "size": 23285417857, "time": 250.57437373136037, "weighted_avg": 5.050108799502141}}