{"branch": {"accuracy": 0.9999990602807363, "distinct": 378, "entropy": 4.856074318075729, "errors": 179, "exp_cost": 241235086, "f1-score": 0.9999771342132658, "falsepos": 0.0007766530115057568, "fullscore": 0.9998206487832545, "index": 96.68343166808667, "loss": 0.012892756947330941, "meanscore": 0.9999171214449417, "n_docs": 848422, "precision": 0.999999380175597, "prediction_time": 114.96984035439306, "recall": 0.9913983689510383, "time": 175.34987112473598}, "brand": {"accuracy": 0.9996848009847237, "auc": 0.9711539991293869, "avg_time": 440.83825386796394, "benchmark": 3.278840366122208, "distinct": 199, "entropy": 5.833162953213617, "exp_cost": 1747138, "f1-score": 0.9999980968634484, "falsepos": 4.2126024890620783e-10, "fullscore": 0.9999236140527159, "index": 16.78682915097421, "loss": 1.2867484855405564e-13, "meanscore": 0.9999969857682549, "n_docs": 301962, "non_null": 1.0634406688581066e-09, "prediction_time": 7455.016781050099, "recall": 0.9999857470212933, "size": 21486919, "time": 66.3719454785017, "weighted_avg": 5.928402562240983}, "classifier": {"accuracy": 0.999911933048448, "avg_time": 2.523651618921702, "benchmark": 3.024091731638292, "distinct": 471, "entropy": 4.5271612959178205, "errors": 536, "exp_cost": 7258524221, "f1-score": 0.998475843750947, "falsepos": 0.005434708025609414, "fullscore": 0.9999943228157485, "index": 28.60383924215026, "loss": 5.810465442124269e-10, "meanscore": 0.9999978437883315, "n_docs": 2894795, "prediction_time": 362.76237346944794, "size": 57421995, "time": 137.01065072472466, "weighted_avg": 3.1143825123385853}, "model": {"accuracy": 0.9998600188094104, "auc": 0.9999954824483523, "benchmark": 4.070761234657694, "distinct": 272, "entropy": 3.834986214510907, "errors": 465, "f1-score": 0.9971365955225941, "fullscore": 0.9999999995737371, "index": 73.79389500896755, "loss": 1.0516206360167146e-06, "meanscore": 0.9999986725323129, "n_docs": 1393197459, "prediction_time": 593.1129466316147, "size": 1459189666, "time": 34.396485454888094, "weighted_avg": 3.693592287532161}, "train": {"accuracy": 0.9999999871933443, "avg_time": 45.89869452578703, "benchmark": 5.872670211918527, "distinct": 426, "entropy": 3.625822712713542, "errors": 448, "exp_cost": 213673449, "f1-score": 0.9999841734724306, "falsepos": 0.2862293841080392, "fullscore": 0.9998919096963607, "index": 7.059307689225441, "loss": 6.715562217429749e-09, "meanscore": 0.9991367479084103, "n_docs": 35414, "non_null": 4.3752335393554276e-05, "precision": 0.9999999209822151, "prediction_time": 48.63829229725483, "recall": 0.9991265342365967, "size": 307497026, "weighted_avg": 6.401117298467753}, "train_full": {"accuracy": 0.9999999986184525, "auc": 0.9999999991944764, "avg_time": 165.28517854050466, "benchmark": 2.879702428985769, "distinct": 282, "entropy": 3.4337520546658498, "exp_cost": 137885514, "f1-score": 0.9382934619661454, "falsepos": 6.635803019294784e-07, "fullscore": 0.6053896416586876, "index": 218.56230595653332, "meanscore": 0.9998766503081358, "n_docs": 3221815, "non_null": 0.0047753463849431466, "precision": 0.9989230818409329, "prediction_time": 169.8724501849689, "size": 25242075465, "time": 202.72589485119732, "weighted_avg": 4.790984264379356}}