{"branch": {"accuracy": 0.9999993896572683, "distinct": 388, "entropy": 4.968892594846998, "errors": 195, "exp_cost": 331745419, "f1-score": 0.9999779596764952, "falsepos": 0.0006084170086843033, "fullscore": 0.9997980909350479, "index": 122.42001262093349, "loss": 0.016035619237172893, "meanscore": 0.9999141699144907, "n_docs": 792968, "precision": 0.9999995478029793, "prediction_time": 115.9907686332241, "recall": 0.9947059072155632, "time": 200.24406946642364}, "brand": {"accuracy": 0.9996735646239686, "auc": 0.9783524580864768, "avg_time": 416.7984300356823, "benchmark": 3.3194528181392, "distinct": 204, "entropy": 5.9507692889940795, "exp_cost": 1834985, "f1-score": 0.9999980107950113, "falsepos": 3.817276494899602e-10, "fullscore": 0.9999364932469208, "index": 17.64186927906575, "loss": 1.3300471835009375e-13, "meanscore": 0.9999971210008458, "n_docs": 283559, "non_null": 3.6100322731158485e-10, "prediction_time": 8161.834210473334, "recall": 0.9999829250924819, "size": 24849238, "time": 74.25150203474371, "weighted_avg": 5.953248945564852}, "classifier": {"accuracy": 0.9999363953558223, "avg_time": 2.7474413714445673, "benchmark": 3.2799093852121493, "distinct": 486, "entropy": 4.637442956703148, "errors": 556, "exp_cost": 8973212497, "f1-score": 0.9990282008828636, "falsepos": 0.004358627454926878, "fullscore": 0.9999955083398715, "index": 32.0050613080612, "loss": 7.030045434675003e-10, "meanscore": 0.9999975740777678, "n_docs": 2927851, "prediction_time": 371.19917000348295, "size": 56404982, "time": 132.22049970657588, "weighted_avg": 3.2520390951909315}, "model": {"accuracy": 0.9999295212153104, "auc": 0.9999962656875416, "benchmark": 4.11121050000709, "distinct": 285, "entropy": 3.9787418242106596, "errors": 476, "f1-score": 0.996793698365031, "fullscore": 0.9999999998056432, "index": 77.30129143033655, "loss": 6.775040245488029e-07, "meanscore": 0.9999991362286709, "n_docs": 1806098345, "prediction_time": 588.0419458030271, "size": 1921794941, "time": 33.14824851385002, "weighted_avg": 3.824024420036712}, "train": {"accuracy": 0.9999999865894688, "avg_time": 47.34714454794891, "benchmark": 5.8746595343545245, "distinct": 429, "entropy": 3.7982503815862367, "errors": 460, "exp_cost": 312318859, "f1-score": 0.9999810990141401, "falsepos": 0.2657786522682626, "fullscore": 0.9999354011475698, "index": 6.747005899880557, "loss": 3.7247124273775967e-09, "meanscore": 0.9993812395910401, "n_docs": 40374, "non_null": 5.013448580426516e-05, "precision": 0.9999999695169015, "prediction_time": 51.51001626050012, "recall": 0.9993346708741193, "size": 350250792, "weighted_avg": 6.461779938133461}, "train_full": {"accuracy": 0.9999999992059555, "auc": 0.9999999993983322, "avg_time": 175.64559436357905, "benchmark": 3.0484164650667043, "distinct": 285, "entropy": 3.4632008909943908, "exp_cost": 150559980, "f1-score": 0.9640363292489971, "falsepos": 8.666395791001591e-07, "fullscore": 0.601688731560481, "index": 223.67137899165363, "meanscore": 0.9998666639510629, "n_docs": 3797422, "non_null": 0.00556380024580283, "precision": 0.9992951847503154, "prediction_time": 162.73421266585999, "size": 26058535004, "time": 208.0519501427651, "weighted_avg": 4.877217476080927}}