{"branch": {"accuracy": 0.9999999988624666, "distinct": 502, "entropy": 6.146997240356561, "errors": 278, "exp_cost": 2010659022, "f1-score": 0.9999999608189476, "falsepos": 2.9377162173993554e-06, "fullscore": 0.999994789724542, "index": 304.3232980722094, "loss": 0.0004536427377446195, "meanscore": 0.9999983892980875, "n_docs": 20031763, "precision": 0.9999999999451605, "prediction_time": 572.2068889102884, "recall": 0.9995915769957453, "time": 651.3026683534406}, "brand": {"accuracy": 0.9999950265673457, "auc": 0.9998732115427251, "avg_time": 1457.8113187018664, "benchmark": 4.550175417132776, "distinct": 346, "entropy": 7.404861960871369, "exp_cost": 14437953, "f1-score": 0.9999999972477338, "falsepos": 2.220446049250313e-15, "fullscore": 0.9999993206870375, "index": 64.54835835760733, "loss": 0.0, "meanscore": 0.9999999903572128, "n_docs": 3187987, "non_null": 8.215650382226158e-14, "prediction_time": 31501.272708422912, "recall": 0.9999998059984019, "size": 867110548, "time": 197.66638171459064, "weighted_avg": 7.503859946339957}, "classifier": {"accuracy": 0.999998891508185, "avg_time": 5.709845212456861, "benchmark": 4.089648502007354, "distinct": 564, "entropy": 5.758824955414206, "errors": 711, "exp_cost": 106215266489, "f1-score": 0.9999961372535364, "falsepos": 0.0007237698922999414, "fullscore": 0.9999999968637474, "index": 95.70697832282734, "loss": 1.021405182655144e-14, "meanscore": 0.9999999863918294, "n_docs": 25450290, "prediction_time": 1300.270874250467, "size": 1197353601, "time": 668.6964741733805, "weighted_avg": 4.17841643119328}, "model": {"accuracy": 0.9999996047260205, "auc": 0.9999999479123228, "benchmark": 5.5835032991573685, "distinct": 389, "entropy": 5.159842288272186, "errors": 617, "f1-score": 0.9999728485213879, "fullscore": 0.9999999999999912, "index": 210.90865833822022, "loss": 1.3812589960693344e-09, "meanscore": 0.9999999956300893, "n_docs": 21186901529, "prediction_time": 2273.606514600651, "size": 45693021685, "time": 83.52292530579376, "weighted_avg": 5.18618401092887}, "train": {"accuracy": 0.999999999991151, "avg_time": 94.6869497608208, "benchmark": 6.916545753398102, "distinct": 564, "entropy": 5.3750126287357665, "errors": 635, "exp_cost": 3006019248, "f1-score": 0.9999998503182639, "falsepos": 0.03374747013485091, "fullscore": 0.9999999106938684, "index": 19.510012746396825, "loss": 7.684297642640558e-12, "meanscore": 0.9999810098013947, "n_docs": 616439, "non_null": 1.0925627735858257e-08, "precision": 0.9999999998989939, "prediction_time": 123.38740250192309, "recall": 0.9999753451289235, "size": 8197714418, "weighted_avg": 8.005839528142776}, "train_full": {"accuracy": 0.9999999999997076, "auc": 0.9999999999999867, "avg_time": 645.815316577299, "benchmark": 4.572925294303547, "distinct": 399, "entropy": 5.047652010483738, "exp_cost": 3665037123, "f1-score": 0.9962771628617588, "falsepos": 6.782574502040006e-11, "fullscore": 0.8326976384759514, "index": 681.6789937355155, "meanscore": 0.9999993329466018, "n_docs": 56173338, "non_null": 2.3508043286657454e-05, "precision": 0.9999668046640106, "prediction_time": 576.2877810739058, "size": 913881549392, "time": 1160.1218466982873, "weighted_avg": 6.260618971004627}}