{"branch": {"accuracy": 0.9984132861889532, "distinct": 213, "entropy": 2.856786971810527, "errors": 37, "exp_cost": 24928833, "f1-score": 0.9896858235114178, "falsepos": 0.11983060263669765, "fullscore": 0.9881376578576825, "index": 14.196030071651377, "loss": 0.24741261960507444, "meanscore": 0.989237011031162, "n_docs": 9438, "precision": 0.9978056208829403, "prediction_time": 14.404354406746293, "recall": 0.8827072575920614, "time": 25.036138802577234}, "brand": {"accuracy": 0.9835247267820765, "auc": 0.4179783616783059, "avg_time": 85.24404183588808, "benchmark": 1.6550144535303124, "distinct": 61, "entropy": 3.8559125796380647, "exp_cost": 126175, "f1-score": 0.9988588504455032, "falsepos": 7.570203213735915e-05, "fullscore": 0.9838324379619476, "index": 3.537290267042067, "loss": 3.781496260568673e-07, "meanscore": 0.9987242882957797, "n_docs": 8724, "non_null": 2.1521059374030038e-05, "prediction_time": 891.7874340869228, "recall": 0.9917929393012321, "size": 344930, "time": 17.893522577301905, "weighted_avg": 3.8487479929310404}, "classifier": {"accuracy": 0.9945069276731187, "avg_time": 0.7989603142586514, "benchmark": 1.344507998406014, "distinct": 334, "entropy": 2.9232401759372486, "errors": 330, "exp_cost": 169611060, "f1-score": 0.8305213100248237, "falsepos": 0.06182988264938616, "fullscore": 0.9949957614177919, "index": 4.493249805798994, "loss": 4.2756921064146525e-05, "meanscore": 0.9995552143766198, "n_docs": 90496, "prediction_time": 63.57899824225, "size": 1392886, "time": 9.405970681435235, "weighted_avg": 1.7631230109086655}, "model": {"accuracy": 0.9603835793764093, "auc": 0.9998449870240717, "benchmark": 1.9426604613457152, "distinct": 111, "entropy": 2.0200636546574002, "errors": 261, "f1-score": 0.79742619258077, "fullscore": 0.9999868090412476, "index": 17.94036451332926, "loss": 0.0011437734365421504, "meanscore": 0.9989059547149621, "n_docs": 17959244, "prediction_time": 100.10030467569261, "size": 8609570, "time": 6.380918754769819, "weighted_avg": 1.5228403719463814}, "train": {"accuracy": 0.9999477206819057, "avg_time": 15.100104136182635, "benchmark": 4.074031614715293, "distinct": 240, "entropy": 1.7229151672640146, "errors": 235, "exp_cost": 2903508, "f1-score": 0.9971582171247326, "falsepos": 0.8148241924619437, "fullscore": 0.9542104988898328, "index": 1.6020337035097936, "loss": 4.3969378013875016e-05, "meanscore": 0.9368793599436775, "n_docs": 529, "non_null": 0.03341582331413928, "precision": 0.9997711422250651, "prediction_time": 14.047769099839032, "recall": 0.9551360433687857, "size": 4531450, "weighted_avg": 4.466549943005437}, "train_full": {"accuracy": 0.9999969059376762, "auc": 0.9999781213778912, "avg_time": 25.47619470133899, "benchmark": 0.66096646192955, "distinct": 138, "entropy": 1.7707654697104505, "exp_cost": 806223, "f1-score": 0.46859481700911004, "falsepos": 0.0035333614607513386, "fullscore": 0.2219464277291262, "index": 36.230025259236044, "meanscore": 0.9850985996854957, "n_docs": 175028, "non_null": 0.2682410430098592, "precision": 0.979660394935705, "prediction_time": 31.139816091151708, "size": 57376638, "time": 27.265661017609087, "weighted_avg": 2.9349510975390256}}