{"branch": {"accuracy": 0.9914444428274208, "distinct": 184, "entropy": 2.3446813689618238, "errors": -5, "exp_cost": 6111495, "f1-score": 0.9726069803052297, "falsepos": 0.19481651417594592, "fullscore": 0.9831540668901132, "index": 8.937735960764986, "loss": 0.3038907748890354, "meanscore": 0.981409248734258, "n_docs": 4518, "precision": 0.9908219400430307, "prediction_time": 8.47964551244022, "recall": 0.8303424154284118, "time": 13.786641353878315}, "brand": {"accuracy": 0.9544106394557662, "auc": 0.24815483496053392, "avg_time": 54.68920029753274, "benchmark": 1.6077398753715182, "distinct": 16, "entropy": 3.238309558005883, "exp_cost": 48529, "f1-score": 0.9963248974386689, "falsepos": 0.0008008901311215011, "fullscore": 0.9382211984983789, "index": 2.482719109111371, "loss": 3.282144699690015e-06, "meanscore": 0.9948223315881689, "n_docs": 5783, "non_null": 0.00014995682916751907, "prediction_time": 463.24229620133764, "recall": 0.967433897057135, "size": 90596, "time": 12.262846813232896, "weighted_avg": 3.277259928483527}, "classifier": {"accuracy": 0.9863531905491645, "avg_time": 0.6931739244684151, "benchmark": 0.8537796241429096, "distinct": 277, "entropy": 2.5368315400724972, "errors": 284, "exp_cost": 42564288, "f1-score": 0.6652422041624609, "falsepos": 0.12805485946977802, "fullscore": 0.9781514135929796, "index": 2.341721783337768, "loss": 0.0004265281536324217, "meanscore": 0.9982920793978722, "n_docs": 27144, "prediction_time": 42.843494006396035, "size": 686738, "time": 5.747792875645721, "weighted_avg": 1.3904157921776528}, "model": {"accuracy": 0.8931102171752727, "auc": 0.9994894917447881, "benchmark": 1.4368042635458607, "distinct": 65, "entropy": 1.601668174188192, "errors": 219, "f1-score": 0.5170827874449306, "fullscore": 0.9998756507034781, "index": 9.92493282402616, "loss": 0.006446259571237456, "meanscore": 0.9946832711085449, "n_docs": 4939889, "prediction_time": 67.0221801113974, "size": 3306941, "time": 3.6252611036859976, "weighted_avg": 1.085069178915985}, "train": {"accuracy": 0.9996012452466245, "avg_time": 11.781415217833647, "benchmark": 3.802418617251635, "distinct": 196, "entropy": 1.0018307248630582, "errors": 171, "exp_cost": 863545, "f1-score": 0.9943613497396032, "falsepos": 0.8792477383245795, "fullscore": 0.8735191044160509, "index": 1.342051511833638, "loss": 0.00021241652149694978, "meanscore": 0.8333307227599466, "n_docs": 224, "non_null": 0.08453270180239447, "precision": 0.9980016748571463, "prediction_time": 10.96298645701642, "recall": 0.9169143377744411, "size": 1838428, "weighted_avg": 4.1725854436553576}, "train_full": {"accuracy": 0.9999876757598827, "auc": 0.999853190649236, "avg_time": 13.820497381760156, "benchmark": 0.35759876815379843, "distinct": 96, "entropy": 1.3414641739413073, "exp_cost": 196183, "f1-score": 0.2215763649813713, "falsepos": 0.008604085151325602, "fullscore": 0.12075533916912817, "index": 18.211134677244807, "meanscore": 0.9668256132785726, "n_docs": 142260, "non_null": 0.3401841506709967, "precision": 0.960083836490698, "prediction_time": 16.782492605318193, "size": 10164923, "time": 14.53350032759174, "weighted_avg": 2.3028353756336744}}