{"branch": {"accuracy": 0.9999999130985242, "distinct": 429, "entropy": 5.389214930790365, "errors": 227, "exp_cost": 451547955, "f1-score": 0.9999971098177491, "falsepos": 0.00011249839902116587, "fullscore": 0.9999489554156527, "index": 153.3668002215244, "loss": 0.0049151153303945705, "meanscore": 0.99997465674851, "n_docs": 3076626, "precision": 0.9999999725268993, "prediction_time": 209.04996447009145, "recall": 0.9969986742331296, "time": 302.48797853247146}, "brand": {"accuracy": 0.9999089534139787, "auc": 0.993938569514622, "avg_time": 611.238199168139, "benchmark": 3.7704885747883448, "distinct": 254, "entropy": 6.447445807845688, "exp_cost": 3540113, "f1-score": 0.9999997736297439, "falsepos": 5.680123038587226e-12, "fullscore": 0.9999838897434274, "index": 31.39560270007935, "loss": 9.992007221626409e-16, "meanscore": 0.9999994611614675, "n_docs": 672986, "non_null": 4.719702406674742e-11, "prediction_time": 12598.72804082615, "recall": 0.9999974309702272, "size": 94445377, "time": 95.17755313791675, "weighted_avg": 6.409371506693139}, "classifier": {"accuracy": 0.9999815058555347, "avg_time": 3.6250816179341556, "benchmark": 3.637055841099533, "distinct": 515, "entropy": 5.038653700612595, "errors": 609, "exp_cost": 22882082855, "f1-score": 0.9998523915887435, "falsepos": 0.0019529096310282323, "fullscore": 0.9999996768464624, "index": 47.447991603212564, "loss": 9.376499576774222e-12, "meanscore": 0.9999994818165103, "n_docs": 5265342, "prediction_time": 637.6486626262289, "size": 181517854, "time": 240.3127403606482, "weighted_avg": 3.480757676586853}, "model": {"accuracy": 0.9999758421446031, "auc": 0.9999992358686124, "benchmark": 4.680835280526622, "distinct": 318, "entropy": 4.284746699735544, "errors": 514, "f1-score": 0.9994767805522679, "fullscore": 0.9999999999868086, "index": 109.1113269587591, "loss": 7.703237381306849e-08, "meanscore": 0.9999998656728795, "n_docs": 4730152866, "prediction_time": 1015.5178742298104, "size": 5172193562, "time": 51.13239605532047, "weighted_avg": 4.249474657484121}, "train": {"accuracy": 0.9999999987488655, "avg_time": 59.040664244141254, "benchmark": 6.353757399170134, "distinct": 470, "entropy": 4.319811268600956, "errors": 522, "exp_cost": 570175653, "f1-score": 0.9999970377146948, "falsepos": 0.12996375181692077, "fullscore": 0.9999888215811124, "index": 8.915365082821836, "loss": 4.6628845229435e-10, "meanscore": 0.9998217300427026, "n_docs": 91953, "non_null": 2.224676396878067e-06, "precision": 0.9999999913008708, "prediction_time": 75.07474290079598, "recall": 0.9997589708651653, "size": 1063964795, "weighted_avg": 6.861073248588552}, "train_full": {"accuracy": 0.9999999999382778, "auc": 0.9999999999855504, "avg_time": 267.0903944386485, "benchmark": 3.5750053081454767, "distinct": 321, "entropy": 4.041051454510884, "exp_cost": 527517248, "f1-score": 0.9864955221258451, "falsepos": 2.1769207658728362e-08, "fullscore": 0.6861454972332168, "index": 300.0316893096367, "meanscore": 0.9999716689928467, "n_docs": 9337970, "non_null": 0.0009330825991857861, "precision": 0.9997127791925177, "prediction_time": 287.45223440531623, "size": 113479798973, "time": 394.8612784272185, "weighted_avg": 5.365798816315708}}