{"branch": {"accuracy": 0.9998889909109078, "distinct": 269, "entropy": 3.6237772732063935, "errors": 94, "exp_cost": 45836925, "f1-score": 0.9984588761061198, "falsepos": 0.02231470491952292, "fullscore": 0.9977055777957246, "index": 32.634285316309025, "loss": 0.08469177994203458, "meanscore": 0.9984376084519873, "n_docs": 57365, "precision": 0.9998449543897336, "prediction_time": 32.192009906664346, "recall": 0.9660982012124745, "time": 59.06048255269336}, "brand": {"accuracy": 0.9938316310320509, "auc": 0.7292495778373211, "avg_time": 164.8542340989557, "benchmark": 2.3319577029296283, "distinct": 102, "entropy": 4.56859432271185, "exp_cost": 379858, "f1-score": 0.9998628320558106, "falsepos": 1.4520322770827931e-06, "fullscore": 0.9975838813875386, "index": 6.64119380813141, "loss": 1.5225254390571763e-09, "meanscore": 0.9997946440144009, "n_docs": 42038, "non_null": 6.033744107680761e-07, "prediction_time": 2072.829767906927, "recall": 0.998630447278589, "size": 1837619, "time": 32.667021338574095, "weighted_avg": 4.61970521418423}, "classifier": {"accuracy": 0.9987284685560625, "avg_time": 1.3444130539884012, "benchmark": 1.9739236335076313, "distinct": 390, "entropy": 3.637203664277583, "errors": 424, "exp_cost": 1017610902, "f1-score": 0.9546649557088571, "falsepos": 0.02343796230666817, "fullscore": 0.9994436910077291, "index": 9.867145629018264, "loss": 7.449718055774213e-07, "meanscore": 0.999913267626986, "n_docs": 371873, "prediction_time": 129.68223985315183, "size": 4649317, "time": 23.312506877261658, "weighted_avg": 2.221679337629979}, "model": {"accuracy": 0.9935321529923891, "auc": 0.9999471670476517, "benchmark": 2.796860578708205, "distinct": 181, "entropy": 2.690529936583422, "errors": 335, "f1-score": 0.9572479618931111, "fullscore": 0.9999997838966924, "index": 29.616307340540775, "loss": 8.922405041111858e-05, "meanscore": 0.9999095333873946, "n_docs": 116380519, "prediction_time": 195.39246016018132, "size": 72689719, "time": 12.204372052202528, "weighted_avg": 2.5301178841606444}, "train": {"accuracy": 0.999996510656096, "avg_time": 24.49776541274754, "benchmark": 4.749455125187804, "distinct": 306, "entropy": 2.491765776583483, "errors": 316, "exp_cost": 21488008, "f1-score": 0.9996110415576479, "falsepos": 0.5896734041681417, "fullscore": 0.9945310970677496, "index": 3.0461943690689965, "loss": 1.514840666905215e-06, "meanscore": 0.9809400254447787, "n_docs": 2711, "non_null": 0.003928729564354416, "precision": 0.9999930958670338, "prediction_time": 24.274639948421175, "recall": 0.9908195137850176, "size": 18393764, "weighted_avg": 5.242860099224129}, "train_full": {"accuracy": 0.9999997853249243, "auc": 0.9999994994342218, "avg_time": 55.97399463560469, "benchmark": 1.580638195997527, "distinct": 191, "entropy": 2.432907690445437, "exp_cost": 6754928, "f1-score": 0.7198430782396348, "falsepos": 0.0001939348826910381, "fullscore": 0.34245277395916596, "index": 75.79219782777028, "meanscore": 0.9968396391677792, "n_docs": 690067, "non_null": 0.08509584641701795, "precision": 0.9956865475019911, "prediction_time": 48.13131684045189, "size": 530430908, "time": 66.35236973018822, "weighted_avg": 3.740119711099762}}