{"branch": {"accuracy": 0.9725707429506532, "distinct": 115, "entropy": 2.008819613565673, "errors": -33, "exp_cost": 5861725, "f1-score": 0.9206161397740474, "falsepos": 0.36601574813327475, "fullscore": 0.9580691167377859, "index": 6.626758257690783, "loss": 0.5467903160528074, "meanscore": 0.9253219011629625, "n_docs": 1180, "precision": 0.9593500217847948, "prediction_time": 4.268648749087543, "recall": 0.7703191076471271, "time": 10.884579469708784}, "brand": {"accuracy": 0.9088189771728171, "auc": 0.07796587925647563, "avg_time": 37.594348377190926, "benchmark": 1.0733032694813736, "distinct": -24, "entropy": 2.7951777170666525, "exp_cost": 23409, "f1-score": 0.9877169471693579, "falsepos": 0.005733830665722417, "fullscore": 0.8900976403731797, "index": 1.5800125241202223, "loss": 9.289997051342702e-05, "meanscore": 0.9837229958597429, "n_docs": 2029, "non_null": 0.0008687186838662875, "prediction_time": 300.76716902729163, "recall": 0.9213022930177963, "size": 24679, "time": 9.599649877553583, "weighted_avg": 2.722803599254822}, "classifier": {"accuracy": 0.9648359209468271, "avg_time": 0.5115756478323047, "benchmark": 0.388632537139333, "distinct": 266, "entropy": 2.099976751629119, "errors": 242, "exp_cost": 14333966, "f1-score": 0.5129298938582152, "falsepos": 0.17331588476453175, "fullscore": 0.9321635514608451, "index": 1.3709618378780262, "loss": 0.003300265132677671, "meanscore": 0.9959705269149004, "n_docs": 15467, "prediction_time": 20.87960835679103, "size": 183294, "time": 2.8516901398819945, "weighted_avg": 1.1379915353856063}, "model": {"accuracy": 0.7959321446024956, "auc": 0.9981622517572933, "benchmark": 0.882534168355296, "distinct": 28, "entropy": 0.9746562859300968, "errors": 151, "f1-score": 0.32773846908851323, "fullscore": 0.9991172513990777, "index": 8.105916921003542, "loss": 0.018780336353234506, "meanscore": 0.9866510826640793, "n_docs": 1542082, "prediction_time": 32.773549283312875, "size": 787487, "time": 2.2157884459555333, "weighted_avg": 0.47891487773295416}, "train": {"accuracy": 0.9989057577106081, "avg_time": 8.515068672643665, "benchmark": 3.255557226189676, "distinct": 154, "entropy": 0.4202705879413053, "errors": 105, "exp_cost": 339375, "f1-score": 0.9837556110766529, "falsepos": 0.9631783820764872, "fullscore": 0.7333844019374569, "index": 0.8107952550832784, "loss": 0.0012464704396748516, "meanscore": 0.7286629116762959, "n_docs": 68, "non_null": 0.22495024739124936, "precision": 0.9957363399788588, "prediction_time": 8.249006843741679, "recall": 0.8500929045052861, "size": 535633, "weighted_avg": 3.5377207472099186}, "train_full": {"accuracy": 0.999932685846261, "auc": 0.9982457954666434, "avg_time": 9.811907494466956, "benchmark": -0.35889595889503056, "distinct": 50, "entropy": 0.6078787423543464, "exp_cost": 82736, "f1-score": 0.11056503343330232, "falsepos": 0.04629222916849485, "fullscore": 0.0675041097618892, "index": 12.871718361056649, "meanscore": 0.9111665093087292, "n_docs": 43640, "non_null": 0.5908916319777635, "precision": 0.9444638514131576, "prediction_time": 9.78096615718451, "size": 4743850, "time": 8.51086043582778, "weighted_avg": 1.8802656337786017}}