{"branch": {"accuracy": 0.9998915488283865, "distinct": 271, "entropy": 3.572378302517179, "errors": 97, "exp_cost": 48697193, "f1-score": 0.9982764550830909, "falsepos": 0.02256805024145958, "fullscore": 0.9975227489400885, "index": 33.4371824978139, "loss": 0.08577007180926544, "meanscore": 0.9979956333866503, "n_docs": 55401, "precision": 0.99981648700571, "prediction_time": 30.725580913616213, "recall": 0.9650489792461778, "time": 56.15318502211672}, "brand": {"accuracy": 0.9942749155321569, "auc": 0.7165318362720099, "avg_time": 164.2426237041523, "benchmark": 2.3372878308989655, "distinct": 97, "entropy": 4.6346665730052425, "exp_cost": 337817, "f1-score": 0.9998431760114962, "falsepos": 2.2179963526935964e-06, "fullscore": 0.9970425151228776, "index": 6.422710964097832, "loss": 2.0202320927253936e-09, "meanscore": 0.9997053675976169, "n_docs": 31517, "non_null": 7.119166869351545e-07, "prediction_time": 1907.3869859988586, "recall": 0.9985528484496184, "size": 1512875, "time": 31.59688447212403, "weighted_avg": 4.531847666269733}, "classifier": {"accuracy": 0.998612639846581, "avg_time": 1.3680467632702606, "benchmark": 1.9077344403314997, "distinct": 382, "entropy": 3.5959889336753608, "errors": 428, "exp_cost": 947399460, "f1-score": 0.9546966207633152, "falsepos": 0.022676504383176144, "fullscore": 0.999472625857885, "index": 9.412706696424724, "loss": 6.987469409747149e-07, "meanscore": 0.9999325866778932, "n_docs": 395078, "prediction_time": 113.24172808204654, "size": 4633735, "time": 22.275455838254633, "weighted_avg": 2.191992500926901}, "model": {"accuracy": 0.9932867263221049, "auc": 0.9999384876469957, "benchmark": 2.7407884990948967, "distinct": 179, "entropy": 2.7019116735244406, "errors": 331, "f1-score": 0.9590493473061517, "fullscore": 0.9999997752389183, "index": 27.662824082520345, "loss": 9.881703824232702e-05, "meanscore": 0.9999061263429752, "n_docs": 103500112, "prediction_time": 187.3549553621521, "size": 71826324, "time": 12.02504549279806, "weighted_avg": 2.511131307386061}, "train": {"accuracy": 0.9999967330028519, "avg_time": 24.048915580861525, "benchmark": 4.701923686525787, "distinct": 299, "entropy": 2.3986181481774196, "errors": 310, "exp_cost": 21150171, "f1-score": 0.999464434617672, "falsepos": 0.6072278950475247, "fullscore": 0.9948021052522568, "index": 2.9570916273592447, "loss": 1.4413961277881526e-06, "meanscore": 0.9786222805219043, "n_docs": 2460, "non_null": 0.005080866011782037, "precision": 0.9999930639800578, "prediction_time": 21.817961844025184, "recall": 0.9905794191087272, "size": 19627753, "weighted_avg": 5.109674097307611}, "train_full": {"accuracy": 0.9999997992486751, "auc": 0.9999993706818822, "avg_time": 50.46718333934452, "benchmark": 1.5833048060714205, "distinct": 192, "entropy": 2.340280786526944, "exp_cost": 6205103, "f1-score": 0.7092951608956735, "falsepos": 0.0002200831238745593, "fullscore": 0.3150639723139735, "index": 77.8110778299149, "meanscore": 0.9963350548702428, "n_docs": 686806, "non_null": 0.09891016673964748, "precision": 0.9954682254722785, "prediction_time": 45.633036764122934, "size": 414244870, "time": 60.45092309520174, "weighted_avg": 3.6773293680248185}}