{"branch": {"accuracy": 0.7310388572461624, "distinct": 20, "entropy": 0.531589725462366, "errors": -159, "exp_cost": 713687, "f1-score": 0.6135898093307558, "falsepos": 0.7810759709687639, "fullscore": 0.7969154101358469, "index": 1.9594039759822952, "loss": 0.8452667888350336, "meanscore": 0.655295704959749, "n_docs": 35, "precision": 0.642554139972664, "prediction_time": 1.027932364197334, "recall": 0.456168310386287, "time": 2.3212450272416767}, "brand": {"accuracy": 0.6142597963046919, "auc": 0.003738707000430219, "avg_time": 10.863016574317708, "benchmark": 0.2833881304932106, "distinct": -141, "entropy": 1.4160333749864027, "exp_cost": 2661, "f1-score": 0.8800997164867788, "falsepos": 0.15829453562973983, "fullscore": 0.5147548454903446, "index": 0.5375980345665503, "loss": 0.006607515371251482, "meanscore": 0.9132600250839366, "n_docs": 227, "non_null": 0.034627454419400405, "prediction_time": 83.53265270528297, "recall": 0.5705445421837535, "size": 793, "time": 3.6467604097585933, "weighted_avg": 1.2635328721458763}, "classifier": {"accuracy": 0.8394283202177223, "avg_time": 0.2582367734548802, "benchmark": -0.8287163947425832, "distinct": 135, "entropy": 0.8794622706758339, "errors": 92, "exp_cost": 674744, "f1-score": 0.07952741351396514, "falsepos": 0.5474515702146924, "fullscore": 0.4720373957437484, "index": 0.2697592695775868, "loss": 0.07680955360329822, "meanscore": 0.9577436295968488, "n_docs": 919, "prediction_time": 6.205303848111931, "size": 14493, "time": 0.6069714354905028, "weighted_avg": 0.35523961954870287}, "model": {"accuracy": 0.31553658579038435, "auc": 0.9879327505941591, "benchmark": -0.5821794863003791, "distinct": -107, "entropy": -0.3683157832236108, "errors": 29, "f1-score": 0.041815383056048705, "fullscore": 0.9686406356536738, "index": 2.758503600713603, "loss": 0.22022285809624464, "meanscore": 0.8422771751593616, "n_docs": 30665, "prediction_time": 10.87897436039234, "size": 30384, "time": 0.557473397176152, "weighted_avg": -0.9756159142869778}, "train": {"accuracy": 0.9253922172386122, "avg_time": 3.839960951059395, "benchmark": 2.1952466323285758, "distinct": 35, "entropy": -1.207411421027067, "errors": -47, "exp_cost": 11687, "f1-score": 0.900738292309011, "falsepos": 0.9977364856806297, "fullscore": 0.25013593759095126, "index": 0.3117132990808267, "loss": 0.038677681899992544, "meanscore": 0.289698296921893, "n_docs": 4, "non_null": 0.7076537442196414, "precision": 0.858403320711101, "prediction_time": 3.0407744143689994, "recall": 0.5133346089857316, "size": 25232, "weighted_avg": 2.1328474914948155}, "train_full": {"accuracy": 0.997101379463496, "auc": 0.9379060725700891, "avg_time": 1.8321297998268282, "benchmark": -1.9162171563201158, "distinct": -51, "entropy": -0.5718098734155541, "exp_cost": 2235, "f1-score": 0.008015385746622417, "falsepos": 0.3640129008479591, "fullscore": 0.00705294005267193, "index": 3.303901073378851, "meanscore": 0.6689196758451209, "n_docs": 9315, "non_null": 0.9058575663056657, "precision": 0.7624178797431707, "prediction_time": 3.3093448041290685, "size": 31383, "time": 1.9759987479850558, "weighted_avg": 0.5262583828486361}}