{"branch": {"accuracy": 0.9984886485261036, "distinct": 213, "entropy": 2.912189372603799, "errors": 35, "exp_cost": 25535536, "f1-score": 0.9900027081699231, "falsepos": 0.11075916315636891, "fullscore": 0.9871019689198139, "index": 14.6667465530515, "loss": 0.22712975101082877, "meanscore": 0.9899657831172363, "n_docs": 10944, "precision": 0.9978664921921284, "prediction_time": 14.562323288042323, "recall": 0.8867815038254698, "time": 26.97464394699271}, "brand": {"accuracy": 0.9811182514134317, "auc": 0.43840319287396295, "avg_time": 90.40648329151733, "benchmark": 1.689000627296716, "distinct": 64, "entropy": 3.790099036862926, "exp_cost": 130709, "f1-score": 0.9989657552328969, "falsepos": 5.8498644268323297e-05, "fullscore": 0.9867571840677275, "index": 3.5781930929694608, "loss": 3.0810441020712176e-07, "meanscore": 0.9989634645337193, "n_docs": 11611, "non_null": 2.078540336714063e-05, "prediction_time": 995.9144241438368, "recall": 0.9920165829877396, "size": 339323, "time": 18.50255479251602, "weighted_avg": 3.845579929151919}, "classifier": {"accuracy": 0.9934322445126793, "avg_time": 0.8180566379503618, "benchmark": 1.3510707254605865, "distinct": 338, "entropy": 2.9767751734099583, "errors": 342, "exp_cost": 170878851, "f1-score": 0.8169117306466595, "falsepos": 0.06387550771894945, "fullscore": 0.9946950971558349, "index": 4.653065207849349, "loss": 2.6192266936786446e-05, "meanscore": 0.9995346683430043, "n_docs": 95300, "prediction_time": 65.47790238158514, "size": 1426325, "time": 10.511266753974054, "weighted_avg": 1.8046017244868513}, "model": {"accuracy": 0.9588030488476437, "auc": 0.9998809433393848, "benchmark": 1.9697176766956086, "distinct": 108, "entropy": 2.0047395417916785, "errors": 265, "f1-score": 0.8297075708801402, "fullscore": 0.9999867564778693, "index": 19.372250034940617, "loss": 0.0010692119055086824, "meanscore": 0.9991035300682263, "n_docs": 18952016, "prediction_time": 107.18709664301632, "size": 11005512, "time": 6.206038037340363, "weighted_avg": 1.525303696685022}, "train": {"accuracy": 0.9999523698867425, "avg_time": 15.319446341818365, "benchmark": 4.201289160279737, "distinct": 253, "entropy": 1.80128969890648, "errors": 246, "exp_cost": 3205008, "f1-score": 0.99734568064069, "falsepos": 0.7944463877220198, "fullscore": 0.9513896933038799, "index": 1.6078931949615456, "loss": 3.1587298123580965e-05, "meanscore": 0.943877566060793, "n_docs": 642, "non_null": 0.03471505746119985, "precision": 0.9997988284049737, "prediction_time": 14.243160416743388, "recall": 0.959353268106544, "size": 4171630, "weighted_avg": 4.582071067764591}, "train_full": {"accuracy": 0.999998185220442, "auc": 0.9999798672539537, "avg_time": 28.694907132981708, "benchmark": 0.6524323887497503, "distinct": 139, "entropy": 1.839011983608786, "exp_cost": 1023746, "f1-score": 0.4839493928828124, "falsepos": 0.003611868207682223, "fullscore": 0.22583176633631968, "index": 38.5491505848962, "meanscore": 0.9860388978686998, "n_docs": 193058, "non_null": 0.24011119909566814, "precision": 0.9810525626508048, "prediction_time": 30.07238977977354, "size": 82964209, "time": 29.80092890927077, "weighted_avg": 2.983781428190273}}