{"branch": {"accuracy": 0.9860133062830412, "distinct": 151, "entropy": 2.174206612549275, "errors": -32, "exp_cost": 5121197, "f1-score": 0.9550490927736466, "falsepos": 0.29890532779223355, "fullscore": 0.9574453918977965, "index": 8.201789685216607, "loss": 0.42637486751654396, "meanscore": 0.972796236328096, "n_docs": 2661, "precision": 0.9813883423313882, "prediction_time": 6.711277410130322, "recall": 0.7759724148908798, "time": 11.451479890980023}, "brand": {"accuracy": 0.939601476945649, "auc": 0.1877213201835144, "avg_time": 42.10409949137546, "benchmark": 1.2509783547007451, "distinct": 2, "entropy": 3.0096024920050737, "exp_cost": 39969, "f1-score": 0.9928512031184196, "falsepos": 0.0019966502434326516, "fullscore": 0.9426749356661435, "index": 1.816813504942683, "loss": 1.0378111858777572e-05, "meanscore": 0.9939810369237067, "n_docs": 2608, "non_null": 0.0004448820468297976, "prediction_time": 412.71986511447625, "recall": 0.9606816055492685, "size": 47418, "time": 10.892150631020325, "weighted_avg": 3.1395177491140664}, "classifier": {"accuracy": 0.9787014411687931, "avg_time": 0.6014657373708758, "benchmark": 0.7451204756045215, "distinct": 266, "entropy": 2.3405975564430372, "errors": 252, "exp_cost": 33582058, "f1-score": 0.5862590730017961, "falsepos": 0.12429439257112562, "fullscore": 0.9705312953145188, "index": 2.0728767404738284, "loss": 0.000727171552476924, "meanscore": 0.9961930153776872, "n_docs": 20989, "prediction_time": 32.91595551633439, "size": 329849, "time": 4.236901676427414, "weighted_avg": 1.1224252875724265}, "model": {"accuracy": 0.8041914829061679, "auc": 0.9994162685144828, "benchmark": 1.178235567252958, "distinct": 46, "entropy": 1.4153140190087075, "errors": 193, "f1-score": 0.4723599787700892, "fullscore": 0.9997100929513982, "index": 9.778034638600234, "loss": 0.010867037063890472, "meanscore": 0.9921019244708751, "n_docs": 3073263, "prediction_time": 50.63223975073444, "size": 1617503, "time": 3.0899188194441365, "weighted_avg": 0.7771251596524739}, "train": {"accuracy": 0.9990832101774137, "avg_time": 10.32845886007818, "benchmark": 3.622734592870874, "distinct": 178, "entropy": 0.8631921286129285, "errors": 156, "exp_cost": 631574, "f1-score": 0.9918322742138259, "falsepos": 0.9192384083932184, "fullscore": 0.8371407745210557, "index": 1.01552899351184, "loss": 0.0004587149921215783, "meanscore": 0.7792482343325515, "n_docs": 116, "non_null": 0.11010598188007381, "precision": 0.9972677884454297, "prediction_time": 9.216351738490715, "recall": 0.8730322360090759, "size": 948634, "weighted_avg": 3.840018792017057}, "train_full": {"accuracy": 0.999962993707179, "auc": 0.9996724809225668, "avg_time": 11.742593439347417, "benchmark": -0.023588724786705817, "distinct": 80, "entropy": 1.1401106990557586, "exp_cost": 142367, "f1-score": 0.2281170787813548, "falsepos": 0.016551811253893822, "fullscore": 0.11214629547936567, "index": 16.401181728763717, "meanscore": 0.9320571560847062, "n_docs": 82944, "non_null": 0.43994121289102506, "precision": 0.9500488805052832, "prediction_time": 13.218237048480105, "size": 5088306, "time": 12.332017919867457, "weighted_avg": 2.1431551398388455}}