{"branch": {"accuracy": 0.9984370422661376, "distinct": 212, "entropy": 2.919801065379753, "errors": 36, "exp_cost": 25591099, "f1-score": 0.9906401286034487, "falsepos": 0.11171405784904742, "fullscore": 0.9877772553044459, "index": 14.75612564477058, "loss": 0.22513096968257318, "meanscore": 0.9899187564664121, "n_docs": 10390, "precision": 0.9979973158361766, "prediction_time": 14.903514955629834, "recall": 0.8851198834603038, "time": 27.01387598862141}, "brand": {"accuracy": 0.9824729204051224, "auc": 0.4389437839045113, "avg_time": 91.0617784137639, "benchmark": 1.685093168991345, "distinct": 66, "entropy": 3.8010647813979563, "exp_cost": 132985, "f1-score": 0.9989679651781901, "falsepos": 5.802670613452854e-05, "fullscore": 0.9863776638053491, "index": 3.532608181766202, "loss": 3.3618168715499053e-07, "meanscore": 0.9989647130912006, "n_docs": 11605, "non_null": 2.062252317713842e-05, "prediction_time": 987.1139901766091, "recall": 0.9915654554340043, "size": 347430, "time": 18.66434922846392, "weighted_avg": 3.8501892323154268}, "classifier": {"accuracy": 0.9940055063597106, "avg_time": 0.8206738022835943, "benchmark": 1.3520001947672606, "distinct": 341, "entropy": 2.9745187954610715, "errors": 341, "exp_cost": 171746520, "f1-score": 0.8188849475591782, "falsepos": 0.0634019479585155, "fullscore": 0.9946065476533921, "index": 4.663239581919388, "loss": 2.4315302467603495e-05, "meanscore": 0.9995257656842484, "n_docs": 95124, "prediction_time": 66.15316089432845, "size": 1422709, "time": 10.286038863135554, "weighted_avg": 1.789691973854874}, "model": {"accuracy": 0.9586662059198343, "auc": 0.9998780986856654, "benchmark": 1.9733024189262092, "distinct": 109, "entropy": 2.037774989073707, "errors": 266, "f1-score": 0.8254925270182878, "fullscore": 0.9999866296145312, "index": 19.02768265705304, "loss": 0.0010470217799640746, "meanscore": 0.999097710952914, "n_docs": 19343415, "prediction_time": 104.2254489255853, "size": 10858028, "time": 6.318529826513545, "weighted_avg": 1.5606964092002948}, "train": {"accuracy": 0.9999540771238865, "avg_time": 15.31445948610514, "benchmark": 4.212641949363438, "distinct": 251, "entropy": 1.7961882360181964, "errors": 245, "exp_cost": 3189286, "f1-score": 0.997446802704451, "falsepos": 0.7854752471393252, "fullscore": 0.9534421176767491, "index": 1.6309635063739685, "loss": 3.078004953716018e-05, "meanscore": 0.9447905154603415, "n_docs": 672, "non_null": 0.0347975703686394, "precision": 0.9997872756993882, "prediction_time": 14.162351782867274, "recall": 0.9571214479740704, "size": 4322239, "weighted_avg": 4.570616804020236}, "train_full": {"accuracy": 0.999998255816384, "auc": 0.9999801094969867, "avg_time": 28.441731884962156, "benchmark": 0.6448771486320388, "distinct": 139, "entropy": 1.8459506648388475, "exp_cost": 968327, "f1-score": 0.4737545956432539, "falsepos": 0.0037754425359727284, "fullscore": 0.22810700780880128, "index": 38.25283575676754, "meanscore": 0.9865046378990845, "n_docs": 187066, "non_null": 0.2443637932085857, "precision": 0.9803089526430369, "prediction_time": 30.429471277739825, "size": 79575005, "time": 30.001702368282476, "weighted_avg": 2.962996265689232}}