{"branch": {"accuracy": 0.9108201179264526, "distinct": 63, "entropy": 1.323932639790169, "errors": -100, "exp_cost": 1476781, "f1-score": 0.809213408378022, "falsepos": 0.6533567686833617, "fullscore": 0.875748614518624, "index": 3.3066565514347057, "loss": 0.6967726116413466, "meanscore": 0.8828901980016486, "n_docs": 303, "precision": 0.8663587426798658, "prediction_time": 2.090897657910385, "recall": 0.6514771350114544, "time": 4.6640977219258035}, "brand": {"accuracy": 0.7942556982366107, "auc": 0.016715844208593067, "avg_time": 21.610789345898606, "benchmark": 0.6076587851280866, "distinct": -67, "entropy": 1.9346783237724028, "exp_cost": 8577, "f1-score": 0.9496111730758032, "falsepos": 0.03820218410255016, "fullscore": 0.7498356902247906, "index": 0.7839228142190174, "loss": 0.0008466432714000494, "meanscore": 0.95078191366486, "n_docs": 697, "non_null": 0.007318780758598931, "prediction_time": 139.10594410803841, "recall": 0.8335331717628801, "size": 7999, "time": 6.485169922828095, "weighted_avg": 1.9656540704929382}, "classifier": {"accuracy": 0.9203418593243409, "avg_time": 0.3172928709101705, "benchmark": -0.25632029459711336, "distinct": 214, "entropy": 1.4793491278941375, "errors": 155, "exp_cost": 3519227, "f1-score": 0.2258572925948163, "falsepos": 0.29585480613975057, "fullscore": 0.8331760427185311, "index": 0.6692448737582736, "loss": 0.015928785567767445, "meanscore": 0.9806826554541047, "n_docs": 4368, "prediction_time": 12.135622504705157, "size": 57199, "time": 1.3454830723748685, "weighted_avg": 0.5335334801449322}, "model": {"accuracy": 0.5034781611775413, "auc": 0.9964665055041315, "benchmark": 0.16262126648210368, "distinct": -18, "entropy": 0.5453203593752077, "errors": 89, "f1-score": 0.18185312467994386, "fullscore": 0.9931027403045898, "index": 4.30478049434208, "loss": 0.06884925295912547, "meanscore": 0.946882196744539, "n_docs": 265178, "prediction_time": 18.507300961978537, "size": 235296, "time": 1.5000911032682633, "weighted_avg": -0.34764217108711776}, "train": {"accuracy": 0.9913520509605983, "avg_time": 6.546680326802944, "benchmark": 2.7699275029619748, "distinct": 91, "entropy": -0.1298526946785888, "errors": 38, "exp_cost": 74021, "f1-score": 0.9664032212161902, "falsepos": 0.989717292037719, "fullscore": 0.4631645569840416, "index": 0.4931871653975098, "loss": 0.006257449790183833, "meanscore": 0.5460689768614261, "n_docs": 14, "non_null": 0.44243314602642525, "precision": 0.9755129014122492, "prediction_time": 5.159665603530829, "recall": 0.6982981812045296, "size": 151778, "weighted_avg": 2.9170090414936936}, "train_full": {"accuracy": 0.9994162100396766, "auc": 0.987053592635488, "avg_time": 5.211893102686805, "benchmark": -1.1764007879710283, "distinct": 5, "entropy": 0.07709888179799132, "exp_cost": 11172, "f1-score": 0.03529184559458576, "falsepos": 0.14610274363424025, "fullscore": 0.03963446097824175, "index": 6.522808528323816, "meanscore": 0.8212512113040925, "n_docs": 16621, "non_null": 0.7830474331456568, "precision": 0.8966667058206061, "prediction_time": 5.767543834218767, "size": 679229, "time": 4.3176458875641694, "weighted_avg": 1.272402191292618}}