{"branch": {"accuracy": 0.8602804614433829, "distinct": 48, "entropy": 1.0692735968021827, "errors": -102, "exp_cost": 1493045, "f1-score": 0.7508982312818833, "falsepos": 0.7160521753460838, "fullscore": 0.8750655682679287, "index": 2.8957026830715002, "loss": 0.7344629132910574, "meanscore": 0.8264097894445614, "n_docs": 154, "precision": 0.8194212746583094, "prediction_time": 1.749821001934006, "recall": 0.6117350011612418, "time": 3.5010880477587922}, "brand": {"accuracy": 0.7566545506781052, "auc": 0.009205683265596787, "avg_time": 18.90294580965596, "benchmark": 0.5124497443174263, "distinct": -77, "entropy": 1.7361315020665156, "exp_cost": 6405, "f1-score": 0.9311713489209321, "falsepos": 0.07967640550170896, "fullscore": 0.6390575683826302, "index": 0.7323548320350202, "loss": 0.002521667305490527, "meanscore": 0.9313599669958522, "n_docs": 520, "non_null": 0.01424170137299241, "prediction_time": 106.49088106643636, "recall": 0.7443382426491219, "size": 3440, "time": 5.296825490854574, "weighted_avg": 1.7059091436215141}, "classifier": {"accuracy": 0.8909289414548847, "avg_time": 0.3039276279061533, "benchmark": -0.3116966909207465, "distinct": 182, "entropy": 1.291922887140524, "errors": 133, "exp_cost": 1919190, "f1-score": 0.1551130209262353, "falsepos": 0.33946658661972184, "fullscore": 0.7671918585738251, "index": 0.5047305139574733, "loss": 0.030424206032516277, "meanscore": 0.9794046253590127, "n_docs": 3256, "prediction_time": 10.35765845826665, "size": 43134, "time": 1.009917997604117, "weighted_avg": 0.5183948067195326}, "model": {"accuracy": 0.4575941253291293, "auc": 0.9948344963393222, "benchmark": -0.05710579536451549, "distinct": -47, "entropy": 0.3357662360370117, "errors": 60, "f1-score": 0.10777720313837302, "fullscore": 0.9846342230683776, "index": 3.7790071308735094, "loss": 0.10971304753638456, "meanscore": 0.9136660410441138, "n_docs": 143186, "prediction_time": 16.1686266711139, "size": 126468, "time": 1.0255658850939386, "weighted_avg": -0.5485585593236633}, "train": {"accuracy": 0.9839142341450539, "avg_time": 5.900311719186235, "benchmark": 2.536188014970384, "distinct": 79, "entropy": -0.42246885246048493, "errors": 14, "exp_cost": 44024, "f1-score": 0.9514400212013202, "falsepos": 0.9921785029201766, "fullscore": 0.3868984206791701, "index": 0.4892785603711077, "loss": 0.01084073958337517, "meanscore": 0.5166094973392337, "n_docs": 11, "non_null": 0.5777874847550396, "precision": 0.9445799798323178, "prediction_time": 4.48936721372905, "recall": 0.6320385028296999, "size": 93875, "weighted_avg": 2.734470744820737}, "train_full": {"accuracy": 0.9992919003107619, "auc": 0.9800724616204057, "avg_time": 4.0192246770420725, "benchmark": -1.2524796257708706, "distinct": -5, "entropy": -0.061238461940579164, "exp_cost": 6935, "f1-score": 0.03279623911286045, "falsepos": 0.22065122295721773, "fullscore": 0.028774436628704658, "index": 5.293723914965419, "meanscore": 0.8175328112343128, "n_docs": 15435, "non_null": 0.8477798813339377, "precision": 0.8649850347812806, "prediction_time": 4.867154477598869, "size": 267537, "time": 3.509869265156555, "weighted_avg": 1.012305961268985}}