{"branch": {"accuracy": 0.8436927228368585, "distinct": 40, "entropy": 0.9705139081753403, "errors": -128, "exp_cost": 996227, "f1-score": 0.7497162559589203, "falsepos": 0.730074520104935, "fullscore": 0.8329997427568823, "index": 2.578036966579087, "loss": 0.7622658555825346, "meanscore": 0.849687972507696, "n_docs": 165, "precision": 0.7887995345045027, "prediction_time": 1.5394459035844639, "recall": 0.5442645799017674, "time": 3.264474416230062}, "brand": {"accuracy": 0.7176071440108629, "auc": 0.011804207796060062, "avg_time": 18.47941411755077, "benchmark": 0.40476672707301975, "distinct": -92, "entropy": 1.6070105179877774, "exp_cost": 4650, "f1-score": 0.9220930624037171, "falsepos": 0.09616990084642263, "fullscore": 0.5915111586254257, "index": 0.7369715250772039, "loss": 0.0025100879814003996, "meanscore": 0.9312040862777131, "n_docs": 397, "non_null": 0.015107408303343228, "prediction_time": 98.84133264182155, "recall": 0.6676931127199175, "size": 3808, "time": 5.180691130320802, "weighted_avg": 1.7981505540836769}, "classifier": {"accuracy": 0.8891104837589798, "avg_time": 0.27996292541883006, "benchmark": -0.43196785059940057, "distinct": 179, "entropy": 1.2537030384037644, "errors": 138, "exp_cost": 1547022, "f1-score": 0.13919330526231438, "falsepos": 0.3346271604630442, "fullscore": 0.7367008815972793, "index": 0.4858544793946743, "loss": 0.03669982515933001, "meanscore": 0.9727857218197911, "n_docs": 2570, "prediction_time": 8.487044183938547, "size": 35469, "time": 0.794369881114072, "weighted_avg": 0.330953269363065}, "model": {"accuracy": 0.3925032745464348, "auc": 0.9945790047316355, "benchmark": -0.23526007968109847, "distinct": -51, "entropy": 0.2011539714888263, "errors": 48, "f1-score": 0.08933935437559015, "fullscore": 0.9826160635038356, "index": 3.3965453253205493, "loss": 0.12676331740792912, "meanscore": 0.9033927505543586, "n_docs": 107253, "prediction_time": 14.877522344432803, "size": 111602, "time": 1.0820057853189344, "weighted_avg": -0.6914366230915576}, "train": {"accuracy": 0.970892354607571, "avg_time": 5.286183673641881, "benchmark": 2.5218742766749003, "distinct": 75, "entropy": -0.6109984964939932, "errors": 8, "exp_cost": 32768, "f1-score": 0.953115264545117, "falsepos": 0.993310550772089, "fullscore": 0.32536980772248003, "index": 0.4396030311722463, "loss": 0.014297457107485423, "meanscore": 0.45519654672059773, "n_docs": 10, "non_null": 0.5572506556010424, "precision": 0.9441946340634045, "prediction_time": 4.316505021779057, "recall": 0.6072626329076687, "size": 78984, "weighted_avg": 2.51905785684022}, "train_full": {"accuracy": 0.9992166897060869, "auc": 0.9704500609789475, "avg_time": 3.7664960438649477, "benchmark": -1.5396034692567524, "distinct": -11, "entropy": -0.1664301522687274, "exp_cost": 4601, "f1-score": 0.023974350092738517, "falsepos": 0.2028280828086937, "fullscore": 0.023149028011777983, "index": 4.737343987195046, "meanscore": 0.784266596895459, "n_docs": 11173, "non_null": 0.8281279346183146, "precision": 0.8295563446000349, "prediction_time": 5.326319622327828, "size": 273397, "time": 2.953124537547556, "weighted_avg": 0.946009480144185}}