{"branch": {"accuracy": 0.9979503228422976, "distinct": 203, "entropy": 2.853451297950207, "errors": 39, "exp_cost": 16397556, "f1-score": 0.98704153929723, "falsepos": 0.13403596529526096, "fullscore": 0.990106578912358, "index": 14.58370873746999, "loss": 0.30371547083719563, "meanscore": 0.9911561962239801, "n_docs": 8919, "precision": 0.9971203781900938, "prediction_time": 13.423195209117905, "recall": 0.8947907062608638, "time": 24.06803556593684}, "brand": {"accuracy": 0.9815020313573886, "auc": 0.42525878771806197, "avg_time": 71.84433960072448, "benchmark": 1.7254116920308986, "distinct": 44, "entropy": 3.815890131303367, "exp_cost": 95044, "f1-score": 0.9986121181001104, "falsepos": 0.00015180496856015413, "fullscore": 0.9810342841243358, "index": 3.337316104002644, "loss": 3.779438889628395e-07, "meanscore": 0.9984275179978376, "n_docs": 9440, "non_null": 2.509603997224996e-05, "prediction_time": 827.5283755504576, "recall": 0.9917900237783197, "size": 283149, "time": 16.42780214624303, "weighted_avg": 3.797533702914285}, "classifier": {"accuracy": 0.9935643486891275, "avg_time": 0.8035733905302022, "benchmark": 1.2206022985927985, "distinct": 317, "entropy": 2.882446626361931, "errors": 316, "exp_cost": 132892064, "f1-score": 0.8180269661286957, "falsepos": 0.06741361281283531, "fullscore": 0.9936207207843253, "index": 3.93959344154072, "loss": 9.350877874103602e-05, "meanscore": 0.9992712994231397, "n_docs": 84670, "prediction_time": 66.05974466674722, "size": 1333332, "time": 9.378908408936057, "weighted_avg": 1.6203410593305716}, "model": {"accuracy": 0.9488830523392489, "auc": 0.9998219775673023, "benchmark": 1.895450779441534, "distinct": 106, "entropy": 1.9070271215141021, "errors": 256, "f1-score": 0.7277681032248109, "fullscore": 0.9999809704137841, "index": 15.753055554582527, "loss": 0.0015704240140885783, "meanscore": 0.9985608544054849, "n_docs": 16874947, "prediction_time": 98.37773067675401, "size": 7113024, "time": 5.866740346940175, "weighted_avg": 1.4671306187381303}, "train": {"accuracy": 0.9998472534075727, "avg_time": 15.25052092245362, "benchmark": 4.041056597532606, "distinct": 236, "entropy": 1.575724689178815, "errors": 225, "exp_cost": 2710348, "f1-score": 0.9965698348236496, "falsepos": 0.8325371352187556, "fullscore": 0.9495524857681115, "index": 1.6892387572771772, "loss": 5.512124546946939e-05, "meanscore": 0.916424363053256, "n_docs": 451, "non_null": 0.03943244530421297, "precision": 0.9996277816489063, "prediction_time": 13.126792011659349, "recall": 0.9517304238780315, "size": 3840555, "weighted_avg": 4.279672567377423}, "train_full": {"accuracy": 0.9999978119697315, "auc": 0.9999785358954891, "avg_time": 23.401534384593617, "benchmark": 0.7191322183031749, "distinct": 131, "entropy": 1.7665715160018598, "exp_cost": 630517, "f1-score": 0.41168161960405864, "falsepos": 0.003380964297604594, "fullscore": 0.22333646821303255, "index": 31.987752722716795, "meanscore": 0.9776584528561508, "n_docs": 201880, "non_null": 0.2749867864612754, "precision": 0.9817486930363268, "prediction_time": 26.36055675492097, "size": 39364955, "time": 26.704126378157056, "weighted_avg": 2.8432059281058004}}