{"branch": {"accuracy": 0.786373625178449, "distinct": 37, "entropy": 0.8564853681801287, "errors": -145, "exp_cost": 605803, "f1-score": 0.6470997534986991, "falsepos": 0.743141222361154, "fullscore": 0.8218183926823386, "index": 2.448537497891362, "loss": 0.7761370564441086, "meanscore": 0.7367955697628671, "n_docs": 72, "precision": 0.7056659548285894, "prediction_time": 1.1350343978312332, "recall": 0.5333607925808774, "time": 3.0904862688085406}, "brand": {"accuracy": 0.6376246557340763, "auc": 0.004053318579371523, "avg_time": 12.554104726243382, "benchmark": 0.20708735662350422, "distinct": -125, "entropy": 1.5468387276911015, "exp_cost": 3729, "f1-score": 0.9103354298358698, "falsepos": 0.12486300359907809, "fullscore": 0.5776597160609218, "index": 0.6034098925770686, "loss": 0.002722048806531596, "meanscore": 0.9236569619128023, "n_docs": 230, "non_null": 0.03161891804305805, "prediction_time": 100.07445214518565, "recall": 0.692454204493671, "size": 1501, "time": 4.236848968699803, "weighted_avg": 1.303186411602705}, "classifier": {"accuracy": 0.8604726234109246, "avg_time": 0.26281434538814147, "benchmark": -0.6200194242162339, "distinct": 147, "entropy": 1.089319855252502, "errors": 96, "exp_cost": 1019309, "f1-score": 0.13092425287056536, "falsepos": 0.5087682061588815, "fullscore": 0.5143794270682528, "index": 0.3429759796595639, "loss": 0.07246596764508217, "meanscore": 0.9682974257024263, "n_docs": 1037, "prediction_time": 6.605595505549587, "size": 16704, "time": 0.840115980438816, "weighted_avg": 0.28406284053223657}, "model": {"accuracy": 0.3228229463047105, "auc": 0.990408598657959, "benchmark": -0.4709894118865577, "distinct": -91, "entropy": -0.32201672502487455, "errors": 43, "f1-score": 0.046216284192970636, "fullscore": 0.9802537736271364, "index": 2.9662908345393744, "loss": 0.1705186729534981, "meanscore": 0.881358368423851, "n_docs": 64796, "prediction_time": 11.57108991373751, "size": 38068, "time": 0.6679126782417448, "weighted_avg": -0.8481648576713556}, "train": {"accuracy": 0.9581527789652852, "avg_time": 3.824479532036306, "benchmark": 2.4068126433058805, "distinct": 44, "entropy": -0.8773496326394935, "errors": -27, "exp_cost": 15709, "f1-score": 0.9112636632477378, "falsepos": 0.9969740950262331, "fullscore": 0.29232301268900907, "index": 0.35364388245458744, "loss": 0.028699320774829173, "meanscore": 0.3613269575262568, "n_docs": 5, "non_null": 0.594062363997326, "precision": 0.9090773429330663, "prediction_time": 3.333257049176818, "recall": 0.549249442357626, "size": 32735, "weighted_avg": 2.3618492540280984}, "train_full": {"accuracy": 0.9984484692408978, "auc": 0.9477456769005093, "avg_time": 2.1613412610146288, "benchmark": -1.7436546348951172, "distinct": -41, "entropy": -0.5156490552392702, "exp_cost": 2868, "f1-score": 0.013920581983545954, "falsepos": 0.2580402449059548, "fullscore": 0.010339978241365344, "index": 3.8345856939725924, "meanscore": 0.7150470219250148, "n_docs": 9137, "non_null": 0.8583711630394025, "precision": 0.8165286112691411, "prediction_time": 3.3811435272320978, "size": 58337, "time": 2.1873227199035856, "weighted_avg": 0.7032223926832166}}