{"branch": {"accuracy": 0.986118943851094, "distinct": 151, "entropy": 2.1771815220675657, "errors": -33, "exp_cost": 5123282, "f1-score": 0.9553987863230313, "falsepos": 0.2984483024685194, "fullscore": 0.9576450341939454, "index": 8.20896469094179, "loss": 0.4263722510759662, "meanscore": 0.9730520007674004, "n_docs": 2641, "precision": 0.9815515106147654, "prediction_time": 6.723631316145831, "recall": 0.7771520819423761, "time": 11.427642673514542}, "brand": {"accuracy": 0.9396385514105893, "auc": 0.19016475247592202, "avg_time": 42.12859803954874, "benchmark": 1.254441882100003, "distinct": 2, "entropy": 3.011082794523883, "exp_cost": 40239, "f1-score": 0.9928275144946491, "falsepos": 0.0019954079049655515, "fullscore": 0.9429888097128255, "index": 1.8216195455368362, "loss": 1.0488385420170943e-05, "meanscore": 0.9940207890052644, "n_docs": 2618, "non_null": 0.00044228586808925385, "prediction_time": 412.4941728871579, "recall": 0.9611654644761833, "size": 47637, "time": 10.898769154672515, "weighted_avg": 3.143555527179638}, "classifier": {"accuracy": 0.9786843865961475, "avg_time": 0.6008185179784507, "benchmark": 0.7442448848653593, "distinct": 266, "entropy": 2.3445140990749724, "errors": 252, "exp_cost": 33668786, "f1-score": 0.5867664366016114, "falsepos": 0.1236103037820524, "fullscore": 0.9704961058501148, "index": 2.0788101738283835, "loss": 0.0007284167742910297, "meanscore": 0.9961734947611633, "n_docs": 20863, "prediction_time": 32.97504735633372, "size": 329060, "time": 4.243406308490665, "weighted_avg": 1.1246817908474427}, "model": {"accuracy": 0.8045027413045489, "auc": 0.9994221467775568, "benchmark": 1.1779209839191458, "distinct": 47, "entropy": 1.4217543429692316, "errors": 193, "f1-score": 0.4721385821964925, "fullscore": 0.9997115375523925, "index": 9.7843529701953, "loss": 0.010755269089876895, "meanscore": 0.9920673669699296, "n_docs": 3094295, "prediction_time": 50.84041943635207, "size": 1623451, "time": 3.1008231563971593, "weighted_avg": 0.7798333074350257}, "train": {"accuracy": 0.999080434628031, "avg_time": 10.31592089004826, "benchmark": 3.6235862432510038, "distinct": 179, "entropy": 0.8649541629580431, "errors": 156, "exp_cost": 632118, "f1-score": 0.9919456316745845, "falsepos": 0.9189092816725641, "fullscore": 0.8375059899656991, "index": 1.0155362066481464, "loss": 0.00044992925659548266, "meanscore": 0.7794256168161224, "n_docs": 117, "non_null": 0.10909378366663813, "precision": 0.9972895450939363, "prediction_time": 9.129517462815922, "recall": 0.8727438088845036, "size": 948796, "weighted_avg": 3.838471140819731}, "train_full": {"accuracy": 0.9999625822479479, "auc": 0.9996708750406561, "avg_time": 11.755242558883005, "benchmark": -0.029319807262510628, "distinct": 80, "entropy": 1.1430939318669635, "exp_cost": 142748, "f1-score": 0.22919287864618754, "falsepos": 0.016551439090326303, "fullscore": 0.11257936022115161, "index": 16.42279875845333, "meanscore": 0.932290481166339, "n_docs": 83532, "non_null": 0.4405177800331681, "precision": 0.9498957577692758, "prediction_time": 13.18832048082133, "size": 5077117, "time": 12.334647938065928, "weighted_avg": 2.142837262301282}}