{"branch": {"accuracy": 0.9999999287252463, "distinct": 427, "entropy": 5.406757238987668, "errors": 237, "exp_cost": 741079156, "f1-score": 0.9999983058350288, "falsepos": 6.648580344736921e-05, "fullscore": 0.9999748684511488, "index": 152.2278837054218, "loss": 0.004578661779593096, "meanscore": 0.9999898301900921, "n_docs": 3532002, "precision": 0.9999999871779395, "prediction_time": 246.3942622785163, "recall": 0.9978592295314948, "time": 285.7768054990073}, "brand": {"accuracy": 0.9999621037810893, "auc": 0.9959019626231262, "avg_time": 692.7763274167017, "benchmark": 3.7999677382785664, "distinct": 257, "entropy": 6.5646994293021, "exp_cost": 3774290, "f1-score": 0.9999998739912676, "falsepos": 3.955946681344358e-12, "fullscore": 0.9999936230566044, "index": 32.59893917831682, "loss": 2.220446049250313e-16, "meanscore": 0.999999400438663, "n_docs": 863090, "non_null": 1.2149947714590326e-11, "prediction_time": 14206.493941371935, "recall": 0.9999978352335752, "size": 135865630, "time": 103.1808857815291, "weighted_avg": 6.573250905374904}, "classifier": {"accuracy": 0.9999844086448425, "avg_time": 3.5283401103870875, "benchmark": 3.7640574992395863, "distinct": 522, "entropy": 5.131727342660984, "errors": 618, "exp_cost": 28699733213, "f1-score": 0.9998712275332715, "falsepos": 0.0025120688691477877, "fullscore": 0.9999995829176055, "index": 50.86587333461512, "loss": 3.320232977443993e-12, "meanscore": 0.9999998581870853, "n_docs": 8598994, "prediction_time": 706.869293634563, "size": 295184610, "time": 282.63747351348, "weighted_avg": 3.681169776773315}, "model": {"accuracy": 0.9999900338792398, "auc": 0.9999989890782267, "benchmark": 4.792674439058527, "distinct": 319, "entropy": 4.348659626014883, "errors": 529, "f1-score": 0.9995826266368436, "fullscore": 0.9999999999973602, "index": 123.26887358219956, "loss": 5.5456630398964535e-08, "meanscore": 0.9999999260096178, "n_docs": 5061554617, "prediction_time": 1150.8117287983596, "size": 5068635502, "time": 47.69257004596555, "weighted_avg": 4.436228543200114}, "train": {"accuracy": 0.9999999985391591, "avg_time": 62.254916452196404, "benchmark": 6.455083411780863, "distinct": 493, "entropy": 4.5808691823233225, "errors": 526, "exp_cost": 680919854, "f1-score": 0.9999949968758703, "falsepos": 0.13135962368072596, "fullscore": 0.999993778840724, "index": 10.883213858649183, "loss": 3.3707436841723393e-10, "meanscore": 0.9998248219085855, "n_docs": 129456, "non_null": 1.0024984706813456e-06, "precision": 0.9999999953425096, "prediction_time": 74.23903808142391, "recall": 0.9998476013731878, "size": 1291848459, "weighted_avg": 6.987135291786753}, "train_full": {"accuracy": 0.9999999999771712, "auc": 0.999999999993694, "avg_time": 323.14752032052166, "benchmark": 3.8847082191856677, "distinct": 327, "entropy": 4.2664058967148595, "exp_cost": 779158693, "f1-score": 0.9895503300434497, "falsepos": 1.763607893057184e-08, "fullscore": 0.7506498083824912, "index": 371.9466585458535, "meanscore": 0.9999835063868024, "n_docs": 14227854, "non_null": 0.0005396787839996309, "precision": 0.9997474497532615, "prediction_time": 285.1049040539511, "size": 108149673907, "time": 513.1632156902448, "weighted_avg": 5.5482657343600845}}