{"branch": {"accuracy": 0.999999237987374, "distinct": 382, "entropy": 4.946827982793245, "errors": 179, "exp_cost": 268756354, "f1-score": 0.9999763976058216, "falsepos": 0.0007156150303387898, "fullscore": 0.9997695889434737, "index": 102.41730194413364, "loss": 0.015420174330528447, "meanscore": 0.9999253305145739, "n_docs": 781581, "precision": 0.9999994079519772, "prediction_time": 115.08377255991279, "recall": 0.9927451912797458, "time": 191.7341000785075}, "brand": {"accuracy": 0.9996759677285582, "auc": 0.9711508671497404, "avg_time": 427.64422895514747, "benchmark": 3.264526390406928, "distinct": 198, "entropy": 5.898184159383555, "exp_cost": 1686422, "f1-score": 0.9999979994521351, "falsepos": 2.7998181550970003e-10, "fullscore": 0.9999195402959774, "index": 15.961190079837442, "loss": 1.1390888232654106e-13, "meanscore": 0.9999969435753323, "n_docs": 287630, "non_null": 6.315943323897955e-10, "prediction_time": 7794.555191744064, "recall": 0.999986252703327, "size": 21969664, "time": 70.41655150256138, "weighted_avg": 5.885716752832254}, "classifier": {"accuracy": 0.999924309076938, "avg_time": 2.647351933400375, "benchmark": 3.142483125803397, "distinct": 479, "entropy": 4.5965814213844824, "errors": 545, "exp_cost": 8078879907, "f1-score": 0.9988664355071588, "falsepos": 0.003859692059614561, "fullscore": 0.9999950319402923, "index": 30.673046913620258, "loss": 6.825163767487652e-10, "meanscore": 0.9999967041400895, "n_docs": 2923954, "prediction_time": 360.04679587340746, "size": 56326663, "time": 138.19719062688048, "weighted_avg": 3.159318002803979}, "model": {"accuracy": 0.9999014522902223, "auc": 0.9999959429214325, "benchmark": 4.078888700143827, "distinct": 277, "entropy": 3.915690302258166, "errors": 477, "f1-score": 0.9969282105247854, "fullscore": 0.9999999997242423, "index": 74.7337434134277, "loss": 8.467895979968887e-07, "meanscore": 0.9999989243484213, "n_docs": 1727633857, "prediction_time": 589.2962283009361, "size": 1645045040, "time": 33.32507559705021, "weighted_avg": 3.7553848058715813}, "train": {"accuracy": 0.999999982809884, "avg_time": 45.80723109102877, "benchmark": 5.866873281636293, "distinct": 427, "entropy": 3.755166179183135, "errors": 454, "exp_cost": 259139694, "f1-score": 0.9999827127335363, "falsepos": 0.2754493469578634, "fullscore": 0.9999159805667581, "index": 6.722502153078698, "loss": 5.101398636853105e-09, "meanscore": 0.9995039592911584, "n_docs": 37717, "non_null": 5.0477426129180714e-05, "precision": 0.9999999524230055, "prediction_time": 50.0642690929831, "recall": 0.9992336729540316, "size": 327236597, "weighted_avg": 6.376926115922144}, "train_full": {"accuracy": 0.9999999987610937, "auc": 0.9999999992193451, "avg_time": 170.8274054804074, "benchmark": 2.875832859468266, "distinct": 284, "entropy": 3.4380010748187693, "exp_cost": 149214147, "f1-score": 0.9514876697278958, "falsepos": 7.408659863372691e-07, "fullscore": 0.6007536207937805, "index": 225.75667239894514, "meanscore": 0.9998277340109446, "n_docs": 3371297, "non_null": 0.00539164324551078, "precision": 0.9990518515127578, "prediction_time": 169.02067665299998, "size": 25967246333, "time": 202.6115621957305, "weighted_avg": 4.83705044027066}}