{"branch": {"accuracy": 0.9999924542863681, "distinct": 339, "entropy": 4.352753818527417, "errors": 146, "exp_cost": 116805437, "f1-score": 0.9998615955597194, "falsepos": 0.0039881617820105575, "fullscore": 0.9992359272197952, "index": 58.15255979839139, "loss": 0.023651460676534564, "meanscore": 0.9997675487160296, "n_docs": 300409, "precision": 0.999994355832412, "prediction_time": 72.41115977734452, "recall": 0.9853902307293683, "time": 108.56049947675315}, "brand": {"accuracy": 0.9983663214816951, "auc": 0.9401697365864943, "avg_time": 293.8698919475867, "benchmark": 2.874121885272253, "distinct": 185, "entropy": 5.396120601658569, "exp_cost": 883636, "f1-score": 0.9999894167816373, "falsepos": 1.6713748718366617e-08, "fullscore": 0.9996571859659559, "index": 12.768183459564524, "loss": 4.4108050545332844e-12, "meanscore": 0.9999729574635099, "n_docs": 113615, "non_null": 1.8488391817506056e-08, "prediction_time": 4372.974743141498, "recall": 0.9998333643793078, "size": 7741222, "time": 53.555277097354285, "weighted_avg": 5.560413324669934}, "classifier": {"accuracy": 0.9996842112713131, "avg_time": 2.050259204877695, "benchmark": 2.8376990297889195, "distinct": 437, "entropy": 4.142986427004867, "errors": 503, "exp_cost": 3100872217, "f1-score": 0.9934845723425494, "falsepos": 0.0081556447725889, "fullscore": 0.999964549786503, "index": 18.200409139217804, "loss": 7.26052973298863e-09, "meanscore": 0.9999902994101108, "n_docs": 1209572, "prediction_time": 215.7537692832484, "size": 28591356, "time": 63.358442777225854, "weighted_avg": 2.7287466850685007}, "model": {"accuracy": 0.9990416132886814, "auc": 0.9999941431855346, "benchmark": 3.5722187118166358, "distinct": 227, "entropy": 3.3596091957841843, "errors": 410, "f1-score": 0.9886565232915302, "fullscore": 0.9999999974117475, "index": 49.743839114066056, "loss": 8.406434613306146e-06, "meanscore": 0.9999952555218, "n_docs": 434400853, "prediction_time": 390.68272303984065, "size": 506456287, "time": 19.014773771487853, "weighted_avg": 3.1338640832358036}, "train": {"accuracy": 0.9999998911291375, "avg_time": 37.319702290981354, "benchmark": 5.481912406864177, "distinct": 392, "entropy": 3.1505423368602576, "errors": 408, "exp_cost": 89058503, "f1-score": 0.9999455867918403, "falsepos": 0.3722758365227774, "fullscore": 0.9995538473780623, "index": 4.790695607065501, "loss": 6.486199766175815e-08, "meanscore": 0.9965003003032022, "n_docs": 12171, "non_null": 0.00030006282180550237, "precision": 0.9999993958014991, "prediction_time": 38.63404820261874, "recall": 0.9973014445570415, "size": 105107103, "weighted_avg": 5.980331447939198}, "train_full": {"accuracy": 0.9999999956521222, "auc": 0.999999987557587, "avg_time": 103.76850348672208, "benchmark": 2.327897913298957, "distinct": 244, "entropy": 3.1246032524509024, "exp_cost": 46191196, "f1-score": 0.9091205568952802, "falsepos": 5.310686290060929e-06, "fullscore": 0.5148101110338857, "index": 130.9025931665492, "meanscore": 0.99962212670172, "n_docs": 1998768, "non_null": 0.01845817965953722, "precision": 0.9981234435182655, "prediction_time": 104.00137104490554, "size": 4460894649, "time": 131.70024877167896, "weighted_avg": 4.393410017430713}}