{"branch": {"accuracy": 0.9999998244978103, "distinct": 426, "entropy": 5.089000699183167, "errors": 206, "exp_cost": 611576976, "f1-score": 0.9999952110743637, "falsepos": 0.0001761822009416214, "fullscore": 0.9999329618424929, "index": 130.2734232148314, "loss": 0.004723311133931318, "meanscore": 0.9999373073493676, "n_docs": 2202565, "precision": 0.999999942409646, "prediction_time": 168.6416168346556, "recall": 0.9964946570838318, "time": 238.4659744420743}, "brand": {"accuracy": 0.9998234464608163, "auc": 0.9935374588584244, "avg_time": 600.7861998322296, "benchmark": 3.8170482423936147, "distinct": 250, "entropy": 6.335887714954131, "exp_cost": 3526274, "f1-score": 0.9999996369289531, "falsepos": 1.2576828467558698e-11, "fullscore": 0.9999679905114476, "index": 28.34780091867229, "loss": 1.1324274851176597e-14, "meanscore": 0.9999993087447843, "n_docs": 511619, "non_null": 8.046963095864612e-11, "prediction_time": 11062.090106854734, "recall": 0.9999927907879576, "size": 79270482, "time": 94.10541677876105, "weighted_avg": 6.47798242813594}, "classifier": {"accuracy": 0.9999706860188957, "avg_time": 3.5325148784023583, "benchmark": 3.3613666556301873, "distinct": 495, "entropy": 4.857292195013535, "errors": 596, "exp_cost": 16302546971, "f1-score": 0.9996580457019185, "falsepos": 0.0019034859819402339, "fullscore": 0.9999993617166083, "index": 40.04600338372001, "loss": 2.3820834194054896e-11, "meanscore": 0.9999990732055356, "n_docs": 4164642, "prediction_time": 530.0745025026902, "size": 119348078, "time": 193.89753918104438, "weighted_avg": 3.5689009597415966}, "model": {"accuracy": 0.9999755490565666, "auc": 0.9999989948031768, "benchmark": 4.492465132787028, "distinct": 302, "entropy": 4.186726332639353, "errors": 499, "f1-score": 0.9989662834827508, "fullscore": 0.99999999997816, "index": 101.65122369715144, "loss": 1.7039140365326944e-07, "meanscore": 0.9999997562709771, "n_docs": 2562289993, "prediction_time": 837.860289098954, "size": 4537004030, "time": 47.85525029248821, "weighted_avg": 4.167942808616878}, "train": {"accuracy": 0.9999999989231425, "avg_time": 60.39898301861955, "benchmark": 6.203523424716142, "distinct": 464, "entropy": 4.011772611487058, "errors": 511, "exp_cost": 525724929, "f1-score": 0.9999968157089482, "falsepos": 0.15021525281689874, "fullscore": 0.9999848037955048, "index": 9.233298122939788, "loss": 8.022769115711981e-10, "meanscore": 0.9997922119354193, "n_docs": 76820, "non_null": 5.266271219883656e-06, "precision": 0.9999999900734828, "prediction_time": 72.68914238260328, "recall": 0.9996381602390343, "size": 879022213, "weighted_avg": 6.869626802256671}, "train_full": {"accuracy": 0.9999999999674761, "auc": 0.9999999999525646, "avg_time": 234.53294800647126, "benchmark": 3.3138380623361536, "distinct": 313, "entropy": 3.902711970574706, "exp_cost": 268960387, "f1-score": 0.9713514506834522, "falsepos": 9.997390648663895e-08, "fullscore": 0.6715529564038621, "index": 280.7739516867829, "meanscore": 0.9999592912616415, "n_docs": 9167602, "non_null": 0.0016514848609101573, "precision": 0.9996418702904043, "prediction_time": 256.3933709889009, "size": 62752233792, "time": 313.8249277480778, "weighted_avg": 5.211560936081883}}