{"branch": {"accuracy": 0.9999999958074772, "distinct": 471, "entropy": 5.831281946866306, "errors": 252, "exp_cost": 1784030620, "f1-score": 0.9999998480891085, "falsepos": 6.820758063463828e-06, "fullscore": 0.9999892926722471, "index": 294.61232567164205, "loss": 0.0011602962429257957, "meanscore": 0.9999953033646847, "n_docs": 12631749, "precision": 0.9999999995659447, "prediction_time": 393.31871068244214, "recall": 0.9993274470716922, "time": 508.2583989150437}, "brand": {"accuracy": 0.9999851598185674, "auc": 0.9993919795068998, "avg_time": 1146.919506737601, "benchmark": 4.332756347491206, "distinct": 309, "entropy": 7.033394579296923, "exp_cost": 8792009, "f1-score": 0.9999999901752327, "falsepos": 8.815170815523743e-14, "fullscore": 0.9999987577854423, "index": 53.40293031798753, "loss": 0.0, "meanscore": 0.9999999370390832, "n_docs": 1838389, "non_null": 6.590283874174929e-13, "prediction_time": 24115.461421730328, "recall": 0.9999996683360105, "size": 434453555, "time": 164.62898453021128, "weighted_avg": 7.180973323016969}, "classifier": {"accuracy": 0.9999963893031378, "avg_time": 4.944404352670651, "benchmark": 4.033726619601186, "distinct": 554, "entropy": 5.507200333142959, "errors": 685, "exp_cost": 77137406904, "f1-score": 0.9999852485927977, "falsepos": 0.0009296369901177215, "fullscore": 0.9999999806354092, "index": 78.4296881953625, "loss": 8.548717289613705e-14, "meanscore": 0.9999999673965456, "n_docs": 17395409, "prediction_time": 973.3485089967243, "size": 696224349, "time": 542.6383502829398, "weighted_avg": 4.092914507954201}, "model": {"accuracy": 0.9999990724706719, "auc": 0.9999998030745552, "benchmark": 5.261059079299551, "distinct": 361, "entropy": 4.837193583263789, "errors": 581, "f1-score": 0.9999383171324163, "fullscore": 0.9999999999999575, "index": 183.77314283081367, "loss": 4.645060558416958e-09, "meanscore": 0.9999999905007836, "n_docs": 13021499045, "prediction_time": 1660.1259512574354, "size": 18106948913, "time": 71.12975705699101, "weighted_avg": 5.035698747117844}, "train": {"accuracy": 0.9999999999370143, "avg_time": 86.696407963893, "benchmark": 6.853755383464045, "distinct": 538, "entropy": 5.120754026846333, "errors": 592, "exp_cost": 2370739635, "f1-score": 0.9999992513844699, "falsepos": 0.051348847031546185, "fullscore": 0.9999995718531675, "index": 15.934499676365004, "loss": 2.6943558495418074e-11, "meanscore": 0.99994972544466, "n_docs": 367984, "non_null": 4.271061382343788e-08, "precision": 0.9999999997981495, "prediction_time": 113.84024327264008, "recall": 0.9999624916418359, "size": 3921918959, "weighted_avg": 7.614515433653568}, "train_full": {"accuracy": 0.999999999997964, "auc": 0.9999999999997946, "avg_time": 521.141452203221, "benchmark": 4.177872633188134, "distinct": 372, "entropy": 4.6807304948869675, "exp_cost": 2035928625, "f1-score": 0.9955581337420276, "falsepos": 5.5882343197311e-10, "fullscore": 0.8024538480565783, "index": 581.5738186258674, "meanscore": 0.9999979014713914, "n_docs": 36827259, "non_null": 8.947163485661935e-05, "precision": 0.9999284924001866, "prediction_time": 476.2987157971094, "size": 354082812580, "time": 794.1906723484573, "weighted_avg": 6.0029162217821}}