{"branch": {"accuracy": 0.9993529124665445, "distinct": 244, "entropy": 3.2456428193739346, "errors": 55, "exp_cost": 19509814, "f1-score": 0.9957569738953227, "falsepos": 0.05194162955576098, "fullscore": 0.9925922006744641, "index": 23.834992071285672, "loss": 0.20540563769840747, "meanscore": 0.9953275751531436, "n_docs": 29520, "precision": 0.9991929009215079, "prediction_time": 18.75381559799456, "recall": 0.9245468840831177, "time": 32.68176435574086}, "brand": {"accuracy": 0.9843775816689001, "auc": 0.5815029634126119, "avg_time": 126.29643615790468, "benchmark": 2.192528843195766, "distinct": 76, "entropy": 4.182797207350871, "exp_cost": 153840, "f1-score": 0.999592117528094, "falsepos": 2.7979614906858963e-05, "fullscore": 0.9925305487779905, "index": 5.1031141374544635, "loss": 3.161125194939274e-08, "meanscore": 0.9990425452031553, "n_docs": 21889, "non_null": 4.504086058121359e-06, "prediction_time": 1182.471014407109, "recall": 0.9964736636478122, "size": 563548, "time": 23.790902869267686, "weighted_avg": 4.25863457158696}, "classifier": {"accuracy": 0.9960159837420546, "avg_time": 1.140184613455978, "benchmark": 1.6050397738377462, "distinct": 347, "entropy": 3.2717669973948458, "errors": 361, "exp_cost": 250504031, "f1-score": 0.90740951558398, "falsepos": 0.061037312090284734, "fullscore": 0.997160198356002, "index": 5.25459204368474, "loss": 2.03099626908676e-05, "meanscore": 0.9996805246594601, "n_docs": 154170, "prediction_time": 82.0647619741057, "size": 2629223, "time": 17.98138322556115, "weighted_avg": 1.825501203851665}, "model": {"accuracy": 0.975373042187092, "auc": 0.9999007688994117, "benchmark": 2.254056037635329, "distinct": 129, "entropy": 2.3134605502442493, "errors": 296, "f1-score": 0.8177498040407383, "fullscore": 0.9999967481311298, "index": 20.478907095678636, "loss": 0.0004685510797004522, "meanscore": 0.9996543652270558, "n_docs": 35291322, "prediction_time": 128.8940836081351, "size": 18558885, "time": 7.6058973044845, "weighted_avg": 1.979018995528188}, "train": {"accuracy": 0.9999821551124868, "avg_time": 19.940119561342243, "benchmark": 4.455677482392316, "distinct": 271, "entropy": 1.8927582125085505, "errors": 269, "exp_cost": 7267801, "f1-score": 0.9987291251755214, "falsepos": 0.7564094590824986, "fullscore": 0.9781025586670549, "index": 2.044386704891012, "loss": 1.2227208176951443e-05, "meanscore": 0.9679209255375758, "n_docs": 1397, "non_null": 0.011192159137620283, "precision": 0.9999412978970089, "prediction_time": 18.210140512963424, "recall": 0.9779310994722061, "size": 6801846, "weighted_avg": 4.770509564463199}, "train_full": {"accuracy": 0.9999992414000424, "auc": 0.9999934055042363, "avg_time": 31.608122572613393, "benchmark": 1.1389979970312414, "distinct": 160, "entropy": 1.992456396105062, "exp_cost": 2245723, "f1-score": 0.5151187111901646, "falsepos": 0.0005850980618762325, "fullscore": 0.23669837593294563, "index": 45.28861155773378, "meanscore": 0.9900560608675641, "n_docs": 402019, "non_null": 0.14397071401570716, "precision": 0.9889996726381918, "prediction_time": 38.39889775284513, "size": 143248377, "time": 33.29284148932115, "weighted_avg": 3.195400847476889}}