{"branch": {"accuracy": 0.9999623882973232, "distinct": 298, "entropy": 4.009907379395417, "errors": 121, "exp_cost": 96008430, "f1-score": 0.9994727500340777, "falsepos": 0.0076151243553835846, "fullscore": 0.9989577003972879, "index": 51.36413288178955, "loss": 0.04911799830601549, "meanscore": 0.9986267867901881, "n_docs": 133482, "precision": 0.9999704824158748, "prediction_time": 51.749207431372334, "recall": 0.9743466313136739, "time": 76.76808043942185}, "brand": {"accuracy": 0.9971456471086637, "auc": 0.859490160013868, "avg_time": 199.30983151694113, "benchmark": 2.6909695824398137, "distinct": 144, "entropy": 4.957383935543046, "exp_cost": 748849, "f1-score": 0.9999544822507858, "falsepos": 3.0152540375638637e-07, "fullscore": 0.9986878672290815, "index": 9.133702159007674, "loss": 2.5506063927593914e-10, "meanscore": 0.9999236526181281, "n_docs": 72466, "non_null": 1.2048816833143405e-07, "prediction_time": 2899.1417094142485, "recall": 0.9995967229156524, "size": 4655949, "time": 38.931013687344134, "weighted_avg": 5.142413618988146}, "classifier": {"accuracy": 0.9993755554894899, "avg_time": 1.621659328881074, "benchmark": 2.484617659508889, "distinct": 417, "entropy": 3.9252476468257, "errors": 458, "exp_cost": 1942600033, "f1-score": 0.9843757811517957, "falsepos": 0.021514749909471442, "fullscore": 0.9997934390823274, "index": 13.418683678467684, "loss": 1.5750874349240718e-07, "meanscore": 0.9999473852378458, "n_docs": 556310, "prediction_time": 183.15009753576618, "size": 11499883, "time": 45.10628141030924, "weighted_avg": 2.632247216062551}, "model": {"accuracy": 0.99843539385848, "auc": 0.9999729511341608, "benchmark": 3.2213636734513527, "distinct": 200, "entropy": 3.0452021212966196, "errors": 385, "f1-score": 0.9644060774835876, "fullscore": 0.9999999531043107, "index": 38.89436082737857, "loss": 3.499565612585798e-05, "meanscore": 0.9999671189687998, "n_docs": 304528203, "prediction_time": 304.4257441608355, "size": 190101058, "time": 17.16227223111218, "weighted_avg": 2.898517292760894}, "train": {"accuracy": 0.9999995243678523, "avg_time": 30.08492303323156, "benchmark": 4.9732019343652265, "distinct": 345, "entropy": 2.896090477639399, "errors": 360, "exp_cost": 38221056, "f1-score": 0.9998521135523212, "falsepos": 0.5134751835653675, "fullscore": 0.9980373069948926, "index": 3.9850781516623557, "loss": 3.799660515113601e-07, "meanscore": 0.9924902189027665, "n_docs": 6523, "non_null": 0.0013752836465842355, "precision": 0.9999961515825204, "prediction_time": 29.49624519845218, "recall": 0.9953851971035143, "size": 44376108, "weighted_avg": 5.623763181827797}, "train_full": {"accuracy": 0.9999999632745842, "auc": 0.9999999411123667, "avg_time": 80.51964025806551, "benchmark": 1.967513770784408, "distinct": 219, "entropy": 2.782963250829285, "exp_cost": 12335755, "f1-score": 0.8440536221933859, "falsepos": 4.565917702836764e-05, "fullscore": 0.39539992007818636, "index": 95.31461126189573, "meanscore": 0.9983476789865626, "n_docs": 1301595, "non_null": 0.04661119029030558, "precision": 0.9967644105198403, "prediction_time": 79.99789014485285, "size": 1694938399, "time": 106.48791458820699, "weighted_avg": 4.061189502763251}}