{"branch": {"accuracy": 0.9102287641691136, "distinct": 82, "entropy": 1.2863006972853759, "errors": -96, "exp_cost": 2146942, "f1-score": 0.8427122064550537, "falsepos": 0.6291986718356362, "fullscore": 0.8833718411331968, "index": 3.3936889860072936, "loss": 0.7112427881125063, "meanscore": 0.8974399961681289, "n_docs": 336, "precision": 0.8874956877842204, "prediction_time": 2.4081872465323206, "recall": 0.6645618610521051, "time": 5.66457913488111}, "brand": {"accuracy": 0.8394773923234545, "auc": 0.02005799162313915, "avg_time": 21.64908511621831, "benchmark": 0.6680418021585967, "distinct": -57, "entropy": 2.1231338784720073, "exp_cost": 10800, "f1-score": 0.9627413860464955, "falsepos": 0.029089560893159838, "fullscore": 0.7694036367985834, "index": 0.9005205566076384, "loss": 0.0005604392798155278, "meanscore": 0.9619927166889014, "n_docs": 660, "non_null": 0.0062846294278812165, "prediction_time": 151.87761241749368, "recall": 0.8391532515227518, "size": 8786, "time": 6.77847479252237, "weighted_avg": 2.013969862518263}, "classifier": {"accuracy": 0.9251528136156392, "avg_time": 0.327462768504431, "benchmark": -0.16982046015543542, "distinct": 205, "entropy": 1.5566374149686066, "errors": 153, "exp_cost": 4504884, "f1-score": 0.26164712776392485, "falsepos": 0.33982321779721025, "fullscore": 0.8156520179206896, "index": 0.7546884412207113, "loss": 0.013628956766744471, "meanscore": 0.9880379622010581, "n_docs": 6355, "prediction_time": 13.918828274521196, "size": 64926, "time": 1.7224634570000197, "weighted_avg": 0.5437998868232244}, "model": {"accuracy": 0.5226565061481421, "auc": 0.9973592348962917, "benchmark": 0.22097301209345083, "distinct": -14, "entropy": 0.5492505592117176, "errors": 107, "f1-score": 0.1762597414901943, "fullscore": 0.9953985346848373, "index": 4.670590662600958, "loss": 0.063503276608734, "meanscore": 0.9499671473267611, "n_docs": 331088, "prediction_time": 19.88011618797956, "size": 182851, "time": 1.5406719633715402, "weighted_avg": -0.2914791932029987}, "train": {"accuracy": 0.9920395044117152, "avg_time": 6.8890221758332, "benchmark": 2.8515091832442283, "distinct": 101, "entropy": -0.14913843598773635, "errors": 53, "exp_cost": 78300, "f1-score": 0.9601246840418439, "falsepos": 0.9879788475852285, "fullscore": 0.4826558388969202, "index": 0.5057813132129149, "loss": 0.005006835677767496, "meanscore": 0.5408486450860132, "n_docs": 21, "non_null": 0.42771425744241875, "precision": 0.9796594046865797, "prediction_time": 5.7201218821446345, "recall": 0.7035700572267526, "size": 166227, "weighted_avg": 3.018201485517034}, "train_full": {"accuracy": 0.999516785008139, "auc": 0.9896012390329628, "avg_time": 5.028205321937753, "benchmark": -1.2535838413898164, "distinct": 3, "entropy": 0.2257149952199116, "exp_cost": 13219, "f1-score": 0.045253453928612186, "falsepos": 0.11443333952598678, "fullscore": 0.044447378495211964, "index": 7.671564564149723, "meanscore": 0.8446703446787057, "n_docs": 17915, "non_null": 0.7579571131755305, "precision": 0.9041497144732176, "prediction_time": 5.5568952722688865, "size": 662590, "time": 4.1517593163412165, "weighted_avg": 1.2905699486203344}}