{"branch": {"accuracy": 0.9975724518621459, "distinct": 200, "entropy": 2.858322530021446, "errors": 37, "exp_cost": 13992193, "f1-score": 0.9870711161923874, "falsepos": 0.14281642500091296, "fullscore": 0.9887511447133157, "index": 13.368595978819641, "loss": 0.2932609419599318, "meanscore": 0.9917128017192054, "n_docs": 9877, "precision": 0.99682222286861, "prediction_time": 12.549613420625697, "recall": 0.9048720946023531, "time": 23.926614232679192}, "brand": {"accuracy": 0.9793244552009845, "auc": 0.3737895940627206, "avg_time": 69.51778057033034, "benchmark": 1.7749526263115878, "distinct": 40, "entropy": 3.796351004093471, "exp_cost": 89774, "f1-score": 0.9983177534689494, "falsepos": 0.00015980380733238153, "fullscore": 0.9796765375959374, "index": 2.9804971536736495, "loss": 3.9065805379490115e-07, "meanscore": 0.9985232767674441, "n_docs": 9256, "non_null": 3.693369059809548e-05, "prediction_time": 797.1443516899973, "recall": 0.9882999084904053, "size": 224257, "time": 16.13298254475995, "weighted_avg": 3.6470071279651264}, "classifier": {"accuracy": 0.9930375580551274, "avg_time": 0.8130234071821371, "benchmark": 1.3009681307103942, "distinct": 314, "entropy": 2.8794942719413728, "errors": 319, "exp_cost": 121994556, "f1-score": 0.8196177621673465, "falsepos": 0.075730984696322, "fullscore": 0.9929927922146472, "index": 3.728747683834568, "loss": 0.00011987360092657884, "meanscore": 0.9994379810463827, "n_docs": 77937, "prediction_time": 63.40281099652764, "size": 1153479, "time": 8.333930325305046, "weighted_avg": 1.5423065725156009}, "model": {"accuracy": 0.9370868294534201, "auc": 0.9998130116429738, "benchmark": 1.8460487478877818, "distinct": 99, "entropy": 1.9119919837757968, "errors": 260, "f1-score": 0.7033918447324647, "fullscore": 0.9999796925176907, "index": 14.967447302887377, "loss": 0.0018249729989467944, "meanscore": 0.998350347976208, "n_docs": 17166570, "prediction_time": 93.2850685042695, "size": 5987178, "time": 5.223406724410773, "weighted_avg": 1.43818986000889}, "train": {"accuracy": 0.9998321251433567, "avg_time": 15.291043436303417, "benchmark": 4.0533162049030995, "distinct": 234, "entropy": 1.4633065729747932, "errors": 220, "exp_cost": 2608080, "f1-score": 0.99688518031753, "falsepos": 0.8362202447219035, "fullscore": 0.9473664893401383, "index": 1.6974864081194727, "loss": 5.692143870961175e-05, "meanscore": 0.9268621483778239, "n_docs": 410, "non_null": 0.03722085588576274, "precision": 0.9996057221319679, "prediction_time": 12.908168359282168, "recall": 0.9466451261368062, "size": 3624062, "weighted_avg": 4.230179670017836}, "train_full": {"accuracy": 0.9999972782715305, "auc": 0.9999735371081603, "avg_time": 22.311217748378724, "benchmark": 0.6900658619950221, "distinct": 128, "entropy": 1.7224853282050439, "exp_cost": 628955, "f1-score": 0.4384346690555077, "falsepos": 0.003000253757492466, "fullscore": 0.20730235772559696, "index": 32.418439267155115, "meanscore": 0.9801486860223073, "n_docs": 201396, "non_null": 0.2633348708011216, "precision": 0.9825066229147195, "prediction_time": 24.524969661459313, "size": 32883257, "time": 25.12594714651626, "weighted_avg": 2.7854622923902275}}