{"branch": {"accuracy": 0.9994640636805394, "distinct": 250, "entropy": 3.2272400820018374, "errors": 69, "exp_cost": 22323097, "f1-score": 0.9959084474707391, "falsepos": 0.0498973028170161, "fullscore": 0.9944719710655393, "index": 26.188468156420896, "loss": 0.20203435920735302, "meanscore": 0.9956754238557497, "n_docs": 26700, "precision": 0.9993668013037195, "prediction_time": 20.211615326805735, "recall": 0.9227257505807187, "time": 32.60711145094636}, "brand": {"accuracy": 0.9862499112638048, "auc": 0.5872175087974565, "avg_time": 128.6592787151202, "benchmark": 2.1804323838009703, "distinct": 85, "entropy": 4.213982615032228, "exp_cost": 182239, "f1-score": 0.999647626996527, "falsepos": 2.899089687991019e-05, "fullscore": 0.9934548636420637, "index": 4.825415774868216, "loss": 3.200927389812591e-08, "meanscore": 0.9992602879601503, "n_docs": 23558, "non_null": 3.398002748289386e-06, "prediction_time": 1247.0437766398181, "recall": 0.9966922213342583, "size": 713756, "time": 23.46489768206401, "weighted_avg": 4.25756165697395}, "classifier": {"accuracy": 0.9962789333075147, "avg_time": 1.1605463579802031, "benchmark": 1.7666481969710692, "distinct": 354, "entropy": 3.2885457050144034, "errors": 369, "exp_cost": 294905140, "f1-score": 0.9076186246676621, "falsepos": 0.058456209154709504, "fullscore": 0.9973573032037547, "index": 5.630649531496064, "loss": 1.2970840667203554e-05, "meanscore": 0.9997032560887273, "n_docs": 170033, "prediction_time": 91.76146967777699, "size": 2885802, "time": 18.652293121846977, "weighted_avg": 1.885378346418864}, "model": {"accuracy": 0.9791658560711101, "auc": 0.9999133835785406, "benchmark": 2.3486930340994148, "distinct": 136, "entropy": 2.3317401169814334, "errors": 309, "f1-score": 0.8494141269029561, "fullscore": 0.9999972474491907, "index": 20.66012889770609, "loss": 0.0003951891426936527, "meanscore": 0.9997025803909076, "n_docs": 32735375, "prediction_time": 139.64703697401995, "size": 20808948, "time": 7.592848475856769, "weighted_avg": 2.042109324642062}, "train": {"accuracy": 0.999991243720333, "avg_time": 19.93574355205165, "benchmark": 4.471113356281793, "distinct": 275, "entropy": 2.0241179491960093, "errors": 272, "exp_cost": 7989366, "f1-score": 0.9989972132272668, "falsepos": 0.7405880941528912, "fullscore": 0.9812225478275562, "index": 2.0905061991459957, "loss": 9.365623257928668e-06, "meanscore": 0.9614812238601841, "n_docs": 1512, "non_null": 0.012696334258578634, "precision": 0.9999428304977233, "prediction_time": 18.47681574218495, "recall": 0.9783918883284504, "size": 6962076, "weighted_avg": 4.872918501038298}, "train_full": {"accuracy": 0.9999992522090386, "auc": 0.9999959035238875, "avg_time": 33.32490191456517, "benchmark": 1.2975745972702066, "distinct": 164, "entropy": 2.0508517271219953, "exp_cost": 2370157, "f1-score": 0.5913753086064468, "falsepos": 0.0005931158347137755, "fullscore": 0.23545497788309488, "index": 50.4031797572403, "meanscore": 0.9899151310116404, "n_docs": 483602, "non_null": 0.15315690932022052, "precision": 0.9886451672760469, "prediction_time": 42.28901909092056, "size": 159980565, "time": 36.92727717647319, "weighted_avg": 3.2328708037238694}}