{"branch": {"accuracy": 0.8222045836541584, "distinct": 31, "entropy": 0.8767695741121979, "errors": -143, "exp_cost": 517179, "f1-score": 0.6764660708515718, "falsepos": 0.7332399291153898, "fullscore": 0.8283564187003472, "index": 2.8827606007910807, "loss": 0.7900554643933888, "meanscore": 0.7424121688750025, "n_docs": 89, "precision": 0.7395656320098104, "prediction_time": 1.215258128762741, "recall": 0.5236788396284596, "time": 3.001325482377107}, "brand": {"accuracy": 0.6292778674041002, "auc": 0.006342500790721295, "avg_time": 13.22275805202481, "benchmark": 0.30052177054739115, "distinct": -119, "entropy": 1.5238265699115792, "exp_cost": 4164, "f1-score": 0.9110077353788901, "falsepos": 0.12917162088136114, "fullscore": 0.5692616514645112, "index": 0.573809299361127, "loss": 0.002224287718517015, "meanscore": 0.9303176626129538, "n_docs": 261, "non_null": 0.02794584337215178, "prediction_time": 100.20124973493091, "recall": 0.6738354198128285, "size": 1816, "time": 4.714842165114095, "weighted_avg": 1.4654047124113534}, "classifier": {"accuracy": 0.8764694354395843, "avg_time": 0.2508810766247239, "benchmark": -0.6888793391913953, "distinct": 161, "entropy": 1.1342473933277744, "errors": 112, "exp_cost": 1095834, "f1-score": 0.12175446458194472, "falsepos": 0.4376385967642167, "fullscore": 0.5914671396647254, "index": 0.3681544122100595, "loss": 0.06745955315165242, "meanscore": 0.9700640123888691, "n_docs": 1040, "prediction_time": 6.950448121890926, "size": 21453, "time": 0.7687048964858372, "weighted_avg": 0.2885071949922866}, "model": {"accuracy": 0.34307890882511505, "auc": 0.9902999196577221, "benchmark": -0.42302239022120053, "distinct": -78, "entropy": -0.20635951814125514, "errors": 52, "f1-score": 0.06873477053178179, "fullscore": 0.982664103160076, "index": 3.076294776276338, "loss": 0.14825035974109946, "meanscore": 0.8857209496391945, "n_docs": 61927, "prediction_time": 12.140081478564952, "size": 34402, "time": 0.7731093738708349, "weighted_avg": -0.7983895017424772}, "train": {"accuracy": 0.9574549588864487, "avg_time": 4.0688680789760365, "benchmark": 2.500632129129916, "distinct": 50, "entropy": -0.7868670534961657, "errors": -16, "exp_cost": 18282, "f1-score": 0.9419555947908067, "falsepos": 0.997589139397453, "fullscore": 0.31326954859159284, "index": 0.3555426542465328, "loss": 0.022215512874687482, "meanscore": 0.4343458318196217, "n_docs": 5, "non_null": 0.5727861148723452, "precision": 0.9192590137659168, "prediction_time": 3.6535756144898297, "recall": 0.5897578380246641, "size": 40972, "weighted_avg": 2.203963109039876}, "train_full": {"accuracy": 0.9980152078359664, "auc": 0.9553995938726636, "avg_time": 2.5055287543392146, "benchmark": -1.6833779133687097, "distinct": -38, "entropy": -0.43973061265083513, "exp_cost": 3263, "f1-score": 0.014015547776056514, "falsepos": 0.2444856299998892, "fullscore": 0.009974749491983292, "index": 3.8075106582367804, "meanscore": 0.7708201542604621, "n_docs": 8521, "non_null": 0.8533981580970333, "precision": 0.8111412531432063, "prediction_time": 3.5901176488614848, "size": 91110, "time": 2.3588098429505324, "weighted_avg": 0.7960199854781139}}