{"branch": {"accuracy": 0.999999998242893, "distinct": 505, "entropy": 6.033385180888898, "errors": 284, "exp_cost": 2246582414, "f1-score": 0.9999999196853976, "falsepos": 4.784680893377136e-06, "fullscore": 0.9999943888054003, "index": 265.8371238395005, "loss": 0.0007112094453575191, "meanscore": 0.9999982730466499, "n_docs": 17313026, "precision": 0.9999999998921613, "prediction_time": 493.3045160916286, "recall": 0.9995348044595258, "time": 530.8862011322711}, "brand": {"accuracy": 0.999995288024731, "auc": 0.9998170619975673, "avg_time": 1264.0234833168263, "benchmark": 4.370372197429172, "distinct": 336, "entropy": 7.263784488561352, "exp_cost": 15192060, "f1-score": 0.9999999944313922, "falsepos": 4.6629367034256575e-15, "fullscore": 0.9999987194421384, "index": 57.39313237663716, "loss": 0.0, "meanscore": 0.9999999846320872, "n_docs": 2855267, "non_null": 7.971401316808624e-14, "prediction_time": 27089.92606225507, "recall": 0.999999767520586, "size": 614968525, "time": 194.64147536332626, "weighted_avg": 7.466970029581431}, "classifier": {"accuracy": 0.9999979249145469, "avg_time": 5.137081544144903, "benchmark": 4.129982269992382, "distinct": 552, "entropy": 5.683180326549759, "errors": 719, "exp_cost": 97765811767, "f1-score": 0.9999920598826002, "falsepos": 0.0005276880943094753, "fullscore": 0.9999999958144385, "index": 95.11581910334911, "loss": 1.4876988529977098e-14, "meanscore": 0.9999999920361711, "n_docs": 26845490, "prediction_time": 1072.2820576024017, "size": 851504077, "time": 542.7186934688726, "weighted_avg": 4.232566164600119}, "model": {"accuracy": 0.999999396951845, "auc": 0.9999998903000221, "benchmark": 5.500010963329959, "distinct": 375, "entropy": 4.982770661362279, "errors": 602, "f1-score": 0.9999435784487642, "fullscore": 0.9999999999999727, "index": 178.190563612307, "loss": 1.7112656847118046e-09, "meanscore": 0.9999999967876531, "n_docs": 21986110047, "prediction_time": 2076.308193577973, "size": 31862317842, "time": 75.84233692293071, "weighted_avg": 5.146935031589743}, "train": {"accuracy": 0.9999999999863597, "avg_time": 90.64394734682816, "benchmark": 6.97932105006781, "distinct": 551, "entropy": 5.1996325689196405, "errors": 615, "exp_cost": 2837931043, "f1-score": 0.9999995608251536, "falsepos": 0.035655551034596056, "fullscore": 0.9999998432842665, "index": 19.509005640075827, "loss": 1.2651102387906121e-11, "meanscore": 0.9999845590757158, "n_docs": 425672, "non_null": 1.3591578640337332e-08, "precision": 0.9999999999024525, "prediction_time": 131.18927905096618, "recall": 0.9999738072507245, "size": 7469795173, "weighted_avg": 7.760206476275149}, "train_full": {"accuracy": 0.9999999999996092, "auc": 0.9999999999999755, "avg_time": 550.2843468993393, "benchmark": 4.631799281623025, "distinct": 385, "entropy": 5.040110892953891, "exp_cost": 3556351191, "f1-score": 0.9960985949042055, "falsepos": 1.2293577267286082e-10, "fullscore": 0.847292085170178, "index": 738.628455825536, "meanscore": 0.9999987736373621, "n_docs": 42791223, "non_null": 4.181184119023129e-05, "precision": 0.9999651280997597, "prediction_time": 606.8468943531165, "size": 937530469026, "time": 981.0757091012389, "weighted_avg": 6.15095006314449}}