{"branch": {"accuracy": 0.9999760394597433, "distinct": 315, "entropy": 4.126987251264191, "errors": 118, "exp_cost": 142159970, "f1-score": 0.9996697343380908, "falsepos": 0.00745682479965426, "fullscore": 0.9991349181509014, "index": 49.29525339132986, "loss": 0.05158930672152984, "meanscore": 0.9991737392134781, "n_docs": 143032, "precision": 0.9999779309258804, "prediction_time": 53.471902377341706, "recall": 0.9763933020403397, "time": 76.69122214281535}, "brand": {"accuracy": 0.9982903477822231, "auc": 0.8817968142723688, "avg_time": 221.75017688174037, "benchmark": 2.664102657743924, "distinct": 152, "entropy": 5.150788146377954, "exp_cost": 694641, "f1-score": 0.9999727652082969, "falsepos": 1.45005133678211e-07, "fullscore": 0.9992866752358718, "index": 9.236709564692601, "loss": 1.8874246610067758e-10, "meanscore": 0.999950774456612, "n_docs": 70585, "non_null": 6.856932999177445e-08, "prediction_time": 3474.7332806594845, "recall": 0.999654959329997, "size": 6365149, "time": 41.334541685217765, "weighted_avg": 5.165021481475827}, "classifier": {"accuracy": 0.9994371155965778, "avg_time": 1.5600779727580276, "benchmark": 2.439075592298271, "distinct": 423, "entropy": 4.003137251329683, "errors": 462, "exp_cost": 1738366044, "f1-score": 0.9868565027359709, "falsepos": 0.02163639941345674, "fullscore": 0.999867957573219, "index": 13.405425999623914, "loss": 8.741328394457071e-08, "meanscore": 0.9999799856919429, "n_docs": 782752, "prediction_time": 189.97733902670578, "size": 14118583, "time": 54.731099735939836, "weighted_avg": 2.7408463072339555}, "model": {"accuracy": 0.9987506137648873, "auc": 0.9999782478954434, "benchmark": 3.320583016227245, "distinct": 204, "entropy": 3.174242970843773, "errors": 398, "f1-score": 0.9784270177998711, "fullscore": 0.9999999526894465, "index": 45.29019450586588, "loss": 2.685121569168114e-05, "meanscore": 0.9999744080844586, "n_docs": 318385474, "prediction_time": 329.5649090841297, "size": 161722921, "time": 16.873895661124322, "weighted_avg": 2.935676044667708}, "train": {"accuracy": 0.9999993723176149, "avg_time": 31.422203993531355, "benchmark": 5.088296692269618, "distinct": 362, "entropy": 2.8373934634912823, "errors": 369, "exp_cost": 40642838, "f1-score": 0.9997668760923653, "falsepos": 0.4379078621648306, "fullscore": 0.9987182386599832, "index": 4.23933888786738, "loss": 2.9181622318574796e-07, "meanscore": 0.9942769471484593, "n_docs": 9497, "non_null": 0.0012601206686959632, "precision": 0.9999970433900107, "prediction_time": 34.765376384402096, "recall": 0.9958629990484735, "size": 62127703, "weighted_avg": 5.781636096448886}, "train_full": {"accuracy": 0.9999999808866363, "auc": 0.9999999649688103, "avg_time": 81.63734591116781, "benchmark": 2.1893634005418825, "distinct": 234, "entropy": 2.9686293777131696, "exp_cost": 15575246, "f1-score": 0.8387595433792032, "falsepos": 4.570464980691025e-05, "fullscore": 0.4602087351424123, "index": 113.89925277949541, "meanscore": 0.9987436675828842, "n_docs": 1573959, "non_null": 0.036059005904671704, "precision": 0.9969745290577217, "prediction_time": 82.7351650322294, "size": 2750043686, "time": 103.219164058083, "weighted_avg": 4.058144197327705}}