{"branch": {"accuracy": 0.9914066486209404, "distinct": 186, "entropy": 2.3576376879778227, "errors": -3, "exp_cost": 6231419, "f1-score": 0.9725782193574788, "falsepos": 0.19582296701137003, "fullscore": 0.9827820165158434, "index": 8.84527337985555, "loss": 0.3023748217129263, "meanscore": 0.9818805550708151, "n_docs": 4764, "precision": 0.9906207698140388, "prediction_time": 8.526837838359606, "recall": 0.8347582434749873, "time": 13.560902553115907}, "brand": {"accuracy": 0.9546346947798666, "auc": 0.24571164665153988, "avg_time": 54.81111799833399, "benchmark": 1.5906366662192026, "distinct": 16, "entropy": 3.245358003514807, "exp_cost": 50942, "f1-score": 0.9963061454167224, "falsepos": 0.0008351209731431997, "fullscore": 0.9359185684135888, "index": 2.498424419895228, "loss": 3.539489686565922e-06, "meanscore": 0.9948612938857242, "n_docs": 5956, "non_null": 0.00015330815772451878, "prediction_time": 467.5076427833695, "recall": 0.9665336448298276, "size": 87521, "time": 12.187121986691855, "weighted_avg": 3.26605073199348}, "classifier": {"accuracy": 0.9864588644505112, "avg_time": 0.696563182525276, "benchmark": 0.8476139481913797, "distinct": 278, "entropy": 2.5291387127903806, "errors": 287, "exp_cost": 42657891, "f1-score": 0.6638508759414911, "falsepos": 0.12433220357000063, "fullscore": 0.977960669867957, "index": 2.3155166840999377, "loss": 0.00043972552757720607, "meanscore": 0.9982846886517996, "n_docs": 29553, "prediction_time": 42.566913637036905, "size": 695721, "time": 5.838059459530756, "weighted_avg": 1.3428936083181753}, "model": {"accuracy": 0.8956634544225536, "auc": 0.999456614463293, "benchmark": 1.4517324102356077, "distinct": 65, "entropy": 1.5904023793579674, "errors": 220, "f1-score": 0.5252671871171473, "fullscore": 0.999882377678939, "index": 10.076834023391195, "loss": 0.006213091761784195, "meanscore": 0.9946494016574021, "n_docs": 5099272, "prediction_time": 67.43862119003188, "size": 3556347, "time": 3.607179814740127, "weighted_avg": 1.0818380516774844}, "train": {"accuracy": 0.9995905659021025, "avg_time": 12.08717554455335, "benchmark": 3.7990356583021616, "distinct": 200, "entropy": 1.0045391878234275, "errors": 171, "exp_cost": 878830, "f1-score": 0.9943304039667917, "falsepos": 0.8792934290393477, "fullscore": 0.875697276120498, "index": 1.3485890143751718, "loss": 0.0002179529629448007, "meanscore": 0.8347524336497967, "n_docs": 243, "non_null": 0.08743115704941284, "precision": 0.9979360384870217, "prediction_time": 11.200486376117007, "recall": 0.9174206729324448, "size": 1852892, "weighted_avg": 4.165634799890335}, "train_full": {"accuracy": 0.9999882721101858, "auc": 0.9998435276609283, "avg_time": 13.869903568166214, "benchmark": 0.3493428448956002, "distinct": 98, "entropy": 1.3281864559869039, "exp_cost": 194285, "f1-score": 0.2269093836549304, "falsepos": 0.008795981431951594, "fullscore": 0.12231537049158298, "index": 18.543814028595037, "meanscore": 0.9682745647230713, "n_docs": 135584, "non_null": 0.3305898230029465, "precision": 0.960115981923833, "prediction_time": 17.539303407561636, "size": 10686431, "time": 14.664864358337821, "weighted_avg": 2.30309356512811}}