{"branch": {"accuracy": 0.9762294894704058, "distinct": 117, "entropy": 2.014718917709408, "errors": -39, "exp_cost": 5868281, "f1-score": 0.9244833184547134, "falsepos": 0.3404431328016152, "fullscore": 0.9600845682672723, "index": 7.302852051401814, "loss": 0.5607168049872306, "meanscore": 0.9358080275686116, "n_docs": 1383, "precision": 0.9676763595926369, "prediction_time": 4.713843398892094, "recall": 0.7915723058120998, "time": 10.918980268916384}, "brand": {"accuracy": 0.914906681478189, "auc": 0.09618615645737039, "avg_time": 43.13449824844335, "benchmark": 1.0876678942554765, "distinct": -32, "entropy": 2.836527489069191, "exp_cost": 22049, "f1-score": 0.9889230829624706, "falsepos": 0.004967462569775094, "fullscore": 0.9122677805553496, "index": 1.7127980900636341, "loss": 7.181976943892998e-05, "meanscore": 0.986582830217284, "n_docs": 2025, "non_null": 0.0006032600664169774, "prediction_time": 308.5521345617767, "recall": 0.9384229777693951, "size": 26452, "time": 9.982226005375894, "weighted_avg": 2.7773602651156106}, "classifier": {"accuracy": 0.9662932586883669, "avg_time": 0.5523155871563871, "benchmark": 0.5463860523407132, "distinct": 266, "entropy": 2.1533952444158175, "errors": 241, "exp_cost": 17157811, "f1-score": 0.5085239713698937, "falsepos": 0.2005622615141518, "fullscore": 0.9423106766495171, "index": 1.5787339431717766, "loss": 0.0024352949462715934, "meanscore": 0.9971209185722272, "n_docs": 16846, "prediction_time": 23.174792434043486, "size": 205648, "time": 3.2714768516025647, "weighted_avg": 1.185650936421547}, "model": {"accuracy": 0.7946985841277514, "auc": 0.9984994997793761, "benchmark": 0.9134475738219765, "distinct": 36, "entropy": 1.088728730823295, "errors": 152, "f1-score": 0.37518178522309464, "fullscore": 0.9991914732484328, "index": 8.340071343128056, "loss": 0.015996879338280534, "meanscore": 0.9874841719472055, "n_docs": 1518226, "prediction_time": 37.120216862489215, "size": 927310, "time": 2.6557544555698467, "weighted_avg": 0.5883090839203928}, "train": {"accuracy": 0.9987793850512015, "avg_time": 8.512401190562143, "benchmark": 3.358290251673504, "distinct": 156, "entropy": 0.5486468432286494, "errors": 114, "exp_cost": 408772, "f1-score": 0.9870601331490356, "falsepos": 0.9565893994733534, "fullscore": 0.7486231324399715, "index": 0.8510035391240448, "loss": 0.0008382100176898, "meanscore": 0.7758673032464605, "n_docs": 73, "non_null": 0.19169634734823637, "precision": 0.9965417072833505, "prediction_time": 8.369470808510302, "recall": 0.8634248937707591, "size": 589358, "weighted_avg": 3.495814653632789}, "train_full": {"accuracy": 0.999921247487461, "auc": 0.9987787620006912, "avg_time": 10.610890798920593, "benchmark": -0.3452600531000076, "distinct": 54, "entropy": 0.7460575741926279, "exp_cost": 93843, "f1-score": 0.15350877824286746, "falsepos": 0.036192029569081186, "fullscore": 0.07534258512702163, "index": 13.887940555434799, "meanscore": 0.926031212086369, "n_docs": 50898, "non_null": 0.5805883162263181, "precision": 0.9492169376536612, "prediction_time": 9.330577320728407, "size": 4453406, "time": 9.267414701209178, "weighted_avg": 1.9336094052413788}}