{"branch": {"accuracy": 0.9999969563072815, "distinct": 352, "entropy": 4.566146041049566, "errors": 159, "exp_cost": 217021986, "f1-score": 0.999931758404085, "falsepos": 0.0022990538989237086, "fullscore": 0.999468135571237, "index": 72.27879735748499, "loss": 0.028625519002470123, "meanscore": 0.9996428001086728, "n_docs": 522875, "precision": 0.9999979462508448, "prediction_time": 98.27731454098938, "recall": 0.9914028348965389, "time": 124.58028499711499}, "brand": {"accuracy": 0.9991853127841699, "auc": 0.9570774911257823, "avg_time": 331.03031903473965, "benchmark": 3.195476795811742, "distinct": 193, "entropy": 5.684896633893754, "exp_cost": 1204929, "f1-score": 0.9999937097409258, "falsepos": 2.9706018755959462e-09, "fullscore": 0.9997507363189655, "index": 14.184715214722699, "loss": 2.017164213441447e-12, "meanscore": 0.9999853367862029, "n_docs": 199465, "non_null": 3.9181943245480966e-09, "prediction_time": 5294.296991186355, "recall": 0.9999158752111523, "size": 19505748, "time": 57.96158837464644, "weighted_avg": 5.641331107129359}, "classifier": {"accuracy": 0.9998299118780825, "avg_time": 2.199957388589338, "benchmark": 2.9256519739485225, "distinct": 463, "entropy": 4.347769220415107, "errors": 528, "exp_cost": 5389757804, "f1-score": 0.9970775972191983, "falsepos": 0.0066426120642850695, "fullscore": 0.9999706140101292, "index": 22.47425095977682, "loss": 3.060416919886677e-09, "meanscore": 0.9999944865115633, "n_docs": 1506880, "prediction_time": 333.5178043295181, "size": 39945116, "time": 78.83567035449467, "weighted_avg": 3.036075604218482}, "model": {"accuracy": 0.9995201741293097, "auc": 0.9999961085069585, "benchmark": 3.891154088353964, "distinct": 250, "entropy": 3.581437174916393, "errors": 443, "f1-score": 0.9928081924052983, "fullscore": 0.9999999989617423, "index": 59.649214277153455, "loss": 3.0331674033545752e-06, "meanscore": 0.9999980159242896, "n_docs": 741869389, "prediction_time": 490.5393078680954, "size": 680462380, "time": 24.525080489065036, "weighted_avg": 3.3512519995344072}, "train": {"accuracy": 0.9999999457094283, "avg_time": 43.62334638785739, "benchmark": 5.62227021621668, "distinct": 404, "entropy": 3.5379219820867354, "errors": 433, "exp_cost": 127016607, "f1-score": 0.9999718185592106, "falsepos": 0.30159932296813596, "fullscore": 0.9997619426167079, "index": 5.086684813859813, "loss": 1.5567897415635912e-08, "meanscore": 0.9985171058789679, "n_docs": 20206, "non_null": 0.00010737553960904478, "precision": 0.9999996699147837, "prediction_time": 42.679289481283334, "recall": 0.9982661406554529, "size": 191934804, "weighted_avg": 6.080143493701623}, "train_full": {"accuracy": 0.9999999990013163, "auc": 0.9999999981986025, "avg_time": 136.0610953501983, "benchmark": 2.6135839721888328, "distinct": 254, "entropy": 3.3383181237117157, "exp_cost": 64253154, "f1-score": 0.9421158690075314, "falsepos": 2.7844211957228637e-06, "fullscore": 0.5204298574553458, "index": 157.95926813947258, "meanscore": 0.9997240047848238, "n_docs": 3208199, "non_null": 0.010175795080366923, "precision": 0.9987621432957935, "prediction_time": 117.69620365303908, "size": 7929038463, "time": 194.25827756394648, "weighted_avg": 4.641274042614432}}