{"branch": {"accuracy": 0.9999613448731773, "distinct": 299, "entropy": 3.9800689697272973, "errors": 109, "exp_cost": 96637746, "f1-score": 0.9993497266186883, "falsepos": 0.00905901413746868, "fullscore": 0.9987165964284177, "index": 49.80018760879147, "loss": 0.06155764180288392, "meanscore": 0.9983770658094994, "n_docs": 125519, "precision": 0.9999659190104976, "prediction_time": 49.364048914752516, "recall": 0.9726203059870864, "time": 80.45878837093585}, "brand": {"accuracy": 0.9971009537047555, "auc": 0.8499001022459779, "avg_time": 194.73013428889976, "benchmark": 2.6490345155593227, "distinct": 144, "entropy": 4.834869199501286, "exp_cost": 669827, "f1-score": 0.999940947398946, "falsepos": 4.5231010759039236e-07, "fullscore": 0.9986707787223393, "index": 8.20330933559062, "loss": 3.540754356379239e-10, "meanscore": 0.9998920326868667, "n_docs": 59526, "non_null": 1.9145820950861037e-07, "prediction_time": 2651.8544122638627, "recall": 0.9995833436089597, "size": 4550478, "time": 37.21635419006764, "weighted_avg": 5.042878835816023}, "classifier": {"accuracy": 0.9992525071837013, "avg_time": 1.60875495367734, "benchmark": 2.455446533581721, "distinct": 408, "entropy": 3.8998359271882044, "errors": 445, "exp_cost": 1782370032, "f1-score": 0.9815423786676507, "falsepos": 0.018682391647109053, "fullscore": 0.9998305353788494, "index": 12.67800500689038, "loss": 2.890063667271292e-07, "meanscore": 0.9999336396685751, "n_docs": 538183, "prediction_time": 179.27713353599475, "size": 11611805, "time": 39.74537414325471, "weighted_avg": 2.5407712841777226}, "model": {"accuracy": 0.9979459039992664, "auc": 0.9999775747876413, "benchmark": 3.1945245286896338, "distinct": 197, "entropy": 3.0456891899834577, "errors": 379, "f1-score": 0.9633371169115773, "fullscore": 0.9999999542015139, "index": 37.07235805483074, "loss": 3.5855053913014245e-05, "meanscore": 0.9999685823338567, "n_docs": 263050346, "prediction_time": 284.281981013911, "size": 126982799, "time": 16.5689897100401, "weighted_avg": 2.81753354475465}, "train": {"accuracy": 0.9999995282967339, "avg_time": 29.354427378328435, "benchmark": 4.951405928475384, "distinct": 340, "entropy": 2.828826050624388, "errors": 361, "exp_cost": 37036160, "f1-score": 0.9998117895787751, "falsepos": 0.5294734232701217, "fullscore": 0.9980795283369633, "index": 3.59785322954065, "loss": 3.627972166020399e-07, "meanscore": 0.9909806955575254, "n_docs": 5312, "non_null": 0.001863368366350704, "precision": 0.9999962326519845, "prediction_time": 29.277072833291573, "recall": 0.9945737588367727, "size": 46870153, "weighted_avg": 5.671396104491231}, "train_full": {"accuracy": 0.999999930079085, "auc": 0.9999999321156662, "avg_time": 72.33957432175569, "benchmark": 1.8281527786794318, "distinct": 216, "entropy": 2.7173182147483232, "exp_cost": 11627268, "f1-score": 0.8346593816362796, "falsepos": 6.814318153403054e-05, "fullscore": 0.37802780468468905, "index": 94.63295820536386, "meanscore": 0.9981479810625452, "n_docs": 1374482, "non_null": 0.04903079102491115, "precision": 0.9965831766477163, "prediction_time": 81.71408525375874, "size": 1259633963, "time": 100.24965249335409, "weighted_avg": 4.014251241019767}}