{"branch": {"accuracy": 0.9999999991548109, "distinct": 520, "entropy": 6.125850775350785, "errors": 295, "exp_cost": 2422470733, "f1-score": 0.9999999786801366, "falsepos": 1.3080222835970545e-06, "fullscore": 0.9999960361628071, "index": 336.25464403941294, "loss": 0.00041989534115427496, "meanscore": 0.9999990147303099, "n_docs": 22212153, "precision": 0.9999999999772039, "prediction_time": 656.6753572779517, "recall": 0.9996930524466585, "time": 617.2647631065737}, "brand": {"accuracy": 0.9999965642088202, "auc": 0.9998968344766215, "avg_time": 1430.3335339638832, "benchmark": 4.647148444453154, "distinct": 349, "entropy": 7.601943930854887, "exp_cost": 18936322, "f1-score": 0.9999999984250277, "falsepos": 2.3314683517128287e-15, "fullscore": 0.9999996740386495, "index": 62.84394708540972, "loss": 0.0, "meanscore": 0.9999999871117624, "n_docs": 4845294, "non_null": 4.1300296516055823e-14, "prediction_time": 33921.99289883868, "recall": 0.9999998286222676, "size": 865599147, "time": 206.36362719796372, "weighted_avg": 7.593005531363194}, "classifier": {"accuracy": 0.9999990974322671, "avg_time": 5.906370010418893, "benchmark": 4.245083769700638, "distinct": 575, "entropy": 5.803714585924433, "errors": 723, "exp_cost": 139944271469, "f1-score": 0.9999963560044055, "falsepos": 0.0003657552734548375, "fullscore": 0.9999999991981262, "index": 109.58902451349927, "loss": 1.887379141862766e-15, "meanscore": 0.9999999970466898, "n_docs": 30289584, "prediction_time": 1207.3300650066278, "size": 1597731228, "time": 749.5517983895745, "weighted_avg": 4.2384060871113975}, "model": {"accuracy": 0.9999998450817073, "auc": 0.9999999401197901, "benchmark": 5.631372485515923, "distinct": 390, "entropy": 5.203404987878236, "errors": 622, "f1-score": 0.9999708292142071, "fullscore": 0.9999999999999943, "index": 215.8664684580467, "loss": 1.0241300030244815e-09, "meanscore": 0.9999999972671578, "n_docs": 27988313666, "prediction_time": 2381.903280659493, "size": 48517792803, "time": 81.211810963219, "weighted_avg": 5.366316636633975}, "train": {"accuracy": 0.9999999999920133, "avg_time": 95.16798853082892, "benchmark": 7.029982455011211, "distinct": 581, "entropy": 5.342041279338938, "errors": 640, "exp_cost": 3080154136, "f1-score": 0.9999998543321542, "falsepos": 0.026717034560104436, "fullscore": 0.9999999514969522, "index": 21.39922743566838, "loss": 6.427192111857494e-12, "meanscore": 0.9999891067636152, "n_docs": 685263, "non_null": 5.201868047421954e-09, "precision": 0.999999999945276, "prediction_time": 144.25501600570473, "recall": 0.9999831217402328, "size": 13359906889, "weighted_avg": 7.925946494445167}, "train_full": {"accuracy": 0.9999999999999275, "auc": 0.9999999999999898, "avg_time": 702.5183433031592, "benchmark": 4.682190679607991, "distinct": 406, "entropy": 5.11481553332052, "exp_cost": 4984533387, "f1-score": 0.9973804168109666, "falsepos": 6.417355535859315e-11, "fullscore": 0.8500025845177334, "index": 741.897549112495, "meanscore": 0.9999994992150304, "n_docs": 66077821, "non_null": 1.8563536756555088e-05, "precision": 0.9999684989445796, "prediction_time": 741.1834592375739, "size": 1391407611999, "time": 1129.5977904825777, "weighted_avg": 6.246969371642752}}