{"branch": {"accuracy": 0.8612324986952722, "distinct": 49, "entropy": 1.07130685715437, "errors": -104, "exp_cost": 1504572, "f1-score": 0.7551412484866612, "falsepos": 0.7134746408108615, "fullscore": 0.8722223259317057, "index": 2.9176732261023015, "loss": 0.7305065064340972, "meanscore": 0.826427031153977, "n_docs": 147, "precision": 0.8157479932567896, "prediction_time": 1.7474869875954728, "recall": 0.6179485541257855, "time": 3.599255365971489}, "brand": {"accuracy": 0.7519322967087605, "auc": 0.008955960498135407, "avg_time": 19.396607718813964, "benchmark": 0.5298190818546493, "distinct": -76, "entropy": 1.7344818215198676, "exp_cost": 6214, "f1-score": 0.9256531141813216, "falsepos": 0.08465265552517143, "fullscore": 0.6332287266244228, "index": 0.7338275783448467, "loss": 0.0027125884801667555, "meanscore": 0.9328362196215715, "n_docs": 510, "non_null": 0.013350767757687843, "prediction_time": 108.13396506750065, "recall": 0.7437090325258023, "size": 3461, "time": 5.209470819667648, "weighted_avg": 1.705741619408273}, "classifier": {"accuracy": 0.8941904439504172, "avg_time": 0.3074598511409868, "benchmark": -0.30158142291416035, "distinct": 182, "entropy": 1.3210797938168675, "errors": 135, "exp_cost": 1905212, "f1-score": 0.1618572150249562, "falsepos": 0.33547248772271765, "fullscore": 0.7596916590609339, "index": 0.509822956517295, "loss": 0.030073646664157794, "meanscore": 0.9798212824567818, "n_docs": 3130, "prediction_time": 10.015786847536006, "size": 45170, "time": 0.9906481593502239, "weighted_avg": 0.5104070294644748}, "model": {"accuracy": 0.45727911042248054, "auc": 0.9949198883931037, "benchmark": -0.07843592818148121, "distinct": -48, "entropy": 0.3030272325321375, "errors": 61, "f1-score": 0.1085460943327588, "fullscore": 0.9841689638398293, "index": 3.832750228514209, "loss": 0.10889670924522199, "meanscore": 0.9155868808449314, "n_docs": 135484, "prediction_time": 16.497369290845263, "size": 129768, "time": 1.0379077706752615, "weighted_avg": -0.5608436840111213}, "train": {"accuracy": 0.9840863272103949, "avg_time": 5.8237248337652145, "benchmark": 2.523220014471062, "distinct": 80, "entropy": -0.4074465746748419, "errors": 14, "exp_cost": 47593, "f1-score": 0.9504769471745816, "falsepos": 0.9921246137962505, "fullscore": 0.37359260223930857, "index": 0.486011738186646, "loss": 0.011253186591375863, "meanscore": 0.513209924858435, "n_docs": 11, "non_null": 0.576588069495768, "precision": 0.9478582788247545, "prediction_time": 4.389832694445187, "recall": 0.617804257507633, "size": 90356, "weighted_avg": 2.7308190993979458}, "train_full": {"accuracy": 0.9992399120635371, "auc": 0.9804034756586707, "avg_time": 4.00856412838278, "benchmark": -1.2625944887745428, "distinct": -7, "entropy": -0.06271980280052261, "exp_cost": 7074, "f1-score": 0.03226349113059046, "falsepos": 0.21664347804684347, "fullscore": 0.0289441135303371, "index": 5.278436265298145, "meanscore": 0.8198992466952106, "n_docs": 14924, "non_null": 0.843563059347701, "precision": 0.8664318346931549, "prediction_time": 5.023540429284332, "size": 283653, "time": 3.4763183920817133, "weighted_avg": 1.0360815946336612}}