{"branch": {"accuracy": 0.999999986611046, "distinct": 464, "entropy": 5.605456560149624, "errors": 258, "exp_cost": 1616274971, "f1-score": 0.9999996616151823, "falsepos": 1.4601613391285184e-05, "fullscore": 0.9999795933037428, "index": 239.11367657700393, "loss": 0.0009731309891640727, "meanscore": 0.9999941240909465, "n_docs": 6107147, "precision": 0.999999998833073, "prediction_time": 335.2918369751686, "recall": 0.9987151016911344, "time": 375.62523464683846}, "brand": {"accuracy": 0.9999841273121056, "auc": 0.9989010254137581, "avg_time": 989.8187867518751, "benchmark": 4.257331212063968, "distinct": 298, "entropy": 6.900742877607672, "exp_cost": 6943209, "f1-score": 0.9999999698386921, "falsepos": 1.9917401061775308e-13, "fullscore": 0.9999973596962093, "index": 41.055573457478545, "loss": 0.0, "meanscore": 0.9999999272371957, "n_docs": 1442258, "non_null": 1.6361356713900932e-12, "prediction_time": 20651.980892659034, "recall": 0.9999992656015957, "size": 201972806, "time": 144.64119912942132, "weighted_avg": 7.086949986455937}, "classifier": {"accuracy": 0.9999937067998604, "avg_time": 4.967549106835759, "benchmark": 3.8997060011554496, "distinct": 533, "entropy": 5.373411536719309, "errors": 653, "exp_cost": 48685575900, "f1-score": 0.9999553559814505, "falsepos": 0.0013558966365305736, "fullscore": 0.9999999386290155, "index": 68.06674939111747, "loss": 2.5990321006474915e-13, "meanscore": 0.9999999644315675, "n_docs": 13777666, "prediction_time": 788.4777763959662, "size": 532912597, "time": 411.8968971837112, "weighted_avg": 3.9475991842486478}, "model": {"accuracy": 0.999998622956151, "auc": 0.999999803015844, "benchmark": 5.010342636704404, "distinct": 353, "entropy": 4.726252564551439, "errors": 573, "f1-score": 0.9997722132687287, "fullscore": 0.9999999999998443, "index": 151.24646583744973, "loss": 1.1574806224601275e-08, "meanscore": 0.9999999736885152, "n_docs": 6612325006, "prediction_time": 1515.7469921248255, "size": 19126779231, "time": 61.040355870686014, "weighted_avg": 4.795548692174514}, "train": {"accuracy": 0.9999999999155484, "avg_time": 78.65456650969772, "benchmark": 6.546233745748806, "distinct": 523, "entropy": 4.7680566531624455, "errors": 583, "exp_cost": 1523470416, "f1-score": 0.9999987810880768, "falsepos": 0.06606281614768794, "fullscore": 0.9999991450427581, "index": 13.65807186923212, "loss": 4.7173154271717976e-11, "meanscore": 0.9999180209260287, "n_docs": 248032, "non_null": 3.073095247163593e-07, "precision": 0.9999999994634984, "prediction_time": 108.4112405920874, "recall": 0.9999260009088549, "size": 2754073872, "weighted_avg": 7.349020923084686}, "train_full": {"accuracy": 0.9999999999990745, "auc": 0.9999999999985263, "avg_time": 430.49319583214833, "benchmark": 4.209020128269238, "distinct": 356, "entropy": 4.478083363157854, "exp_cost": 1473199980, "f1-score": 0.9916779939909894, "falsepos": 3.6267724379257515e-09, "fullscore": 0.7813738410493093, "index": 531.5439217023179, "meanscore": 0.9999964815129873, "n_docs": 20961232, "non_null": 0.0002844215087334234, "precision": 0.9998891869873525, "prediction_time": 476.15956239227165, "size": 251966929105, "time": 642.235068282271, "weighted_avg": 5.84259805039269}}