{"branch": {"accuracy": 0.9306763465129274, "distinct": 88, "entropy": 1.5438798454280402, "errors": -83, "exp_cost": 2613995, "f1-score": 0.8612426257521953, "falsepos": 0.5833500629977995, "fullscore": 0.903974234916359, "index": 4.231377963179828, "loss": 0.6910638398716646, "meanscore": 0.9026448018730093, "n_docs": 538, "precision": 0.9049325612144465, "prediction_time": 3.03431458213329, "recall": 0.6430665481205667, "time": 7.454159821442427}, "brand": {"accuracy": 0.8701675616228877, "auc": 0.033820025445554625, "avg_time": 24.721736500883193, "benchmark": 0.6298241065400829, "distinct": -48, "entropy": 2.3611640974086714, "exp_cost": 14294, "f1-score": 0.9730545980817513, "falsepos": 0.020272846322448856, "fullscore": 0.8197244490982893, "index": 0.98111086731948, "loss": 0.0003540618743758106, "meanscore": 0.9665422137918066, "n_docs": 725, "non_null": 0.003993725906404011, "prediction_time": 190.96269992376196, "recall": 0.8503070109878855, "size": 8153, "time": 6.919881083601533, "weighted_avg": 2.2535504918869935}, "classifier": {"accuracy": 0.9383943164022164, "avg_time": 0.39586656999646597, "benchmark": 0.07634575441930302, "distinct": 214, "entropy": 1.7549532874417308, "errors": 180, "exp_cost": 6812481, "f1-score": 0.33320995656094066, "falsepos": 0.31109311103661363, "fullscore": 0.836391788176001, "index": 1.0112278491620768, "loss": 0.010535472949920743, "meanscore": 0.9922256068742004, "n_docs": 7574, "prediction_time": 18.75227281067789, "size": 90759, "time": 1.8458781533734696, "weighted_avg": 0.69051030042295}, "model": {"accuracy": 0.5674686152180599, "auc": 0.9978666299876979, "benchmark": 0.48092251896079347, "distinct": -2, "entropy": 0.5767690918018409, "errors": 126, "f1-score": 0.19814515374894826, "fullscore": 0.9966032994964809, "index": 5.560633054011798, "loss": 0.04441946251106721, "meanscore": 0.9660922535625267, "n_docs": 638042, "prediction_time": 24.189515113764067, "size": 243998, "time": 1.8869602861966903, "weighted_avg": -0.013998563569291439}, "train": {"accuracy": 0.9958966596423853, "avg_time": 6.561022297887081, "benchmark": 3.048170434822938, "distinct": 112, "entropy": -0.10541230795433365, "errors": 76, "exp_cost": 160091, "f1-score": 0.967313313674028, "falsepos": 0.9842992643911715, "fullscore": 0.567630929993014, "index": 0.5945384959999661, "loss": 0.0032715392526035947, "meanscore": 0.6268260052152765, "n_docs": 32, "non_null": 0.3515045001462237, "precision": 0.9844958573140038, "prediction_time": 5.952463708062155, "recall": 0.751374700843283, "size": 201176, "weighted_avg": 3.1777838383183847}, "train_full": {"accuracy": 0.9997676082097622, "auc": 0.9954342430309958, "avg_time": 5.796186054616215, "benchmark": -1.0496010938149025, "distinct": 12, "entropy": 0.4113905436765265, "exp_cost": 28580, "f1-score": 0.06899525154491482, "falsepos": 0.09286730169161639, "fullscore": 0.05264618418096123, "index": 9.415965989422412, "meanscore": 0.8712993787913486, "n_docs": 28297, "non_null": 0.7106752595790309, "precision": 0.9086788602538008, "prediction_time": 6.739231733233939, "size": 820272, "time": 5.491448979142138, "weighted_avg": 1.4219173881622886}}