{"branch": {"accuracy": 0.8809080486266457, "distinct": 56, "entropy": 1.2812073747182007, "errors": -115, "exp_cost": 1355818, "f1-score": 0.7851408821756718, "falsepos": 0.6956965739972063, "fullscore": 0.8560595101775456, "index": 2.84152469484379, "loss": 0.6871963188803896, "meanscore": 0.8475029873467023, "n_docs": 214, "precision": 0.8321837117475839, "prediction_time": 1.996130092120812, "recall": 0.5937767195573078, "time": 4.246748951545588}, "brand": {"accuracy": 0.7887888355738844, "auc": 0.01596070050648757, "avg_time": 19.883409327201004, "benchmark": 0.41266723319382115, "distinct": -85, "entropy": 1.8328395521433578, "exp_cost": 6070, "f1-score": 0.9476305686397795, "falsepos": 0.05779659826853889, "fullscore": 0.6837534704045622, "index": 0.7572206253491928, "loss": 0.00178856121390647, "meanscore": 0.9431924442668069, "n_docs": 489, "non_null": 0.013729527969018385, "prediction_time": 115.88088248983286, "recall": 0.7761460224977357, "size": 3883, "time": 5.382000151512428, "weighted_avg": 1.916653043546008}, "classifier": {"accuracy": 0.9069224422165116, "avg_time": 0.32146317027493754, "benchmark": -0.40228138331995955, "distinct": 200, "entropy": 1.4147422268130252, "errors": 142, "exp_cost": 2290505, "f1-score": 0.195988638898571, "falsepos": 0.31129137683706654, "fullscore": 0.7881426777193924, "index": 0.5836019405049617, "loss": 0.03171317821970043, "meanscore": 0.974448663159429, "n_docs": 3248, "prediction_time": 12.437491459626449, "size": 54809, "time": 1.090268937125357, "weighted_avg": 0.5024150857395862}, "model": {"accuracy": 0.45525014260706803, "auc": 0.9955869956546406, "benchmark": 0.09622526543931981, "distinct": -34, "entropy": 0.3216872168888429, "errors": 69, "f1-score": 0.10376235285065205, "fullscore": 0.9872424639129916, "index": 3.9147794245014866, "loss": 0.09418445011680376, "meanscore": 0.9253375707861635, "n_docs": 238608, "prediction_time": 18.44677711102237, "size": 143185, "time": 1.2402166371889796, "weighted_avg": -0.4541058771433017}, "train": {"accuracy": 0.9812151640681492, "avg_time": 5.650875635468315, "benchmark": 2.627531297170783, "distinct": 81, "entropy": -0.27476688795509147, "errors": 24, "exp_cost": 61412, "f1-score": 0.96307514776919, "falsepos": 0.9915363443472183, "fullscore": 0.4273632049468718, "index": 0.4490145289209005, "loss": 0.009945088898071108, "meanscore": 0.48999477473155517, "n_docs": 11, "non_null": 0.5128353760892828, "precision": 0.9493764025492231, "prediction_time": 4.588556866841475, "recall": 0.6673956495011931, "size": 117138, "weighted_avg": 2.6791946027386784}, "train_full": {"accuracy": 0.9995398430100858, "auc": 0.9867931136461393, "avg_time": 4.351584065676048, "benchmark": -1.3509966902866644, "distinct": -3, "entropy": 0.0639506199261948, "exp_cost": 8954, "f1-score": 0.02542298315272795, "falsepos": 0.19220569902303808, "fullscore": 0.031302518575962224, "index": 5.477045680210576, "meanscore": 0.7920722490863309, "n_docs": 19539, "non_null": 0.8123339641822311, "precision": 0.8634199537157461, "prediction_time": 5.5219588027712065, "size": 319634, "time": 4.144552684679286, "weighted_avg": 1.1173574605847636}}