{"branch": {"accuracy": 0.9701767626616662, "distinct": 115, "entropy": 2.016404541070301, "errors": -48, "exp_cost": 5636459, "f1-score": 0.9229013938481495, "falsepos": 0.3791909785235359, "fullscore": 0.9466888011600296, "index": 7.406797254647978, "loss": 0.5170324195096423, "meanscore": 0.930601702041735, "n_docs": 987, "precision": 0.9603347250426121, "prediction_time": 4.191453271609893, "recall": 0.7307415904905055, "time": 10.912419624427125}, "brand": {"accuracy": 0.904733260742691, "auc": 0.08758358512121095, "avg_time": 34.8553005300964, "benchmark": 1.150821601726336, "distinct": -27, "entropy": 2.7201296265063997, "exp_cost": 22525, "f1-score": 0.9868472334460432, "falsepos": 0.00814397414322987, "fullscore": 0.8879918990707698, "index": 1.382713376234171, "loss": 0.00010466673678377614, "meanscore": 0.9830389525919259, "n_docs": 2199, "non_null": 0.0011149208044052283, "prediction_time": 289.3074915734986, "recall": 0.9116097531304803, "size": 28118, "time": 9.470851143650137, "weighted_avg": 2.7833765933144754}, "classifier": {"accuracy": 0.963180561157092, "avg_time": 0.48625694131714015, "benchmark": 0.3927164073388182, "distinct": 256, "entropy": 2.135571461963175, "errors": 243, "exp_cost": 14044539, "f1-score": 0.5066572685131905, "falsepos": 0.18022915715511656, "fullscore": 0.9306896665863088, "index": 1.3372157146569386, "loss": 0.004064051010263414, "meanscore": 0.995240004291432, "n_docs": 16254, "prediction_time": 19.69822677653355, "size": 177030, "time": 2.6665484592277267, "weighted_avg": 1.1245012285133447}, "model": {"accuracy": 0.7883338119750227, "auc": 0.9982408651086827, "benchmark": 0.8287204800028749, "distinct": 24, "entropy": 1.0211906041564855, "errors": 159, "f1-score": 0.3046457218165459, "fullscore": 0.9989457848724742, "index": 7.713712287644815, "loss": 0.021426552513468144, "meanscore": 0.9850518758640259, "n_docs": 1660843, "prediction_time": 33.19472916004164, "size": 684416, "time": 2.3789536851638817, "weighted_avg": 0.43759630780475517}, "train": {"accuracy": 0.9987132724602322, "avg_time": 8.685335927546848, "benchmark": 3.232036456778604, "distinct": 151, "entropy": 0.43095707058994565, "errors": 101, "exp_cost": 280857, "f1-score": 0.9809474464053768, "falsepos": 0.9621393051993026, "fullscore": 0.715092274567336, "index": 0.843439516175741, "loss": 0.00120066471380742, "meanscore": 0.7502983449477195, "n_docs": 63, "non_null": 0.23763792149061658, "precision": 0.9953319168979623, "prediction_time": 8.162343969907413, "recall": 0.846361535302702, "size": 524915, "weighted_avg": 3.52622625353247}, "train_full": {"accuracy": 0.9999262940555311, "auc": 0.9980198404063001, "avg_time": 9.657374465720105, "benchmark": -0.5288371111728442, "distinct": 47, "entropy": 0.6103834288334545, "exp_cost": 64217, "f1-score": 0.11062754319304546, "falsepos": 0.04834105543901934, "fullscore": 0.06365111541130763, "index": 12.994317636512145, "meanscore": 0.9056367935034253, "n_docs": 39468, "non_null": 0.623567221499227, "precision": 0.9336050042332591, "prediction_time": 10.001535587071304, "size": 4490479, "time": 8.238104351327053, "weighted_avg": 1.8324384151228352}}