{"branch": {"accuracy": 0.9999628515362983, "distinct": 295, "entropy": 3.9991433706292576, "errors": 105, "exp_cost": 94860397, "f1-score": 0.9993777251274232, "falsepos": 0.008970839367727024, "fullscore": 0.9987348132181737, "index": 51.05555242666376, "loss": 0.06309253476362764, "meanscore": 0.9984522110638405, "n_docs": 112035, "precision": 0.9999666577273246, "prediction_time": 49.17294718418915, "recall": 0.972454159712572, "time": 80.66128702998516}, "brand": {"accuracy": 0.9969786419770755, "auc": 0.8575982584896689, "avg_time": 197.8773640845307, "benchmark": 2.6960785252090678, "distinct": 146, "entropy": 4.8377176287943655, "exp_cost": 698143, "f1-score": 0.9999437990266221, "falsepos": 4.432199036674689e-07, "fullscore": 0.9986983715625037, "index": 8.32421505281831, "loss": 3.3988856174005377e-10, "meanscore": 0.9999003594620719, "n_docs": 61059, "non_null": 1.8255194011995712e-07, "prediction_time": 2651.200060270786, "recall": 0.9995878151545107, "size": 4683066, "time": 38.16147817031017, "weighted_avg": 5.038345341228167}, "classifier": {"accuracy": 0.9992644601414113, "avg_time": 1.6274400948559211, "benchmark": 2.465838467505187, "distinct": 408, "entropy": 3.9509647982429694, "errors": 447, "exp_cost": 1771346450, "f1-score": 0.9810440230438477, "falsepos": 0.01847249629335035, "fullscore": 0.9998420637145281, "index": 13.163299080860481, "loss": 2.755678613075574e-07, "meanscore": 0.9999377095625961, "n_docs": 526992, "prediction_time": 178.894213974842, "size": 11917193, "time": 39.65231291193498, "weighted_avg": 2.579548051366813}, "model": {"accuracy": 0.997891523092956, "auc": 0.9999778184714198, "benchmark": 3.180245377628189, "distinct": 198, "entropy": 3.0576728113922695, "errors": 379, "f1-score": 0.9655752800901155, "fullscore": 0.9999999560710519, "index": 36.03465225406492, "loss": 3.3940516304342694e-05, "meanscore": 0.9999678480169651, "n_docs": 260857093, "prediction_time": 290.26588735055634, "size": 115757256, "time": 16.54899408123824, "weighted_avg": 2.8516139396746176}, "train": {"accuracy": 0.9999995481392169, "avg_time": 28.280128818020277, "benchmark": 4.96477104443052, "distinct": 338, "entropy": 2.8262342237027993, "errors": 363, "exp_cost": 35268776, "f1-score": 0.9998172434630535, "falsepos": 0.5223747079680381, "fullscore": 0.9979920670334228, "index": 3.599267434483967, "loss": 3.6538654912821045e-07, "meanscore": 0.9910753088633512, "n_docs": 5243, "non_null": 0.0016808573186720688, "precision": 0.9999956945805754, "prediction_time": 29.071757886122406, "recall": 0.9948484673832216, "size": 46891675, "weighted_avg": 5.666621979026379}, "train_full": {"accuracy": 0.9999999266190671, "auc": 0.99999993747658, "avg_time": 72.70344328823805, "benchmark": 1.8260540695155805, "distinct": 217, "entropy": 2.784775286969368, "exp_cost": 12312622, "f1-score": 0.839662388961791, "falsepos": 6.484437173059909e-05, "fullscore": 0.3861490458246295, "index": 96.82257861893999, "meanscore": 0.9979856621899014, "n_docs": 1441032, "non_null": 0.04635313964806442, "precision": 0.9968256754731214, "prediction_time": 80.89611260652038, "size": 1252121300, "time": 100.4895818320368, "weighted_avg": 4.020695849581442}}