{"branch": {"accuracy": 0.9874565975717237, "distinct": 152, "entropy": 2.1618001444056505, "errors": -25, "exp_cost": 5968706, "f1-score": 0.9577021662105161, "falsepos": 0.26993764942149223, "fullscore": 0.9624396144833384, "index": 8.812938465647633, "loss": 0.3841259833267108, "meanscore": 0.9725355436003459, "n_docs": 3121, "precision": 0.9833424666109302, "prediction_time": 6.9922536114695335, "recall": 0.7929921815488802, "time": 12.520069356191886}, "brand": {"accuracy": 0.9497443408080142, "auc": 0.20426555331121055, "avg_time": 45.34969193913988, "benchmark": 1.3404601178442246, "distinct": 3, "entropy": 3.1458246740975206, "exp_cost": 40942, "f1-score": 0.9936648689941192, "falsepos": 0.0017588673302318947, "fullscore": 0.9491474219520804, "index": 1.9407647889444921, "loss": 8.981268695751332e-06, "meanscore": 0.994681690254695, "n_docs": 2929, "non_null": 0.00035525555727877745, "prediction_time": 434.3294798447007, "recall": 0.9615744275817657, "size": 57319, "time": 11.20099967216868, "weighted_avg": 3.1219654618981134}, "classifier": {"accuracy": 0.9792173913973237, "avg_time": 0.6396165219362208, "benchmark": 0.7656116751910642, "distinct": 274, "entropy": 2.373848476263898, "errors": 245, "exp_cost": 32785130, "f1-score": 0.6022700126495206, "falsepos": 0.11348291421297363, "fullscore": 0.9738499907874527, "index": 2.076589399233734, "loss": 0.0007846428711884013, "meanscore": 0.9975160856777965, "n_docs": 26248, "prediction_time": 38.6457678032743, "size": 365167, "time": 4.222580710671068, "weighted_avg": 1.1489906597177553}, "model": {"accuracy": 0.8223891105527874, "auc": 0.9994378415561617, "benchmark": 1.2258867778992624, "distinct": 46, "entropy": 1.441815093890693, "errors": 195, "f1-score": 0.48441411222638514, "fullscore": 0.9997015770450854, "index": 10.1973419515232, "loss": 0.009507502236207888, "meanscore": 0.9934471679360937, "n_docs": 3138411, "prediction_time": 54.22034111341383, "size": 2253255, "time": 2.976011035158198, "weighted_avg": 0.8254735834479703}, "train": {"accuracy": 0.9992254449075102, "avg_time": 10.7081555314619, "benchmark": 3.705817295245981, "distinct": 184, "entropy": 0.9682228769916268, "errors": 160, "exp_cost": 675670, "f1-score": 0.9905883627572174, "falsepos": 0.9208320180552794, "fullscore": 0.8323381373371784, "index": 1.084652037814209, "loss": 0.00034585654616947625, "meanscore": 0.8019179694832939, "n_docs": 121, "non_null": 0.11426973215428238, "precision": 0.9975267618413439, "prediction_time": 9.826904885117406, "recall": 0.8840904292926747, "size": 964420, "weighted_avg": 3.794082628494767}, "train_full": {"accuracy": 0.999957631471296, "auc": 0.9997033048842824, "avg_time": 12.952714244716908, "benchmark": -0.05468073261773257, "distinct": 83, "entropy": 1.1511017381092818, "exp_cost": 160242, "f1-score": 0.22716267948406055, "falsepos": 0.013499358855846744, "fullscore": 0.10614208810459452, "index": 18.294260601107347, "meanscore": 0.9408633114862728, "n_docs": 91274, "non_null": 0.42534328572980173, "precision": 0.9513313816564397, "prediction_time": 14.020845718148673, "size": 6757620, "time": 13.481112545360524, "weighted_avg": 2.2345309289682254}}