{"branch": {"accuracy": 0.9999811327553483, "distinct": 323, "entropy": 4.1142780396283625, "errors": 117, "exp_cost": 156595559, "f1-score": 0.9996871549797842, "falsepos": 0.007404839877779401, "fullscore": 0.9991537616521524, "index": 49.21902103771921, "loss": 0.04667599522810506, "meanscore": 0.9992638813998947, "n_docs": 147077, "precision": 0.9999819921907699, "prediction_time": 55.6979301762261, "recall": 0.9762385467935258, "time": 85.97171037891934}, "brand": {"accuracy": 0.9984752057696826, "auc": 0.8894018099521577, "avg_time": 236.53265097567137, "benchmark": 2.6750559623733774, "distinct": 160, "entropy": 5.084343077887488, "exp_cost": 656134, "f1-score": 0.9999742370909246, "falsepos": 1.3128676812357298e-07, "fullscore": 0.9994210716665586, "index": 9.24795083725672, "loss": 1.6395385049605693e-10, "meanscore": 0.9999506501080875, "n_docs": 87514, "non_null": 6.461853374606363e-08, "prediction_time": 3606.901433103553, "recall": 0.9996561226007363, "size": 6574617, "time": 42.37331551552441, "weighted_avg": 5.248417079226705}, "classifier": {"accuracy": 0.9994082026425345, "avg_time": 1.5597957901396333, "benchmark": 2.5064370393936053, "distinct": 417, "entropy": 4.016623178657658, "errors": 468, "exp_cost": 1679065550, "f1-score": 0.9868810466896527, "falsepos": 0.01691635386087942, "fullscore": 0.9999224234829523, "index": 13.465761268335541, "loss": 1.0776199066420133e-07, "meanscore": 0.9999798689652415, "n_docs": 855004, "prediction_time": 205.1182477478621, "size": 17047564, "time": 54.61894049079066, "weighted_avg": 2.738129150432029}, "model": {"accuracy": 0.9987211583758739, "auc": 0.9999835688411565, "benchmark": 3.3529405401668533, "distinct": 205, "entropy": 3.2267634037168853, "errors": 397, "f1-score": 0.978221481547326, "fullscore": 0.9999999668640709, "index": 47.06727294174969, "loss": 2.3185733248998197e-05, "meanscore": 0.9999799393686342, "n_docs": 298451955, "prediction_time": 341.15761819330874, "size": 189726707, "time": 16.102980353929155, "weighted_avg": 2.930133794118753}, "train": {"accuracy": 0.9999994045957075, "avg_time": 32.342163875904895, "benchmark": 5.037825734122207, "distinct": 371, "entropy": 2.8405542115665425, "errors": 376, "exp_cost": 43771529, "f1-score": 0.9997712845079751, "falsepos": 0.4474783700022509, "fullscore": 0.9986088021986068, "index": 4.236336809471392, "loss": 2.6562951316311256e-07, "meanscore": 0.9944637642318016, "n_docs": 9260, "non_null": 0.0009651082110936349, "precision": 0.9999971700716734, "prediction_time": 36.504480158907164, "recall": 0.9957917029123251, "size": 70471072, "weighted_avg": 5.877272178968193}, "train_full": {"accuracy": 0.999999975458467, "auc": 0.9999999712920368, "avg_time": 78.5623412686405, "benchmark": 2.167642993793935, "distinct": 239, "entropy": 3.04542117696479, "exp_cost": 17837571, "f1-score": 0.8409719589463777, "falsepos": 4.3461796871424596e-05, "fullscore": 0.47701828723253314, "index": 118.40349799222993, "meanscore": 0.9988625921696799, "n_docs": 1814566, "non_null": 0.030664743667358052, "precision": 0.9969512419118245, "prediction_time": 95.12214203623519, "size": 2746675234, "time": 103.61040705071794, "weighted_avg": 4.066481644239997}}