{"branch": {"accuracy": 0.9777336261979698, "distinct": 123, "entropy": 1.9991959647095383, "errors": -44, "exp_cost": 5407948, "f1-score": 0.9369878439796026, "falsepos": 0.3300855499099957, "fullscore": 0.9547705457565728, "index": 8.578021833002525, "loss": 0.5313276541762371, "meanscore": 0.9501667767799902, "n_docs": 1768, "precision": 0.9708487934067216, "prediction_time": 4.91123335980136, "recall": 0.7841396231283335, "time": 11.088844256146228}, "brand": {"accuracy": 0.9288368094488748, "auc": 0.12457450185832886, "avg_time": 43.46551729136144, "benchmark": 1.079030923062749, "distinct": -30, "entropy": 2.9095619886640036, "exp_cost": 22221, "f1-score": 0.9893322260498968, "falsepos": 0.005829216131945203, "fullscore": 0.9216708317515342, "index": 1.6171533724277882, "loss": 4.455520522994583e-05, "meanscore": 0.9880705506396685, "n_docs": 2099, "non_null": 0.0005035277903501223, "prediction_time": 315.4919479101517, "recall": 0.95380269713862, "size": 28449, "time": 9.926799713909473, "weighted_avg": 2.872176311596682}, "classifier": {"accuracy": 0.9723076159865249, "avg_time": 0.5780173597927765, "benchmark": 0.6510434969675986, "distinct": 267, "entropy": 2.179939455393155, "errors": 234, "exp_cost": 19284202, "f1-score": 0.5200557571615069, "falsepos": 0.18156127642539832, "fullscore": 0.9459761846485795, "index": 1.6652000571983248, "loss": 0.0017563613622388896, "meanscore": 0.9962911502086451, "n_docs": 18148, "prediction_time": 25.68710012986118, "size": 246518, "time": 3.4723590148483203, "weighted_avg": 1.1414027945543674}, "model": {"accuracy": 0.7955711369876837, "auc": 0.9986086562698387, "benchmark": 0.97150096675813, "distinct": 38, "entropy": 1.1512480278061186, "errors": 168, "f1-score": 0.41760487494339166, "fullscore": 0.9992292563767201, "index": 8.186845104082705, "loss": 0.015185220734944105, "meanscore": 0.9887052135641977, "n_docs": 1575999, "prediction_time": 40.341622130031425, "size": 1069144, "time": 3.0414312684486657, "weighted_avg": 0.6735406153114969}, "train": {"accuracy": 0.998647054645762, "avg_time": 9.001809922597333, "benchmark": 3.4207210404166744, "distinct": 154, "entropy": 0.6912458431964196, "errors": 121, "exp_cost": 444355, "f1-score": 0.9874588817881476, "falsepos": 0.9486000383842438, "fullscore": 0.7841815699978527, "index": 0.9481030565363222, "loss": 0.0007696720024461534, "meanscore": 0.8004336747023602, "n_docs": 78, "non_null": 0.15865132273329985, "precision": 0.9966595373167833, "prediction_time": 8.400926685799105, "recall": 0.8614631297938505, "size": 657674, "weighted_avg": 3.5132263229696856}, "train_full": {"accuracy": 0.9999097278599675, "auc": 0.9991884730903056, "avg_time": 10.801408681466874, "benchmark": -0.4291556859858987, "distinct": 59, "entropy": 0.8120131494719611, "exp_cost": 97733, "f1-score": 0.1820408415409283, "falsepos": 0.029335299678117766, "fullscore": 0.0849061071162141, "index": 15.260870813667742, "meanscore": 0.9156456195408214, "n_docs": 65714, "non_null": 0.5406874247741233, "precision": 0.9473182353334566, "prediction_time": 10.088238889938474, "size": 4305841, "time": 10.126268792740136, "weighted_avg": 1.9966153731221377}}