{"branch": {"accuracy": 0.9998700025812528, "distinct": 269, "entropy": 3.5118563373411735, "errors": 81, "exp_cost": 41898866, "f1-score": 0.9979232288990101, "falsepos": 0.0237183169018107, "fullscore": 0.9968613775359703, "index": 36.93956414865977, "loss": 0.10374173051285007, "meanscore": 0.9980088670281062, "n_docs": 60208, "precision": 0.9998022063378805, "prediction_time": 29.125216028035425, "recall": 0.956888927413714, "time": 53.717245493596664}, "brand": {"accuracy": 0.9935847478089352, "auc": 0.6762920221727012, "avg_time": 149.22649458988016, "benchmark": 2.393920718532084, "distinct": 95, "entropy": 4.593328521066511, "exp_cost": 334479, "f1-score": 0.9998304938471875, "falsepos": 4.115988708086604e-06, "fullscore": 0.997083292630212, "index": 6.4036109289324985, "loss": 2.055491443719859e-09, "meanscore": 0.9997082960693127, "n_docs": 32414, "non_null": 6.405648635965377e-07, "prediction_time": 1822.6198603427001, "recall": 0.9984996665636228, "size": 1250806, "time": 31.178296928149134, "weighted_avg": 4.457350831005367}, "classifier": {"accuracy": 0.9983979689340068, "avg_time": 1.3456457215724675, "benchmark": 1.9203708853902557, "distinct": 375, "entropy": 3.57058453745221, "errors": 423, "exp_cost": 857096534, "f1-score": 0.9503089289765172, "falsepos": 0.029930985172504032, "fullscore": 0.9993774645962594, "index": 8.727439346114453, "loss": 1.0580127396409011e-06, "meanscore": 0.9998934188307286, "n_docs": 382920, "prediction_time": 103.51766417496941, "size": 4223956, "time": 22.030078794039834, "weighted_avg": 2.1266908484985163}, "model": {"accuracy": 0.9913927552559034, "auc": 0.9999333419713134, "benchmark": 2.658871854064985, "distinct": 171, "entropy": 2.6616381252415646, "errors": 326, "f1-score": 0.9488087980606865, "fullscore": 0.999999746596496, "index": 26.960673429774697, "loss": 0.00011819904341270338, "meanscore": 0.9998872961624666, "n_docs": 90036551, "prediction_time": 179.97053282573447, "size": 69809640, "time": 12.173212125253352, "weighted_avg": 2.4517008474992408}, "train": {"accuracy": 0.9999969612409819, "avg_time": 24.63002052647054, "benchmark": 4.708103234352349, "distinct": 297, "entropy": 2.453393975572275, "errors": 305, "exp_cost": 18283438, "f1-score": 0.999509706998869, "falsepos": 0.6180518844076454, "fullscore": 0.9938418222444718, "index": 3.053638257667413, "loss": 1.6827977588063092e-06, "meanscore": 0.977779848102192, "n_docs": 2308, "non_null": 0.0045747332766339355, "precision": 0.9999922568137101, "prediction_time": 21.662036218557393, "recall": 0.9894014924897638, "size": 18411395, "weighted_avg": 5.0913194336390575}, "train_full": {"accuracy": 0.9999998438163402, "auc": 0.9999989824301176, "avg_time": 48.96731301487143, "benchmark": 1.406127728538528, "distinct": 190, "entropy": 2.2840464212723846, "exp_cost": 6170130, "f1-score": 0.7136104227500355, "falsepos": 0.00019918015490438812, "fullscore": 0.3026387436807818, "index": 72.08394338595133, "meanscore": 0.9948691787598797, "n_docs": 580799, "non_null": 0.09166745382025021, "precision": 0.994170850995768, "prediction_time": 47.11616941710563, "size": 397175768, "time": 55.65417775837397, "weighted_avg": 3.639806762826816}}