{"branch": {"accuracy": 0.9702383041597721, "distinct": 115, "entropy": 2.0179618297067847, "errors": -48, "exp_cost": 5659227, "f1-score": 0.923097979465498, "falsepos": 0.3831080227203635, "fullscore": 0.9464750275280309, "index": 7.487454798438045, "loss": 0.5154323023455808, "meanscore": 0.9303209530623675, "n_docs": 998, "precision": 0.9604418213990333, "prediction_time": 4.193344496280415, "recall": 0.7318021563491586, "time": 10.922351027402174}, "brand": {"accuracy": 0.9057238685336009, "auc": 0.08685852345397371, "avg_time": 34.84899107752251, "benchmark": 1.1403928269142276, "distinct": -27, "entropy": 2.712434848041408, "exp_cost": 22516, "f1-score": 0.9869898838699012, "falsepos": 0.008121111867708697, "fullscore": 0.8878323868136204, "index": 1.37995980205132, "loss": 0.00010510246032024995, "meanscore": 0.9832070172574767, "n_docs": 2186, "non_null": 0.0011092555192218079, "prediction_time": 289.2767048498969, "recall": 0.9119578523032658, "size": 27683, "time": 9.569409224354253, "weighted_avg": 2.7843847285552723}, "classifier": {"accuracy": 0.9630748686136144, "avg_time": 0.483437191312051, "benchmark": 0.38915197947155, "distinct": 257, "entropy": 2.1359156007837687, "errors": 243, "exp_cost": 13929741, "f1-score": 0.5062321668807307, "falsepos": 0.17996023083382884, "fullscore": 0.9319910207603254, "index": 1.3338547419979863, "loss": 0.00409005797372386, "meanscore": 0.9951453637314982, "n_docs": 16405, "prediction_time": 19.705006867643586, "size": 178427, "time": 2.6655232678785428, "weighted_avg": 1.123056924327476}, "model": {"accuracy": 0.7879150890324256, "auc": 0.9982655959910227, "benchmark": 0.8249209168017528, "distinct": 24, "entropy": 1.0241296309569319, "errors": 158, "f1-score": 0.3042157656915836, "fullscore": 0.9989394824100541, "index": 7.708626276550989, "loss": 0.021385865332637977, "meanscore": 0.9851191499912066, "n_docs": 1644739, "prediction_time": 33.04482410651112, "size": 685668, "time": 2.370940070957838, "weighted_avg": 0.43788440439256965}, "train": {"accuracy": 0.9986988863569648, "avg_time": 8.775719571667729, "benchmark": 3.23188430574187, "distinct": 151, "entropy": 0.43130120941053945, "errors": 101, "exp_cost": 282987, "f1-score": 0.9807773077631211, "falsepos": 0.9626216175303393, "fullscore": 0.7150406249547844, "index": 0.8447719298107859, "loss": 0.0011935225337380562, "meanscore": 0.7498120748980892, "n_docs": 62, "non_null": 0.23639944222006815, "precision": 0.9953506242764913, "prediction_time": 8.171123515223693, "recall": 0.8451939549621594, "size": 530787, "weighted_avg": 3.540797225020855}, "train_full": {"accuracy": 0.9999269182832932, "auc": 0.9979963446872021, "avg_time": 9.659985850808978, "benchmark": -0.5281455307694257, "distinct": 48, "entropy": 0.6042253211564188, "exp_cost": 64366, "f1-score": 0.11123041822777452, "falsepos": 0.04754708881218661, "fullscore": 0.063459750750818, "index": 13.03256446098951, "meanscore": 0.9074454072653699, "n_docs": 39687, "non_null": 0.62517547962421, "precision": 0.9337232392116251, "prediction_time": 9.992639758851462, "size": 4418026, "time": 8.201982793872219, "weighted_avg": 1.8296543545132204}}