{"branch": {"accuracy": 0.9700921161181015, "distinct": 116, "entropy": 2.0054975428240827, "errors": -48, "exp_cost": 5548829, "f1-score": 0.9215480745601443, "falsepos": 0.383660130756703, "fullscore": 0.9463659915728913, "index": 7.520615198087372, "loss": 0.5154715419163356, "meanscore": 0.9273582109101403, "n_docs": 1007, "precision": 0.9607814350622563, "prediction_time": 4.127028636448277, "recall": 0.7278115906364717, "time": 10.938570200070904}, "brand": {"accuracy": 0.9068341381100529, "auc": 0.08374418474867862, "avg_time": 33.996601098633555, "benchmark": 1.1318033259246727, "distinct": -27, "entropy": 2.7091705276332148, "exp_cost": 22051, "f1-score": 0.9868102608266056, "falsepos": 0.008286445578206125, "fullscore": 0.8884028545629792, "index": 1.3658133504873997, "loss": 9.842928894721048e-05, "meanscore": 0.9826113019980272, "n_docs": 2170, "non_null": 0.0011268859924082886, "prediction_time": 288.0964057406576, "recall": 0.9129318719736753, "size": 27093, "time": 9.557869517996886, "weighted_avg": 2.784320469123274}, "classifier": {"accuracy": 0.9629215794293888, "avg_time": 0.47605125984944113, "benchmark": 0.38868601294067534, "distinct": 255, "entropy": 2.1088351993293273, "errors": 241, "exp_cost": 13634016, "f1-score": 0.50684374199157, "falsepos": 0.18443007154655022, "fullscore": 0.9316890487334011, "index": 1.295730460584808, "loss": 0.00411998200636432, "meanscore": 0.9952174678263901, "n_docs": 15318, "prediction_time": 19.62286015562455, "size": 174814, "time": 2.639687971226621, "weighted_avg": 1.129979743154142}, "model": {"accuracy": 0.7870372667321388, "auc": 0.9982170504850941, "benchmark": 0.8295443243632887, "distinct": 24, "entropy": 0.9970756425697187, "errors": 158, "f1-score": 0.3002528664157783, "fullscore": 0.998912514540381, "index": 7.672370512340883, "loss": 0.02160104946642405, "meanscore": 0.9852498326909325, "n_docs": 1556648, "prediction_time": 32.279277551931465, "size": 672594, "time": 2.3289994132795155, "weighted_avg": 0.4268005250042451}, "train": {"accuracy": 0.998646270159598, "avg_time": 8.71529191273862, "benchmark": 3.218891026067723, "distinct": 148, "entropy": 0.42618047512161905, "errors": 101, "exp_cost": 282898, "f1-score": 0.980647695352568, "falsepos": 0.9644805603256452, "fullscore": 0.7148228969094216, "index": 0.8336528625369024, "loss": 0.0012997269278829382, "meanscore": 0.7487618867076076, "n_docs": 58, "non_null": 0.23473766624406123, "precision": 0.9954411643121199, "prediction_time": 8.08288176522304, "recall": 0.843249260326808, "size": 524828, "weighted_avg": 3.5369435632154285}, "train_full": {"accuracy": 0.9999237318062902, "auc": 0.9979810699623601, "avg_time": 9.491723353151418, "benchmark": -0.5225866153247015, "distinct": 46, "entropy": 0.5888359119318137, "exp_cost": 64246, "f1-score": 0.10521424919424416, "falsepos": 0.047589443031816336, "fullscore": 0.06158910237554427, "index": 12.732854542192841, "meanscore": 0.906589780223419, "n_docs": 40289, "non_null": 0.6243344695947046, "precision": 0.9353265879856218, "prediction_time": 9.838464307976357, "size": 4259347, "time": 8.104431443684652, "weighted_avg": 1.8281109317348827}}