{"branch": {"accuracy": 0.990559341875607, "distinct": 181, "entropy": 2.2435556860660606, "errors": -20, "exp_cost": 6301767, "f1-score": 0.9729633424972242, "falsepos": 0.2019657006369524, "fullscore": 0.9765631701507671, "index": 9.557988288585106, "loss": 0.3285162722384417, "meanscore": 0.9793814783797278, "n_docs": 4396, "precision": 0.9895289384574275, "prediction_time": 7.969843898098938, "recall": 0.8380668337599205, "time": 12.638570353042212}, "brand": {"accuracy": 0.9505859410263044, "auc": 0.26031231281944345, "avg_time": 52.168303354903344, "benchmark": 1.4959006132017802, "distinct": 10, "entropy": 3.199124818374283, "exp_cost": 43598, "f1-score": 0.9962248597340468, "falsepos": 0.0012203484442626644, "fullscore": 0.9305431210100439, "index": 2.234066666182911, "loss": 3.857797657436102e-06, "meanscore": 0.994605321654068, "n_docs": 4725, "non_null": 0.00015122746117124386, "prediction_time": 435.8446086193614, "recall": 0.9699152455065575, "size": 72323, "time": 12.395133277235857, "weighted_avg": 3.2771786324093815}, "classifier": {"accuracy": 0.9852101102007638, "avg_time": 0.68962764597516, "benchmark": 0.9003995752216667, "distinct": 272, "entropy": 2.4854630329815697, "errors": 271, "exp_cost": 39571653, "f1-score": 0.6316043175540594, "falsepos": 0.12689384071815613, "fullscore": 0.977430409032832, "index": 2.277881928736703, "loss": 0.0004017339278481469, "meanscore": 0.9974303385095615, "n_docs": 24803, "prediction_time": 41.23703166882356, "size": 602680, "time": 5.962301708793708, "weighted_avg": 1.3812037810544238}, "model": {"accuracy": 0.8847469394460181, "auc": 0.9993905448148087, "benchmark": 1.374871242762873, "distinct": 62, "entropy": 1.5520686063442721, "errors": 221, "f1-score": 0.5226366848996579, "fullscore": 0.9998588736680907, "index": 9.697263216493669, "loss": 0.00712621796493651, "meanscore": 0.9935463052681501, "n_docs": 3551390, "prediction_time": 63.88524633913214, "size": 3354277, "time": 3.6283618536627467, "weighted_avg": 1.0512548619825575}, "train": {"accuracy": 0.999338423930912, "avg_time": 11.350472603131642, "benchmark": 3.7857706163428544, "distinct": 193, "entropy": 1.0269622919656605, "errors": 168, "exp_cost": 823100, "f1-score": 0.9942771605573741, "falsepos": 0.8856273387906932, "fullscore": 0.8699357421042413, "index": 1.3716885936430214, "loss": 0.00024090659612308052, "meanscore": 0.8175363975404388, "n_docs": 209, "non_null": 0.08763827028498439, "precision": 0.9979544394850396, "prediction_time": 10.793928533518017, "recall": 0.9139048407124117, "size": 1681645, "weighted_avg": 4.043384106406636}, "train_full": {"accuracy": 0.9999829185307179, "auc": 0.9998349222772804, "avg_time": 13.308908423486088, "benchmark": 0.1939808769068658, "distinct": 96, "entropy": 1.3250703744399979, "exp_cost": 189094, "f1-score": 0.24887055636613098, "falsepos": 0.009528317061203384, "fullscore": 0.12026003627457832, "index": 18.44455523387681, "meanscore": 0.9572982291832013, "n_docs": 146216, "non_null": 0.3440932324177113, "precision": 0.9599623351170374, "prediction_time": 16.214587851051522, "size": 8441025, "time": 13.979708562957597, "weighted_avg": 2.266596693097743}}