{"branch": {"accuracy": 0.9915648845018323, "distinct": 183, "entropy": 2.356857058003927, "errors": -5, "exp_cost": 6066157, "f1-score": 0.9727312278842152, "falsepos": 0.1940129990523085, "fullscore": 0.9831948279121858, "index": 8.968938683944739, "loss": 0.3005142082915577, "meanscore": 0.9813134279169404, "n_docs": 4502, "precision": 0.9908383472029014, "prediction_time": 8.48696143699509, "recall": 0.8304781483001242, "time": 13.802080070762765}, "brand": {"accuracy": 0.9544673169179252, "auc": 0.2497485221192008, "avg_time": 54.6904283778973, "benchmark": 1.6071280413676068, "distinct": 18, "entropy": 3.2307538919967693, "exp_cost": 48913, "f1-score": 0.9962067625745646, "falsepos": 0.0008065695037886567, "fullscore": 0.9382389733525051, "index": 2.4813692796163136, "loss": 3.3356859876487732e-06, "meanscore": 0.9947708366325041, "n_docs": 5784, "non_null": 0.0001512454168499655, "prediction_time": 461.6658897643293, "recall": 0.9673168486436857, "size": 90825, "time": 12.264749389231032, "weighted_avg": 3.281771739476939}, "classifier": {"accuracy": 0.9861550978133853, "avg_time": 0.6927903929378235, "benchmark": 0.8534220310879559, "distinct": 277, "entropy": 2.5394606369718873, "errors": 283, "exp_cost": 42790165, "f1-score": 0.6646012790926821, "falsepos": 0.12803031623363514, "fullscore": 0.9783810254122436, "index": 2.342056686412424, "loss": 0.00041664353196124715, "meanscore": 0.9983245388984874, "n_docs": 27337, "prediction_time": 43.197453039937244, "size": 671127, "time": 5.752323131967119, "weighted_avg": 1.3869302504671952}, "model": {"accuracy": 0.892638943846325, "auc": 0.999489970766179, "benchmark": 1.4434764079571423, "distinct": 65, "entropy": 1.606657966356388, "errors": 219, "f1-score": 0.5162781732498019, "fullscore": 0.9998753067190751, "index": 9.934002958215448, "loss": 0.00643743531840868, "meanscore": 0.9946511611222536, "n_docs": 4899920, "prediction_time": 66.82450557955598, "size": 3281492, "time": 3.625549018522044, "weighted_avg": 1.0969052856299053}, "train": {"accuracy": 0.9996093051215648, "avg_time": 11.77328003052729, "benchmark": 3.802738898471911, "distinct": 195, "entropy": 0.9897632004278909, "errors": 171, "exp_cost": 863395, "f1-score": 0.994365086806205, "falsepos": 0.8786823261845058, "fullscore": 0.8737763110098838, "index": 1.3265252061797759, "loss": 0.00020789889243855164, "meanscore": 0.8334539417854397, "n_docs": 224, "non_null": 0.08407693516862058, "precision": 0.997998812371776, "prediction_time": 10.927809805999008, "recall": 0.916497505164964, "size": 1803180, "weighted_avg": 4.168727262335689}, "train_full": {"accuracy": 0.9999875295923513, "auc": 0.9998533126274636, "avg_time": 13.9346071886653, "benchmark": 0.35487577449451346, "distinct": 95, "entropy": 1.3444925496382751, "exp_cost": 195941, "f1-score": 0.22281315714570893, "falsepos": 0.008643864899352094, "fullscore": 0.1210301526533808, "index": 18.192368622355666, "meanscore": 0.9672086773339508, "n_docs": 145423, "non_null": 0.3413125969739015, "precision": 0.9602579721449829, "prediction_time": 16.91226392178667, "size": 10124370, "time": 14.553610683553162, "weighted_avg": 2.298860362323909}}