{"branch": {"accuracy": 0.999787693482366, "distinct": 254, "entropy": 3.5178291096742136, "errors": 83, "exp_cost": 52311468, "f1-score": 0.9972397543643509, "falsepos": 0.030438409174435188, "fullscore": 0.9967641312785497, "index": 30.27645531486119, "loss": 0.11493440893201323, "meanscore": 0.9958068372556504, "n_docs": 48349, "precision": 0.9996991713006894, "prediction_time": 27.76568438373652, "recall": 0.9540028488097692, "time": 51.58852630067133}, "brand": {"accuracy": 0.9934901348538896, "auc": 0.7000270703212017, "avg_time": 143.4594908503166, "benchmark": 2.317529149444157, "distinct": 95, "entropy": 4.401942636070479, "exp_cost": 296975, "f1-score": 0.9997009354848065, "falsepos": 6.572575988350593e-06, "fullscore": 0.9954499245071897, "index": 5.51332139405141, "loss": 9.240727960602158e-09, "meanscore": 0.9995703683217704, "n_docs": 22632, "non_null": 1.5524772164487999e-06, "prediction_time": 1580.3995331961241, "recall": 0.9982932862318403, "size": 1249623, "time": 26.862329724216174, "weighted_avg": 4.5022028987245095}, "classifier": {"accuracy": 0.9980401075444678, "avg_time": 1.1708506860661498, "benchmark": 1.8035573601001476, "distinct": 370, "entropy": 3.5379358683431956, "errors": 400, "exp_cost": 618728329, "f1-score": 0.9457154243782353, "falsepos": 0.030512042309124077, "fullscore": 0.9991700437352937, "index": 7.868019565236682, "loss": 2.7621086623463853e-06, "meanscore": 0.9998887401015395, "n_docs": 276690, "prediction_time": 96.70800367826786, "size": 4098645, "time": 21.026793790824378, "weighted_avg": 2.2181697649917975}, "model": {"accuracy": 0.9899185255474379, "auc": 0.9999106574638222, "benchmark": 2.571819061650295, "distinct": 162, "entropy": 2.648550895067873, "errors": 319, "f1-score": 0.9218535061258522, "fullscore": 0.9999993818865837, "index": 26.162711148791708, "loss": 0.00020013998476486883, "meanscore": 0.9998217441611904, "n_docs": 92543861, "prediction_time": 175.76172686285634, "size": 47395172, "time": 10.011287611575636, "weighted_avg": 2.267276503331936}, "train": {"accuracy": 0.9999944899361234, "avg_time": 22.4123133539872, "benchmark": 4.598780709320593, "distinct": 289, "entropy": 2.2216690593851984, "errors": 297, "exp_cost": 10709961, "f1-score": 0.9990563093885103, "falsepos": 0.6455912525672687, "fullscore": 0.989766295361606, "index": 2.568032459968381, "loss": 2.8390657939025843e-06, "meanscore": 0.9683061526778884, "n_docs": 1845, "non_null": 0.006060295117716996, "precision": 0.9999792536231183, "prediction_time": 20.116163198539606, "recall": 0.9874145861271608, "size": 15034043, "weighted_avg": 5.065636288926089}, "train_full": {"accuracy": 0.9999997020964831, "auc": 0.9999983630543336, "avg_time": 43.91557778136645, "benchmark": 1.4167075025063456, "distinct": 181, "entropy": 2.2177240293450113, "exp_cost": 4052782, "f1-score": 0.6681658755582389, "falsepos": 0.00042462760180639325, "fullscore": 0.29979201238436715, "index": 67.42477220047174, "meanscore": 0.9945931186966164, "n_docs": 464872, "non_null": 0.10581379385518441, "precision": 0.9936999147625551, "prediction_time": 41.844716089845825, "size": 353117410, "time": 51.737868517785095, "weighted_avg": 3.5085941602088595}}