{"branch": {"accuracy": 0.9996110121792203, "distinct": 255, "entropy": 3.3249316125076387, "errors": 63, "exp_cost": 35336530, "f1-score": 0.9969124311439237, "falsepos": 0.04264957767414257, "fullscore": 0.9950153028559471, "index": 25.382281074072626, "loss": 0.15039580243906725, "meanscore": 0.9943495805967961, "n_docs": 26464, "precision": 0.9994492604951795, "prediction_time": 22.87521724666985, "recall": 0.9432090944587392, "time": 35.38271613932234}, "brand": {"accuracy": 0.9894435060549304, "auc": 0.5720815848704333, "avg_time": 126.60374052669829, "benchmark": 2.106993047365055, "distinct": 78, "entropy": 4.252276644908593, "exp_cost": 179292, "f1-score": 0.9996768483437982, "falsepos": 1.2624205056432913e-05, "fullscore": 0.994053977419716, "index": 5.427518601896828, "loss": 3.849921992316041e-08, "meanscore": 0.9993815511823197, "n_docs": 22010, "non_null": 3.7103054081333298e-06, "prediction_time": 1364.404776971495, "recall": 0.9960853425625475, "size": 1091143, "time": 23.524862945331797, "weighted_avg": 4.195689143002273}, "classifier": {"accuracy": 0.996829440325706, "avg_time": 1.1247759566373479, "benchmark": 1.796540662427422, "distinct": 353, "entropy": 3.331276247630788, "errors": 389, "exp_cost": 369606920, "f1-score": 0.9212413389405886, "falsepos": 0.04579510013241639, "fullscore": 0.9980391936526818, "index": 6.515550093486154, "loss": 6.133326998725153e-06, "meanscore": 0.9998023717179013, "n_docs": 177429, "prediction_time": 102.3411751371542, "size": 3608915, "time": 17.65760085788149, "weighted_avg": 2.0666283975860535}, "model": {"accuracy": 0.9859141834632899, "auc": 0.9999203663384693, "benchmark": 2.4774839492384793, "distinct": 143, "entropy": 2.433246237026784, "errors": 312, "f1-score": 0.8901183876050022, "fullscore": 0.9999978122375468, "index": 23.075675165014466, "loss": 0.0002993511895978962, "meanscore": 0.9997885394491945, "n_docs": 42956052, "prediction_time": 154.1491622855479, "size": 22999347, "time": 9.36867629449121, "weighted_avg": 2.0914856546446736}, "train": {"accuracy": 0.9999897221214424, "avg_time": 19.46090611589302, "benchmark": 4.494430467272348, "distinct": 279, "entropy": 1.9835147405460347, "errors": 283, "exp_cost": 8576006, "f1-score": 0.999350626102061, "falsepos": 0.7297218928038385, "fullscore": 0.9836387610853448, "index": 2.4052039760529356, "loss": 6.70095730126441e-06, "meanscore": 0.9730290886029122, "n_docs": 1709, "non_null": 0.012322143257183393, "precision": 0.9999500459798167, "prediction_time": 18.844983264784076, "recall": 0.9811152654264755, "size": 7868265, "weighted_avg": 4.7903172474309095}, "train_full": {"accuracy": 0.9999989005424275, "auc": 0.9999976090469275, "avg_time": 35.8961990855286, "benchmark": 1.2473711670590433, "distinct": 168, "entropy": 2.1186281347582847, "exp_cost": 2637972, "f1-score": 0.6042653910587431, "falsepos": 0.0006901946150149607, "fullscore": 0.2390904433971397, "index": 51.00181919018097, "meanscore": 0.9929033844507034, "n_docs": 513383, "non_null": 0.15785234777686896, "precision": 0.9918714107267528, "prediction_time": 40.783509368233766, "size": 234995044, "time": 42.65324295746012, "weighted_avg": 3.3096739456402013}}