{"branch": {"accuracy": 0.9999999991935364, "distinct": 519, "entropy": 6.123783672764325, "errors": 294, "exp_cost": 2473551587, "f1-score": 0.9999999763398778, "falsepos": 1.175558285604339e-06, "fullscore": 0.9999959624281829, "index": 335.94416310657516, "loss": 0.0004133083869026777, "meanscore": 0.9999990327831371, "n_docs": 23476134, "precision": 0.9999999999782199, "prediction_time": 656.8436512750433, "recall": 0.9996935081316102, "time": 615.6276418833348}, "brand": {"accuracy": 0.9999967233746613, "auc": 0.9998945245895039, "avg_time": 1420.1191126925576, "benchmark": 4.650553172251436, "distinct": 347, "entropy": 7.585920147614258, "exp_cost": 18606940, "f1-score": 0.9999999984573051, "falsepos": 2.220446049250313e-15, "fullscore": 0.9999996950589917, "index": 64.33757419764731, "loss": 0.0, "meanscore": 0.9999999864048006, "n_docs": 4734811, "non_null": 4.218847493575595e-14, "prediction_time": 33398.67991488462, "recall": 0.9999998412425588, "size": 829487591, "time": 209.177951001295, "weighted_avg": 7.596150261867877}, "classifier": {"accuracy": 0.9999990470491595, "avg_time": 5.926151311813319, "benchmark": 4.227645198076636, "distinct": 575, "entropy": 5.7818230322165665, "errors": 723, "exp_cost": 142744076024, "f1-score": 0.9999963503276597, "falsepos": 0.00037228165243907707, "fullscore": 0.999999999340487, "index": 108.32815666594324, "loss": 2.220446049250313e-15, "meanscore": 0.9999999968517926, "n_docs": 31002370, "prediction_time": 1207.2361163564278, "size": 1537129139, "time": 754.6283518200953, "weighted_avg": 4.246391482997792}, "model": {"accuracy": 0.9999998581579641, "auc": 0.9999999444467293, "benchmark": 5.63403748950777, "distinct": 389, "entropy": 5.202647950474931, "errors": 622, "f1-score": 0.9999701881807853, "fullscore": 0.9999999999999941, "index": 221.2549975115208, "loss": 1.005182048707809e-09, "meanscore": 0.9999999970848272, "n_docs": 28002040936, "prediction_time": 2468.814438842318, "size": 49005454212, "time": 79.80126295800103, "weighted_avg": 5.351187994471162}, "train": {"accuracy": 0.999999999990992, "avg_time": 96.03703145296821, "benchmark": 7.025898338358753, "distinct": 581, "entropy": 5.33971140273634, "errors": 640, "exp_cost": 3110149884, "f1-score": 0.999999852710929, "falsepos": 0.027057408065015887, "fullscore": 0.9999999510584142, "index": 21.313446864589952, "loss": 6.3793414994961495e-12, "meanscore": 0.9999885877808853, "n_docs": 682889, "non_null": 5.179001449917564e-09, "precision": 0.9999999999388576, "prediction_time": 146.2772776366214, "recall": 0.9999843406103547, "size": 14220119025, "weighted_avg": 7.924708122930012}, "train_full": {"accuracy": 0.9999999999999317, "auc": 0.9999999999999907, "avg_time": 699.4487660446991, "benchmark": 4.663943093149762, "distinct": 407, "entropy": 5.116231410929771, "exp_cost": 4868557720, "f1-score": 0.9974418774088605, "falsepos": 6.26252383284509e-11, "fullscore": 0.8455215874619484, "index": 748.9819719966624, "meanscore": 0.9999994688326452, "n_docs": 65906527, "non_null": 1.8281052844293377e-05, "precision": 0.9999673233025561, "prediction_time": 732.3594853893928, "size": 1364207984703, "time": 1124.793452655062, "weighted_avg": 6.2573838726763835}}