{"branch": {"accuracy": 0.9999999985189247, "distinct": 503, "entropy": 6.112269885489364, "errors": 279, "exp_cost": 2205988345, "f1-score": 0.9999999381024779, "falsepos": 4.0621723191858194e-06, "fullscore": 0.99999482472349, "index": 281.3132843833674, "loss": 0.00068310006955008, "meanscore": 0.9999982172913162, "n_docs": 18590671, "precision": 0.9999999999215315, "prediction_time": 515.9939073619424, "recall": 0.9995523548625422, "time": 585.3911993935222}, "brand": {"accuracy": 0.9999950233581347, "auc": 0.9998451569708755, "avg_time": 1370.9965144622245, "benchmark": 4.444153809380806, "distinct": 340, "entropy": 7.273901355081456, "exp_cost": 14423714, "f1-score": 0.9999999957116166, "falsepos": 3.1086244689504383e-15, "fullscore": 0.9999989686931116, "index": 63.143394266990306, "loss": 0.0, "meanscore": 0.9999999891494715, "n_docs": 3612202, "non_null": 9.192646643896296e-14, "prediction_time": 29527.63448127291, "recall": 0.999999796619018, "size": 796152762, "time": 195.59123224874017, "weighted_avg": 7.452562699969675}, "classifier": {"accuracy": 0.99999823942556, "avg_time": 5.416946715558305, "benchmark": 4.119469560746709, "distinct": 552, "entropy": 5.701476233300085, "errors": 708, "exp_cost": 94389002558, "f1-score": 0.9999942545512406, "falsepos": 0.0006786459288258273, "fullscore": 0.9999999951954767, "index": 96.57164083501691, "loss": 1.5765166949677223e-14, "meanscore": 0.9999999865968676, "n_docs": 27345623, "prediction_time": 1176.849620382719, "size": 964073532, "time": 603.4181660119725, "weighted_avg": 4.222700715948748}, "model": {"accuracy": 0.9999994251856008, "auc": 0.9999999253266362, "benchmark": 5.5118036326410165, "distinct": 380, "entropy": 5.062322885463427, "errors": 607, "f1-score": 0.9999571228177051, "fullscore": 0.9999999999999852, "index": 192.79622154821462, "loss": 1.6512894385201093e-09, "meanscore": 0.9999999962464107, "n_docs": 20992930851, "prediction_time": 2154.0828069876184, "size": 30943226196, "time": 81.61800070795469, "weighted_avg": 5.15731642807437}, "train": {"accuracy": 0.9999999999888662, "avg_time": 91.04970533628149, "benchmark": 6.895780313978705, "distinct": 556, "entropy": 5.312394313892185, "errors": 626, "exp_cost": 3020874503, "f1-score": 0.9999997037156201, "falsepos": 0.03314266321315762, "fullscore": 0.9999999048347346, "index": 19.274218455106727, "loss": 8.252065697433864e-12, "meanscore": 0.9999824569136915, "n_docs": 507037, "non_null": 1.49579566510738e-08, "precision": 0.9999999999107194, "prediction_time": 126.250538210676, "recall": 0.9999729124248478, "size": 8484028986, "weighted_avg": 7.904293369374679}, "train_full": {"accuracy": 0.9999999999995283, "auc": 0.9999999999999811, "avg_time": 589.3687359089045, "benchmark": 4.6417813635798275, "distinct": 392, "entropy": 5.050754037446352, "exp_cost": 3624101748, "f1-score": 0.9958098057952667, "falsepos": 7.1288308589601e-11, "fullscore": 0.8363126447000628, "index": 727.3976969006887, "meanscore": 0.9999991125669773, "n_docs": 48879042, "non_null": 3.30661113131514e-05, "precision": 0.9999669697408722, "prediction_time": 562.8697751793519, "size": 919465674655, "time": 1093.436156256812, "weighted_avg": 6.2186355800800515}}