{"branch": {"accuracy": 0.9999950700965856, "distinct": 343, "entropy": 4.538569983748577, "errors": 167, "exp_cost": 176639686, "f1-score": 0.9998679828559067, "falsepos": 0.003323163745808544, "fullscore": 0.9995716631441867, "index": 73.82146716209044, "loss": 0.030492194291616537, "meanscore": 0.9996960742618082, "n_docs": 310208, "precision": 0.9999955234812552, "prediction_time": 78.56693284504783, "recall": 0.9828675183681782, "time": 129.24550895935005}, "brand": {"accuracy": 0.998635291432922, "auc": 0.9270502397900101, "avg_time": 350.14434017185624, "benchmark": 2.9097684659985, "distinct": 181, "entropy": 5.475299544099401, "exp_cost": 897718, "f1-score": 0.9999888350946589, "falsepos": 1.5431072086791175e-08, "fullscore": 0.9997454932453252, "index": 14.336560084784677, "loss": 5.396016966585648e-12, "meanscore": 0.9999785970663821, "n_docs": 108441, "non_null": 8.542586082960213e-09, "prediction_time": 4785.093783662776, "recall": 0.9999111642447854, "size": 11594801, "time": 56.33753679689867, "weighted_avg": 5.509876809281767}, "classifier": {"accuracy": 0.9997209738304309, "avg_time": 2.109029728465018, "benchmark": 2.734200025224152, "distinct": 439, "entropy": 4.276901860653055, "errors": 508, "exp_cost": 3792277853, "f1-score": 0.9960618972299562, "falsepos": 0.00787856561412037, "fullscore": 0.9999721922213864, "index": 20.39367246813602, "loss": 8.942601104067194e-09, "meanscore": 0.9999868340121234, "n_docs": 1226279, "prediction_time": 252.3268324021932, "size": 32472278, "time": 74.41523699053164, "weighted_avg": 2.908371912775441}, "model": {"accuracy": 0.9994420944269858, "auc": 0.9999949309937237, "benchmark": 3.7166647438972524, "distinct": 239, "entropy": 3.5083249598781503, "errors": 410, "f1-score": 0.9878799162418177, "fullscore": 0.9999999982419161, "index": 54.03157021824445, "loss": 5.575680263159022e-06, "meanscore": 0.9999969280847316, "n_docs": 666356801, "prediction_time": 412.88693162872073, "size": 618563169, "time": 21.195233099293628, "weighted_avg": 3.2519064849473494}, "train": {"accuracy": 0.9999999170247046, "avg_time": 38.585380308968794, "benchmark": 5.5052501367135385, "distinct": 397, "entropy": 3.4003420903120025, "errors": 420, "exp_cost": 118468655, "f1-score": 0.9999688613808954, "falsepos": 0.3558062162995508, "fullscore": 0.9997096720901797, "index": 5.320499191900783, "loss": 3.792986547068722e-08, "meanscore": 0.9976460600183933, "n_docs": 13870, "non_null": 0.00028500434097034066, "precision": 0.9999995923274192, "prediction_time": 39.4321128423835, "recall": 0.997567724686099, "size": 119786923, "weighted_avg": 5.938844593794787}, "train_full": {"accuracy": 0.9999999966459376, "auc": 0.9999999954730515, "avg_time": 110.25894971904918, "benchmark": 2.5791818927236543, "distinct": 248, "entropy": 3.226035350601709, "exp_cost": 47050794, "f1-score": 0.8909993010319887, "falsepos": 6.619218173575803e-06, "fullscore": 0.5228160298096061, "index": 145.23262274629107, "meanscore": 0.9995164206792454, "n_docs": 2759505, "non_null": 0.019186440530042814, "precision": 0.9978696317858395, "prediction_time": 118.97790194497674, "size": 4869572801, "time": 151.46101569135985, "weighted_avg": 4.486404849467854}}