{"branch": {"accuracy": 0.9999645311185732, "distinct": 296, "entropy": 4.008330681964394, "errors": 105, "exp_cost": 94912686, "f1-score": 0.9994033243133718, "falsepos": 0.008998989627330367, "fullscore": 0.9987324079759994, "index": 50.6084675445672, "loss": 0.06202302625724254, "meanscore": 0.9984196934136851, "n_docs": 112508, "precision": 0.9999668132483716, "prediction_time": 49.90771227145533, "recall": 0.9728718327352784, "time": 80.99916989627218}, "brand": {"accuracy": 0.9968911971621184, "auc": 0.8601247225657209, "avg_time": 200.62536301196258, "benchmark": 2.695431394405327, "distinct": 146, "entropy": 4.844222909168971, "exp_cost": 691896, "f1-score": 0.9999439229248334, "falsepos": 4.344723714133636e-07, "fullscore": 0.9987167689118996, "index": 8.400292693187229, "loss": 3.481981369901632e-10, "meanscore": 0.9999060279186994, "n_docs": 62278, "non_null": 1.9067766232616634e-07, "prediction_time": 2653.3198673879947, "recall": 0.9995865720615128, "size": 4637139, "time": 38.09730441754131, "weighted_avg": 5.034197344451222}, "classifier": {"accuracy": 0.9992748020887003, "avg_time": 1.6339565514819756, "benchmark": 2.4701877029732113, "distinct": 409, "entropy": 3.9543413764763518, "errors": 447, "exp_cost": 1833306528, "f1-score": 0.981028399748095, "falsepos": 0.018536314485382843, "fullscore": 0.9998361335717181, "index": 13.155582996306366, "loss": 2.683468718345239e-07, "meanscore": 0.999935817239247, "n_docs": 534300, "prediction_time": 179.30958114338426, "size": 11934778, "time": 39.81280896188562, "weighted_avg": 2.5845516999456457}, "model": {"accuracy": 0.9979661207341608, "auc": 0.9999789048748802, "benchmark": 3.1787430244178863, "distinct": 198, "entropy": 3.073248734606681, "errors": 379, "f1-score": 0.9657667610283787, "fullscore": 0.9999999585371491, "index": 36.39430616890687, "loss": 3.437225522651133e-05, "meanscore": 0.9999678633997799, "n_docs": 261594489, "prediction_time": 293.31816746188844, "size": 120300090, "time": 16.71348907318207, "weighted_avg": 2.8487840335726364}, "train": {"accuracy": 0.9999995573571545, "avg_time": 28.603561702651454, "benchmark": 4.968324598948147, "distinct": 338, "entropy": 2.833204238334704, "errors": 363, "exp_cost": 34822858, "f1-score": 0.9998208729760047, "falsepos": 0.5194808599288678, "fullscore": 0.9980945460867607, "index": 3.6081129413449773, "loss": 3.5993646307908023e-07, "meanscore": 0.9912784213669986, "n_docs": 5314, "non_null": 0.0016855952428710408, "precision": 0.9999957347950397, "prediction_time": 29.007429099864083, "recall": 0.9948287365560133, "size": 47440070, "weighted_avg": 5.669173186457319}, "train_full": {"accuracy": 0.9999999267207051, "auc": 0.999999937909051, "avg_time": 73.54847286559749, "benchmark": 1.8220484198418914, "distinct": 218, "entropy": 2.7778358154256297, "exp_cost": 12340158, "f1-score": 0.8431812444733694, "falsepos": 6.683356833148135e-05, "fullscore": 0.38681129843075635, "index": 96.90768228878625, "meanscore": 0.9980707775231767, "n_docs": 1431810, "non_null": 0.0461043453321921, "precision": 0.9967555913973503, "prediction_time": 81.8032686920546, "size": 1247977165, "time": 101.43917163172404, "weighted_avg": 4.025752655230593}}