{"branch": {"accuracy": 0.9999988606735044, "distinct": 377, "entropy": 4.735705358017618, "errors": 187, "exp_cost": 250614973, "f1-score": 0.9999707238947506, "falsepos": 0.0008065527935334771, "fullscore": 0.9998159912607615, "index": 106.76484122911708, "loss": 0.011827838659731027, "meanscore": 0.9998861003526527, "n_docs": 901995, "precision": 0.999999226345649, "prediction_time": 113.56934870010132, "recall": 0.9922685892165235, "time": 159.44861691363187}, "brand": {"accuracy": 0.9996778160991162, "auc": 0.9755201147936932, "avg_time": 413.2235450884808, "benchmark": 3.334863670460699, "distinct": 204, "entropy": 5.769114958386571, "exp_cost": 1815582, "f1-score": 0.9999980439502568, "falsepos": 9.33083610377139e-10, "fullscore": 0.9999097397520875, "index": 18.14428989810518, "loss": 2.1371793224034263e-13, "meanscore": 0.9999967965937208, "n_docs": 306680, "non_null": 1.2973306873220736e-09, "prediction_time": 7121.163951253997, "recall": 0.9999775043912521, "size": 22644067, "time": 63.32837214260875, "weighted_avg": 5.977181806257478}, "classifier": {"accuracy": 0.9999052152008705, "avg_time": 2.407208424067764, "benchmark": 3.0490172823838173, "distinct": 468, "entropy": 4.459681482895257, "errors": 536, "exp_cost": 6557027048, "f1-score": 0.9979330683516758, "falsepos": 0.006227546657495919, "fullscore": 0.9999931376122608, "index": 26.533433724520314, "loss": 6.326243973120427e-10, "meanscore": 0.9999974872967212, "n_docs": 2762363, "prediction_time": 370.52261642689035, "size": 56638070, "time": 123.37191640114207, "weighted_avg": 3.1309490542791583}, "model": {"accuracy": 0.9998247250220523, "auc": 0.9999949061614042, "benchmark": 4.0706959424658224, "distinct": 272, "entropy": 3.7755561179565267, "errors": 453, "f1-score": 0.9968249213757769, "fullscore": 0.9999999993687968, "index": 73.62988450121121, "loss": 1.3172990727117195e-06, "meanscore": 0.9999983947973219, "n_docs": 1055950873, "prediction_time": 589.5827115795138, "size": 1383839425, "time": 31.115293311279043, "weighted_avg": 3.647072814451839}, "train": {"accuracy": 0.9999999882897044, "avg_time": 47.0043160717888, "benchmark": 5.868691375725225, "distinct": 423, "entropy": 3.5007267807990923, "errors": 444, "exp_cost": 183123818, "f1-score": 0.9999805481140244, "falsepos": 0.2927747599049849, "fullscore": 0.9998703005241758, "index": 7.043922064028861, "loss": 8.211525459600466e-09, "meanscore": 0.9989069585862471, "n_docs": 33175, "non_null": 3.916545393722881e-05, "precision": 0.9999998745242086, "prediction_time": 47.14652361960991, "recall": 0.9990699962842449, "size": 288052092, "weighted_avg": 6.455761006848928}, "train_full": {"accuracy": 0.9999999988951626, "auc": 0.999999999259055, "avg_time": 158.67698089913281, "benchmark": 2.963452067377504, "distinct": 280, "entropy": 3.4396191934722085, "exp_cost": 117075570, "f1-score": 0.941270659621572, "falsepos": 7.610177586991895e-07, "fullscore": 0.6003885186577314, "index": 200.03027000223545, "meanscore": 0.9998602850350142, "n_docs": 3352204, "non_null": 0.0043866079676152525, "precision": 0.9990208975841428, "prediction_time": 157.94034091252476, "size": 23011427980, "time": 203.69089293009134, "weighted_avg": 4.743904444845564}}