{"branch": {"accuracy": 0.9999858495508629, "distinct": 328, "entropy": 4.163952919940245, "errors": 126, "exp_cost": 155584849, "f1-score": 0.9997419758457211, "falsepos": 0.006675416822530478, "fullscore": 0.9989410831255782, "index": 47.47715876591445, "loss": 0.043012589398807144, "meanscore": 0.9993266648907263, "n_docs": 200307, "precision": 0.999986227580067, "prediction_time": 63.054122043037296, "recall": 0.9751375415567958, "time": 98.73925378637412}, "brand": {"accuracy": 0.9986782785882646, "auc": 0.8905387626643169, "avg_time": 258.90230057022126, "benchmark": 2.806205597312033, "distinct": 168, "entropy": 5.0761020299521515, "exp_cost": 690444, "f1-score": 0.9999766339253275, "falsepos": 6.716907408055306e-08, "fullscore": 0.9994912709439727, "index": 11.319821749547582, "loss": 7.296563353520469e-11, "meanscore": 0.9999607279950584, "n_docs": 75754, "non_null": 4.016439747456246e-08, "prediction_time": 3770.8214004693305, "recall": 0.9997435440585976, "size": 7459787, "time": 43.53441373775712, "weighted_avg": 5.323204565960844}, "classifier": {"accuracy": 0.9994730755904149, "avg_time": 1.6320757041565852, "benchmark": 2.594711565596984, "distinct": 416, "entropy": 4.071921223886331, "errors": 489, "exp_cost": 1851623759, "f1-score": 0.9897217603589994, "falsepos": 0.011850359686096268, "fullscore": 0.9999432265475456, "index": 14.421397823410539, "loss": 8.120844907644198e-08, "meanscore": 0.9999841194022939, "n_docs": 871395, "prediction_time": 195.67473970270672, "size": 24355295, "time": 55.75479976619348, "weighted_avg": 2.7995866173424617}, "model": {"accuracy": 0.9986211920642671, "auc": 0.9999886722557174, "benchmark": 3.448764221703206, "distinct": 209, "entropy": 3.3191722949517164, "errors": 389, "f1-score": 0.9731004507826594, "fullscore": 0.9999999820992482, "index": 49.49660606802982, "loss": 1.9137296010551808e-05, "meanscore": 0.999988766404359, "n_docs": 318098752, "prediction_time": 370.71925535079043, "size": 330746024, "time": 15.645395346751776, "weighted_avg": 2.93499859346825}, "train": {"accuracy": 0.999999676955609, "avg_time": 34.590245358397574, "benchmark": 5.223284990510721, "distinct": 380, "entropy": 3.0385251327393257, "errors": 390, "exp_cost": 50083788, "f1-score": 0.999893632882698, "falsepos": 0.44652858062484535, "fullscore": 0.9989325928278135, "index": 4.71353415903046, "loss": 1.870896811917433e-07, "meanscore": 0.9933257615828557, "n_docs": 9239, "non_null": 0.0004865857888156633, "precision": 0.9999973026180982, "prediction_time": 34.98610212062964, "recall": 0.9958689524470732, "size": 67400104, "weighted_avg": 5.853224013240369}, "train_full": {"accuracy": 0.9999999880162231, "auc": 0.9999999820825947, "avg_time": 81.65296837063434, "benchmark": 2.14802541010959, "distinct": 240, "entropy": 3.105506380474113, "exp_cost": 24412642, "f1-score": 0.8470007395969232, "falsepos": 2.50082364123827e-05, "fullscore": 0.4795973084678109, "index": 113.61257453238194, "meanscore": 0.9993672429939902, "n_docs": 1905698, "non_null": 0.02422253532345553, "precision": 0.9966731875772762, "prediction_time": 104.024604096152, "size": 3116175485, "time": 116.83178456217045, "weighted_avg": 4.151828601869448}}