{"branch": {"accuracy": 0.99999809374014, "distinct": 366, "entropy": 4.5767233390594555, "errors": 156, "exp_cost": 326244176, "f1-score": 0.9999591794571052, "falsepos": 0.0012508038442984315, "fullscore": 0.9996274487827377, "index": 80.79619749817324, "loss": 0.018802930647824123, "meanscore": 0.9997210933494013, "n_docs": 633057, "precision": 0.9999987068092846, "prediction_time": 105.17039379955656, "recall": 0.993428911571564, "time": 132.04261268945473}, "brand": {"accuracy": 0.9995620680743038, "auc": 0.9648220629055483, "avg_time": 342.8747122205976, "benchmark": 3.3210568976057733, "distinct": 193, "entropy": 5.733713766900909, "exp_cost": 1437208, "f1-score": 0.9999964779518691, "falsepos": 1.0698255614727259e-09, "fullscore": 0.9997772229795745, "index": 14.035932727623294, "loss": 1.2458922782343507e-12, "meanscore": 0.9999934512005784, "n_docs": 186593, "non_null": 1.8541366220148348e-09, "prediction_time": 5980.390099489957, "recall": 0.999930131502418, "size": 20361370, "time": 60.46331189865286, "weighted_avg": 5.789921458639487}, "classifier": {"accuracy": 0.9998735869222934, "avg_time": 2.3435075103351175, "benchmark": 2.9730982669747443, "distinct": 471, "entropy": 4.382840029178406, "errors": 547, "exp_cost": 5663522786, "f1-score": 0.9971378004696925, "falsepos": 0.007079823328836277, "fullscore": 0.999980592078425, "index": 24.125918355013372, "loss": 3.860999409077692e-09, "meanscore": 0.9999974393483764, "n_docs": 2265258, "prediction_time": 309.878105780846, "size": 40915219, "time": 99.13846505174794, "weighted_avg": 3.1559226763259938}, "model": {"accuracy": 0.9997626593130013, "auc": 0.9999950703940335, "benchmark": 3.984622665376928, "distinct": 260, "entropy": 3.7194397437523476, "errors": 459, "f1-score": 0.9947214568282035, "fullscore": 0.9999999988332319, "index": 64.67639980824062, "loss": 2.3314793015094537e-06, "meanscore": 0.9999977299345048, "n_docs": 884882304, "prediction_time": 533.0377836666188, "size": 1149487586, "time": 27.48575920509643, "weighted_avg": 3.5196670315816445}, "train": {"accuracy": 0.9999999560258889, "avg_time": 45.325020020481105, "benchmark": 5.750713512893033, "distinct": 411, "entropy": 3.5382806909784854, "errors": 436, "exp_cost": 149549449, "f1-score": 0.9999536762925929, "falsepos": 0.2880452059158889, "fullscore": 0.9998487510236155, "index": 5.734344104387076, "loss": 1.5542439557592047e-08, "meanscore": 0.9989716005380774, "n_docs": 28954, "non_null": 5.915765418995633e-05, "precision": 0.9999997793628751, "prediction_time": 46.69275391603231, "recall": 0.998799835710778, "size": 182108802, "weighted_avg": 6.313287341719656}, "train_full": {"accuracy": 0.9999999987311899, "auc": 0.9999999987666386, "avg_time": 146.55959244756022, "benchmark": 2.7519125168073315, "distinct": 268, "entropy": 3.381393630968616, "exp_cost": 68226244, "f1-score": 0.9445660082454957, "falsepos": 2.9271158097365912e-06, "fullscore": 0.5243554027664344, "index": 188.5524537139739, "meanscore": 0.9997835419781527, "n_docs": 3307164, "non_null": 0.006690255856228511, "precision": 0.9989385116956799, "prediction_time": 144.36174245275407, "size": 14123381245, "time": 194.32797223470664, "weighted_avg": 4.652641828157819}}