{"branch": {"accuracy": 0.9999995686076695, "distinct": 397, "entropy": 4.97807408657376, "errors": 192, "exp_cost": 510881500, "f1-score": 0.9999889102636715, "falsepos": 0.0004954892036115321, "fullscore": 0.9999169921223654, "index": 103.93914458339232, "loss": 0.007292816617003428, "meanscore": 0.9999329064614958, "n_docs": 1406149, "precision": 0.9999998394437615, "prediction_time": 144.16684912644988, "recall": 0.9950142634024859, "time": 188.96078142541936}, "brand": {"accuracy": 0.999763985676821, "auc": 0.9896065640673907, "avg_time": 550.8103494818644, "benchmark": 3.528318215944128, "distinct": 233, "entropy": 6.29256920688408, "exp_cost": 2528990, "f1-score": 0.999999101685342, "falsepos": 8.290712560921065e-11, "fullscore": 0.9999722388014154, "index": 22.56114187215258, "loss": 3.608224830031759e-14, "meanscore": 0.9999973931495639, "n_docs": 418165, "non_null": 1.4541989834526703e-10, "prediction_time": 9476.004323109832, "recall": 0.9999890720362754, "size": 54279334, "time": 85.09328351428775, "weighted_avg": 6.33264493605126}, "classifier": {"accuracy": 0.99994961807147, "avg_time": 2.90780017188107, "benchmark": 3.1986291883500937, "distinct": 487, "entropy": 4.72972400657805, "errors": 573, "exp_cost": 14044636966, "f1-score": 0.9994762291298209, "falsepos": 0.003220585753324956, "fullscore": 0.9999969993558883, "index": 34.820957659323476, "loss": 1.1217093920379284e-10, "meanscore": 0.9999989907785464, "n_docs": 3473500, "prediction_time": 463.24749299887515, "size": 102975243, "time": 152.1721982193142, "weighted_avg": 3.487774917236932}, "model": {"accuracy": 0.9999448210200426, "auc": 0.9999980900487571, "benchmark": 4.358619503910876, "distinct": 285, "entropy": 3.976144835253234, "errors": 482, "f1-score": 0.9989126253913303, "fullscore": 0.9999999999708566, "index": 94.51157384958039, "loss": 2.9480574847973173e-07, "meanscore": 0.9999997532636329, "n_docs": 1842693116, "prediction_time": 702.5755574048234, "size": 3059562040, "time": 38.83435051188462, "weighted_avg": 3.986101589928807}, "train": {"accuracy": 0.9999999973375142, "avg_time": 55.589470843156526, "benchmark": 6.10977507596693, "distinct": 454, "entropy": 3.9736847858010895, "errors": 485, "exp_cost": 433185777, "f1-score": 0.9999942384858022, "falsepos": 0.18975852755351652, "fullscore": 0.9999753955257293, "index": 8.587402735893601, "loss": 1.5021125454595108e-09, "meanscore": 0.9996024610915102, "n_docs": 52695, "non_null": 1.0397359824887431e-05, "precision": 0.9999999859157093, "prediction_time": 63.95244884168672, "recall": 0.9994436428625679, "size": 515987910, "weighted_avg": 6.798449700402704}, "train_full": {"accuracy": 0.9999999998511108, "auc": 0.9999999998868381, "avg_time": 215.3847367152335, "benchmark": 3.2591518928061824, "distinct": 292, "entropy": 3.8311211636352045, "exp_cost": 235373542, "f1-score": 0.9666732719480831, "falsepos": 3.135416386523815e-07, "fullscore": 0.6985535352124883, "index": 259.4841111969613, "meanscore": 0.9999196580375865, "n_docs": 7978369, "non_null": 0.00258413301972249, "precision": 0.9995018375321193, "prediction_time": 219.79126463593877, "size": 26790210009, "time": 302.0713480849763, "weighted_avg": 5.156230293101865}}