{"branch": {"accuracy": 0.999733350610607, "distinct": 257, "entropy": 3.447732650849657, "errors": 71, "exp_cost": 50027097, "f1-score": 0.9970033233572169, "falsepos": 0.03380692145497355, "fullscore": 0.9951936316667138, "index": 31.569990887488665, "loss": 0.12846327273865432, "meanscore": 0.9943902840219799, "n_docs": 35939, "precision": 0.9996277667757731, "prediction_time": 25.383028060745296, "recall": 0.9544068974544102, "time": 42.11393977540439}, "brand": {"accuracy": 0.9926304362144996, "auc": 0.6416552818397492, "avg_time": 140.0027608541835, "benchmark": 2.2048446729369164, "distinct": 82, "entropy": 4.371653928863935, "exp_cost": 215596, "f1-score": 0.9996825725708441, "falsepos": 1.266932317633973e-05, "fullscore": 0.9948792428398378, "index": 5.954932860435363, "loss": 2.2573119595747926e-08, "meanscore": 0.9994223516143872, "n_docs": 22295, "non_null": 2.6452728556503047e-06, "prediction_time": 1434.1222628908683, "recall": 0.9971793473538463, "size": 1157697, "time": 24.766725170995457, "weighted_avg": 4.297345430169341}, "classifier": {"accuracy": 0.9975192058162067, "avg_time": 1.1439535949959774, "benchmark": 1.7172874331541443, "distinct": 357, "entropy": 3.4210406070658204, "errors": 408, "exp_cost": 473193615, "f1-score": 0.9373879952758295, "falsepos": 0.04268468745688603, "fullscore": 0.9988629326131562, "index": 7.165530498205313, "loss": 3.5648818625944045e-06, "meanscore": 0.999828214223006, "n_docs": 232304, "prediction_time": 92.2857873872614, "size": 4083658, "time": 18.753288807655668, "weighted_avg": 2.180381654609457}, "model": {"accuracy": 0.9891476592988321, "auc": 0.9999098117317556, "benchmark": 2.5082083555513712, "distinct": 151, "entropy": 2.573858687716033, "errors": 308, "f1-score": 0.9106927657317493, "fullscore": 0.999998875112753, "index": 24.2208508787016, "loss": 0.0002373376090656354, "meanscore": 0.9998038966964139, "n_docs": 64063560, "prediction_time": 166.03156094732944, "size": 28938278, "time": 9.679779697863559, "weighted_avg": 2.189012971074969}, "train": {"accuracy": 0.9999907492653513, "avg_time": 20.50830305372399, "benchmark": 4.5943736639334904, "distinct": 283, "entropy": 2.0323758833451864, "errors": 289, "exp_cost": 9650431, "f1-score": 0.9991011604359259, "falsepos": 0.6981445464576537, "fullscore": 0.987021749274913, "index": 2.521522370270917, "loss": 3.980554343918641e-06, "meanscore": 0.9732358712149713, "n_docs": 1732, "non_null": 0.010075392667570737, "precision": 0.999967822553776, "prediction_time": 18.475238663961896, "recall": 0.9850866690193971, "size": 10457025, "weighted_avg": 4.815962840065353}, "train_full": {"accuracy": 0.9999993978648785, "auc": 0.9999980518687874, "avg_time": 38.21433460182764, "benchmark": 1.2948685410461205, "distinct": 176, "entropy": 2.157733484870616, "exp_cost": 3146829, "f1-score": 0.6133820280344764, "falsepos": 0.0005621753639424298, "fullscore": 0.2621103205635975, "index": 58.64756642607669, "meanscore": 0.9919884255881565, "n_docs": 494906, "non_null": 0.13954300111953255, "precision": 0.9935224762351027, "prediction_time": 41.044387892844526, "size": 275993707, "time": 46.25298971784634, "weighted_avg": 3.3980886416713427}}