{"branch": {"accuracy": 0.9999999973474841, "distinct": 476, "entropy": 5.935398958201176, "errors": 269, "exp_cost": 1464863731, "f1-score": 0.9999998545824185, "falsepos": 5.748186793774757e-06, "fullscore": 0.9999890182109908, "index": 274.5062194448094, "loss": 0.0012209346531353304, "meanscore": 0.9999971055274272, "n_docs": 13138683, "precision": 0.999999999657521, "prediction_time": 424.0222833017887, "recall": 0.9994091634682267, "time": 549.3730574182003}, "brand": {"accuracy": 0.999988755381958, "auc": 0.9996482758339165, "avg_time": 1175.8958154436536, "benchmark": 4.29831212728227, "distinct": 316, "entropy": 7.078884347848556, "exp_cost": 10460008, "f1-score": 0.9999999896597781, "falsepos": 3.275157922644212e-14, "fullscore": 0.9999992719157015, "index": 50.61044241565687, "loss": 0.0, "meanscore": 0.9999999517121044, "n_docs": 1969892, "non_null": 2.9465319073551655e-13, "prediction_time": 26062.194072169266, "recall": 0.9999996420609253, "size": 442317083, "time": 172.28784277082093, "weighted_avg": 7.313197565337889}, "classifier": {"accuracy": 0.9999971400425791, "avg_time": 4.879862439792872, "benchmark": 3.960792193016217, "distinct": 554, "entropy": 5.560053088844606, "errors": 695, "exp_cost": 84790639039, "f1-score": 0.9999882536454052, "falsepos": 0.0011444405154916737, "fullscore": 0.9999999853847535, "index": 82.17315229139096, "loss": 8.859579736508749e-14, "meanscore": 0.9999999621873789, "n_docs": 17492507, "prediction_time": 1051.1379695330515, "size": 735605937, "time": 519.9746192228714, "weighted_avg": 4.047985677910639}, "model": {"accuracy": 0.9999991171758174, "auc": 0.9999998171709605, "benchmark": 5.343134049364051, "distinct": 366, "entropy": 4.918610204686554, "errors": 597, "f1-score": 0.9999293087565257, "fullscore": 0.9999999999999568, "index": 184.9244259204531, "loss": 3.284616023613296e-09, "meanscore": 0.9999999927307557, "n_docs": 15396263300, "prediction_time": 1745.7682949519988, "size": 21109200823, "time": 69.33590509180272, "weighted_avg": 5.051525798686466}, "train": {"accuracy": 0.9999999999779443, "avg_time": 84.04154049973934, "benchmark": 6.868462157953421, "distinct": 541, "entropy": 5.113402204286117, "errors": 596, "exp_cost": 2345272952, "f1-score": 0.9999995956341894, "falsepos": 0.04782663617083882, "fullscore": 0.9999996449089047, "index": 16.40194173491402, "loss": 2.226485662504274e-11, "meanscore": 0.9999695007173801, "n_docs": 385988, "non_null": 3.4251113611993844e-08, "precision": 0.9999999997932293, "prediction_time": 112.80794682000649, "recall": 0.9999664677890769, "size": 4381667040, "weighted_avg": 7.676939459214908}, "train_full": {"accuracy": 0.9999999999979748, "auc": 0.9999999999999067, "avg_time": 548.7825476356013, "benchmark": 4.343428707189934, "distinct": 378, "entropy": 4.736037059267503, "exp_cost": 2755328342, "f1-score": 0.9952522511130155, "falsepos": 2.603490756314386e-10, "fullscore": 0.8146948782216885, "index": 612.043089154919, "meanscore": 0.9999973525790808, "n_docs": 37957916, "non_null": 8.245036986642695e-05, "precision": 0.999950113807771, "prediction_time": 494.71016562618604, "size": 443101152354, "time": 897.9447111892727, "weighted_avg": 6.048801574837336}}