{"branch": {"accuracy": 0.8602598206816228, "distinct": 48, "entropy": 1.0750803503767747, "errors": -102, "exp_cost": 1518101, "f1-score": 0.7531957718198583, "falsepos": 0.7132254003764893, "fullscore": 0.8746314003062121, "index": 2.9269892624795526, "loss": 0.7343235311885498, "meanscore": 0.8257267074818178, "n_docs": 151, "precision": 0.8182554774958118, "prediction_time": 1.7288439964263356, "recall": 0.6097388586430162, "time": 3.5268402853988428}, "brand": {"accuracy": 0.756899199014186, "auc": 0.008932116191565975, "avg_time": 19.235649667367152, "benchmark": 0.5173021385913177, "distinct": -76, "entropy": 1.7253985061097656, "exp_cost": 6351, "f1-score": 0.928121326704137, "falsepos": 0.08414379182799236, "fullscore": 0.6333759109084262, "index": 0.7303900524765561, "loss": 0.0026328216308282304, "meanscore": 0.9302878955896144, "n_docs": 509, "non_null": 0.01350288537887534, "prediction_time": 106.1127247532761, "recall": 0.7389988463037207, "size": 3447, "time": 5.256666674634866, "weighted_avg": 1.7057215896561213}, "classifier": {"accuracy": 0.8917779166516009, "avg_time": 0.3050732862999419, "benchmark": -0.2991446842362614, "distinct": 182, "entropy": 1.3004108869752873, "errors": 135, "exp_cost": 1854465, "f1-score": 0.15710156181910973, "falsepos": 0.3376009070307334, "fullscore": 0.763624356651515, "index": 0.5049699261023991, "loss": 0.030502261958009314, "meanscore": 0.9792420130082896, "n_docs": 3175, "prediction_time": 10.37342150610837, "size": 43529, "time": 1.0121658412050103, "weighted_avg": 0.5185111152571148}, "model": {"accuracy": 0.45841795975628385, "auc": 0.9948429269328547, "benchmark": -0.06097773395447165, "distinct": -48, "entropy": 0.3313781196897012, "errors": 60, "f1-score": 0.10750198219497015, "fullscore": 0.9846177140239853, "index": 3.7853018628570725, "loss": 0.10966549958735428, "meanscore": 0.9146559678932613, "n_docs": 139214, "prediction_time": 16.358836647131024, "size": 126662, "time": 1.0361017904822183, "weighted_avg": -0.5522925026750869}, "train": {"accuracy": 0.9836512353859179, "avg_time": 5.89053370275989, "benchmark": 2.5376523389632784, "distinct": 78, "entropy": -0.42086227959275724, "errors": 15, "exp_cost": 46304, "f1-score": 0.9496925132652867, "falsepos": 0.9923008924997219, "fullscore": 0.3803629856651581, "index": 0.4807178197852641, "loss": 0.010754176382157254, "meanscore": 0.5135450154100027, "n_docs": 11, "non_null": 0.5819486343699914, "precision": 0.9456929053443625, "prediction_time": 4.525717919189481, "recall": 0.6270581098087217, "size": 91580, "weighted_avg": 2.739102050328638}, "train_full": {"accuracy": 0.9992631828468674, "auc": 0.9805049839436037, "avg_time": 4.044064131826789, "benchmark": -1.2685285799931265, "distinct": -6, "entropy": -0.05715845294730984, "exp_cost": 6983, "f1-score": 0.03186411553584845, "falsepos": 0.21833490154144253, "fullscore": 0.028232739360165626, "index": 5.275485815442094, "meanscore": 0.8178541429474191, "n_docs": 15100, "non_null": 0.8454926518219061, "precision": 0.8654316639738278, "prediction_time": 4.943581973904718, "size": 273858, "time": 3.476503848917673, "weighted_avg": 1.0179080592091332}}