{"branch": {"accuracy": 0.9997547215361103, "distinct": 254, "entropy": 3.4284694756130167, "errors": 68, "exp_cost": 54176903, "f1-score": 0.997153415829762, "falsepos": 0.031337445095007244, "fullscore": 0.9958160795370321, "index": 31.3708948102954, "loss": 0.10420728845215499, "meanscore": 0.9953396444428291, "n_docs": 37022, "precision": 0.9996720123586827, "prediction_time": 27.44466944071631, "recall": 0.9579161551456223, "time": 47.34808688663976}, "brand": {"accuracy": 0.9934053321110821, "auc": 0.6578528027285598, "avg_time": 136.13015410364093, "benchmark": 2.222505024802347, "distinct": 85, "entropy": 4.354354150649161, "exp_cost": 254739, "f1-score": 0.9996905655260176, "falsepos": 9.309997002882042e-06, "fullscore": 0.9951580698419631, "index": 5.863037831970521, "loss": 1.4422577132577885e-08, "meanscore": 0.9995453449798238, "n_docs": 20257, "non_null": 2.1339469074010964e-06, "prediction_time": 1511.1526186708215, "recall": 0.9973558049344841, "size": 1272069, "time": 25.60029049693799, "weighted_avg": 4.3626486562475355}, "classifier": {"accuracy": 0.9978539825462042, "avg_time": 1.142442848267582, "benchmark": 1.7121830380163865, "distinct": 362, "entropy": 3.471180212322661, "errors": 403, "exp_cost": 558584304, "f1-score": 0.9356042580067461, "falsepos": 0.03627311841943204, "fullscore": 0.9991054853472787, "index": 7.735737535410343, "loss": 2.4303487871080165e-06, "meanscore": 0.9998348139506059, "n_docs": 258437, "prediction_time": 98.68093329617793, "size": 4055336, "time": 18.299879693546693, "weighted_avg": 2.2333870274644587}, "model": {"accuracy": 0.9904231902745894, "auc": 0.9999049372602763, "benchmark": 2.570472834756648, "distinct": 155, "entropy": 2.5944553292294668, "errors": 308, "f1-score": 0.925833586671274, "fullscore": 0.9999991555626491, "index": 25.095725085997273, "loss": 0.00023694728440315505, "meanscore": 0.999793716139132, "n_docs": 75333471, "prediction_time": 174.95271152196432, "size": 42894848, "time": 10.141371524391344, "weighted_avg": 2.237281271388225}, "train": {"accuracy": 0.9999905745366988, "avg_time": 20.986555081277064, "benchmark": 4.526268470463516, "distinct": 287, "entropy": 2.1367423475545744, "errors": 293, "exp_cost": 9785511, "f1-score": 0.9990992161266559, "falsepos": 0.6560969116627599, "fullscore": 0.9889216873701564, "index": 2.680875845749529, "loss": 3.635892861675316e-06, "meanscore": 0.9744079168836269, "n_docs": 1731, "non_null": 0.00836262925745479, "precision": 0.9999701071202906, "prediction_time": 19.507769355096922, "recall": 0.9864503860499312, "size": 14104412, "weighted_avg": 4.942755744545313}, "train_full": {"accuracy": 0.9999995931840193, "auc": 0.9999984699055584, "avg_time": 42.00665856818736, "benchmark": 1.2389028011483254, "distinct": 179, "entropy": 2.2237078837821675, "exp_cost": 3247880, "f1-score": 0.6343812679627026, "falsepos": 0.0006034337843092707, "fullscore": 0.28243454053940575, "index": 61.624405234951915, "meanscore": 0.9927959964541113, "n_docs": 498543, "non_null": 0.12434782068179251, "precision": 0.9937833132558218, "prediction_time": 38.80886929947198, "size": 300459208, "time": 51.8864340432501, "weighted_avg": 3.4631895670676047}}