{"branch": {"accuracy": 0.9999825801016397, "distinct": 326, "entropy": 4.137322262008778, "errors": 125, "exp_cost": 146501648, "f1-score": 0.9996969509357236, "falsepos": 0.007124400354400207, "fullscore": 0.9991346455613889, "index": 49.87520574855073, "loss": 0.035754507639665034, "meanscore": 0.999278555984187, "n_docs": 160787, "precision": 0.9999852392952207, "prediction_time": 58.9408826961637, "recall": 0.9765746338757525, "time": 93.14257615803677}, "brand": {"accuracy": 0.9983255729057555, "auc": 0.8962884692287241, "avg_time": 246.0164738979385, "benchmark": 2.715051064187083, "distinct": 168, "entropy": 5.041457215100277, "exp_cost": 674722, "f1-score": 0.9999751719857961, "falsepos": 1.2805150939598775e-07, "fullscore": 0.9994310623778249, "index": 10.018644586809156, "loss": 1.1372036645695971e-10, "meanscore": 0.9999438422534087, "n_docs": 75273, "non_null": 6.405098162964862e-08, "prediction_time": 3583.654819914504, "recall": 0.9996739276491693, "size": 6549949, "time": 43.70559664029996, "weighted_avg": 5.332171014134517}, "classifier": {"accuracy": 0.9994198715572205, "avg_time": 1.6104917916041095, "benchmark": 2.5940935332150743, "distinct": 415, "entropy": 4.032850796948465, "errors": 486, "exp_cost": 1821710166, "f1-score": 0.9876454123693127, "falsepos": 0.013344459200588243, "fullscore": 0.9999455960489035, "index": 13.816832831295905, "loss": 8.518777883104178e-08, "meanscore": 0.9999734291739576, "n_docs": 799892, "prediction_time": 185.4597170243364, "size": 20200933, "time": 52.59375538035204, "weighted_avg": 2.7329050097030363}, "model": {"accuracy": 0.9986926166229055, "auc": 0.9999882411180937, "benchmark": 3.385432095591677, "distinct": 205, "entropy": 3.2411092949715363, "errors": 395, "f1-score": 0.9741077974729798, "fullscore": 0.9999999801829154, "index": 46.6899019769961, "loss": 2.1341690005116654e-05, "meanscore": 0.9999841822983022, "n_docs": 306906764, "prediction_time": 355.4327753355283, "size": 285325252, "time": 15.906165892916437, "weighted_avg": 2.931849013940223}, "train": {"accuracy": 0.9999994972713545, "avg_time": 32.89756168381055, "benchmark": 5.130774131062539, "distinct": 375, "entropy": 2.9102742263614902, "errors": 385, "exp_cost": 48372924, "f1-score": 0.999839248122602, "falsepos": 0.4621138496650943, "fullscore": 0.9988471577393976, "index": 4.214263297571428, "loss": 2.8012360486773247e-07, "meanscore": 0.9943018233055977, "n_docs": 8845, "non_null": 0.0007249750098597962, "precision": 0.9999971659379059, "prediction_time": 35.06945473639749, "recall": 0.9957654244613463, "size": 63581472, "weighted_avg": 5.850338510265501}, "train_full": {"accuracy": 0.999999980819416, "auc": 0.9999999772293011, "avg_time": 79.73152007385852, "benchmark": 2.133974335511813, "distinct": 241, "entropy": 3.0975224555437855, "exp_cost": 19818103, "f1-score": 0.8494020404753444, "falsepos": 3.1073300556627714e-05, "fullscore": 0.47806235937240776, "index": 115.02636172348664, "meanscore": 0.99897265978661, "n_docs": 2091157, "non_null": 0.028771215011703655, "precision": 0.997083476933495, "prediction_time": 96.21270729590906, "size": 2528321644, "time": 111.09190078160583, "weighted_avg": 4.121441680591062}}