{"branch": {"accuracy": 0.9999953768355979, "distinct": 343, "entropy": 4.5601520176002746, "errors": 166, "exp_cost": 176046614, "f1-score": 0.9998760072026304, "falsepos": 0.003253173685128341, "fullscore": 0.9995789122192377, "index": 74.49743111892712, "loss": 0.03017902639266401, "meanscore": 0.9996987447705076, "n_docs": 300296, "precision": 0.9999956669238809, "prediction_time": 79.72134812891419, "recall": 0.9831466444484095, "time": 129.74756228751664}, "brand": {"accuracy": 0.9985995876619034, "auc": 0.9311238281936552, "avg_time": 359.2614480070152, "benchmark": 2.930997031640106, "distinct": 183, "entropy": 5.489802545793814, "exp_cost": 909788, "f1-score": 0.9999893018190306, "falsepos": 1.467356369744266e-08, "fullscore": 0.9997491852909623, "index": 14.658763068561182, "loss": 5.164313421346378e-12, "meanscore": 0.9999801320343628, "n_docs": 110914, "non_null": 8.491192415860382e-09, "prediction_time": 4839.301199858384, "recall": 0.9999135678035649, "size": 11579493, "time": 56.862411892842886, "weighted_avg": 5.505624328328224}, "classifier": {"accuracy": 0.9997300279212893, "avg_time": 2.1344289033192543, "benchmark": 2.7420774988838734, "distinct": 440, "entropy": 4.298422710027339, "errors": 510, "exp_cost": 3904621829, "f1-score": 0.9960815563537329, "falsepos": 0.007668465902239685, "fullscore": 0.9999713521440119, "index": 20.658341727364423, "loss": 8.462773370965238e-09, "meanscore": 0.9999874034847166, "n_docs": 1227596, "prediction_time": 253.8104661260157, "size": 33181808, "time": 75.04216646810396, "weighted_avg": 2.942284842389704}, "model": {"accuracy": 0.9994480929313596, "auc": 0.9999949994021071, "benchmark": 3.7098494171824963, "distinct": 240, "entropy": 3.5265222940205776, "errors": 410, "f1-score": 0.9884773683180065, "fullscore": 0.9999999983912133, "index": 53.69381711113927, "loss": 5.4331862133771835e-06, "meanscore": 0.9999968274054902, "n_docs": 672184211, "prediction_time": 424.87217556119003, "size": 610620967, "time": 21.193130989062322, "weighted_avg": 3.2651463389219813}, "train": {"accuracy": 0.9999999189617939, "avg_time": 38.49474545684112, "benchmark": 5.521782306294089, "distinct": 397, "entropy": 3.410407628433773, "errors": 421, "exp_cost": 115876400, "f1-score": 0.9999701277951207, "falsepos": 0.3493445135685962, "fullscore": 0.999721361454177, "index": 5.356525200781757, "loss": 3.6236741607353906e-08, "meanscore": 0.9977296490925066, "n_docs": 14112, "non_null": 0.0002648918582218718, "precision": 0.9999995478002109, "prediction_time": 39.53272620886095, "recall": 0.9976790163527364, "size": 121772564, "weighted_avg": 5.941752649592964}, "train_full": {"accuracy": 0.9999999966253766, "auc": 0.9999999955845124, "avg_time": 111.74721512639113, "benchmark": 2.5815622629839976, "distinct": 249, "entropy": 3.254411106116773, "exp_cost": 49180473, "f1-score": 0.8966309091603242, "falsepos": 6.526850793941996e-06, "fullscore": 0.5270331469416525, "index": 146.6033938712591, "meanscore": 0.9995222100663106, "n_docs": 2817760, "non_null": 0.018013116272540985, "precision": 0.9979024754114149, "prediction_time": 120.25634311961215, "size": 4813230845, "time": 153.06988539594542, "weighted_avg": 4.495087481182855}}