{"branch": {"accuracy": 0.9911643365231398, "distinct": 188, "entropy": 2.316753209635652, "errors": 0, "exp_cost": 5890922, "f1-score": 0.969927666325764, "falsepos": 0.19446273446530338, "fullscore": 0.9822844233124297, "index": 8.705765410833871, "loss": 0.30055381398484804, "meanscore": 0.9798632343108487, "n_docs": 5081, "precision": 0.9898501475274675, "prediction_time": 8.10175270392217, "recall": 0.8313183634052327, "time": 13.376092066309411}, "brand": {"accuracy": 0.9566333930773991, "auc": 0.22161466690990655, "avg_time": 51.95393504314519, "benchmark": 1.5308864681692285, "distinct": 19, "entropy": 3.252000367665679, "exp_cost": 48597, "f1-score": 0.9959756498181507, "falsepos": 0.0008458302725856681, "fullscore": 0.9325896462276184, "index": 2.375029738680959, "loss": 2.869486624756945e-06, "meanscore": 0.9944728705474164, "n_docs": 5473, "non_null": 0.0001809343928304008, "prediction_time": 462.4122843634639, "recall": 0.9663600059375497, "size": 82260, "time": 11.999792992898154, "weighted_avg": 3.2578792122050517}, "classifier": {"accuracy": 0.9863515609347246, "avg_time": 0.6712465160887905, "benchmark": 0.8235779687152894, "distinct": 277, "entropy": 2.4477513111045126, "errors": 281, "exp_cost": 38019983, "f1-score": 0.6690021431551338, "falsepos": 0.13196551521649158, "fullscore": 0.9771846478855941, "index": 2.115652183876566, "loss": 0.00044224553492355767, "meanscore": 0.9983431465041006, "n_docs": 24821, "prediction_time": 41.79128782781483, "size": 675816, "time": 5.726886580137648, "weighted_avg": 1.305127154981241}, "model": {"accuracy": 0.8912167064021819, "auc": 0.9993263323100501, "benchmark": 1.4783850672619296, "distinct": 62, "entropy": 1.5001660374680297, "errors": 220, "f1-score": 0.5075989399813878, "fullscore": 0.9998727741832635, "index": 10.138221031355195, "loss": 0.006402102173873159, "meanscore": 0.9946446546806278, "n_docs": 4048203, "prediction_time": 61.66211864880004, "size": 3444631, "time": 3.335515453167423, "weighted_avg": 1.02934972704315}, "train": {"accuracy": 0.9995444561033626, "avg_time": 11.714334362012263, "benchmark": 3.748003401379191, "distinct": 195, "entropy": 0.9781099736114968, "errors": 167, "exp_cost": 890783, "f1-score": 0.9938805809565436, "falsepos": 0.8974531284015929, "fullscore": 0.8739241285506034, "index": 1.3077760923091635, "loss": 0.00031563350680507973, "meanscore": 0.8282954993878384, "n_docs": 215, "non_null": 0.08823554766599728, "precision": 0.9978427935549378, "prediction_time": 10.893559235503082, "recall": 0.913698889821573, "size": 1728566, "weighted_avg": 4.147204261176367}, "train_full": {"accuracy": 0.9999872648296381, "auc": 0.9998398645753409, "avg_time": 13.139977328348262, "benchmark": 0.33696497816638205, "distinct": 94, "entropy": 1.252610948699501, "exp_cost": 203369, "f1-score": 0.19850028174055295, "falsepos": 0.009133331874346506, "fullscore": 0.11166807778606125, "index": 17.37858854189511, "meanscore": 0.9681052742681728, "n_docs": 138514, "non_null": 0.3138604111241827, "precision": 0.9633622903139089, "prediction_time": 17.711524251138606, "size": 10514860, "time": 14.604037222237746, "weighted_avg": 2.2936387449154547}}