{"branch": {"accuracy": 0.9736468798607787, "distinct": 118, "entropy": 2.0161530771418565, "errors": -34, "exp_cost": 5368322, "f1-score": 0.9214153638542121, "falsepos": 0.3680606281774397, "fullscore": 0.9592568557229082, "index": 6.649521581696208, "loss": 0.5485761062516313, "meanscore": 0.9263867334563465, "n_docs": 1236, "precision": 0.9587073583605353, "prediction_time": 4.330568136491923, "recall": 0.7741546351662195, "time": 10.783360730563695}, "brand": {"accuracy": 0.9068357373444615, "auc": 0.07978701789990639, "avg_time": 38.51414066514421, "benchmark": 1.0769648872346378, "distinct": -24, "entropy": 2.804860129505083, "exp_cost": 23624, "f1-score": 0.9885272543711607, "falsepos": 0.005859295102645268, "fullscore": 0.8881161380218277, "index": 1.5908103489032652, "loss": 8.961444809041375e-05, "meanscore": 0.9839039687680418, "n_docs": 2017, "non_null": 0.0008509805752814348, "prediction_time": 299.45652653545, "recall": 0.9201711751390659, "size": 24907, "time": 9.587214636130359, "weighted_avg": 2.712838747243383}, "classifier": {"accuracy": 0.9653207759471711, "avg_time": 0.5134642230761506, "benchmark": 0.3912397658622161, "distinct": 265, "entropy": 2.0953372585448102, "errors": 242, "exp_cost": 14181654, "f1-score": 0.5048459678936098, "falsepos": 0.17443703868199134, "fullscore": 0.9305771541319081, "index": 1.3516904292822773, "loss": 0.003197912152455906, "meanscore": 0.9961450182895295, "n_docs": 15396, "prediction_time": 21.30019048681602, "size": 182748, "time": 2.8388620657839567, "weighted_avg": 1.1075769195380358}, "model": {"accuracy": 0.7913992007678384, "auc": 0.9982770873633483, "benchmark": 0.8713330851260225, "distinct": 27, "entropy": 0.9679939402959351, "errors": 152, "f1-score": 0.32796259370044145, "fullscore": 0.9991217581815578, "index": 8.03261284190038, "loss": 0.017883780064077426, "meanscore": 0.9871365307327998, "n_docs": 1550885, "prediction_time": 33.62862858098326, "size": 751579, "time": 2.1808510902817626, "weighted_avg": 0.45007184328692373}, "train": {"accuracy": 0.998907374153834, "avg_time": 8.70652569351819, "benchmark": 3.24778927544777, "distinct": 152, "entropy": 0.42414181288201774, "errors": 106, "exp_cost": 349873, "f1-score": 0.9845567475945571, "falsepos": 0.9606545574781021, "fullscore": 0.732675544102187, "index": 0.82274249594113, "loss": 0.0011732152778544114, "meanscore": 0.7364028797848035, "n_docs": 69, "non_null": 0.22974471456915557, "precision": 0.9955248748319162, "prediction_time": 8.204334308297966, "recall": 0.8522026914374029, "size": 524670, "weighted_avg": 3.542631755377356}, "train_full": {"accuracy": 0.9999330950512502, "auc": 0.9982321545477053, "avg_time": 9.747473027669828, "benchmark": -0.35838710416342157, "distinct": 51, "entropy": 0.6102350882809546, "exp_cost": 81529, "f1-score": 0.11070217005837735, "falsepos": 0.04384829078227226, "fullscore": 0.06777149654302944, "index": 12.95989577660184, "meanscore": 0.9148372446570896, "n_docs": 43116, "non_null": 0.579004933676334, "precision": 0.9447345694301341, "prediction_time": 9.757117199688984, "size": 4678593, "time": 8.409366745404457, "weighted_avg": 1.9060216133016161}}