{"branch": {"accuracy": 0.8898542238744447, "distinct": 55, "entropy": 1.2975497801853006, "errors": -104, "exp_cost": 1185457, "f1-score": 0.781824636378176, "falsepos": 0.6795699768596986, "fullscore": 0.8690347659356475, "index": 3.0548430543975984, "loss": 0.7024974621367114, "meanscore": 0.8695075532860128, "n_docs": 277, "precision": 0.8411999305943918, "prediction_time": 2.0610437607273258, "recall": 0.5710338828678642, "time": 4.37192919700173}, "brand": {"accuracy": 0.7953253230580118, "auc": 0.020194319231850555, "avg_time": 22.078099987745862, "benchmark": 0.3866041990895551, "distinct": -82, "entropy": 1.8593332111664784, "exp_cost": 6331, "f1-score": 0.9512481665674064, "falsepos": 0.05426584581653282, "fullscore": 0.7092800227288101, "index": 0.856708663708158, "loss": 0.0012558731728333772, "meanscore": 0.9448012876046855, "n_docs": 478, "non_null": 0.011339427985295414, "prediction_time": 121.1786753300965, "recall": 0.7616116658268235, "size": 4801, "time": 5.548586751607421, "weighted_avg": 2.0208564549208115}, "classifier": {"accuracy": 0.9123713392517028, "avg_time": 0.32015243269507204, "benchmark": -0.2539894528351547, "distinct": 201, "entropy": 1.43514384567053, "errors": 153, "exp_cost": 2530844, "f1-score": 0.20412237721799809, "falsepos": 0.3242045655046464, "fullscore": 0.7978114958878909, "index": 0.6228557984832183, "loss": 0.027970275617038798, "meanscore": 0.9803607285217981, "n_docs": 3292, "prediction_time": 12.695276233134253, "size": 57765, "time": 1.0394368401074023, "weighted_avg": 0.4440996368751037}, "model": {"accuracy": 0.4459046035778569, "auc": 0.9959094197082996, "benchmark": 0.1283974298021629, "distinct": -34, "entropy": 0.34260591263935647, "errors": 64, "f1-score": 0.11554055610857028, "fullscore": 0.98864004224007, "index": 3.925497132591228, "loss": 0.0868955038054704, "meanscore": 0.9316423855584, "n_docs": 247758, "prediction_time": 18.8724464094479, "size": 162412, "time": 1.2129160109169292, "weighted_avg": -0.426139433390296}, "train": {"accuracy": 0.9824951551260441, "avg_time": 5.6176620418347145, "benchmark": 2.6993961159876805, "distinct": 84, "entropy": -0.32821914761753973, "errors": 29, "exp_cost": 65006, "f1-score": 0.9643662042908988, "falsepos": 0.9908190201695835, "fullscore": 0.43836145748251165, "index": 0.4830401234257626, "loss": 0.00907597696382001, "meanscore": 0.5328942915388742, "n_docs": 12, "non_null": 0.467648889005839, "precision": 0.9551053630147565, "prediction_time": 4.688496029604875, "recall": 0.6794627605521724, "size": 125185, "weighted_avg": 2.707401398112884}, "train_full": {"accuracy": 0.9995696172797282, "auc": 0.9876219940078914, "avg_time": 4.538454001823958, "benchmark": -1.2327568811676113, "distinct": 0, "entropy": 0.08012914532115381, "exp_cost": 9108, "f1-score": 0.035577610044324914, "falsepos": 0.16305285541772097, "fullscore": 0.030484287362053886, "index": 5.470782967054816, "meanscore": 0.822327846517968, "n_docs": 19364, "non_null": 0.786041758225642, "precision": 0.8567364379750717, "prediction_time": 6.028568895547742, "size": 379368, "time": 4.277507754314123, "weighted_avg": 1.1546812503860544}}