{"branch": {"accuracy": 0.962440783465924, "distinct": 109, "entropy": 1.7090655171104243, "errors": -56, "exp_cost": 2391265, "f1-score": 0.8910924692532083, "falsepos": 0.43467538665997574, "fullscore": 0.9434388542938101, "index": 5.693032849670318, "loss": 0.5544874647806531, "meanscore": 0.927504677337019, "n_docs": 974, "precision": 0.941245090334896, "prediction_time": 3.8957213669973836, "recall": 0.7137557728344605, "time": 7.680761651339615}, "brand": {"accuracy": 0.8745562101238297, "auc": 0.07323946266969578, "avg_time": 30.879014747218832, "benchmark": 1.0739863241391727, "distinct": -51, "entropy": 2.383399242176262, "exp_cost": 17582, "f1-score": 0.9793126913354043, "falsepos": 0.008219407364473241, "fullscore": 0.8948802257599789, "index": 1.2429666453137376, "loss": 0.00010472815952833336, "meanscore": 0.9842176580328719, "n_docs": 1294, "non_null": 0.0017771934062315031, "prediction_time": 272.4435613447588, "recall": 0.91579043812396, "size": 22861, "time": 8.048833645569399, "weighted_avg": 2.5931749516093796}, "classifier": {"accuracy": 0.9538520740865704, "avg_time": 0.45128447297547275, "benchmark": 0.3584179103493565, "distinct": 239, "entropy": 1.897511029532467, "errors": 196, "exp_cost": 11815676, "f1-score": 0.3937411642556157, "falsepos": 0.21318952176925365, "fullscore": 0.9217861927922025, "index": 1.1802952279298689, "loss": 0.003759495670121682, "meanscore": 0.9913470669792064, "n_docs": 8746, "prediction_time": 21.0964205391268, "size": 124821, "time": 2.5158910870384887, "weighted_avg": 0.8619814162136525}, "model": {"accuracy": 0.7047059527532504, "auc": 0.9979097313744276, "benchmark": 0.7130052718278621, "distinct": 11, "entropy": 0.9747460995370669, "errors": 131, "f1-score": 0.31944606521363034, "fullscore": 0.9983063889061644, "index": 7.207709705511451, "loss": 0.030271629680905687, "meanscore": 0.9823178946349631, "n_docs": 1096585, "prediction_time": 29.9035194167617, "size": 524783, "time": 1.9080132235875316, "weighted_avg": 0.2722691047678258}, "train": {"accuracy": 0.996880204677202, "avg_time": 8.195361933965769, "benchmark": 3.263496378500328, "distinct": 142, "entropy": 0.39378708965128434, "errors": 85, "exp_cost": 229050, "f1-score": 0.9868923483206482, "falsepos": 0.969345902466813, "fullscore": 0.651809113145321, "index": 0.7464783598795749, "loss": 0.0016171391744862484, "meanscore": 0.6652031058114182, "n_docs": 41, "non_null": 0.2704485080251722, "precision": 0.9905623679519725, "prediction_time": 6.460770096725495, "recall": 0.8209664255266755, "size": 313049, "weighted_avg": 3.255084179756708}, "train_full": {"accuracy": 0.9998628280244205, "auc": 0.9974202007867157, "avg_time": 7.760977866599606, "benchmark": -0.48480338297953185, "distinct": 39, "entropy": 0.46912258444246524, "exp_cost": 44590, "f1-score": 0.12396930651173882, "falsepos": 0.05753886045465384, "fullscore": 0.05422492174199467, "index": 9.606301789284583, "meanscore": 0.8988295766612602, "n_docs": 31302, "non_null": 0.6328130773522531, "precision": 0.9282158125597709, "prediction_time": 9.600135481912893, "size": 1980756, "time": 7.262657283294737, "weighted_avg": 1.6734093754811257}}