{"branch": {"accuracy": 0.9999999073447998, "distinct": 430, "entropy": 5.3652979982886215, "errors": 228, "exp_cost": 466558460, "f1-score": 0.999996996233917, "falsepos": 0.0001191649177467724, "fullscore": 0.9999491808675375, "index": 152.58717626164378, "loss": 0.005053603323519118, "meanscore": 0.9999735091072491, "n_docs": 3136193, "precision": 0.9999999694795811, "prediction_time": 206.59371599931853, "recall": 0.9969443664332858, "time": 298.00390581039915}, "brand": {"accuracy": 0.9999090931304696, "auc": 0.9933277524837519, "avg_time": 595.1777326738666, "benchmark": 3.7387910448054344, "distinct": 249, "entropy": 6.428039602663949, "exp_cost": 3479890, "f1-score": 0.9999997683236808, "falsepos": 6.244449402004193e-12, "fullscore": 0.9999836526430992, "index": 30.750852261864065, "loss": 1.2212453270876722e-15, "meanscore": 0.9999994006580009, "n_docs": 637383, "non_null": 4.723255120353542e-11, "prediction_time": 12613.964248719805, "recall": 0.9999971878787903, "size": 96156802, "time": 93.71467459810765, "weighted_avg": 6.417548488782026}, "classifier": {"accuracy": 0.9999804776226002, "avg_time": 3.543244203602646, "benchmark": 3.6322543912395493, "distinct": 513, "entropy": 5.00781163870693, "errors": 606, "exp_cost": 22343412485, "f1-score": 0.9998504644234507, "falsepos": 0.001956162397589889, "fullscore": 0.9999996714191968, "index": 46.976987658551984, "loss": 1.0123346605439565e-11, "meanscore": 0.9999994259363174, "n_docs": 5479089, "prediction_time": 633.6773587140933, "size": 176637398, "time": 237.45216688142554, "weighted_avg": 3.450147328483955}, "model": {"accuracy": 0.9999755139658445, "auc": 0.9999992443240973, "benchmark": 4.6833297508774665, "distinct": 317, "entropy": 4.279355334749696, "errors": 513, "f1-score": 0.9994561267148749, "fullscore": 0.999999999984676, "index": 110.99531938462276, "loss": 8.29736778173995e-08, "meanscore": 0.999999871115766, "n_docs": 4904435495, "prediction_time": 992.4627754283465, "size": 5369311817, "time": 51.949311375066706, "weighted_avg": 4.2305462542240235}, "train": {"accuracy": 0.9999999986544531, "avg_time": 60.17694740829832, "benchmark": 6.342795191055769, "distinct": 470, "entropy": 4.314921238505037, "errors": 520, "exp_cost": 594473942, "f1-score": 0.9999969322263869, "falsepos": 0.1331790451582724, "fullscore": 0.9999885221191518, "index": 8.877216751951773, "loss": 4.5556536321100793e-10, "meanscore": 0.9998168636360489, "n_docs": 93094, "non_null": 2.5402797674267674e-06, "precision": 0.9999999924895772, "prediction_time": 75.21527911528861, "recall": 0.9997422737678323, "size": 1065558311, "weighted_avg": 6.859170099738027}, "train_full": {"accuracy": 0.9999999999405654, "auc": 0.9999999999849151, "avg_time": 265.5730970178141, "benchmark": 3.56813345190007, "distinct": 321, "entropy": 4.005848626137981, "exp_cost": 476996569, "f1-score": 0.9851688189114121, "falsepos": 2.2824540479859934e-08, "fullscore": 0.6829925294644287, "index": 300.1242731825971, "meanscore": 0.9999734083623423, "n_docs": 9150652, "non_null": 0.0010776301488970574, "precision": 0.9996800086961868, "prediction_time": 281.2612114262199, "size": 114590133562, "time": 390.4567221178631, "weighted_avg": 5.345402063039916}}