{"branch": {"accuracy": 0.9984558967727928, "distinct": 213, "entropy": 2.858629630326916, "errors": 38, "exp_cost": 24608179, "f1-score": 0.9895019554455445, "falsepos": 0.12072237275732045, "fullscore": 0.9880636279298743, "index": 13.981320866600742, "loss": 0.24666016668434299, "meanscore": 0.9892476240875334, "n_docs": 9721, "precision": 0.9978029511072029, "prediction_time": 14.018825210003596, "recall": 0.8840096379502616, "time": 25.06082935934124}, "brand": {"accuracy": 0.9827127953776401, "auc": 0.42036963606420086, "avg_time": 84.93948627210608, "benchmark": 1.649699160047828, "distinct": 61, "entropy": 3.8552138070186235, "exp_cost": 125958, "f1-score": 0.9988410627718374, "falsepos": 7.831256261892072e-05, "fullscore": 0.9842727178629574, "index": 3.541069414891825, "loss": 3.7130711760813284e-07, "meanscore": 0.9987200746458136, "n_docs": 8736, "non_null": 2.178136079789006e-05, "prediction_time": 892.2204326369227, "recall": 0.992065272561363, "size": 349822, "time": 17.92020505741846, "weighted_avg": 3.847445570071398}, "classifier": {"accuracy": 0.9942038169375764, "avg_time": 0.7972773313632211, "benchmark": 1.344984336170222, "distinct": 332, "entropy": 2.9216252483996774, "errors": 331, "exp_cost": 166620251, "f1-score": 0.8291614231050712, "falsepos": 0.06131047458306271, "fullscore": 0.9949855482456446, "index": 4.524904037487739, "loss": 4.3075505426593e-05, "meanscore": 0.9995522581397338, "n_docs": 89953, "prediction_time": 64.15164467482697, "size": 1408184, "time": 9.45545785342651, "weighted_avg": 1.78419296274762}, "model": {"accuracy": 0.9606959306599936, "auc": 0.9998423107657588, "benchmark": 1.9332278041780053, "distinct": 109, "entropy": 1.9960598136871353, "errors": 261, "f1-score": 0.8005244927177254, "fullscore": 0.9999872488536391, "index": 17.913199932286513, "loss": 0.0011595941020859923, "meanscore": 0.9989208156149705, "n_docs": 17784341, "prediction_time": 101.19079763856226, "size": 8540754, "time": 6.345058630678966, "weighted_avg": 1.5195600965993592}, "train": {"accuracy": 0.9999470637541907, "avg_time": 15.076138085205056, "benchmark": 4.064968040716259, "distinct": 240, "entropy": 1.732059808811687, "errors": 235, "exp_cost": 2868921, "f1-score": 0.997097063014028, "falsepos": 0.8187959355626278, "fullscore": 0.9555676421290125, "index": 1.5955994222570036, "loss": 4.311721562155757e-05, "meanscore": 0.9374197097118595, "n_docs": 527, "non_null": 0.033690550630170235, "precision": 0.9997712833119974, "prediction_time": 14.055994298925883, "recall": 0.9551485760338765, "size": 4355684, "weighted_avg": 4.481279770627694}, "train_full": {"accuracy": 0.9999968482771775, "auc": 0.9999785681156138, "avg_time": 25.554569542515086, "benchmark": 0.6683570900386712, "distinct": 138, "entropy": 1.7678823082555444, "exp_cost": 837817, "f1-score": 0.47184640741593104, "falsepos": 0.003466812480544701, "fullscore": 0.220517630870268, "index": 36.27752431489243, "meanscore": 0.9849051516877121, "n_docs": 178744, "non_null": 0.269589767085223, "precision": 0.9802243998333926, "prediction_time": 30.83632474410736, "size": 57602843, "time": 27.307265882471373, "weighted_avg": 2.945159744580212}}