{"branch": {"accuracy": 0.9999999096049457, "distinct": 431, "entropy": 5.427453852669504, "errors": 223, "exp_cost": 494670389, "f1-score": 0.9999972728366506, "falsepos": 8.176898125311638e-05, "fullscore": 0.9999598378268743, "index": 157.64162406679765, "loss": 0.004421177145387145, "meanscore": 0.9999811195478716, "n_docs": 3275100, "precision": 0.9999999788550976, "prediction_time": 216.42293861166488, "recall": 0.9974165822467616, "time": 285.4871363078712}, "brand": {"accuracy": 0.9999222937155148, "auc": 0.9946124033873167, "avg_time": 658.4447550811851, "benchmark": 3.8028341786444675, "distinct": 253, "entropy": 6.5874723799280215, "exp_cost": 3377114, "f1-score": 0.9999997876834559, "falsepos": 4.438893697056301e-12, "fullscore": 0.9999895735149057, "index": 31.242254874746955, "loss": 7.771561172376096e-16, "meanscore": 0.999999533659328, "n_docs": 615139, "non_null": 2.9478086638334844e-11, "prediction_time": 13668.401067041794, "recall": 0.9999975927364573, "size": 97468969, "time": 98.3476955721789, "weighted_avg": 6.429004822865755}, "classifier": {"accuracy": 0.9999833981005293, "avg_time": 3.6349873670402744, "benchmark": 3.6213202712982815, "distinct": 512, "entropy": 5.050497208392336, "errors": 626, "exp_cost": 22686999835, "f1-score": 0.9998763062087881, "falsepos": 0.0017554820182281716, "fullscore": 0.9999996867140462, "index": 47.31859250889814, "loss": 1.1711520642165851e-11, "meanscore": 0.9999997221413415, "n_docs": 5768178, "prediction_time": 576.4638330241481, "size": 213736731, "time": 235.61522019041055, "weighted_avg": 3.549921407721035}, "model": {"accuracy": 0.9999841517912851, "auc": 0.9999990895171947, "benchmark": 4.745060333992838, "distinct": 320, "entropy": 4.272558240733342, "errors": 514, "f1-score": 0.9996542336329345, "fullscore": 0.9999999999923173, "index": 117.98679685601584, "loss": 6.866930024607143e-08, "meanscore": 0.9999998737940441, "n_docs": 4512360123, "prediction_time": 1059.0456129080649, "size": 5928950115, "time": 50.9289707314111, "weighted_avg": 4.335169717839243}, "train": {"accuracy": 0.9999999987096311, "avg_time": 60.14155835434789, "benchmark": 6.288654289540591, "distinct": 478, "entropy": 4.40008512945523, "errors": 522, "exp_cost": 634534068, "f1-score": 0.999997096494965, "falsepos": 0.12740406787897396, "fullscore": 0.9999906403527894, "index": 9.553809095459403, "loss": 3.3842040281228947e-10, "meanscore": 0.9998178964726352, "n_docs": 91770, "non_null": 2.0246160425951842e-06, "precision": 0.9999999928344655, "prediction_time": 75.35396102351746, "recall": 0.9998056684039959, "size": 1210535933, "weighted_avg": 7.00681595846203}, "train_full": {"accuracy": 0.9999999999235919, "auc": 0.9999999999885935, "avg_time": 270.14987097205113, "benchmark": 3.682433291435578, "distinct": 320, "entropy": 4.091182397544866, "exp_cost": 590697707, "f1-score": 0.9863663525449176, "falsepos": 2.2379359920776665e-08, "fullscore": 0.7027256882808306, "index": 312.15508579747615, "meanscore": 0.9999754966403331, "n_docs": 10916504, "non_null": 0.0006971215110449513, "precision": 0.9997269330056276, "prediction_time": 293.6945004904005, "size": 106846997414, "time": 427.8652759523596, "weighted_avg": 5.427729419253768}}