{"branch": {"accuracy": 0.999846186030744, "distinct": 264, "entropy": 3.519414716911885, "errors": 77, "exp_cost": 41537926, "f1-score": 0.9979654110755465, "falsepos": 0.02634079272165102, "fullscore": 0.9972852606867212, "index": 33.796241999300946, "loss": 0.1227271563133614, "meanscore": 0.9976049733000372, "n_docs": 63609, "precision": 0.9997811991404055, "prediction_time": 28.29452335334255, "recall": 0.9473522078301002, "time": 53.597700798027084}, "brand": {"accuracy": 0.9932763074329263, "auc": 0.6779994139925235, "avg_time": 137.57740462565224, "benchmark": 2.431173126703202, "distinct": 100, "entropy": 4.535569332741949, "exp_cost": 355120, "f1-score": 0.999795362458045, "falsepos": 4.0507269337686225e-06, "fullscore": 0.9962962246175441, "index": 5.615227837127624, "loss": 2.8218339886976196e-09, "meanscore": 0.9996936772790833, "n_docs": 30717, "non_null": 6.866833943686146e-07, "prediction_time": 1742.9627755331173, "recall": 0.9987164415752675, "size": 1152868, "time": 30.080835611127522, "weighted_avg": 4.4945130955621}, "classifier": {"accuracy": 0.9982171983871576, "avg_time": 1.2942130352115735, "benchmark": 1.9944186250358988, "distinct": 375, "entropy": 3.574889074837755, "errors": 411, "exp_cost": 774758223, "f1-score": 0.950079863759715, "falsepos": 0.027672520574320236, "fullscore": 0.9992788853309844, "index": 8.235065672320536, "loss": 1.8032728548167398e-06, "meanscore": 0.9998760499778906, "n_docs": 353020, "prediction_time": 97.56225909341303, "size": 4064206, "time": 23.105139680141264, "weighted_avg": 2.1229333896554543}, "model": {"accuracy": 0.9898370372371541, "auc": 0.999926315062627, "benchmark": 2.6016143782668286, "distinct": 169, "entropy": 2.659871726623728, "errors": 333, "f1-score": 0.9343685161468983, "fullscore": 0.9999996851582551, "index": 26.785629831212084, "loss": 0.00014068535001410254, "meanscore": 0.9998664478514211, "n_docs": 91617246, "prediction_time": 176.98225477433238, "size": 64168932, "time": 12.516402238576042, "weighted_avg": 2.383333635489788}, "train": {"accuracy": 0.9999976245241674, "avg_time": 24.8521752929043, "benchmark": 4.703513871287612, "distinct": 294, "entropy": 2.4603589038001816, "errors": 302, "exp_cost": 15110817, "f1-score": 0.9994370889011963, "falsepos": 0.6297920807850289, "fullscore": 0.992545479288633, "index": 2.9063479451205665, "loss": 1.9170925200651112e-06, "meanscore": 0.9823919229421678, "n_docs": 2164, "non_null": 0.004265723578037228, "precision": 0.9999901178892676, "prediction_time": 21.344799265323974, "recall": 0.9884338456609141, "size": 17263435, "weighted_avg": 5.149448713540973}, "train_full": {"accuracy": 0.9999998526425868, "auc": 0.9999985683121291, "avg_time": 47.54281025753938, "benchmark": 1.3744525329097874, "distinct": 187, "entropy": 2.2431972778412366, "exp_cost": 5820362, "f1-score": 0.738266731321143, "falsepos": 0.0002134172096356357, "fullscore": 0.30308162493921964, "index": 71.3483251394717, "meanscore": 0.9942711621873798, "n_docs": 499728, "non_null": 0.08725675013976097, "precision": 0.99289891593686, "prediction_time": 48.61832331354826, "size": 395510161, "time": 52.81668191839983, "weighted_avg": 3.6010885859963735}}