{"branch": {"accuracy": 0.9437909884426932, "distinct": 98, "entropy": 1.6257837564800393, "errors": -73, "exp_cost": 2416307, "f1-score": 0.8724710527456974, "falsepos": 0.513639418481556, "fullscore": 0.9135254208047232, "index": 4.967546885015443, "loss": 0.6180018397046451, "meanscore": 0.9013936595693424, "n_docs": 664, "precision": 0.9196549525024584, "prediction_time": 3.3867182995588827, "recall": 0.67609424897405, "time": 6.8928039689930545}, "brand": {"accuracy": 0.8555764078530268, "auc": 0.04107168110412168, "avg_time": 24.147143971421173, "benchmark": 0.7853897004679474, "distinct": -45, "entropy": 2.242248578952521, "exp_cost": 18119, "f1-score": 0.978770785630395, "falsepos": 0.01348519199587006, "fullscore": 0.8683582452806098, "index": 0.9543668440295284, "loss": 0.00023777439831362823, "meanscore": 0.9789003003911898, "n_docs": 1028, "non_null": 0.0026859526468911987, "prediction_time": 230.78254167823297, "recall": 0.8576471857733523, "size": 10899, "time": 7.272189064498133, "weighted_avg": 2.3853142465329356}, "classifier": {"accuracy": 0.9402030000098377, "avg_time": 0.43778998345085407, "benchmark": 0.06002752866840472, "distinct": 219, "entropy": 1.801150447239246, "errors": 206, "exp_cost": 8973815, "f1-score": 0.33062151233280873, "falsepos": 0.280407827184861, "fullscore": 0.8779275013798733, "index": 1.0967915562007666, "loss": 0.00896597593265347, "meanscore": 0.9898772832109994, "n_docs": 6480, "prediction_time": 17.20706636039253, "size": 93003, "time": 1.9633971188849564, "weighted_avg": 0.8187629224967445}, "model": {"accuracy": 0.64039811772048, "auc": 0.9976785463478255, "benchmark": 0.6011532011148675, "distinct": -2, "entropy": 0.6996227047564902, "errors": 132, "f1-score": 0.2590320387893628, "fullscore": 0.9974762712529295, "index": 6.690981132670929, "loss": 0.043006213330276655, "meanscore": 0.9730951301765356, "n_docs": 825467, "prediction_time": 26.671065202684783, "size": 451614, "time": 1.7922042521346429, "weighted_avg": 0.11086340445401227}, "train": {"accuracy": 0.9968355920606942, "avg_time": 6.76991698976434, "benchmark": 3.092226461070023, "distinct": 130, "entropy": -0.02389473206014714, "errors": 76, "exp_cost": 181430, "f1-score": 0.9783933433225771, "falsepos": 0.9810382718020318, "fullscore": 0.6241960691587944, "index": 0.657430220751283, "loss": 0.0031043008342618306, "meanscore": 0.6304390441440966, "n_docs": 35, "non_null": 0.30957822256209866, "precision": 0.9847685009073514, "prediction_time": 6.232550939817128, "recall": 0.7759329211291005, "size": 249225, "weighted_avg": 3.1699326509743555}, "train_full": {"accuracy": 0.9998189704903669, "auc": 0.9964447174755715, "avg_time": 6.1175184431653955, "benchmark": -0.8314664339702599, "distinct": 25, "entropy": 0.41825216921316155, "exp_cost": 38208, "f1-score": 0.08415243323250782, "falsepos": 0.09122027927516652, "fullscore": 0.0453620860241567, "index": 8.654930833787098, "meanscore": 0.8880484685387469, "n_docs": 28910, "non_null": 0.6949905783706132, "precision": 0.9129561103247348, "prediction_time": 8.042733590175883, "size": 872056, "time": 5.991264783864893, "weighted_avg": 1.4687286406215239}}