{"branch": {"accuracy": 0.9700253646030512, "distinct": 113, "entropy": 2.0218148860275953, "errors": -49, "exp_cost": 5522599, "f1-score": 0.923914716124664, "falsepos": 0.38385389827443805, "fullscore": 0.9473573747117489, "index": 7.39431383464787, "loss": 0.5200485004150285, "meanscore": 0.9290308066528834, "n_docs": 969, "precision": 0.9600957753710944, "prediction_time": 4.204124852470278, "recall": 0.7335310268653031, "time": 10.86877825105114}, "brand": {"accuracy": 0.9044276222694714, "auc": 0.09029317708881579, "avg_time": 34.65807368380668, "benchmark": 1.16184503612913, "distinct": -26, "entropy": 2.721953952922605, "exp_cost": 22097, "f1-score": 0.9861934608729721, "falsepos": 0.008141703640825115, "fullscore": 0.8883124059185401, "index": 1.400196982919649, "loss": 0.00010983404273989805, "meanscore": 0.9822503344776476, "n_docs": 2176, "non_null": 0.0011163967876838266, "prediction_time": 288.1420582705763, "recall": 0.9121120079107904, "size": 27247, "time": 9.370143408408879, "weighted_avg": 2.7867399012716287}, "classifier": {"accuracy": 0.9631811242325997, "avg_time": 0.49438030897363244, "benchmark": 0.38702758467640697, "distinct": 258, "entropy": 2.1281297225262477, "errors": 242, "exp_cost": 13664166, "f1-score": 0.5070010885452556, "falsepos": 0.17770825182828554, "fullscore": 0.9293914807340999, "index": 1.3347126366870432, "loss": 0.00396591819571146, "meanscore": 0.9954435297336416, "n_docs": 16008, "prediction_time": 20.05378332158973, "size": 176645, "time": 2.672335846316227, "weighted_avg": 1.1386127836962783}, "model": {"accuracy": 0.7893104979169361, "auc": 0.9982463622709765, "benchmark": 0.8211774718100986, "distinct": 24, "entropy": 1.018837860225591, "errors": 156, "f1-score": 0.3071904571849524, "fullscore": 0.9989856604154935, "index": 7.637164499417829, "loss": 0.02142836570179041, "meanscore": 0.9851676302324209, "n_docs": 1695642, "prediction_time": 33.05285728716597, "size": 677791, "time": 2.354968901145935, "weighted_avg": 0.45369550218164273}, "train": {"accuracy": 0.9987523488467096, "avg_time": 8.689407569568699, "benchmark": 3.243550154948057, "distinct": 153, "entropy": 0.41504041123501206, "errors": 100, "exp_cost": 278089, "f1-score": 0.9809970313205927, "falsepos": 0.9630248793553218, "fullscore": 0.7130668277617253, "index": 0.8483710840784877, "loss": 0.0011922567977671328, "meanscore": 0.7536161218126397, "n_docs": 64, "non_null": 0.2369491795240376, "precision": 0.9952453640930375, "prediction_time": 8.14635870785956, "recall": 0.8470094077690469, "size": 518620, "weighted_avg": 3.524819375238614}, "train_full": {"accuracy": 0.9999252299850987, "auc": 0.9980115553917519, "avg_time": 9.719642386918983, "benchmark": -0.519560206160434, "distinct": 47, "entropy": 0.6144953807684687, "exp_cost": 65139, "f1-score": 0.11452162372280172, "falsepos": 0.04936939528197404, "fullscore": 0.06451857467122457, "index": 13.223072655634349, "meanscore": 0.903239784309528, "n_docs": 40395, "non_null": 0.6229852664206905, "precision": 0.9312681332976609, "prediction_time": 9.969130631677158, "size": 4506040, "time": 8.16063314549387, "weighted_avg": 1.834129142697898}}