{"branch": {"accuracy": 0.9911176957266487, "distinct": 188, "entropy": 2.3225872800903833, "errors": 0, "exp_cost": 5894448, "f1-score": 0.9697284186927917, "falsepos": 0.19544104103277005, "fullscore": 0.982004035902341, "index": 8.760473774147716, "loss": 0.30011356888129304, "meanscore": 0.9796822343432476, "n_docs": 5112, "precision": 0.9901610926039262, "prediction_time": 8.085215858809434, "recall": 0.8316422995906029, "time": 13.332716520696675}, "brand": {"accuracy": 0.9565859307993263, "auc": 0.22137010605054064, "avg_time": 51.462375047604574, "benchmark": 1.5338049387785118, "distinct": 19, "entropy": 3.2525050648836404, "exp_cost": 49759, "f1-score": 0.9960116101568397, "falsepos": 0.0008918074704384882, "fullscore": 0.9327378656269375, "index": 2.3879424597927246, "loss": 2.8905425724090605e-06, "meanscore": 0.9943706834950238, "n_docs": 5721, "non_null": 0.00017721716188323633, "prediction_time": 463.4678219121519, "recall": 0.9665321295100119, "size": 79423, "time": 12.01817692516449, "weighted_avg": 3.251383737212321}, "classifier": {"accuracy": 0.9864109986611591, "avg_time": 0.6699274102512965, "benchmark": 0.8262976910814918, "distinct": 277, "entropy": 2.445790495126972, "errors": 282, "exp_cost": 38382798, "f1-score": 0.6666813297117777, "falsepos": 0.13177645967427565, "fullscore": 0.9775614917248105, "index": 2.092414244026086, "loss": 0.00045395080843624314, "meanscore": 0.9983576058780562, "n_docs": 25295, "prediction_time": 41.5481024975022, "size": 672327, "time": 5.749522154034663, "weighted_avg": 1.2972362534997268}, "model": {"accuracy": 0.8936206944322012, "auc": 0.9993194321448134, "benchmark": 1.4827570736701916, "distinct": 62, "entropy": 1.4889804735693923, "errors": 220, "f1-score": 0.5130691433027263, "fullscore": 0.9998773730316635, "index": 10.11836132255329, "loss": 0.006219599815369348, "meanscore": 0.9946708152681588, "n_docs": 4143756, "prediction_time": 61.75419585176079, "size": 3526171, "time": 3.3306847945720706, "weighted_avg": 1.0337217334514122}, "train": {"accuracy": 0.9995320279490605, "avg_time": 11.74623746330556, "benchmark": 3.747301616565145, "distinct": 195, "entropy": 0.9812776874617543, "errors": 167, "exp_cost": 889549, "f1-score": 0.9939168693660347, "falsepos": 0.8969103008911385, "fullscore": 0.8758660939579004, "index": 1.301073367733726, "loss": 0.0003203047089589406, "meanscore": 0.82970849518193, "n_docs": 214, "non_null": 0.08778034394759682, "precision": 0.9978265753808465, "prediction_time": 10.953039029426522, "recall": 0.9138166766242785, "size": 1750282, "weighted_avg": 4.143501625545384}, "train_full": {"accuracy": 0.9999871888920979, "auc": 0.9998324495050708, "avg_time": 13.101484238359006, "benchmark": 0.34238711888416107, "distinct": 95, "entropy": 1.2538765030337289, "exp_cost": 200059, "f1-score": 0.20001958012253146, "falsepos": 0.009127549358322495, "fullscore": 0.11249542549957448, "index": 17.45553295579588, "meanscore": 0.9681242136166972, "n_docs": 136490, "non_null": 0.3104909304532798, "precision": 0.9637458882017466, "prediction_time": 17.78473020914862, "size": 10386585, "time": 14.505876426459402, "weighted_avg": 2.2968762039753408}}