{"branch": {"accuracy": 0.9999890774034395, "distinct": 338, "entropy": 4.215134849741756, "errors": 153, "exp_cost": 119206360, "f1-score": 0.9998084146109875, "falsepos": 0.0048484023270767285, "fullscore": 0.9994117855626861, "index": 58.65933275914499, "loss": 0.03382956016141059, "meanscore": 0.9996209995922041, "n_docs": 328869, "precision": 0.9999919901395994, "prediction_time": 71.69851438344556, "recall": 0.9850853731717001, "time": 98.1276783012266}, "brand": {"accuracy": 0.9984101272817458, "auc": 0.9080988032395588, "avg_time": 310.59203839004545, "benchmark": 2.968837495705537, "distinct": 169, "entropy": 5.267704396719884, "exp_cost": 660486, "f1-score": 0.999986419885602, "falsepos": 3.331127973460468e-08, "fullscore": 0.999491032652801, "index": 12.41614950560558, "loss": 1.0009104656205636e-11, "meanscore": 0.9999652189797188, "n_docs": 109049, "non_null": 1.5845867284980386e-08, "prediction_time": 3994.2955093800383, "recall": 0.9996891633228988, "size": 7642762, "time": 47.86016672276214, "weighted_avg": 5.304743051517002}, "classifier": {"accuracy": 0.9996113392878968, "avg_time": 1.8638066262335764, "benchmark": 2.5918652232895, "distinct": 427, "entropy": 4.082505185333116, "errors": 504, "exp_cost": 2507135473, "f1-score": 0.9913879035275498, "falsepos": 0.008635303930182636, "fullscore": 0.9999481940516642, "index": 15.94025944779915, "loss": 1.7405546448578946e-08, "meanscore": 0.9999798423582198, "n_docs": 1064571, "prediction_time": 212.82698461132995, "size": 29150296, "time": 53.66832351158314, "weighted_avg": 2.737583053262296}, "model": {"accuracy": 0.998591830985229, "auc": 0.9999926408298424, "benchmark": 3.536421116643512, "distinct": 223, "entropy": 3.2996285759185353, "errors": 398, "f1-score": 0.981333534113728, "fullscore": 0.9999999945072765, "index": 49.176594896254606, "loss": 1.26048873408946e-05, "meanscore": 0.9999930772822295, "n_docs": 316425664, "prediction_time": 393.9815164010082, "size": 476895053, "time": 17.680192931164648, "weighted_avg": 3.0098811201958307}, "train": {"accuracy": 0.9999996349659269, "avg_time": 38.5775584533761, "benchmark": 5.468314835913835, "distinct": 388, "entropy": 3.1856263605488238, "errors": 400, "exp_cost": 61128352, "f1-score": 0.9999375519788634, "falsepos": 0.3913287286206347, "fullscore": 0.9993091993938369, "index": 4.6291508219391995, "loss": 8.990417343923696e-08, "meanscore": 0.997086395741008, "n_docs": 10689, "non_null": 0.0002593893406311887, "precision": 0.9999985577374739, "prediction_time": 36.646979104072074, "recall": 0.9967887451214843, "size": 92309777, "weighted_avg": 5.7574319731545}, "train_full": {"accuracy": 0.999999997279142, "auc": 0.999999984587613, "avg_time": 96.92338115643616, "benchmark": 2.40286173231782, "distinct": 239, "entropy": 3.1005611414097567, "exp_cost": 37003277, "f1-score": 0.8620388181603453, "falsepos": 6.630105590987867e-06, "fullscore": 0.4738848504779921, "index": 126.4568910972829, "meanscore": 0.9993188122140293, "n_docs": 1771284, "non_null": 0.0164368690521719, "precision": 0.9977286159794307, "prediction_time": 96.05866679427061, "size": 4205614181, "time": 129.36530597160436, "weighted_avg": 4.313042563992857}}