{"branch": {"accuracy": 0.9904232544950188, "distinct": 181, "entropy": 2.236373789512522, "errors": -20, "exp_cost": 6009784, "f1-score": 0.9727481887686167, "falsepos": 0.20696459934090883, "fullscore": 0.9779061699267436, "index": 9.448797952369745, "loss": 0.3275920504786676, "meanscore": 0.9789413129362361, "n_docs": 4436, "precision": 0.9896244593009724, "prediction_time": 8.016668516411176, "recall": 0.8325288224364189, "time": 12.513981406688346}, "brand": {"accuracy": 0.9497588774810218, "auc": 0.2597586638328403, "avg_time": 52.053725130395634, "benchmark": 1.5195806225395956, "distinct": 9, "entropy": 3.2069048443406682, "exp_cost": 41272, "f1-score": 0.996004348191018, "falsepos": 0.001184137528318141, "fullscore": 0.9297138765459073, "index": 2.217209546612857, "loss": 4.308034823319318e-06, "meanscore": 0.9945364829351595, "n_docs": 4906, "non_null": 0.0001454757058545475, "prediction_time": 441.45683739399215, "recall": 0.9706594798368702, "size": 71529, "time": 12.17777316370442, "weighted_avg": 3.2855170032597023}, "classifier": {"accuracy": 0.9857270274928813, "avg_time": 0.6981231915914966, "benchmark": 0.9201935536050854, "distinct": 270, "entropy": 2.467049180565077, "errors": 272, "exp_cost": 38619969, "f1-score": 0.6281967043220814, "falsepos": 0.12023364350155497, "fullscore": 0.9770450378539598, "index": 2.313894304885739, "loss": 0.0003886102506650557, "meanscore": 0.9975300525480643, "n_docs": 24280, "prediction_time": 41.06479647919468, "size": 601894, "time": 6.034147597140877, "weighted_avg": 1.3828754019466185}, "model": {"accuracy": 0.8841754084885587, "auc": 0.999447007714325, "benchmark": 1.3873470395161127, "distinct": 60, "entropy": 1.5632980232341822, "errors": 222, "f1-score": 0.522212143435163, "fullscore": 0.9998619980700036, "index": 9.79681473098082, "loss": 0.007293961953767303, "meanscore": 0.9938848443894681, "n_docs": 3712835, "prediction_time": 63.73829592224817, "size": 3195936, "time": 3.6845979843197867, "weighted_avg": 1.067191939929262}, "train": {"accuracy": 0.9993388058027155, "avg_time": 11.047257066336815, "benchmark": 3.7832949427500973, "distinct": 193, "entropy": 1.0219453687723894, "errors": 168, "exp_cost": 816552, "f1-score": 0.9944419464526405, "falsepos": 0.8844256125235928, "fullscore": 0.8675130218034455, "index": 1.377341610817855, "loss": 0.00024902037976715086, "meanscore": 0.8206333729320269, "n_docs": 210, "non_null": 0.0850685383974864, "precision": 0.9978125496878267, "prediction_time": 10.773527290248593, "recall": 0.9146470304844498, "size": 1691233, "weighted_avg": 4.044470744604393}, "train_full": {"accuracy": 0.9999845936157208, "auc": 0.9998206262765336, "avg_time": 13.382774958141404, "benchmark": 0.18313258044981293, "distinct": 93, "entropy": 1.3127191206889375, "exp_cost": 195743, "f1-score": 0.24322840327957018, "falsepos": 0.009481715191652085, "fullscore": 0.12321684849744041, "index": 18.348526374572526, "meanscore": 0.9571588184752886, "n_docs": 141462, "non_null": 0.34113243142486604, "precision": 0.9603370773713132, "prediction_time": 16.102993617534604, "size": 8588426, "time": 13.69552034997705, "weighted_avg": 2.260830183964487}}