{"branch": {"accuracy": 0.9739417197700826, "distinct": 117, "entropy": 2.0278740385472074, "errors": -36, "exp_cost": 5458667, "f1-score": 0.9239577425868888, "falsepos": 0.3683910651567317, "fullscore": 0.9600237824811715, "index": 6.723532440396637, "loss": 0.5502915337719382, "meanscore": 0.9283821427576022, "n_docs": 1174, "precision": 0.960100957201075, "prediction_time": 4.416949328519044, "recall": 0.7736389367514853, "time": 10.92370903422313}, "brand": {"accuracy": 0.9050675807466861, "auc": 0.08542499343456728, "avg_time": 39.37035369944595, "benchmark": 1.1098234902259214, "distinct": -25, "entropy": 2.798170594307109, "exp_cost": 23605, "f1-score": 0.9889149495179806, "falsepos": 0.005748098586974448, "fullscore": 0.891735634627669, "index": 1.6212687410019875, "loss": 9.451399276005912e-05, "meanscore": 0.9842857972147266, "n_docs": 2064, "non_null": 0.0007907149830381766, "prediction_time": 299.63093111150584, "recall": 0.9210377143851126, "size": 26004, "time": 9.673995627466837, "weighted_avg": 2.7214472125695988}, "classifier": {"accuracy": 0.9652979172202467, "avg_time": 0.5206230417149879, "benchmark": 0.4042054499676492, "distinct": 265, "entropy": 2.134092639710657, "errors": 243, "exp_cost": 14889716, "f1-score": 0.502983051598306, "falsepos": 0.17237824582097316, "fullscore": 0.9316375493874097, "index": 1.4133485397710799, "loss": 0.0031587341244916356, "meanscore": 0.9960844450701098, "n_docs": 16039, "prediction_time": 21.531341967017333, "size": 183930, "time": 2.8431339435969814, "weighted_avg": 1.143690532824487}, "model": {"accuracy": 0.7926500738516422, "auc": 0.9984628010319224, "benchmark": 0.8531119468936141, "distinct": 29, "entropy": 1.0124671877288467, "errors": 152, "f1-score": 0.3315813557230834, "fullscore": 0.999128017707258, "index": 7.961584112293971, "loss": 0.017942889483944624, "meanscore": 0.9871768204521202, "n_docs": 1694371, "prediction_time": 34.86634355433655, "size": 739108, "time": 2.2648209914643957, "weighted_avg": 0.4742674018561113}, "train": {"accuracy": 0.9989650315160904, "avg_time": 8.733783771139354, "benchmark": 3.271439370967701, "distinct": 152, "entropy": 0.434295677523671, "errors": 108, "exp_cost": 345440, "f1-score": 0.9850313345661607, "falsepos": 0.9569506578045945, "fullscore": 0.7322809921805997, "index": 0.8321506298632676, "loss": 0.0009999938762542682, "meanscore": 0.7391707814822963, "n_docs": 71, "non_null": 0.22697407398020553, "precision": 0.9956772554643326, "prediction_time": 8.228294631511153, "recall": 0.8541764260287338, "size": 538757, "weighted_avg": 3.553649827966039}, "train_full": {"accuracy": 0.9999340266920875, "auc": 0.9982863480270555, "avg_time": 9.963235272792963, "benchmark": -0.3494572147463585, "distinct": 51, "entropy": 0.6482496315615378, "exp_cost": 79942, "f1-score": 0.11734592181216191, "falsepos": 0.04298206136932714, "fullscore": 0.0704485754847709, "index": 13.229781618874627, "meanscore": 0.9136671015422243, "n_docs": 43579, "non_null": 0.5924237021343688, "precision": 0.9426211770007321, "prediction_time": 9.520599809666349, "size": 4613667, "time": 8.390182425575965, "weighted_avg": 1.9096411267885172}}