{"branch": {"accuracy": 0.9997524384199458, "distinct": 255, "entropy": 3.41555739922881, "errors": 68, "exp_cost": 55756126, "f1-score": 0.9970981558859399, "falsepos": 0.030943984051531093, "fullscore": 0.9958344768879642, "index": 31.53316589732168, "loss": 0.10470429786560742, "meanscore": 0.995404315112418, "n_docs": 37803, "precision": 0.9996835746940121, "prediction_time": 27.19287910538467, "recall": 0.9570548835663637, "time": 47.265302068909094}, "brand": {"accuracy": 0.993587074995254, "auc": 0.655825268973398, "avg_time": 137.56167238476598, "benchmark": 2.2186673198904048, "distinct": 84, "entropy": 4.341420915422997, "exp_cost": 253574, "f1-score": 0.9996939941958485, "falsepos": 9.068627979003097e-06, "fullscore": 0.9949471978341079, "index": 5.859483561999454, "loss": 1.516788639133182e-08, "meanscore": 0.9995583312530741, "n_docs": 20314, "non_null": 2.0330135945823002e-06, "prediction_time": 1496.6884246561617, "recall": 0.9973316767860304, "size": 1258129, "time": 25.466686704759866, "weighted_avg": 4.36637396372065}, "classifier": {"accuracy": 0.9977943887533631, "avg_time": 1.136364469553362, "benchmark": 1.7074552065395388, "distinct": 362, "entropy": 3.4686465321427953, "errors": 404, "exp_cost": 548792065, "f1-score": 0.9361962705796326, "falsepos": 0.03640901678400654, "fullscore": 0.9991213922639964, "index": 7.661222663220344, "loss": 2.334493417910366e-06, "meanscore": 0.9998373498638301, "n_docs": 260538, "prediction_time": 98.31792189844639, "size": 4070599, "time": 18.298923873477914, "weighted_avg": 2.2364580023822533}, "model": {"accuracy": 0.9906007180731257, "auc": 0.9999095236072453, "benchmark": 2.5563889770750645, "distinct": 156, "entropy": 2.5960537586043495, "errors": 307, "f1-score": 0.9246395462976631, "fullscore": 0.9999991490740774, "index": 24.892604711681738, "loss": 0.00021804863149044174, "meanscore": 0.9997930580949305, "n_docs": 75187121, "prediction_time": 172.91713681695086, "size": 43058042, "time": 10.231223734822642, "weighted_avg": 2.240676230725261}, "train": {"accuracy": 0.9999904484740436, "avg_time": 20.907522637035935, "benchmark": 4.5280792032364765, "distinct": 286, "entropy": 2.1359407724845596, "errors": 292, "exp_cost": 9799653, "f1-score": 0.9990772781324764, "falsepos": 0.657521330621638, "fullscore": 0.9891613734881546, "index": 2.6675251367476642, "loss": 3.6384225162722217e-06, "meanscore": 0.9744255315888162, "n_docs": 1692, "non_null": 0.008430450464689154, "precision": 0.9999705442290324, "prediction_time": 19.387994632761384, "recall": 0.9862085936118008, "size": 13731342, "weighted_avg": 4.936488372088517}, "train_full": {"accuracy": 0.9999996099850952, "auc": 0.9999984110022792, "avg_time": 41.52229607166329, "benchmark": 1.2469832067997113, "distinct": 178, "entropy": 2.2289151386322574, "exp_cost": 3265885, "f1-score": 0.6380748745649013, "falsepos": 0.0005961179346944956, "fullscore": 0.28178036037208015, "index": 61.62373558933492, "meanscore": 0.992866669923365, "n_docs": 493118, "non_null": 0.12510672625022023, "precision": 0.9939665500676118, "prediction_time": 38.775015631129996, "size": 298721118, "time": 51.31319185288663, "weighted_avg": 3.469417746913055}}