{"branch": {"accuracy": 0.9953393991154003, "distinct": 187, "entropy": 2.5231307242969656, "errors": 10, "exp_cost": 16360207, "f1-score": 0.9786520456673706, "falsepos": 0.17989341755780774, "fullscore": 0.9814139337860044, "index": 9.720967629213831, "loss": 0.359668506625032, "meanscore": 0.9824048225429118, "n_docs": 4929, "precision": 0.9945650728383664, "prediction_time": 9.745585310520264, "recall": 0.8844507646750139, "time": 17.869134005638628}, "brand": {"accuracy": 0.9692813049315641, "auc": 0.3084677745130363, "avg_time": 59.96837596951934, "benchmark": 1.5306985966678885, "distinct": 28, "entropy": 3.5296048742017043, "exp_cost": 66337, "f1-score": 0.9978002317145476, "falsepos": 0.00031702985845982745, "fullscore": 0.961828627974192, "index": 2.6350342573525207, "loss": 2.2391662921616984e-06, "meanscore": 0.997791697573724, "n_docs": 6050, "non_null": 6.206510091910644e-05, "prediction_time": 630.5034352758669, "recall": 0.982497202665804, "size": 165197, "time": 14.725324357508608, "weighted_avg": 3.4787072277066704}, "classifier": {"accuracy": 0.9899216623240116, "avg_time": 0.6870529525845112, "benchmark": 1.1258991494923118, "distinct": 294, "entropy": 2.6484383130833775, "errors": 291, "exp_cost": 70887916, "f1-score": 0.7327875017152286, "falsepos": 0.07308881739344941, "fullscore": 0.9892847542516143, "index": 3.0906965254538865, "loss": 0.00021489164147636686, "meanscore": 0.9991984414160011, "n_docs": 52603, "prediction_time": 45.870423225553594, "size": 749012, "time": 7.027479686414811, "weighted_avg": 1.6100780917760156}, "model": {"accuracy": 0.9293243883555915, "auc": 0.9997144631587987, "benchmark": 1.535711750559418, "distinct": 77, "entropy": 1.6584484470536265, "errors": 237, "f1-score": 0.6284882311445039, "fullscore": 0.9999599404838804, "index": 13.47196748393018, "loss": 0.0037100618898593396, "meanscore": 0.996869940751776, "n_docs": 7919863, "prediction_time": 75.83845737934874, "size": 4134602, "time": 4.370578487601894, "weighted_avg": 1.1460496462153735}, "train": {"accuracy": 0.9995790700543297, "avg_time": 12.511557589791428, "benchmark": 3.8069626506686154, "distinct": 221, "entropy": 1.313206970735786, "errors": 201, "exp_cost": 1218797, "f1-score": 0.9951280001297368, "falsepos": 0.8692147580078642, "fullscore": 0.9089739223754372, "index": 1.4991810036063578, "loss": 0.00015024549719566682, "meanscore": 0.8629640460056062, "n_docs": 279, "non_null": 0.07038356075051555, "precision": 0.9992930013423088, "prediction_time": 12.023036243547352, "recall": 0.929381218959791, "size": 2588807, "weighted_avg": 4.0515049133522165}, "train_full": {"accuracy": 0.9999959348877022, "auc": 0.9998887722413936, "avg_time": 18.606236251705536, "benchmark": 0.3510409103542942, "distinct": 116, "entropy": 1.4987231414939712, "exp_cost": 348593, "f1-score": 0.359709863226182, "falsepos": 0.008206063429413324, "fullscore": 0.17803338408331643, "index": 26.381506832873306, "meanscore": 0.9740802662327906, "n_docs": 116448, "non_null": 0.3493564808099433, "precision": 0.9765228051222345, "prediction_time": 21.130248276168047, "size": 24572822, "time": 18.077342761657764, "weighted_avg": 2.575260170174159}}