{"branch": {"accuracy": 0.9984548485829177, "distinct": 213, "entropy": 2.85886272503831, "errors": 38, "exp_cost": 24614072, "f1-score": 0.9895079036642224, "falsepos": 0.12077948960564178, "fullscore": 0.9880528231026946, "index": 13.982989937376487, "loss": 0.24676023380533252, "meanscore": 0.9892433925996063, "n_docs": 9721, "precision": 0.9978030457571944, "prediction_time": 14.01873720045922, "recall": 0.8839660032407693, "time": 25.060552711295486}, "brand": {"accuracy": 0.9827091743926574, "auc": 0.4202382926017619, "avg_time": 84.94320846898968, "benchmark": 1.6496863708301697, "distinct": 61, "entropy": 3.8550696360299472, "exp_cost": 125991, "f1-score": 0.9988423843244689, "falsepos": 7.825995115351425e-05, "fullscore": 0.9842679095693461, "index": 3.5423377258435162, "loss": 3.7130534269458337e-07, "meanscore": 0.9987195449977827, "n_docs": 8731, "non_null": 2.1766304621695376e-05, "prediction_time": 892.4434532746322, "recall": 0.9920605608852913, "size": 349912, "time": 17.924634345258998, "weighted_avg": 3.847437188402098}, "classifier": {"accuracy": 0.994198302323814, "avg_time": 0.7973622619865678, "benchmark": 1.344973753058651, "distinct": 332, "entropy": 2.9217021744221827, "errors": 331, "exp_cost": 166736455, "f1-score": 0.8291248224607156, "falsepos": 0.061287062193424724, "fullscore": 0.9949816638050712, "index": 4.525045618616447, "loss": 4.311412734159248e-05, "meanscore": 0.9995519712604051, "n_docs": 90002, "prediction_time": 64.17134171362497, "size": 1408300, "time": 9.456429303528168, "weighted_avg": 1.7844999543398055}, "model": {"accuracy": 0.9606650197633932, "auc": 0.9998423373537031, "benchmark": 1.9333567563768919, "distinct": 109, "entropy": 1.9961910544973271, "errors": 261, "f1-score": 0.8005406084500638, "fullscore": 0.999987254650988, "index": 17.91055724060363, "loss": 0.0011604669424802871, "meanscore": 0.998921579717304, "n_docs": 17790661, "prediction_time": 101.1695757946231, "size": 8534182, "time": 6.343685388165537, "weighted_avg": 1.5198521753891294}, "train": {"accuracy": 0.9999470697182395, "avg_time": 15.07983512254682, "benchmark": 4.064961762742226, "distinct": 240, "entropy": 1.732419750614882, "errors": 235, "exp_cost": 2871188, "f1-score": 0.9970974163796406, "falsepos": 0.8187980967035637, "fullscore": 0.9555797394459357, "index": 1.5950661211068093, "loss": 4.307552798799019e-05, "meanscore": 0.9374079077589981, "n_docs": 527, "non_null": 0.033693860442132295, "precision": 0.999771543255682, "prediction_time": 14.056498205293378, "recall": 0.9551584068059964, "size": 4354772, "weighted_avg": 4.48131105944898}, "train_full": {"accuracy": 0.999996848793477, "auc": 0.9999785899058764, "avg_time": 25.55421190168165, "benchmark": 0.6682294790259801, "distinct": 138, "entropy": 1.767950400194064, "exp_cost": 838186, "f1-score": 0.47196209241106685, "falsepos": 0.003466304093700967, "fullscore": 0.22049623744158142, "index": 36.2852874464801, "meanscore": 0.9849092070958004, "n_docs": 178834, "non_null": 0.2695125180109197, "precision": 0.9802441972917291, "prediction_time": 30.821900144967355, "size": 57591043, "time": 27.300936829995727, "weighted_avg": 2.9451664483443523}}