{"branch": {"accuracy": 0.9999363559821215, "distinct": 281, "entropy": 3.9190052083995783, "errors": 102, "exp_cost": 68616151, "f1-score": 0.9991384683069997, "falsepos": 0.019913455046762785, "fullscore": 0.9981721629305085, "index": 40.61931252111633, "loss": 0.08318924105274661, "meanscore": 0.9983969369437768, "n_docs": 72900, "precision": 0.9999256600546592, "prediction_time": 39.33853082354565, "recall": 0.96196635883994, "time": 64.33091366222737}, "brand": {"accuracy": 0.9954471267372713, "auc": 0.8174740540698302, "avg_time": 182.58579368428062, "benchmark": 2.4047743325495654, "distinct": 136, "entropy": 4.791205792092091, "exp_cost": 511986, "f1-score": 0.9999154466883069, "falsepos": 7.92119168924188e-07, "fullscore": 0.9990793268631946, "index": 7.405057302152896, "loss": 1.344412470238865e-09, "meanscore": 0.9998943343537617, "n_docs": 38418, "non_null": 4.295843654134046e-07, "prediction_time": 2659.8064147412892, "recall": 0.9994526261984645, "size": 3202640, "time": 34.35649946051749, "weighted_avg": 4.86183661084698}, "classifier": {"accuracy": 0.9990001812391979, "avg_time": 1.3447020049522485, "benchmark": 2.352159538303141, "distinct": 409, "entropy": 3.8223775108752402, "errors": 442, "exp_cost": 1199591833, "f1-score": 0.9773567170676889, "falsepos": 0.032366402112917636, "fullscore": 0.9994921615345744, "index": 11.306364238260263, "loss": 5.795368132055501e-07, "meanscore": 0.9999067944904669, "n_docs": 378135, "prediction_time": 142.81853356065926, "size": 7735281, "time": 38.38011063907605, "weighted_avg": 2.4275878294952387}, "model": {"accuracy": 0.9952052143283744, "auc": 0.9999740908454607, "benchmark": 3.0076880723514665, "distinct": 187, "entropy": 2.9131650220294953, "errors": 376, "f1-score": 0.9546021928548588, "fullscore": 0.9999998131529229, "index": 37.845684283003116, "loss": 4.835133215519427e-05, "meanscore": 0.9999568026828357, "n_docs": 193489797, "prediction_time": 245.96150097375474, "size": 78964898, "time": 14.346636472658748, "weighted_avg": 2.6066224442674346}, "train": {"accuracy": 0.9999990419941845, "avg_time": 26.270230677102756, "benchmark": 4.901263718377601, "distinct": 328, "entropy": 2.6192658891792364, "errors": 346, "exp_cost": 28532790, "f1-score": 0.99978783469859, "falsepos": 0.5869659449248869, "fullscore": 0.9970403408966068, "index": 3.0983925453541894, "loss": 5.865028287477259e-07, "meanscore": 0.9904834354083721, "n_docs": 4799, "non_null": 0.0029732107634622418, "precision": 0.9999938572271021, "prediction_time": 24.63086395097362, "recall": 0.9920760856173185, "size": 29498992, "weighted_avg": 5.411537283312214}, "train_full": {"accuracy": 0.9999998308685556, "auc": 0.999999872269935, "avg_time": 65.48233213225237, "benchmark": 1.7829644661887722, "distinct": 202, "entropy": 2.7154478179569024, "exp_cost": 10133326, "f1-score": 0.7996283429121406, "falsepos": 0.00010257014378289853, "fullscore": 0.4170733461564364, "index": 83.87136074948562, "meanscore": 0.9966856007472451, "n_docs": 1010950, "non_null": 0.07105458414399268, "precision": 0.9959776154435754, "prediction_time": 68.1236353342818, "size": 1207815364, "time": 81.50771312998141, "weighted_avg": 3.857503686471895}}