{"branch": {"accuracy": 0.9333149452652367, "distinct": 89, "entropy": 1.5289973266791228, "errors": -82, "exp_cost": 2846459, "f1-score": 0.864553947521455, "falsepos": 0.5851895904991385, "fullscore": 0.9012968928504816, "index": 4.233811411777258, "loss": 0.688820182112418, "meanscore": 0.9020734913428086, "n_docs": 519, "precision": 0.9094738080590143, "prediction_time": 3.028357775876225, "recall": 0.6527627334571116, "time": 7.173787064861829}, "brand": {"accuracy": 0.8802022094482277, "auc": 0.03191881102827193, "avg_time": 24.449213542527, "benchmark": 0.5886936516850612, "distinct": -45, "entropy": 2.35760785623636, "exp_cost": 14040, "f1-score": 0.9747045752568859, "falsepos": 0.02030220891086132, "fullscore": 0.8203835934731967, "index": 0.9632264609001173, "loss": 0.000331614151189652, "meanscore": 0.9673345424797808, "n_docs": 684, "non_null": 0.00413078855931337, "prediction_time": 181.9603161198674, "recall": 0.8484784107014102, "size": 8628, "time": 7.0039533789771085, "weighted_avg": 2.240970957876969}, "classifier": {"accuracy": 0.9395580079564044, "avg_time": 0.3842144795702303, "benchmark": 0.046317380001205416, "distinct": 217, "entropy": 1.7305121037761266, "errors": 180, "exp_cost": 6812949, "f1-score": 0.343814577684047, "falsepos": 0.31891121417977886, "fullscore": 0.8435187376895208, "index": 0.9576005137246542, "loss": 0.01122485443546628, "meanscore": 0.9918900423258131, "n_docs": 7340, "prediction_time": 18.72970846696638, "size": 99108, "time": 1.7908691432844994, "weighted_avg": 0.666284580547006}, "model": {"accuracy": 0.5742791253860641, "auc": 0.9978266338486244, "benchmark": 0.5074903381992393, "distinct": 0, "entropy": 0.5901081692568164, "errors": 125, "f1-score": 0.20075805876470054, "fullscore": 0.9965023476964572, "index": 5.515070043540782, "loss": 0.04393641235625867, "meanscore": 0.9643305293989953, "n_docs": 578949, "prediction_time": 23.8887109571004, "size": 255099, "time": 1.8458392787012032, "weighted_avg": -0.04937787423832812}, "train": {"accuracy": 0.9956222299529517, "avg_time": 6.855434605197435, "benchmark": 2.9972209711060684, "distinct": 110, "entropy": -0.11481978962355055, "errors": 72, "exp_cost": 155042, "f1-score": 0.9658104328319098, "falsepos": 0.9847106210686831, "fullscore": 0.5787169647045175, "index": 0.58278814962802, "loss": 0.003389683399698473, "meanscore": 0.625943909239595, "n_docs": 28, "non_null": 0.355343470976623, "precision": 0.9839413973205737, "prediction_time": 5.952899488572698, "recall": 0.7405877008346727, "size": 215700, "weighted_avg": 3.195282237766549}, "train_full": {"accuracy": 0.9997551733206697, "auc": 0.9957094193930002, "avg_time": 5.7140855999716225, "benchmark": -1.0788486096529322, "distinct": 13, "entropy": 0.4123924670035497, "exp_cost": 26666, "f1-score": 0.06989252243055089, "falsepos": 0.08782983503932607, "fullscore": 0.04802258611649701, "index": 9.11093806538597, "meanscore": 0.876857976727226, "n_docs": 29900, "non_null": 0.7155184502058369, "precision": 0.9080824239381559, "prediction_time": 6.759816333226109, "size": 766528, "time": 5.5861734434362775, "weighted_avg": 1.4523817392943796}}