{"branch": {"accuracy": 0.9999999118272743, "distinct": 428, "entropy": 5.390157105418302, "errors": 228, "exp_cost": 621869344, "f1-score": 0.9999977146314314, "falsepos": 6.875787724591742e-05, "fullscore": 0.9999689882025862, "index": 156.40926561248563, "loss": 0.005106433009205658, "meanscore": 0.9999865594205403, "n_docs": 3404378, "precision": 0.9999999835220973, "prediction_time": 229.3081450176138, "recall": 0.9977094853135533, "time": 273.04957321382733}, "brand": {"accuracy": 0.9999480210986316, "auc": 0.9952989703239898, "avg_time": 689.0581617433073, "benchmark": 3.806638878790651, "distinct": 254, "entropy": 6.627377221680153, "exp_cost": 3406257, "f1-score": 0.9999998247281565, "falsepos": 4.1735503941708885e-12, "fullscore": 0.9999928018980775, "index": 30.950225733149264, "loss": 4.440892098500626e-16, "meanscore": 0.999999485428976, "n_docs": 819466, "non_null": 1.803257543286918e-11, "prediction_time": 14257.939776868932, "recall": 0.9999977132360747, "size": 115815389, "time": 101.01996422471944, "weighted_avg": 6.524922207705476}, "classifier": {"accuracy": 0.9999841924488093, "avg_time": 3.5783082595406714, "benchmark": 3.6748948382172126, "distinct": 515, "entropy": 5.083196391738836, "errors": 617, "exp_cost": 24659493779, "f1-score": 0.9998749837819446, "falsepos": 0.002055510203830102, "fullscore": 0.9999996009608937, "index": 48.28207121425389, "loss": 7.967515536222436e-12, "meanscore": 0.9999998486286663, "n_docs": 7215762, "prediction_time": 623.6900143577467, "size": 257022230, "time": 249.31448135606192, "weighted_avg": 3.6234799898857126}, "model": {"accuracy": 0.9999884592857581, "auc": 0.9999989655150406, "benchmark": 4.77554336282232, "distinct": 319, "entropy": 4.286955668222165, "errors": 519, "f1-score": 0.9996768593638451, "fullscore": 0.9999999999959315, "index": 123.38840141958487, "loss": 6.19868087969877e-08, "meanscore": 0.9999998986496692, "n_docs": 4567999376, "prediction_time": 1103.799348658609, "size": 4811292359, "time": 49.24468250820337, "weighted_avg": 4.400751610337932}, "train": {"accuracy": 0.9999999985912547, "avg_time": 61.20560648822661, "benchmark": 6.348016819846019, "distinct": 487, "entropy": 4.506147895088099, "errors": 523, "exp_cost": 677289731, "f1-score": 0.9999959087138484, "falsepos": 0.13625401395394088, "fullscore": 0.9999937749593669, "index": 10.273130551208355, "loss": 3.366777967528378e-10, "meanscore": 0.9998133743921577, "n_docs": 104167, "non_null": 1.2718750402873624e-06, "precision": 0.9999999944675184, "prediction_time": 72.05778716917075, "recall": 0.9998348141122472, "size": 1092127280, "weighted_avg": 7.050019051770821}, "train_full": {"accuracy": 0.9999999999470854, "auc": 0.9999999999913732, "avg_time": 291.1983915105891, "benchmark": 3.818867961676689, "distinct": 321, "entropy": 4.171570461475914, "exp_cost": 682505568, "f1-score": 0.9875807202991436, "falsepos": 2.3656495984347714e-08, "fullscore": 0.7278219735645338, "index": 344.66916097272167, "meanscore": 0.9999799013546428, "n_docs": 12822857, "non_null": 0.0005610709965958582, "precision": 0.999736448652658, "prediction_time": 275.960510909545, "size": 100252177644, "time": 476.21653991378673, "weighted_avg": 5.500190559309329}}