{"branch": {"accuracy": 0.9999953460314902, "distinct": 343, "entropy": 4.587814786864688, "errors": 167, "exp_cost": 169566672, "f1-score": 0.9998758470737997, "falsepos": 0.0034775549599495026, "fullscore": 0.9995560122662885, "index": 73.73108277012538, "loss": 0.03055458121986354, "meanscore": 0.999696915129704, "n_docs": 284500, "precision": 0.9999958441628926, "prediction_time": 79.72146263770283, "recall": 0.9843939494271046, "time": 129.96197929951921}, "brand": {"accuracy": 0.9986329651144505, "auc": 0.9320170005050714, "avg_time": 349.62863895192197, "benchmark": 2.9304856154789967, "distinct": 183, "entropy": 5.495179354790667, "exp_cost": 944711, "f1-score": 0.9999888621950734, "falsepos": 1.296935447925307e-08, "fullscore": 0.9997407900124198, "index": 14.690835735111207, "loss": 5.359157562168093e-12, "meanscore": 0.9999815075719946, "n_docs": 119936, "non_null": 9.575360171432123e-09, "prediction_time": 4853.186576212313, "recall": 0.9999285992620928, "size": 11102100, "time": 56.87689688451388, "weighted_avg": 5.532130692267192}, "classifier": {"accuracy": 0.9997385078183219, "avg_time": 2.1210160071606965, "benchmark": 2.7210771983288575, "distinct": 440, "entropy": 4.281930363466461, "errors": 510, "exp_cost": 3771492179, "f1-score": 0.9961672659518033, "falsepos": 0.0074904090893096464, "fullscore": 0.9999704606867443, "index": 20.423877335464596, "loss": 8.700320797139227e-09, "meanscore": 0.9999870071139956, "n_docs": 1194189, "prediction_time": 248.8905517086035, "size": 29659627, "time": 76.7712739574132, "weighted_avg": 2.9407140468515838}, "model": {"accuracy": 0.9993953221946157, "auc": 0.9999952588129897, "benchmark": 3.714018520571621, "distinct": 241, "entropy": 3.5404557079336807, "errors": 414, "f1-score": 0.9879252249237835, "fullscore": 0.999999998508744, "index": 54.25284838589663, "loss": 5.168178813796942e-06, "meanscore": 0.9999969439137255, "n_docs": 675028883, "prediction_time": 418.01392219927146, "size": 639973554, "time": 21.422035088812862, "weighted_avg": 3.241284771201289}, "train": {"accuracy": 0.9999999223841701, "avg_time": 37.65412861553375, "benchmark": 5.552213173625711, "distinct": 400, "entropy": 3.42731578644188, "errors": 421, "exp_cost": 117170066, "f1-score": 0.9999753833888836, "falsepos": 0.3605602267391015, "fullscore": 0.9997219036436, "index": 5.262862358526074, "loss": 3.477215493319363e-08, "meanscore": 0.9977562253508309, "n_docs": 14925, "non_null": 0.000252757900098155, "precision": 0.9999995845114799, "prediction_time": 38.60382311957207, "recall": 0.9974676491402206, "size": 128228153, "weighted_avg": 5.940283691553756}, "train_full": {"accuracy": 0.9999999962262923, "auc": 0.9999999943511383, "avg_time": 113.23716005556905, "benchmark": 2.5627931630402077, "distinct": 248, "entropy": 3.240445641692819, "exp_cost": 51081046, "f1-score": 0.8993080693655273, "falsepos": 6.1765137777669565e-06, "fullscore": 0.5288149258579303, "index": 141.07972908968478, "meanscore": 0.9995539629791154, "n_docs": 2835600, "non_null": 0.01699574287214556, "precision": 0.9977672791699359, "prediction_time": 120.1034884053405, "size": 4692238963, "time": 149.8221548444751, "weighted_avg": 4.506118784164504}}