{"branch": {"accuracy": 0.99999988639416, "distinct": 426, "entropy": 5.257597274457144, "errors": 221, "exp_cost": 520301427, "f1-score": 0.9999965128674493, "falsepos": 0.00014328724199585974, "fullscore": 0.9999194721677948, "index": 168.45541561172791, "loss": 0.004119096533498956, "meanscore": 0.9999599526714215, "n_docs": 3182448, "precision": 0.9999999677603684, "prediction_time": 194.78429290043388, "recall": 0.9958581502162651, "time": 270.4443110650591}, "brand": {"accuracy": 0.9998888621337758, "auc": 0.99151958915851, "avg_time": 585.3173030822172, "benchmark": 3.794456517258837, "distinct": 243, "entropy": 6.383266757041719, "exp_cost": 3268814, "f1-score": 0.9999997687311071, "falsepos": 1.479449895924745e-11, "fullscore": 0.9999780259431511, "index": 26.807419562382535, "loss": 2.6645352591003757e-15, "meanscore": 0.9999993489348715, "n_docs": 642747, "non_null": 7.832767767723681e-11, "prediction_time": 12051.222061606353, "recall": 0.9999974037838064, "size": 99632648, "time": 93.33944466219131, "weighted_avg": 6.394455881031266}, "classifier": {"accuracy": 0.999976378153316, "avg_time": 3.471124495688822, "benchmark": 3.5241815863722574, "distinct": 507, "entropy": 4.93430914588249, "errors": 596, "exp_cost": 20132082793, "f1-score": 0.9997834629398255, "falsepos": 0.0019448417070981883, "fullscore": 0.999999604634568, "index": 43.58827072464305, "loss": 9.149903057448228e-12, "meanscore": 0.9999994798701897, "n_docs": 5185412, "prediction_time": 619.4615784629691, "size": 157146641, "time": 241.4785561740459, "weighted_avg": 3.4974962762788575}, "model": {"accuracy": 0.9999717947092068, "auc": 0.9999991466117002, "benchmark": 4.645204375336406, "distinct": 314, "entropy": 4.212035812054621, "errors": 519, "f1-score": 0.9994588826425167, "fullscore": 0.9999999999814941, "index": 110.09548832475701, "loss": 1.0611860845610721e-07, "meanscore": 0.999999842330193, "n_docs": 3827262966, "prediction_time": 943.3260197077525, "size": 4840978101, "time": 46.030465724978896, "weighted_avg": 4.2097595712716895}, "train": {"accuracy": 0.9999999984950578, "avg_time": 61.62384865002976, "benchmark": 6.32583847227575, "distinct": 468, "entropy": 4.196398353379684, "errors": 516, "exp_cost": 558454162, "f1-score": 0.999997245431044, "falsepos": 0.1365698912141654, "fullscore": 0.9999874125733863, "index": 8.705862299228302, "loss": 5.705683703283171e-10, "meanscore": 0.9997377118640947, "n_docs": 87112, "non_null": 2.4644447406130254e-06, "precision": 0.9999999910327976, "prediction_time": 73.794428024016, "recall": 0.9996964186719222, "size": 997088183, "weighted_avg": 6.789165388212882}, "train_full": {"accuracy": 0.9999999999471276, "auc": 0.9999999999826796, "avg_time": 253.5114108616741, "benchmark": 3.465362300188857, "distinct": 318, "entropy": 3.9918612924652965, "exp_cost": 382109059, "f1-score": 0.9806092166743949, "falsepos": 3.2295988328101544e-08, "fullscore": 0.6872536211472628, "index": 298.7192438851555, "meanscore": 0.999975532718257, "n_docs": 9823317, "non_null": 0.0010483456170551353, "precision": 0.999585611616658, "prediction_time": 291.4667848718816, "size": 93854964894, "time": 372.8489569748168, "weighted_avg": 5.300700705047825}}