{"branch": {"accuracy": 0.9999969197217748, "distinct": 354, "entropy": 4.5573254112907, "errors": 160, "exp_cost": 200046384, "f1-score": 0.9999165291293592, "falsepos": 0.0029969458231700052, "fullscore": 0.9994340590478584, "index": 67.2962763609075, "loss": 0.02560690596786641, "meanscore": 0.9996557403262115, "n_docs": 460819, "precision": 0.9999974138248878, "prediction_time": 91.99080410862406, "recall": 0.9905376124013155, "time": 132.95493086485263}, "brand": {"accuracy": 0.9990809718828653, "auc": 0.9528579694998547, "avg_time": 337.42623766464664, "benchmark": 3.109313704731611, "distinct": 190, "entropy": 5.536920691361414, "exp_cost": 1022038, "f1-score": 0.9999921001099298, "falsepos": 4.173276391128411e-09, "fullscore": 0.9997977198224584, "index": 13.644690934492639, "loss": 3.212985433265203e-12, "meanscore": 0.9999825611769364, "n_docs": 154433, "non_null": 4.662523478415892e-09, "prediction_time": 5316.409263982761, "recall": 0.9999069613732131, "size": 16157101, "time": 56.32364107993165, "weighted_avg": 5.627595188182042}, "classifier": {"accuracy": 0.9998082603207898, "avg_time": 2.071275661673659, "benchmark": 2.9530226743108137, "distinct": 455, "entropy": 4.301221160266874, "errors": 530, "exp_cost": 4659582909, "f1-score": 0.996419130776167, "falsepos": 0.005563087558387636, "fullscore": 0.9999759788716857, "index": 21.025163328026956, "loss": 4.887232396555419e-09, "meanscore": 0.9999910371240339, "n_docs": 1389011, "prediction_time": 292.69215970678493, "size": 39015180, "time": 71.86364523275705, "weighted_avg": 3.0125042572255047}, "model": {"accuracy": 0.9993992779231247, "auc": 0.9999957232708865, "benchmark": 3.873271023887138, "distinct": 246, "entropy": 3.5724086693085932, "errors": 435, "f1-score": 0.990498517460285, "fullscore": 0.9999999987210058, "index": 61.030849986472575, "loss": 3.3789042056531216e-06, "meanscore": 0.9999979926353642, "n_docs": 629264135, "prediction_time": 470.87029640628407, "size": 839361326, "time": 23.011778577287245, "weighted_avg": 3.2941392054634027}, "train": {"accuracy": 0.9999999295001266, "avg_time": 42.82187724642738, "benchmark": 5.681064056611648, "distinct": 404, "entropy": 3.4532312217601957, "errors": 428, "exp_cost": 126563463, "f1-score": 0.9999706336156171, "falsepos": 0.34195429575068814, "fullscore": 0.9997716775922014, "index": 4.9681868656827675, "loss": 2.0778242348917786e-08, "meanscore": 0.9983497655429967, "n_docs": 16987, "non_null": 0.00011333883285946644, "precision": 0.9999996139099033, "prediction_time": 39.1618602787363, "recall": 0.9980453537708561, "size": 145946412, "weighted_avg": 6.025800206875642}, "train_full": {"accuracy": 0.9999999983823962, "auc": 0.9999999978354518, "avg_time": 122.63109221590886, "benchmark": 2.481162026818332, "distinct": 253, "entropy": 3.3361685641274885, "exp_cost": 63556571, "f1-score": 0.934422681271628, "falsepos": 3.3450570062765195e-06, "fullscore": 0.5354287341807494, "index": 152.46943920991336, "meanscore": 0.9996700682666257, "n_docs": 3184797, "non_null": 0.011107603857806847, "precision": 0.9986546955763433, "prediction_time": 112.74643387842335, "size": 6707289112, "time": 178.48380002794175, "weighted_avg": 4.585276582337035}}