{"branch": {"accuracy": 0.9988867745448665, "distinct": 239, "entropy": 2.9835565699358777, "errors": 44, "exp_cost": 26469602, "f1-score": 0.9936647188608265, "falsepos": 0.06894266292901796, "fullscore": 0.9906208908715444, "index": 17.78542310798861, "loss": 0.20439491461548553, "meanscore": 0.9894982161603234, "n_docs": 15614, "precision": 0.9986565664470937, "prediction_time": 16.149380331197815, "recall": 0.9089876269667678, "time": 24.499113172825307}, "brand": {"accuracy": 0.9818260921684784, "auc": 0.4917659119212921, "avg_time": 107.66680193773038, "benchmark": 1.923740062950376, "distinct": 68, "entropy": 3.960238566782277, "exp_cost": 126681, "f1-score": 0.9994161726937738, "falsepos": 4.901122243028411e-05, "fullscore": 0.9859310652216948, "index": 4.44514787182769, "loss": 1.7949423292140665e-07, "meanscore": 0.9987913621526348, "n_docs": 14203, "non_null": 1.0465395715364423e-05, "prediction_time": 996.5434238022716, "recall": 0.9931465343116459, "size": 499724, "time": 19.92964356894796, "weighted_avg": 4.010711696761118}, "classifier": {"accuracy": 0.9943241523278796, "avg_time": 0.9614243232996701, "benchmark": 1.5291806617212813, "distinct": 333, "entropy": 3.0667602839887667, "errors": 351, "exp_cost": 173015408, "f1-score": 0.8525460556790115, "falsepos": 0.06795583919254966, "fullscore": 0.9958567589866786, "index": 4.77927513646104, "loss": 2.4429573073359023e-05, "meanscore": 0.999650068552581, "n_docs": 98786, "prediction_time": 73.34970865732481, "size": 2322303, "time": 13.99921318282512, "weighted_avg": 1.9515803511995597}, "model": {"accuracy": 0.9758258137557827, "auc": 0.9998702145410576, "benchmark": 2.0826404928930775, "distinct": 114, "entropy": 2.1346225593302712, "errors": 285, "f1-score": 0.8078316103181129, "fullscore": 0.9999923187929074, "index": 19.00663886976139, "loss": 0.000838532341296605, "meanscore": 0.9993477985164803, "n_docs": 18368004, "prediction_time": 121.19455715134491, "size": 13274500, "time": 6.524801157552288, "weighted_avg": 1.7361671373930379}, "train": {"accuracy": 0.9999726125385409, "avg_time": 16.156627632965314, "benchmark": 4.252539208787438, "distinct": 263, "entropy": 1.7817205588559843, "errors": 254, "exp_cost": 3727089, "f1-score": 0.9983256287933711, "falsepos": 0.7882285567790153, "fullscore": 0.9616873075676271, "index": 1.8624696469881978, "loss": 2.6247763554310133e-05, "meanscore": 0.9505607248336709, "n_docs": 1021, "non_null": 0.023810082229809848, "precision": 0.9998328405006107, "prediction_time": 16.782687538176262, "recall": 0.970143869003398, "size": 5648153, "weighted_avg": 4.691691496268076}, "train_full": {"accuracy": 0.9999983227988702, "auc": 0.9999865983856442, "avg_time": 28.034144721421647, "benchmark": 0.9628600152303715, "distinct": 152, "entropy": 1.867905731393649, "exp_cost": 1267894, "f1-score": 0.48610075217321436, "falsepos": 0.0018462328038992837, "fullscore": 0.20107318327099788, "index": 39.15532764775408, "meanscore": 0.9900184183642589, "n_docs": 296469, "non_null": 0.19969694160683082, "precision": 0.98346245716824, "prediction_time": 36.61915475985004, "size": 108711492, "time": 29.223419469080337, "weighted_avg": 2.9976373385522797}}