{"branch": {"accuracy": 0.8720641753653686, "distinct": 53, "entropy": 1.19399838574892, "errors": -108, "exp_cost": 1463565, "f1-score": 0.7713513303857902, "falsepos": 0.7102928461151947, "fullscore": 0.868903812823835, "index": 3.1412980366395282, "loss": 0.7024369676033575, "meanscore": 0.8303186225059892, "n_docs": 168, "precision": 0.8161407124026202, "prediction_time": 1.8869553975252489, "recall": 0.6184844215827932, "time": 3.9294709502471736}, "brand": {"accuracy": 0.7753055649787954, "auc": 0.010949945299163821, "avg_time": 18.690879658271378, "benchmark": 0.47027157270507136, "distinct": -80, "entropy": 1.7903563438225298, "exp_cost": 6426, "f1-score": 0.9412308105616116, "falsepos": 0.07525385689488773, "fullscore": 0.6536124337511666, "index": 0.6898554915776413, "loss": 0.0023680658980860247, "meanscore": 0.9381940479474292, "n_docs": 513, "non_null": 0.014352086228151983, "prediction_time": 110.72047099493645, "recall": 0.7772295696040504, "size": 3468, "time": 5.33679407660377, "weighted_avg": 1.7741996739986616}, "classifier": {"accuracy": 0.8993463199802603, "avg_time": 0.3157723028887875, "benchmark": -0.43033848430948407, "distinct": 194, "entropy": 1.3566623685855235, "errors": 133, "exp_cost": 2068603, "f1-score": 0.1752329432640135, "falsepos": 0.28949755086948403, "fullscore": 0.7816239561165077, "index": 0.5407226636147658, "loss": 0.031259310098569415, "meanscore": 0.9779637680868589, "n_docs": 3241, "prediction_time": 11.697494317225011, "size": 49324, "time": 1.094232015042452, "weighted_avg": 0.5356256099046447}, "model": {"accuracy": 0.45986417522555584, "auc": 0.995289467135377, "benchmark": 0.03327101442653008, "distinct": -39, "entropy": 0.3301641969267892, "errors": 71, "f1-score": 0.10480090265169661, "fullscore": 0.9863836928100649, "index": 3.853058529179201, "loss": 0.10206625037757422, "meanscore": 0.9190312573260875, "n_docs": 195198, "prediction_time": 17.621118437114443, "size": 134783, "time": 1.1117647745293875, "weighted_avg": -0.5003061467909522}, "train": {"accuracy": 0.9835720068368003, "avg_time": 5.788095378225959, "benchmark": 2.5618487488919413, "distinct": 79, "entropy": -0.28670319881735457, "errors": 18, "exp_cost": 54594, "f1-score": 0.9560304829426927, "falsepos": 0.9919307889174405, "fullscore": 0.40932116652535055, "index": 0.4530949060250492, "loss": 0.010689111439923016, "meanscore": 0.5300724949775651, "n_docs": 11, "non_null": 0.5538384178909092, "precision": 0.9464699095123352, "prediction_time": 4.532072870117668, "recall": 0.651187936201083, "size": 109785, "weighted_avg": 2.7350927339058075}, "train_full": {"accuracy": 0.9994069747747765, "auc": 0.9844249635469926, "avg_time": 4.197810047423881, "benchmark": -1.2836698636938018, "distinct": -5, "entropy": 0.025225182102654314, "exp_cost": 8229, "f1-score": 0.023804912821889623, "falsepos": 0.21911715908241858, "fullscore": 0.03133179085369858, "index": 5.457618930231778, "meanscore": 0.8095982859743753, "n_docs": 18055, "non_null": 0.8340188057062194, "precision": 0.8700242675245791, "prediction_time": 5.034554705550282, "size": 290389, "time": 3.878743545799954, "weighted_avg": 1.0769196917687092}}