{"branch": {"accuracy": 0.9676409628906065, "distinct": 111, "entropy": 1.8618182091296158, "errors": -64, "exp_cost": 3661075, "f1-score": 0.9034302520417545, "falsepos": 0.40582840375834117, "fullscore": 0.9409847836879535, "index": 6.9627390691630335, "loss": 0.541199894852235, "meanscore": 0.9257953187667332, "n_docs": 971, "precision": 0.9520101142806451, "prediction_time": 3.971193765194392, "recall": 0.7071068283631716, "time": 9.151914020762389}, "brand": {"accuracy": 0.8913783255770724, "auc": 0.08685831917454373, "avg_time": 31.892279480305152, "benchmark": 1.151649567135689, "distinct": -41, "entropy": 2.56319502991065, "exp_cost": 19112, "f1-score": 0.9824464390724068, "falsepos": 0.008734964198698458, "fullscore": 0.900957314148876, "index": 1.2550498666325771, "loss": 0.00010421167680041421, "meanscore": 0.9831093686387291, "n_docs": 1800, "non_null": 0.001493113880068453, "prediction_time": 281.7849456540797, "recall": 0.9128412902282712, "size": 25189, "time": 8.776626416103394, "weighted_avg": 2.7493924042560582}, "classifier": {"accuracy": 0.9587399040006875, "avg_time": 0.46427941281025004, "benchmark": 0.44944122888963733, "distinct": 247, "entropy": 2.012824617617072, "errors": 213, "exp_cost": 12443952, "f1-score": 0.46173068234804976, "falsepos": 0.20659492562040682, "fullscore": 0.932548993608984, "index": 1.2126966803359067, "loss": 0.003676673214927373, "meanscore": 0.9950129761551352, "n_docs": 11923, "prediction_time": 21.509098320533486, "size": 147326, "time": 2.4528577214028577, "weighted_avg": 1.009022324482204}, "model": {"accuracy": 0.7562596617194477, "auc": 0.9979552263824194, "benchmark": 0.7758631684282806, "distinct": 18, "entropy": 1.0163873299183355, "errors": 147, "f1-score": 0.2879304030335248, "fullscore": 0.9985810194011314, "index": 7.4578956922640005, "loss": 0.02556137301795325, "meanscore": 0.9843066844048076, "n_docs": 1366589, "prediction_time": 30.96068823834987, "size": 465433, "time": 2.2236597395045887, "weighted_avg": 0.3567100702846277}, "train": {"accuracy": 0.9978711136402847, "avg_time": 8.61563159672301, "benchmark": 3.195725256175436, "distinct": 146, "entropy": 0.45761648829716006, "errors": 91, "exp_cost": 248585, "f1-score": 0.9833297129652913, "falsepos": 0.9642105429418819, "fullscore": 0.6670150150184256, "index": 0.8331960912751631, "loss": 0.0014278373698292102, "meanscore": 0.7448178816560203, "n_docs": 45, "non_null": 0.25563346329638614, "precision": 0.9935262479098816, "prediction_time": 7.089945815036351, "recall": 0.8367780258008566, "size": 457044, "weighted_avg": 3.4536338038816505}, "train_full": {"accuracy": 0.9999106444119932, "auc": 0.9976070348955921, "avg_time": 8.865697882851075, "benchmark": -0.5689924370716668, "distinct": 44, "entropy": 0.5059223190943037, "exp_cost": 52354, "f1-score": 0.12109856419476367, "falsepos": 0.05038256664580165, "fullscore": 0.05458666430963138, "index": 11.444030424658129, "meanscore": 0.9148237165208031, "n_docs": 34538, "non_null": 0.6237438333118369, "precision": 0.9272007855700468, "prediction_time": 9.986570299989468, "size": 3209765, "time": 7.846642378323285, "weighted_avg": 1.7701705219296677}}