{"branch": {"accuracy": 0.9999993698825509, "distinct": 392, "entropy": 4.948477416683244, "errors": 199, "exp_cost": 296440813, "f1-score": 0.9999804293433696, "falsepos": 0.0005945092933288265, "fullscore": 0.9998489643439336, "index": 116.4242716668387, "loss": 0.01679843271585668, "meanscore": 0.9999510061880268, "n_docs": 854757, "precision": 0.9999997209156105, "prediction_time": 125.91635738275977, "recall": 0.9951730110143605, "time": 201.86260098387032}, "brand": {"accuracy": 0.9996079369604456, "auc": 0.9831388443609856, "avg_time": 466.409862065844, "benchmark": 3.3157254613998473, "distinct": 213, "entropy": 6.123975107316571, "exp_cost": 1781715, "f1-score": 0.9999982810018091, "falsepos": 3.246833912839975e-10, "fullscore": 0.999962404212831, "index": 20.666941816416198, "loss": 6.550315845288424e-14, "meanscore": 0.9999967359293289, "n_docs": 248880, "non_null": 1.9873724887986555e-10, "prediction_time": 8810.30474826713, "recall": 0.9999838419411811, "size": 33100641, "time": 79.66588680333825, "weighted_avg": 6.090254093911254}, "classifier": {"accuracy": 0.9999404017513032, "avg_time": 2.7213343825936236, "benchmark": 3.2928735049361317, "distinct": 482, "entropy": 4.721190748400224, "errors": 580, "exp_cost": 9943129979, "f1-score": 0.9993979990902241, "falsepos": 0.0030637297325708523, "fullscore": 0.9999971423007292, "index": 32.525020630011255, "loss": 2.57132870551402e-10, "meanscore": 0.9999979417585175, "n_docs": 2609317, "prediction_time": 335.8442545249053, "size": 81049221, "time": 126.57594443046955, "weighted_avg": 3.3375541016791095}, "model": {"accuracy": 0.9999408299530296, "auc": 0.9999969046772256, "benchmark": 4.1932183901703395, "distinct": 283, "entropy": 3.9706729617238983, "errors": 475, "f1-score": 0.9974637402322039, "fullscore": 0.9999999999273077, "index": 84.6363592210508, "loss": 5.684277968320828e-07, "meanscore": 0.999999470941452, "n_docs": 1796819584, "prediction_time": 637.2815059687541, "size": 1698735731, "time": 31.240111621647408, "weighted_avg": 3.8724090210027784}, "train": {"accuracy": 0.9999999857668695, "avg_time": 49.23500284449871, "benchmark": 5.895527389677182, "distinct": 444, "entropy": 3.9454420050751704, "errors": 469, "exp_cost": 324908586, "f1-score": 0.999991135555798, "falsepos": 0.20990682127996108, "fullscore": 0.9999557639264978, "index": 7.401561801782602, "loss": 3.008565840900701e-09, "meanscore": 0.9993532799091913, "n_docs": 39070, "non_null": 2.79983356692437e-05, "precision": 0.9999999737911465, "prediction_time": 59.22889094699821, "recall": 0.9994019519324978, "size": 365010518, "weighted_avg": 6.478139413544726}, "train_full": {"accuracy": 0.9999999997138797, "auc": 0.9999999996072828, "avg_time": 180.8631204451952, "benchmark": 3.119828345686075, "distinct": 286, "entropy": 3.652072297545673, "exp_cost": 201032763, "f1-score": 0.9669594133138326, "falsepos": 4.1218304214218904e-07, "fullscore": 0.6560193237038207, "index": 214.3998976668127, "meanscore": 0.9999028399424843, "n_docs": 5206876, "non_null": 0.004954603623825493, "precision": 0.9993559277305207, "prediction_time": 181.88373047063334, "size": 23032495503, "time": 239.19303974783637, "weighted_avg": 5.002831095946902}}