{"branch": {"accuracy": 0.9220340508389018, "distinct": 90, "entropy": 1.5078219746338153, "errors": -72, "exp_cost": 3136001, "f1-score": 0.8616977096792912, "falsepos": 0.5977911989130301, "fullscore": 0.9115919461846217, "index": 4.361553230266477, "loss": 0.651158274055452, "meanscore": 0.8813774016352605, "n_docs": 329, "precision": 0.9002946461445651, "prediction_time": 2.623834688772655, "recall": 0.6256888351837337, "time": 6.813325787559964}, "brand": {"accuracy": 0.8545057793989911, "auc": 0.036422196776590976, "avg_time": 25.821512687402645, "benchmark": 0.670930307675542, "distinct": -61, "entropy": 2.245408766801277, "exp_cost": 10385, "f1-score": 0.9695418216710837, "falsepos": 0.03027767908167378, "fullscore": 0.777912010482836, "index": 1.092699379055084, "loss": 0.0005857197829730598, "meanscore": 0.9664280365433541, "n_docs": 737, "non_null": 0.006549648774969885, "prediction_time": 166.3110636367393, "recall": 0.848959642811618, "size": 8101, "time": 7.078329282637939, "weighted_avg": 2.269856743154008}, "classifier": {"accuracy": 0.9359830393244879, "avg_time": 0.35712537781713977, "benchmark": 0.058465090180689655, "distinct": 210, "entropy": 1.6940975527633795, "errors": 165, "exp_cost": 5508794, "f1-score": 0.3250483391182417, "falsepos": 0.2860266445907801, "fullscore": 0.8270726151538925, "index": 0.8307891838979818, "loss": 0.015028849201318195, "meanscore": 0.9892062572887521, "n_docs": 7242, "prediction_time": 15.581818315883325, "size": 75174, "time": 1.7945483418855692, "weighted_avg": 0.7083558081569431}, "model": {"accuracy": 0.5794770814931112, "auc": 0.9975324072132662, "benchmark": 0.3361014260162137, "distinct": -11, "entropy": 0.5630512300792143, "errors": 101, "f1-score": 0.1671120483968223, "fullscore": 0.9962316902153832, "index": 5.26006464202604, "loss": 0.05296092477931735, "meanscore": 0.9573979278661646, "n_docs": 551398, "prediction_time": 21.18648537680821, "size": 195468, "time": 1.478957192735087, "weighted_avg": -0.1729965406763238}, "train": {"accuracy": 0.99092888475692, "avg_time": 7.060842997723791, "benchmark": 2.8710100826033194, "distinct": 106, "entropy": -0.05787030980096375, "errors": 61, "exp_cost": 110373, "f1-score": 0.968111617841133, "falsepos": 0.9859895285083569, "fullscore": 0.529890091357243, "index": 0.5524759431219826, "loss": 0.004091442802171774, "meanscore": 0.6110851790990225, "n_docs": 24, "non_null": 0.43118368056095435, "precision": 0.9833676973898899, "prediction_time": 5.885627937653201, "recall": 0.7310478953614332, "size": 189557, "weighted_avg": 2.972018670453416}, "train_full": {"accuracy": 0.9997090191602541, "auc": 0.9926051627134795, "avg_time": 5.372005633613596, "benchmark": -0.9820818194797055, "distinct": 8, "entropy": 0.30049242185447156, "exp_cost": 20284, "f1-score": 0.07153630090019447, "falsepos": 0.1189705925708976, "fullscore": 0.045730670570846566, "index": 7.851210534663967, "meanscore": 0.8538391246004262, "n_docs": 22091, "non_null": 0.7667872731414106, "precision": 0.8964578810505113, "prediction_time": 6.562297187352412, "size": 719851, "time": 4.65478548171546, "weighted_avg": 1.3746749426108367}}