{"branch": {"accuracy": 0.8613023357378651, "distinct": 49, "entropy": 1.0717717906641053, "errors": -104, "exp_cost": 1508142, "f1-score": 0.7548021135989813, "falsepos": 0.7132316085599992, "fullscore": 0.8723610660039254, "index": 2.9189412679792968, "loss": 0.730168484641855, "meanscore": 0.8261957089874027, "n_docs": 147, "precision": 0.8155970402297505, "prediction_time": 1.7479461808421228, "recall": 0.617679490992693, "time": 3.596985751710244}, "brand": {"accuracy": 0.7516679548870333, "auc": 0.00893687585240055, "avg_time": 19.419189978532085, "benchmark": 0.5305586545198211, "distinct": -76, "entropy": 1.7346314944790835, "exp_cost": 6225, "f1-score": 0.9255306236302376, "falsepos": 0.08474107265004549, "fullscore": 0.6330844785812596, "index": 0.7340818399362162, "loss": 0.002723772269930702, "meanscore": 0.9327824334692019, "n_docs": 510, "non_null": 0.013376138466890564, "prediction_time": 108.1445079798796, "recall": 0.7434115517494686, "size": 3456, "time": 5.205368306025935, "weighted_avg": 1.7067804917660896}, "classifier": {"accuracy": 0.8940674564031756, "avg_time": 0.3075899348234517, "benchmark": -0.301945727335856, "distinct": 182, "entropy": 1.3209337087926203, "errors": 135, "exp_cost": 1903509, "f1-score": 0.16183274718778323, "falsepos": 0.3360382370840145, "fullscore": 0.7593921295717849, "index": 0.5097385737747606, "loss": 0.030123494357265912, "meanscore": 0.9798555472834212, "n_docs": 3137, "prediction_time": 10.018615713993402, "size": 45066, "time": 0.990189301244705, "weighted_avg": 0.5110373057962293}, "model": {"accuracy": 0.4573762618155585, "auc": 0.9949031428559794, "benchmark": -0.07860548710012688, "distinct": -48, "entropy": 0.302618386011134, "errors": 61, "f1-score": 0.10840115404418821, "fullscore": 0.9841438659551898, "index": 3.831883631192315, "loss": 0.10901604405132959, "meanscore": 0.915831407563893, "n_docs": 135416, "prediction_time": 16.50810872601654, "size": 129856, "time": 1.0385958884201516, "weighted_avg": -0.5617000449788985}, "train": {"accuracy": 0.9841128184276542, "avg_time": 5.8224912778626585, "benchmark": 2.522748386493457, "distinct": 80, "entropy": -0.40825213982936837, "errors": 14, "exp_cost": 47618, "f1-score": 0.9504373480494381, "falsepos": 0.992111658403328, "fullscore": 0.37334824060006067, "index": 0.48651015256804386, "loss": 0.011259715543071702, "meanscore": 0.512711334957754, "n_docs": 11, "non_null": 0.5763341036945251, "precision": 0.9478381948402362, "prediction_time": 4.385762778822754, "recall": 0.6174665290703665, "size": 90116, "weighted_avg": 2.732372425741748}, "train_full": {"accuracy": 0.9992396148779346, "auc": 0.9804205071001643, "avg_time": 4.0047213592712225, "benchmark": -1.2628649479323315, "distinct": -7, "entropy": -0.06359557370975658, "exp_cost": 7084, "f1-score": 0.0323155913370774, "falsepos": 0.21623932182794947, "fullscore": 0.02897857526750436, "index": 5.276992063858276, "meanscore": 0.8196543181987974, "n_docs": 14967, "non_null": 0.8436334514912419, "precision": 0.8662660605673326, "prediction_time": 5.017161820330687, "size": 283644, "time": 3.479293570402349, "weighted_avg": 1.0366865908590779}}