{"branch": {"accuracy": 0.9999992378458471, "distinct": 382, "entropy": 4.946489412867313, "errors": 179, "exp_cost": 268177918, "f1-score": 0.9999764412544043, "falsepos": 0.0007137954848407402, "fullscore": 0.999769655302566, "index": 102.38799692925117, "loss": 0.015392054271302191, "meanscore": 0.9999251718039153, "n_docs": 782934, "precision": 0.9999994122228109, "prediction_time": 115.16726043066228, "recall": 0.9927586367619271, "time": 191.70827201739758}, "brand": {"accuracy": 0.9996776187681718, "auc": 0.971221066532715, "avg_time": 427.670307695636, "benchmark": 3.264193663504914, "distinct": 198, "entropy": 5.898454842352298, "exp_cost": 1678745, "f1-score": 0.9999980024850554, "falsepos": 2.806802568144917e-10, "fullscore": 0.9999196339488914, "index": 15.963668760403268, "loss": 1.1357581541915351e-13, "meanscore": 0.9999969473413988, "n_docs": 287273, "non_null": 6.301801303010279e-10, "prediction_time": 7798.129974924127, "recall": 0.999986238184419, "size": 22018110, "time": 70.35266707900523, "weighted_avg": 5.885928902557474}, "classifier": {"accuracy": 0.9999242431159383, "avg_time": 2.6509235225385224, "benchmark": 3.142079361553669, "distinct": 479, "entropy": 4.597037753272818, "errors": 545, "exp_cost": 8072753915, "f1-score": 0.9988634467257754, "falsepos": 0.0038619339860128665, "fullscore": 0.9999950280686695, "index": 30.6825184012617, "loss": 6.849256717345042e-10, "meanscore": 0.999996716443384, "n_docs": 2916012, "prediction_time": 360.37174734570664, "size": 56616309, "time": 138.10545545578805, "weighted_avg": 3.160365053377099}, "model": {"accuracy": 0.9999013013760409, "auc": 0.9999959478191066, "benchmark": 4.078692649853069, "distinct": 277, "entropy": 3.914759627207695, "errors": 477, "f1-score": 0.9969398261389646, "fullscore": 0.9999999997217135, "index": 74.6878671233219, "loss": 8.412544525437937e-07, "meanscore": 0.9999989202987701, "n_docs": 1715646341, "prediction_time": 589.4843185781317, "size": 1643184435, "time": 33.384842672599994, "weighted_avg": 3.7563417198891944}, "train": {"accuracy": 0.9999999827887396, "avg_time": 45.7624344458636, "benchmark": 5.866571842856811, "distinct": 427, "entropy": 3.7544562349444055, "errors": 454, "exp_cost": 259423599, "f1-score": 0.9999827056509181, "falsepos": 0.2756982447511219, "fullscore": 0.9999157423027051, "index": 6.7290027382458435, "loss": 5.122075874552934e-09, "meanscore": 0.9995038189629558, "n_docs": 37745, "non_null": 5.054276072935515e-05, "precision": 0.9999999527318209, "prediction_time": 50.08539126055625, "recall": 0.999231934764764, "size": 327735369, "weighted_avg": 6.377123959513082}, "train_full": {"accuracy": 0.9999999987554842, "auc": 0.9999999992221716, "avg_time": 171.11614304685517, "benchmark": 2.8759229930972956, "distinct": 284, "entropy": 3.4383681473945225, "exp_cost": 149325252, "f1-score": 0.951400993972156, "falsepos": 7.405356240441918e-07, "fullscore": 0.6006886934720367, "index": 225.8386404211789, "meanscore": 0.9998263472522064, "n_docs": 3361472, "non_null": 0.005395629603972996, "precision": 0.9990523381813938, "prediction_time": 168.89573434988063, "size": 25908628558, "time": 202.40701270694979, "weighted_avg": 4.836549600562633}}