{"branch": {"B7": 81, "HS": 0.9567268090255001, "J6": 6, "K4": 0.919151237919167, "KL": 3.217954117095775, "KZ": 0.9153802162942472, "V0": 0.01543448510960177, "accuracy": 0.8446242148214937, "auc": 0.42288566005071176, "avg_time": 4.452518769312985, "benchmark": -0.5691758435902459, "c0": 0.9981484779529586, "distinct": 136, "entropy": 3.690077152279786, "errors": -156, "exp_cost": 165832, "f1-score": 0.9354407188980735, "falsepos": 0.4156486793627353, "fullscore": 0.9385264263606344, "index": 5.312283919838695, "je": 0, "ke": 0.9835915398504096, "loss": 0.47644210090533023, "meanscore": 0.006170567623682011, "n_docs": 25, "non_null": 0.5686316242997327, "precision": 0.9999979276479287, "prediction_time": 3.7239645121613165, "recall": 0.7786337547995751, "size": 670106, "time": 2.990918374093274, "we": 0.008467422001353975, "weighted_avg": 3.3342997806457793, "yw": 6.401217468957134, "z8": 19.779174600454617}, "classifier": {"B7": 153, "HS": 0.9610964643527653, "J6": 140167, "K4": 255, "KL": 0.5122071550505181, "KZ": 1.9536552337729174, "V0": 8, "accuracy": 0.9992652461465221, "auc": 0.09693636998356392, "avg_time": 12.623549894944055, "benchmark": 0.7088766409983036, "c0": 1.8490888519698032, "distinct": 131, "entropy": 1.1066816470815937, "errors": 237, "exp_cost": 169393838, "f1-score": 0.7539147371153813, "falsepos": 0.13696672874144655, "fullscore": 0.8977624282307343, "index": 3.1236230136524914, "je": 0.42985288718421044, "ke": 2.0481128864094837, "loss": 0.1089041493098043, "meanscore": 0.03552589896379843, "n_docs": 416, "non_null": 0.08813092006466028, "precision": 0.9952989619494585, "prediction_time": 2.79540533314239, "pz": 829416, "recall": 0.6059501222990948, "size": 6559, "time": 1.882375409040275, "weighted_avg": -0.6781313098835621, "yw": 0.4811095390318606, "z8": 0.9055053453483538}, "reports": {"B7": 42, "HS": 44.09518963386726, "J6": 0.03245077149773112, "K4": 37.336582019106515, "KL": 3.711137406452774, "KZ": -63, "V0": 80, "accuracy": 0.15534250102815683, "auc": 0.9471251690631206, "avg_time": 1.9108179156452578, "benchmark": -0.24135333112947488, "c0": 9.581150743599116, "entropy": 1.0124878476037475, "errors": 271, "exp_cost": 584, "f1-score": 0.9992671630036172, "falsepos": 0.05626531091728404, "fullscore": 0.07304687924775766, "index": 40.467159924737125, "je": 0.688782040446506, "ke": 8708, "loss": 0.34741200245474246, "meanscore": 0.9895269735419924, "n_docs": 4565, "non_null": 0.04628063075304312, "precision": 0.6325339919010873, "prediction_time": 11.15111508350383, "pz": 3.093549791315809, "recall": 0.988848466436795, "size": 3377, "time": 2.097856815386806, "we": 3.5693175157508086, "weighted_avg": 2.760894308743807, "yw": 2.8329662744684994, "z8": 1.2275480456007426}, "results": {"B7": 322, "HS": 135, "J6": 0.14749054096111472, "K4": 3.1349136807167297, "KL": 143, "V0": 0.8387046301885924, "accuracy": 0.5923093190754447, "auc": 0.9835872482402217, "avg_time": 3.203432654632082, "benchmark": 1.7951124660267384, "c0": 3967, "distinct": -93, "entropy": -0.48928126462099114, "errors": 200, "exp_cost": 18907, "f1-score": 0.8366465003226651, "falsepos": 0.05135726359565107, "fullscore": 0.3513347003521362, "index": 2.5537108203100654, "je": 0.7369019691183245, "ke": 14.975161771381932, "loss": 0.004476281557419415, "meanscore": 0.8853225910323834, "n_docs": 53615, "non_null": 0.7174744918805357, "precision": 0.07444052260200579, "prediction_time": 5.0411824546530335, "pz": 5.40299467143624, "recall": 0.04296865032152297, "size": 882513, "time": 0.8222501467811896, "we": -1.0008947123835505, "weighted_avg": 3.7836129756201995, "yw": 0.11656007653365041, "z8": 3253}, "train": {"B7": 0.9459934829646633, "HS": 296730, "K4": 5.099714371533788, "KL": 11.022263515807994, "KZ": 0.8978559728536899, "V0": 42, "accuracy": 0.9796438423703737, "auc": 0.9999998721072859, "benchmark": -0.10745710937929952, "c0": 0.8409387547073648, "distinct": 184, "entropy": -1.896724575889414, "errors": 115, "exp_cost": 150103, "f1-score": 0.11970577215707112, "falsepos": 0.6288182835213711, "fullscore": 0.8437496082237691, "index": 4.596221046712754, "je": 0.1285236392935309, "ke": 0.4799459748856083, "loss": 0.7084107377081593, "meanscore": 0.9995413475955349, "n_docs": 208874, "non_null": 0.22572086794093071, "precision": 0.6481603898499123, "prediction_time": 0.783927674847019, "pz": 389, "recall": 0.9962495939160576, "size": 15518, "time": 13.721063350860733, "we": 4.92019322957705, "weighted_avg": 1.0640267209295964, "yw": 0.04196172622881833, "z8": 0.3330562220432852}, "train_full": {"B7": 326, "HS": 53997, "J6": 1.6636088586044455, "K4": 261, "KL": 0.03934377103852871, "KZ": 0.7370408761993646, "V0": -0.3557314803083843, "accuracy": 0.21809995934354875, "auc": 0.4003234437448658, "avg_time": 0.9965625331200115, "benchmark": 0.47559643427771914, "c0": 0.8584095621614342, "distinct": 166, "entropy": -1.0916958490024926, "errors": -47, "exp_cost": 4862547, "f1-score": 0.9303429583980786, "falsepos": 0.22616919765852472, "fullscore": 0.8757639956676839, "index": 9.093611149444827, "je": 0.7171357867220973, "ke": 1706, "loss": 0.18906093267317092, "meanscore": 0.8778091390508267, "n_docs": 4331, "non_null": 9.804997753715128e-07, "precision": 0.9861177835784091, "prediction_time": 1.2317690497102014, "pz": 0.08422900647481163, "recall": 0.9999857493478865, "size": 13402, "time": 1.068705641174965, "we": 9.466599239864513, "weighted_avg": 2.1667124841563714, "yw": 0.6298691640927292, "z8": 1.4764982874452288}}