{"branch": {"B7": 82, "HS": 0.9563800621251517, "J6": 5, "K4": 0.9208442573257868, "KL": 3.340381040961138, "KZ": 0.9213612393298921, "V0": 0.015997164672708064, "accuracy": 0.869112315973791, "auc": 0.44337629045804766, "avg_time": 4.833996010909554, "benchmark": -0.5123494623730791, "c0": 0.9986370604038523, "distinct": 137, "entropy": 3.6456249668841236, "errors": -157, "exp_cost": 194251, "f1-score": 0.9451218451037084, "falsepos": 0.42432518093471894, "fullscore": 0.9441909927247221, "index": 5.472292834076324, "je": 8, "ke": 0.9875344438048246, "loss": 0.45138855331757655, "meanscore": 0.006893710710272782, "n_docs": 25, "non_null": 0.5281425086398005, "precision": 0.9999985958378487, "prediction_time": 4.10969460062499, "recall": 0.7989050357347538, "size": 707637, "time": 3.1066361561318843, "we": 0.0066286396161792105, "weighted_avg": 3.3900573243983474, "yw": 7.147653579830795, "z8": 21.74340827774974}, "classifier": {"B7": 155, "HS": 0.9637253336421088, "J6": 156329, "K4": 255, "KL": 0.4892161088319885, "KZ": 2.086920165626262, "V0": 14, "accuracy": 0.9993955692450927, "auc": 0.11915997861423677, "avg_time": 13.407664766089914, "benchmark": 0.7003565941272069, "c0": 1.9029453918365955, "distinct": 135, "entropy": 1.1534596824980046, "errors": 237, "exp_cost": 218660053, "f1-score": 0.7314084714796384, "falsepos": 0.12510532530416385, "fullscore": 0.9064946190873385, "index": 3.1563459101882634, "je": 0.4897447715626295, "ke": 2.0548761718371416, "loss": 0.10279149469587368, "meanscore": 0.03605144737403421, "n_docs": 456, "non_null": 0.09653716642750254, "precision": 0.9957468645145413, "prediction_time": 2.721911093942416, "pz": 865259, "recall": 0.6241589914514468, "size": 7392, "time": 1.7382378906962945, "weighted_avg": -0.5975333455543417, "yw": 0.5413541783816264, "z8": 0.8943889431399122}, "reports": {"B7": 48, "HS": 46.42690262654225, "J6": 0.02965909284943269, "K4": 38.962405635217365, "KL": 4.31527550814632, "KZ": -60, "V0": 86, "accuracy": 0.17390323119942153, "auc": 0.9436299854889666, "avg_time": 1.803425813417831, "benchmark": -0.19304049466198564, "c0": 10.029895736382489, "entropy": 1.0597652639213944, "errors": 281, "exp_cost": 662, "f1-score": 0.999353968961784, "falsepos": 0.05254326962689282, "fullscore": 0.0715382241383461, "index": 40.64932923302076, "je": 0.7160455659471884, "ke": 11744, "loss": 0.3208898117319996, "meanscore": 0.9902984685325692, "n_docs": 4881, "non_null": 0.041670035680938966, "precision": 0.6455156155531044, "prediction_time": 12.107046166202835, "pz": 3.2270057282892584, "recall": 0.989744787703921, "size": 3632, "time": 2.1840225259434165, "we": 3.628774720446155, "weighted_avg": 2.802182224506781, "yw": 2.8590848445546926, "z8": 1.243761403049796}, "results": {"B7": 329, "HS": 138, "J6": 0.2002017672380512, "K4": 3.187303302966622, "KL": 150, "V0": 0.8262047149131166, "accuracy": 0.6111115658853814, "auc": 0.9855272062858863, "avg_time": 3.16373580376409, "benchmark": 1.7911315493228346, "c0": 4631, "distinct": -89, "entropy": -0.43660186389059574, "errors": 205, "exp_cost": 24349, "f1-score": 0.8587792088192059, "falsepos": 0.04587712917345754, "fullscore": 0.35950603465331643, "index": 2.601036137495046, "je": 0.7581367856143898, "ke": 15.397545776325098, "loss": 0.003976335190445823, "meanscore": 0.893877725044323, "n_docs": 62314, "non_null": 0.691577783114592, "precision": 0.08136557184075821, "prediction_time": 5.060666475276999, "pz": 5.893688863283579, "recall": 0.05811951202091725, "size": 1000306, "time": 0.9079897393239886, "we": -0.9896693400521782, "weighted_avg": 3.9303572006415743, "yw": 0.1235657009040732, "z8": 3879}, "train": {"B7": 0.9560893397221155, "HS": 356235, "K4": 4.768590303670065, "KL": 11.202363662294355, "KZ": 0.9082564740494629, "V0": 46, "accuracy": 0.9808493448824817, "auc": 0.9999998749541951, "benchmark": -0.04779509161424736, "c0": 0.8266074140339692, "distinct": 188, "entropy": -1.8472833871620966, "errors": 116, "exp_cost": 186834, "f1-score": 0.14846989549944145, "falsepos": 0.6118449275753319, "fullscore": 0.8542618678299789, "index": 4.936451366223369, "je": 0.14546686836172867, "ke": 0.505963012463828, "loss": 0.6892511795430598, "meanscore": 0.999690909452691, "n_docs": 218715, "non_null": 0.20795846923692796, "precision": 0.6508429972614137, "prediction_time": 0.8609541831416743, "pz": 400, "recall": 0.9968328816144594, "size": 16280, "time": 15.078272965762451, "we": 5.406379085078738, "weighted_avg": 1.124073915690494, "yw": 0.03910148924974266, "z8": 0.3090768953162417}, "train_full": {"B7": 333, "HS": 62808, "J6": 1.7899859047276543, "K4": 267, "KL": 0.032279875277522074, "KZ": 0.7505722812921869, "V0": -0.32513362637917914, "accuracy": 0.2254791729890665, "auc": 0.4390184632563628, "avg_time": 1.0632752402838976, "benchmark": 0.4908054334651698, "c0": 0.9123163477695464, "distinct": 171, "entropy": -1.0387065593282367, "errors": -41, "exp_cost": 4597842, "f1-score": 0.9368767413677284, "falsepos": 0.2031703816595718, "fullscore": 0.88762939525352, "index": 9.336027153565308, "je": 0.6956221267909429, "ke": 1716, "loss": 0.1754336427198021, "meanscore": 0.8868435767870915, "n_docs": 5191, "non_null": 7.803296266928328e-07, "precision": 0.9889497870305688, "prediction_time": 1.1832476771947356, "pz": 0.08414265864932524, "recall": 0.9999882596280125, "size": 16122, "time": 1.1625365972998716, "we": 9.89130131377073, "weighted_avg": 2.1780346946609845, "yw": 0.658221847057613, "z8": 1.4656324058640193}}