{"branch": {"B7": 255, "HS": 0.999809235802757, "J6": 224, "K4": 2.898393230060157, "KL": 33.10573743123692, "KZ": 0.9999970615743742, "V0": 0.3443741231093188, "accuracy": 0.998339336819376, "auc": 0.9739306758627622, "avg_time": 33.42213848874751, "benchmark": 1.746899468972394, "c0": 0.999999770976518, "distinct": 326, "entropy": 5.6955959690271145, "errors": 15, "exp_cost": 47859626, "f1-score": 0.9999002751626204, "falsepos": 0.001861294871114083, "fullscore": 0.9999661407564284, "index": 76.09281156766309, "je": 224, "ke": 0.9999966422006863, "loss": 0.005512718455409016, "meanscore": 0.7601125664110726, "n_docs": 970, "non_null": 0.006563093043267965, "precision": 0.9999999999985184, "prediction_time": 16.45356135654483, "recall": 0.9992385611711867, "size": 630712098, "time": 34.75226177823613, "we": 7.950593444716603e-07, "weighted_avg": 6.017571397338656, "yw": 62.43699596233323, "z8": 277.66832941216694}, "classifier": {"B7": 342, "HS": 0.9986781106911811, "J6": 6051287, "K4": 449, "KL": 0.031258390303626093, "KZ": 23.70035625377161, "V0": 185, "accuracy": 0.9999999951472669, "auc": 0.8960723102433781, "avg_time": 80.871366855495, "benchmark": 3.2513690878699077, "c0": 4.7969998612629885, "distinct": 284, "entropy": 3.6268275698703887, "errors": 468, "exp_cost": 14916368258, "f1-score": 0.9834111822416496, "falsepos": 3.166991566472266e-05, "fullscore": 0.9971983401634208, "index": 13.477504639274496, "je": 0.9651038582402275, "ke": 4.384782773845553, "loss": 0.0025863756055753973, "meanscore": 0.773172289734601, "n_docs": 23117, "non_null": 0.00047482732995896004, "precision": 0.9999999820045952, "prediction_time": 15.831224260440552, "pz": 96030728, "recall": 0.9943107094572328, "size": 642459, "time": 6.711785109340837, "weighted_avg": 1.5961285126114462, "yw": 2.5005196443786235, "z8": 0.20020748552493606}, "reports": {"B7": 274, "HS": 377.11269869190284, "J6": 0.0009785607661678686, "K4": 237.75755955991298, "KL": 38.63812380240255, "KZ": 99, "V0": 327, "accuracy": 0.8135251964870897, "auc": 0.9999067167268004, "avg_time": 18.90209764477911, "benchmark": 2.2007999573373462, "c0": 81.94318889918573, "entropy": 3.5380038314054536, "errors": 544, "exp_cost": 28315, "f1-score": 0.9999999774991645, "falsepos": 0.0008182716738754925, "fullscore": 0.75451335954313, "index": 229.16566628219178, "je": 2.7068223869741, "ke": 822161, "loss": 0.01360643855987076, "meanscore": 0.9999250628344377, "n_docs": 156663, "non_null": 1.104313527300338e-05, "precision": 0.9659903342159867, "prediction_time": 126.3814701715538, "pz": 59.79790265665536, "recall": 0.9999510155241227, "size": 4314069, "time": 28.95061288484987, "we": 6.423970867185258, "weighted_avg": 4.001568574864285, "yw": 5.009443518537555, "z8": 9.884078417941518}, "results": {"B7": 548, "HS": 5290, "J6": 3.1330801443616956, "K4": 5.26727302246132, "KL": 384, "V0": 0.056258823345403663, "accuracy": 0.9748467748103382, "auc": 0.9999978882780869, "avg_time": 12.677258270214846, "benchmark": 3.6324802798733016, "c0": 271128, "distinct": 111, "entropy": 1.8797210507580393, "errors": 405, "exp_cost": 1897139, "f1-score": 0.9981947581359869, "falsepos": 6.26110156369819e-05, "fullscore": 0.7934495276618654, "index": 12.132274732308714, "je": 0.9998308911750945, "ke": 116.73081397867637, "loss": 6.908147742734627e-08, "meanscore": 0.9994208805834546, "n_docs": 2937226, "non_null": 0.009388866795682516, "precision": 0.7328036522755643, "prediction_time": 27.306357613949086, "pz": 30.739965408091575, "recall": 0.5875298884767247, "size": 91563791, "time": 6.951391745687882, "we": 1.285360638278076, "weighted_avg": 5.7462390143642965, "yw": 0.5270501286340522, "z8": 933741}, "train": {"B7": 0.9999926166685962, "HS": 110342601, "K4": 18.02941499598997, "KL": 98.46019163070108, "KZ": 0.9993369538598669, "V0": 328, "accuracy": 0.9999918771867066, "auc": 0.9999999999999807, "benchmark": 2.273594870742804, "c0": 0.15924253488189133, "distinct": 361, "entropy": 0.9225252955651875, "errors": 256, "exp_cost": 21290730, "f1-score": 0.6955581800938103, "falsepos": 0.07182332121302593, "fullscore": 0.9983882384401356, "index": 26.86198970608772, "je": 0.9359087214426844, "ke": 0.9972429141601312, "loss": 0.08915644823888325, "meanscore": 0.9999999942795855, "n_docs": 75974400, "non_null": 0.005687669512904225, "precision": 0.9738653274757973, "prediction_time": 5.129813405419442, "pz": 551, "recall": 0.9999997920172897, "size": 1312264, "time": 72.06550491169114, "we": 62.146749327085736, "weighted_avg": 3.182403371584063, "yw": 0.00040367870521718086, "z8": 0.006931285134087917}, "train_full": {"B7": 528, "HS": 31419392, "J6": 6.8288087402900866, "K4": 493, "KL": 5.858531270108713e-07, "KZ": 0.9886526381297263, "V0": 1.5469109896402407, "accuracy": 0.6975288910763958, "auc": 0.9816320014995147, "avg_time": 14.695703554636543, "benchmark": 2.60080727077534, "c0": 12.55224409406771, "distinct": 391, "entropy": 1.648400853605566, "errors": 185, "exp_cost": 490053638, "f1-score": 0.9999447672211906, "falsepos": 0.0003313200781673853, "fullscore": 0.9955869552692782, "index": 63.373384694613314, "je": 0.0644079794289999, "ke": 48499, "loss": 0.0009761951419696713, "meanscore": 0.9999820013446221, "n_docs": 264673, "non_null": 1.141975403129436e-12, "precision": 0.9999900742354466, "prediction_time": 6.730188131490284, "pz": 0.6991578800959111, "recall": 0.9999999999976935, "size": 1185648, "time": 21.496427799458395, "we": 38.44715568239322, "weighted_avg": 4.591325916771174, "yw": 0.9983519677210475, "z8": 3.7655922637538732}}