{"branch": {"B7": 308, "HS": 0.9999923679274325, "J6": 309, "K4": 3.5015604028275185, "KL": 72.41651434183453, "KZ": 0.9999999640061916, "V0": 0.6187909561786767, "accuracy": 0.9997162970884627, "auc": 0.9955074167933657, "avg_time": 61.517757282500725, "benchmark": 2.513250087418505, "c0": 0.999999997922281, "distinct": 362, "entropy": 6.376129196368766, "errors": 51, "exp_cost": 273559971, "f1-score": 0.999992558359185, "falsepos": 8.910434849140891e-05, "fullscore": 0.9999993789053069, "index": 171.53367384437823, "je": 308, "ke": 0.9999998953788839, "loss": 0.0005988707978745733, "meanscore": 0.9458305089532519, "n_docs": 3440, "non_null": 0.0005642134284176148, "precision": 0.9999999999999413, "prediction_time": 24.692675260977087, "recall": 0.9999545578016426, "size": 5056767802, "time": 78.12780360748442, "we": 5.820872339690197e-09, "weighted_avg": 6.857618054140824, "yw": 110.50756010832893, "z8": 755.3574887453286}, "classifier": {"B7": 397, "HS": 0.9998481960587624, "J6": 15439614, "K4": 522, "KL": 0.007551738356232129, "KZ": 53.081945781686485, "V0": 242, "accuracy": 0.9999999999641799, "auc": 0.9829264362650878, "avg_time": 119.32756550930132, "benchmark": 3.837774381265723, "c0": 5.720528945333328, "distinct": 331, "entropy": 4.458848294801571, "errors": 534, "exp_cost": 45732811047, "f1-score": 0.9970329975079424, "falsepos": 3.444236373884024e-07, "fullscore": 0.9988299438298783, "index": 21.41147103384034, "je": 0.9952583361882545, "ke": 5.051884519420968, "loss": 0.00028217026957000346, "meanscore": 0.9465648160424209, "n_docs": 59602, "non_null": 4.3639232667258554e-05, "precision": 0.9999999999485479, "prediction_time": 31.069273182131965, "pz": 467912351, "recall": 0.9992447701141944, "size": 2434191, "time": 10.349257901943053, "weighted_avg": 2.1143567575173985, "yw": 3.0844895060271265, "z8": 0.061285318491506646}, "reports": {"B7": 347, "HS": 698.1221148846142, "J6": 0.0003677410429723249, "K4": 428.3971391435676, "KL": 69.12107950734185, "KZ": 160, "V0": 392, "accuracy": 0.9148403570428333, "auc": 0.9999943022242159, "avg_time": 38.46991866055408, "benchmark": 2.9089083268812734, "c0": 154.9887217359102, "entropy": 4.216934073327232, "errors": 621, "exp_cost": 99676, "f1-score": 0.9999999997974635, "falsepos": 0.000171507453159081, "fullscore": 0.9079375149542412, "index": 408.34501520875415, "je": 4.194049699913727, "ke": 4409642, "loss": 0.0034148233500783665, "meanscore": 0.9999947090686677, "n_docs": 610138, "non_null": 2.4077984916992534e-07, "precision": 0.9920037294884323, "prediction_time": 291.33233601446625, "pz": 139.83983072812484, "recall": 0.9999947762019563, "size": 35064970, "time": 64.78653774090269, "we": 7.304546428981632, "weighted_avg": 4.430319507272328, "yw": 5.597973778645396, "z8": 19.646539399053452}, "results": {"B7": 611, "HS": 13153, "J6": 4.2605870283873815, "K4": 5.910099861201525, "KL": 455, "V0": 0.009681560778338483, "accuracy": 0.9942809945115405, "auc": 0.9999999678548674, "avg_time": 17.11641995354827, "benchmark": 4.018393187635315, "c0": 1003935, "distinct": 180, "entropy": 2.37411192330078, "errors": 468, "exp_cost": 5314266, "f1-score": 0.9997469077859281, "falsepos": 4.126329463338685e-06, "fullscore": 0.8729137005304125, "index": 23.06032240112923, "je": 0.9999963876300105, "ke": 216.8714997949171, "loss": 3.035559581476832e-10, "meanscore": 0.9999527846076628, "n_docs": 7045659, "non_null": 0.0004930904476915243, "precision": 0.878503688023359, "prediction_time": 52.22286549764063, "pz": 44.87372250211317, "recall": 0.7839988103992218, "size": 136511843, "time": 13.297252917166992, "we": 1.9112208504267796, "weighted_avg": 6.513276732546776, "yw": 0.6952570599061565, "z8": 5865462}, "train": {"B7": 0.9999996598799138, "HS": 646780736, "K4": 32.628675724474284, "KL": 188.76690419928445, "KZ": 0.9999256551018989, "V0": 414, "accuracy": 0.999999187149599, "auc": 1.0, "benchmark": 2.978475257582515, "c0": 0.05627479383068423, "distinct": 407, "entropy": 1.8197472508474435, "errors": 301, "exp_cost": 129136564, "f1-score": 0.8310246705148328, "falsepos": 0.033550823724909806, "fullscore": 0.9998098322313873, "index": 44.69163473415242, "je": 0.9856525666432419, "ke": 0.9998809146211173, "loss": 0.02339328375463623, "meanscore": 0.9999999998978508, "n_docs": 333819023, "non_null": 0.0007874772744456138, "precision": 0.9960169241449599, "prediction_time": 10.34434434483828, "pz": 587, "recall": 0.9999999976476937, "size": 5325174, "time": 119.6011098143744, "we": 119.78057910406606, "weighted_avg": 3.7819286394133314, "yw": 6.257757044236811e-05, "z8": 0.0011996226239766594}, "train_full": {"B7": 593, "HS": 250773140, "J6": 11.629921619846375, "K4": 560, "KL": 2.0649951748552553e-09, "KZ": 0.9985095763876395, "V0": 2.155444576489806, "accuracy": 0.8441950570719546, "auc": 0.9978428327534075, "avg_time": 35.77338337103914, "benchmark": 3.249562374748899, "c0": 27.78000858718228, "distinct": 430, "entropy": 2.5005970709736616, "errors": 246, "exp_cost": 2349663784, "f1-score": 0.9999879039551164, "falsepos": 2.3082151864972644e-05, "fullscore": 0.9993651482194699, "index": 127.52164502478423, "je": 0.014045053818084519, "ke": 115143, "loss": 0.00015789804205434965, "meanscore": 0.9999997904554279, "n_docs": 763244, "non_null": 4.884981308350689e-15, "precision": 0.9999995492002268, "prediction_time": 11.03720014781503, "pz": 0.8775743871877446, "recall": 0.999999999999995, "size": 3955323, "time": 55.880784536996444, "we": 61.90604498314554, "weighted_avg": 5.338181859577746, "yw": 0.9999097018830523, "z8": 4.60482601509973}}