{"branch": {"B7": 328, "HS": 0.9999968587895076, "J6": 329, "K4": 3.69282942574043, "KL": 99.87368168369406, "KZ": 0.9999999971529636, "V0": 0.6965490175778464, "accuracy": 0.9999337147921338, "auc": 0.9980639290633402, "avg_time": 73.15084300303688, "benchmark": 2.6934242548606093, "c0": 0.9999999996229981, "distinct": 407, "entropy": 6.834831823197878, "errors": 83, "exp_cost": 718477237, "f1-score": 0.999998485500107, "falsepos": 2.252195035135074e-05, "fullscore": 0.9999997930147837, "index": 269.7028607223819, "je": 339, "ke": 0.9999999803361072, "loss": 0.00013597619413940887, "meanscore": 0.9739968668690504, "n_docs": 6549, "non_null": 0.00020040212115834954, "precision": 0.9999999999999984, "prediction_time": 31.349608703324325, "recall": 0.9999861920725155, "size": 14361657467, "time": 113.36793076591366, "we": 1.3989247538148675e-09, "weighted_avg": 7.2616607237275215, "yw": 137.25047192620482, "z8": 1114.0820798731136}, "classifier": {"B7": 439, "HS": 0.9999098675874174, "J6": 41105067, "K4": 535, "KL": 0.003627681289713358, "KZ": 81.04566637360038, "V0": 267, "accuracy": 0.9999999999980216, "auc": 0.9943756569977529, "avg_time": 178.48879518744997, "benchmark": 4.327653033151727, "c0": 6.138661084897381, "distinct": 345, "entropy": 4.786180532322632, "errors": 578, "exp_cost": 88529877547, "f1-score": 0.998697536958201, "falsepos": 5.109702416739026e-08, "fullscore": 0.9997107603338486, "index": 27.509752378562744, "je": 0.9973658732462067, "ke": 5.448535621953265, "loss": 0.0002008872621312996, "meanscore": 0.975579851404839, "n_docs": 120716, "non_null": 9.524399920524118e-06, "precision": 0.9999999999956852, "prediction_time": 37.83327794022866, "pz": 798010326, "recall": 0.9998074858252997, "size": 4851623, "time": 11.025537993293941, "weighted_avg": 2.61502709593376, "yw": 3.3760057193723467, "z8": 0.03775283716978228}, "reports": {"B7": 375, "HS": 1003.4527152679038, "J6": 0.0001474517324345781, "K4": 516.4569712031299, "KL": 106.42697208116932, "KZ": 181, "V0": 414, "accuracy": 0.9497589173383907, "auc": 0.9999985464357398, "avg_time": 53.91826042061851, "benchmark": 3.351321146128635, "c0": 224.22864834515113, "entropy": 4.532229886863582, "errors": 654, "exp_cost": 149981, "f1-score": 0.9999999999841633, "falsepos": 7.173322733522447e-05, "fullscore": 0.9553065508973644, "index": 635.0506232479634, "je": 4.87367789954963, "ke": 10764735, "loss": 0.0006210421769798913, "meanscore": 0.9999978444801488, "n_docs": 1040361, "non_null": 2.0780158926925196e-08, "precision": 0.9957328109218722, "prediction_time": 380.07496004771724, "pz": 188.38574436266288, "recall": 0.9999985902868158, "size": 107933550, "time": 92.82196733410818, "we": 7.4927964414164085, "weighted_avg": 4.57072102689167, "yw": 6.003464266732611, "z8": 23.83014888479745}, "results": {"B7": 659, "HS": 25944, "J6": 4.606991226254982, "K4": 6.10459822409099, "KL": 496, "V0": 0.003217510648520383, "accuracy": 0.9974119018517783, "auc": 0.999999997658364, "avg_time": 23.872900860249214, "benchmark": 4.388900268157639, "c0": 1937678, "distinct": 227, "entropy": 2.911628935018111, "errors": 499, "exp_cost": 12922961, "f1-score": 0.999887470392406, "falsepos": 6.71839675003838e-07, "fullscore": 0.9198473188752452, "index": 28.082409174364805, "je": 0.9999995811512048, "ke": 247.40470955384615, "loss": 1.1300738123054543e-11, "meanscore": 0.9999899080747928, "n_docs": 10051856, "non_null": 0.0001500597552940297, "precision": 0.9186355601028321, "prediction_time": 71.00143941238994, "pz": 62.599085912811034, "recall": 0.8630370609142198, "size": 534937183, "time": 16.971753264252893, "we": 2.218115685520981, "weighted_avg": 6.854831064103516, "yw": 0.761435982457626, "z8": 13562080}, "train": {"B7": 0.9999999697422435, "HS": 1637297902, "K4": 30.786030352084133, "KL": 243.67770142150184, "KZ": 0.9999702256796119, "V0": 456, "accuracy": 0.999999895087605, "auc": 1.0, "benchmark": 3.359051141938525, "c0": 0.03595638023900216, "distinct": 445, "entropy": 2.3303225440831614, "errors": 305, "exp_cost": 222332227, "f1-score": 0.9183268659881101, "falsepos": 0.013932466867040638, "fullscore": 0.9999048512842382, "index": 62.72327293269972, "je": 0.9922157394098958, "ke": 0.9999705003689366, "loss": 0.013294675643283904, "meanscore": 0.999999999993564, "n_docs": 803438713, "non_null": 0.00018715402645697043, "precision": 0.9979361916040463, "prediction_time": 12.971771206200113, "pz": 622, "recall": 0.9999999996540487, "size": 8933492, "time": 147.7364551549231, "we": 172.97288328918498, "weighted_avg": 4.112129133472802, "yw": 2.5726796766489812e-05, "z8": 0.0004877094096542578}, "train_full": {"B7": 619, "HS": 527203727, "J6": 14.931480086713623, "K4": 605, "KL": 1.2085266121175664e-10, "KZ": 0.9990963209807302, "V0": 2.3788885687897494, "accuracy": 0.8730662299368952, "auc": 0.9992811204188221, "avg_time": 52.87148359675423, "benchmark": 3.4920071853836605, "c0": 43.55414060218113, "distinct": 460, "entropy": 3.0220439849689775, "errors": 282, "exp_cost": 4487337920, "f1-score": 0.9999982872447304, "falsepos": 4.442678522731391e-06, "fullscore": 0.9997888689830032, "index": 190.64627138975422, "je": 0.00503636221154613, "ke": 204445, "loss": 3.912013121654123e-05, "meanscore": 0.9999999793868306, "n_docs": 1198787, "non_null": 2.220446049250313e-16, "precision": 0.9999997649910353, "prediction_time": 16.14455669589239, "pz": 0.920522354536143, "recall": 0.9999999999999996, "size": 7968729, "time": 91.88076815359672, "we": 73.62149125741536, "weighted_avg": 5.66630313758065, "yw": 0.9999841485285037, "z8": 4.993863520348077}}