{"branch": {"B7": 286, "HS": 0.9999816340522597, "J6": 278, "K4": 3.355968530676657, "KL": 58.17558630731469, "KZ": 0.9999998685812406, "V0": 0.5273899495488871, "accuracy": 0.9994925703464503, "auc": 0.9919751658949494, "avg_time": 62.07416209150061, "benchmark": 2.283912044552269, "c0": 0.9999999803576359, "distinct": 349, "entropy": 6.17657790443188, "errors": 44, "exp_cost": 196794597, "f1-score": 0.99998580430168, "falsepos": 0.00018714872266001326, "fullscore": 0.9999976019595964, "index": 126.20006350099037, "je": 277, "ke": 0.9999996133681139, "loss": 0.001025978219210355, "meanscore": 0.9120220884290864, "n_docs": 1761, "non_null": 0.0012917548744545426, "precision": 0.9999999999997301, "prediction_time": 20.6989561509682, "recall": 0.9998100000458136, "size": 3178575551, "time": 61.34325203422143, "we": 3.302560058759951e-08, "weighted_avg": 6.532325712053045, "yw": 73.96238770437873, "z8": 523.806575529}, "classifier": {"B7": 389, "HS": 0.9996182586030464, "J6": 12835971, "K4": 492, "KL": 0.015587674914387173, "KZ": 39.613823425379614, "V0": 220, "accuracy": 0.9999999997515117, "auc": 0.9663679432703411, "avg_time": 109.42903045059883, "benchmark": 3.63131579950563, "c0": 5.486530289329849, "distinct": 319, "entropy": 4.10793538145481, "errors": 526, "exp_cost": 38851673763, "f1-score": 0.9949842276380514, "falsepos": 1.3775570553153926e-06, "fullscore": 0.9986680915042957, "index": 18.396436707808075, "je": 0.9909557120929667, "ke": 4.81649834773743, "loss": 0.0006093816947703168, "meanscore": 0.9117507406046954, "n_docs": 43891, "non_null": 8.893468197279653e-05, "precision": 0.9999999994220861, "prediction_time": 27.545296383004533, "pz": 270189382, "recall": 0.9987934181286988, "size": 1608260, "time": 8.247875874718336, "weighted_avg": 2.160155253426187, "yw": 2.9476752198932115, "z8": 0.08140492403222377}, "reports": {"B7": 319, "HS": 625.3037346019214, "J6": 0.00045616353044453106, "K4": 355.8764316645396, "KL": 60.794102874924626, "KZ": 139, "V0": 382, "accuracy": 0.8773558429779782, "auc": 0.9999878483280977, "avg_time": 29.544240174694057, "benchmark": 2.772052563159442, "c0": 137.31338113507948, "entropy": 3.9827489804327163, "errors": 590, "exp_cost": 54070, "f1-score": 0.9999999992778507, "falsepos": 0.0002587494695691639, "fullscore": 0.8666958733828574, "index": 352.5968824339925, "je": 3.8320082263627606, "ke": 2914117, "loss": 0.0028695976074453178, "meanscore": 0.9999921000723284, "n_docs": 391140, "non_null": 1.2292443738459724e-06, "precision": 0.9881337235879032, "prediction_time": 244.24138795683348, "pz": 108.24111317271637, "recall": 0.9999805117924776, "size": 19160314, "time": 52.39599575056342, "we": 7.081971848145247, "weighted_avg": 4.294136754692168, "yw": 5.436931226653374, "z8": 15.95494616984988}, "results": {"B7": 587, "HS": 8124, "J6": 3.963232563859853, "K4": 5.692233541169662, "KL": 437, "V0": 0.015275577315788103, "accuracy": 0.9922189445191886, "auc": 0.9999998256418368, "avg_time": 16.468888338816623, "benchmark": 3.9094310566154027, "c0": 780054, "distinct": 183, "entropy": 2.1855304599684455, "errors": 445, "exp_cost": 3352567, "f1-score": 0.9994021362309179, "falsepos": 9.581638720224106e-06, "fullscore": 0.8500213201143518, "index": 18.929400198377877, "je": 0.9999889958533068, "ke": 157.47260029192697, "loss": 4.02109945341067e-09, "meanscore": 0.999873387713052, "n_docs": 4152359, "non_null": 0.0017329169686676194, "precision": 0.8483626847155828, "prediction_time": 46.079941336792565, "pz": 41.0158493274398, "recall": 0.7048641502094295, "size": 143448999, "time": 10.576100430980725, "we": 1.7152951812782826, "weighted_avg": 6.280707286148887, "yw": 0.6431765823514064, "z8": 4440099}, "train": {"B7": 0.9999990835064988, "HS": 322479759, "K4": 25.25598879235582, "KL": 156.446646409262, "KZ": 0.9998564182154419, "V0": 389, "accuracy": 0.9999991578184232, "auc": 0.9999999999999996, "benchmark": 2.87079721635846, "c0": 0.08930347565342445, "distinct": 414, "entropy": 1.5798401645075302, "errors": 282, "exp_cost": 53015747, "f1-score": 0.8114372670750205, "falsepos": 0.041875910625791546, "fullscore": 0.9995429918805393, "index": 41.06632163425865, "je": 0.9809309067428063, "ke": 0.9996190469715607, "loss": 0.04313683321656103, "meanscore": 0.999999999436207, "n_docs": 259455088, "non_null": 0.0017487460872966931, "precision": 0.9898632323966604, "prediction_time": 8.027247655577918, "pz": 580, "recall": 0.9999999889679072, "size": 3725586, "time": 92.32997391114132, "we": 108.10059391011059, "weighted_avg": 3.628672309040585, "yw": 0.0001361284980895272, "z8": 0.0017193058342382939}, "train_full": {"B7": 577, "HS": 111281355, "J6": 9.884246932331974, "K4": 545, "KL": 1.2598047938183754e-08, "KZ": 0.9973804064060854, "V0": 1.825530728355349, "accuracy": 0.7991448895807803, "auc": 0.9949674793611387, "avg_time": 28.8236852279215, "benchmark": 3.0522581159248445, "c0": 22.31359584942994, "distinct": 430, "entropy": 2.3524964250153597, "errors": 230, "exp_cost": 1640624761, "f1-score": 0.9999831768573689, "falsepos": 4.6824516108490144e-05, "fullscore": 0.9990799762554144, "index": 104.68459419446718, "je": 0.023189725333748634, "ke": 86575, "loss": 0.0001493459634823724, "meanscore": 0.9999991494043712, "n_docs": 711093, "non_null": 2.2426505097428162e-14, "precision": 0.9999984606597616, "prediction_time": 10.05758525904986, "pz": 0.8364136482003159, "recall": 0.9999999999999285, "size": 3412619, "time": 40.67279715198655, "we": 57.443824316461416, "weighted_avg": 5.060841490478244, "yw": 0.9997994975717016, "z8": 4.315643771068968}}