{"branch": {"B7": 402, "HS": 0.9999999950679064, "J6": 444, "K4": 4.766223357522704, "KL": 310.70079090513093, "KZ": 0.9999999999997514, "V0": 0.9320404224479849, "accuracy": 0.9999994769212329, "auc": 0.9999590974849577, "avg_time": 217.0204176306045, "benchmark": 3.803589200788211, "c0": 0.9999999999982792, "distinct": 482, "entropy": 7.846771351932819, "errors": 141, "exp_cost": 8468766980, "f1-score": 0.9999999926162096, "falsepos": 3.549765037469399e-08, "fullscore": 0.9999999999533037, "index": 755.2963442007681, "je": 440, "ke": 0.9999999999891386, "loss": 6.583940804771871e-07, "meanscore": 0.9996245257599107, "n_docs": 41170, "non_null": 7.519704829928031e-07, "precision": 1.0, "prediction_time": 51.40025832982056, "recall": 0.9999998829345069, "size": 413242221119, "time": 304.75433628273794, "we": 7.831513215705854e-13, "weighted_avg": 8.447766915756361, "yw": 422.80397003205303, "z8": 3753.590280663147}, "classifier": {"B7": 532, "HS": 0.9999928936580047, "J6": 138973313, "K4": 627, "KL": 0.00019021462335455652, "KZ": 240.90024262338733, "V0": 335, "accuracy": 0.9999999999999991, "auc": 0.9999135087657509, "avg_time": 319.7227890163644, "benchmark": 5.470260746545918, "c0": 7.606627794116327, "distinct": 418, "entropy": 5.836123683824378, "errors": 693, "exp_cost": 683801072514, "f1-score": 0.9999585709986765, "falsepos": 9.215517238203574e-12, "fullscore": 0.9999787835151779, "index": 51.471149332769315, "je": 0.9998324203803326, "ke": 6.327322663441594, "loss": 4.775903405862536e-06, "meanscore": 0.9992280816815919, "n_docs": 474804, "non_null": 5.830746552248911e-08, "precision": 0.9999999999999998, "prediction_time": 92.75990828934988, "pz": 5472572769, "recall": 0.9999965243460232, "size": 31155244, "time": 21.911810661926715, "weighted_avg": 3.758607251407912, "yw": 4.3463309783707675, "z8": 0.0028111089612448126}, "reports": {"B7": 476, "HS": 2496.822516538039, "J6": 2.0155882815675596e-05, "K4": 1168.7720318251384, "KL": 258.1368892266956, "KZ": 260, "V0": 544, "accuracy": 0.9926079177317999, "auc": 0.9999999906205491, "avg_time": 183.7217256920924, "benchmark": 4.302708764561463, "c0": 644.1126985617265, "entropy": 5.612699305641997, "errors": 781, "exp_cost": 1000882, "f1-score": 0.9999999999999979, "falsepos": 1.9216061921678573e-06, "fullscore": 0.994142679151772, "index": 1424.9660290094869, "je": 11.287770818174625, "ke": 60077590, "loss": 2.5625933595896377e-05, "meanscore": 0.9999999833115312, "n_docs": 6678623, "non_null": 1.1471090743953027e-10, "precision": 0.9996510717988223, "prediction_time": 1426.3150704534619, "pz": 715.2279183899649, "recall": 0.9999998951029698, "size": 2308497270, "time": 271.9011801426988, "we": 8.840045357646702, "weighted_avg": 5.053241858443737, "yw": 6.81616993945839, "z8": 69.7139202889179}, "results": {"B7": 752, "HS": 95184, "J6": 6.128271090028869, "K4": 6.9770885978888595, "KL": 589, "V0": 4.72385912091422e-05, "accuracy": 0.9998851141487439, "auc": 0.9999999999925429, "avg_time": 40.730647632707935, "benchmark": 5.00738115559963, "c0": 9434738, "distinct": 340, "entropy": 3.634639751386586, "errors": 587, "exp_cost": 47737143, "f1-score": 0.9999980997941061, "falsepos": 5.305111239195526e-09, "fullscore": 0.9736889417567007, "index": 69.55841428712435, "je": 0.9999999998844441, "ke": 556.3238298082393, "loss": 1.4654943925052066e-14, "meanscore": 0.9999999167287491, "n_docs": 66857053, "non_null": 3.73974500811336e-07, "precision": 0.9888976220113225, "prediction_time": 170.19522724720628, "pz": 100.13507029663583, "recall": 0.9628281472471952, "size": 2332313195, "time": 48.520104293770665, "we": 3.3056830988962647, "weighted_avg": 7.787586856361836, "yw": 0.8988542263424808, "z8": 253734117}, "train": {"B7": 0.9999999999735396, "HS": 17932148180, "K4": 68.60780947600101, "KL": 756.7726633821198, "KZ": 0.9999997336217396, "V0": 586, "accuracy": 0.9999999993767472, "auc": 1.0, "benchmark": 4.629589353344774, "c0": 0.003978671494794028, "distinct": 542, "entropy": 3.6118589310372498, "errors": 382, "exp_cost": 1804188734, "f1-score": 0.9771005288716434, "falsepos": 0.003159367837615168, "fullscore": 0.9999972398884357, "index": 133.39872075369968, "je": 0.9999516323431781, "ke": 0.9999999576534058, "loss": 0.0007019865910403711, "meanscore": 0.9999999999999939, "n_docs": 16071428146, "non_null": 4.444440470985356e-06, "precision": 0.9998553270897426, "prediction_time": 26.225407108572185, "pz": 701, "recall": 0.9999999999986973, "size": 119434763, "time": 291.91074088215515, "we": 688.5882164227769, "weighted_avg": 5.087871049649995, "yw": 8.09210733310195e-07, "z8": 4.118146988085769e-06}, "train_full": {"B7": 713, "HS": 8254782104, "J6": 29.96323509477798, "K4": 721, "KL": 4.218847493575595e-15, "KZ": 0.999972656907613, "V0": 3.200287130460825, "accuracy": 0.9636292752769923, "auc": 0.9999827896023599, "avg_time": 180.10290304026668, "benchmark": 4.590122349487254, "c0": 114.1801817057982, "distinct": 569, "entropy": 4.224998132370883, "errors": 388, "exp_cost": 30154605062, "f1-score": 0.9999999928297771, "falsepos": 1.859733067544056e-08, "fullscore": 0.9999732174213813, "index": 420.39364789404186, "je": 0.0004017985568141036, "ke": 672635, "loss": 2.915393266800237e-07, "meanscore": 0.999999999995117, "n_docs": 7999285, "non_null": 0.0, "precision": 0.9999999994262718, "prediction_time": 36.60926172452605, "pz": 0.9918879025163296, "recall": 1.0, "size": 94824011, "time": 359.62220098917874, "we": 132.67706570923474, "weighted_avg": 6.815981620742801, "yw": 0.999999972694062, "z8": 6.029096965795008}}