{"branch": {"B7": 171, "HS": 0.9954582411757613, "J6": 93, "K4": 1.7726464658059073, "KL": 9.710739164692427, "KZ": 0.9979461475493655, "V0": 0.08856399990263203, "accuracy": 0.9770950349914411, "auc": 0.8389417716101905, "avg_time": 14.530492007561271, "benchmark": 0.610431266451454, "c0": 0.9999469898561818, "distinct": 209, "entropy": 4.719029618353335, "errors": -91, "exp_cost": 3713165, "f1-score": 0.9943643032480844, "falsepos": 0.07501836401645479, "fullscore": 0.9967028912667625, "index": 16.599958785040087, "je": 107, "ke": 0.9996471299679551, "loss": 0.0881254013692152, "meanscore": 0.15824436135743247, "n_docs": 102, "non_null": 0.17206250344291663, "precision": 0.9999999901016999, "prediction_time": 7.815918312400771, "recall": 0.9609822822497858, "size": 18220335, "time": 9.213099648262176, "we": 0.00021534280061497046, "weighted_avg": 4.539101769832696, "yw": 16.593089868443535, "z8": 73.94548557717785}, "classifier": {"B7": 254, "HS": 0.9930627368144297, "J6": 1000752, "K4": 337, "KL": 0.1690808291466468, "KZ": 6.28640683561172, "V0": 88, "accuracy": 0.999993497195862, "auc": 0.48352540783253, "avg_time": 32.559741762173445, "benchmark": 1.9014334920297202, "c0": 3.2713166290705225, "distinct": 207, "entropy": 2.2875242537913745, "errors": 340, "exp_cost": 1499333376, "f1-score": 0.9189902253181476, "falsepos": 0.008882350761939106, "fullscore": 0.9688674715671115, "index": 5.906843182558496, "je": 0.7803200077761274, "ke": 3.1082733510798697, "loss": 0.021415405044587943, "meanscore": 0.285351520512938, "n_docs": 2439, "non_null": 0.007845520037668252, "precision": 0.9999498309777771, "prediction_time": 6.095214692025407, "pz": 7279229, "recall": 0.9012585530444084, "size": 56404, "time": 3.1162759323495726, "weighted_avg": 0.5839152586273787, "yw": 1.4768809202491842, "z8": 0.6027475113720058}, "reports": {"B7": 151, "HS": 111.46495375389082, "J6": 0.006373865959715008, "K4": 82.30511641007405, "KL": 11.224949842122882, "KZ": 24, "V0": 198, "accuracy": 0.4802699351029625, "auc": 0.9965152597351018, "avg_time": 5.711580905311303, "benchmark": 0.8699672045473704, "c0": 28.229005743081736, "entropy": 2.144101040915922, "errors": 402, "exp_cost": 3684, "f1-score": 0.9999925106088059, "falsepos": 0.00950470041300755, "fullscore": 0.298039090070614, "index": 81.2796205851679, "je": 1.4378913819810368, "ke": 87362, "loss": 0.06815474367569041, "meanscore": 0.9988079596944529, "n_docs": 32006, "non_null": 0.0030348291392980897, "precision": 0.845817118627135, "prediction_time": 38.08556801125509, "pz": 11.96412282455403, "recall": 0.9980992533576247, "size": 90785, "time": 7.0556018446503, "we": 5.040520399559996, "weighted_avg": 3.3676410182782837, "yw": 3.6798884676242505, "z8": 3.8259985679958413}, "results": {"B7": 414, "HS": 521, "J6": 1.6514700668954585, "K4": 4.105060411343386, "KL": 249, "V0": 0.3973110310390602, "accuracy": 0.8732878420100612, "auc": 0.999359745618215, "avg_time": 5.976150585467808, "benchmark": 2.5876568539372906, "c0": 25821, "distinct": 29, "entropy": 0.6005402373846621, "errors": 280, "exp_cost": 128496, "f1-score": 0.9719444460678884, "falsepos": 0.0029492331585119214, "fullscore": 0.5280027360350587, "index": 4.895835853838258, "je": 0.9808096079111591, "ke": 33.421279878662965, "loss": 8.499250001459124e-05, "meanscore": 0.9845314430597952, "n_docs": 341864, "non_null": 0.23681193723209382, "precision": 0.380995358054727, "prediction_time": 11.700202066984792, "pz": 14.142869284020533, "recall": 0.1810158777005174, "size": 6588997, "time": 2.6590176940074963, "we": 0.050363394689438123, "weighted_avg": 4.915907911120298, "yw": 0.282273212581374, "z8": 49390}, "train": {"B7": 0.9978347128992582, "HS": 4158957, "K4": 8.644138710475378, "KL": 36.9250940249909, "KZ": 0.983510647511047, "V0": 180, "accuracy": 0.999232208336076, "auc": 0.9999999994156498, "benchmark": 1.0660909806143408, "c0": 0.5713792991270363, "distinct": 271, "entropy": -0.668360107192587, "errors": 169, "exp_cost": 1505878, "f1-score": 0.43570601345469184, "falsepos": 0.3523234209127466, "fullscore": 0.9579189565225956, "index": 11.475061606965749, "je": 0.516230222753178, "ke": 0.8800310378541888, "loss": 0.37270297604980973, "meanscore": 0.9999911530311649, "n_docs": 3538291, "non_null": 0.06607962753134577, "precision": 0.8395716374886741, "prediction_time": 1.8745331648415322, "pz": 478, "recall": 0.9999313961005902, "size": 159453, "time": 31.596117603325997, "we": 15.981442896237434, "weighted_avg": 1.962681733434283, "yw": 0.00441858776610593, "z8": 0.07504478716025487}, "train_full": {"B7": 422, "HS": 945315, "J6": 3.46248557209923, "K4": 370, "KL": 0.000633889313087721, "KZ": 0.9141734196434081, "V0": 0.5000761662584483, "accuracy": 0.4053480169481706, "auc": 0.805087367418907, "avg_time": 3.3864794507541354, "benchmark": 1.5760949699024822, "c0": 2.680600612840769, "distinct": 267, "entropy": 0.272241465335841, "errors": 61, "exp_cost": 51696127, "f1-score": 0.9947528291014003, "falsepos": 0.023583481223034664, "fullscore": 0.9697255555336748, "index": 25.781594289133636, "je": 0.3251438322946616, "ke": 7890, "loss": 0.015745222654762747, "meanscore": 0.9947188454544416, "n_docs": 36535, "non_null": 2.8558426734548448e-09, "precision": 0.9995243147692676, "prediction_time": 3.00731700176243, "pz": 0.313854346536503, "recall": 0.9999999638989292, "size": 148505, "time": 4.193472271895977, "we": 19.127240931550197, "weighted_avg": 3.2639682560759167, "yw": 0.9459293115199008, "z8": 2.5273056059107195}}