{"branch": {"B7": 503, "HS": 0.9999999999991996, "J6": 576, "K4": 5.764076261765169, "KL": 1326.0357661896574, "KZ": 1.0, "V0": 0.9961432669107134, "accuracy": 0.9999999998702287, "auc": 0.9999998750186654, "avg_time": 776.0590722838069, "benchmark": 4.952153296967729, "c0": 1.0, "distinct": 591, "entropy": 9.122159231229588, "errors": 249, "exp_cost": 260633636798, "f1-score": 0.9999999999981029, "falsepos": 5.558886684298159e-13, "fullscore": 0.9999999999999992, "index": 4074.095029774813, "je": 563, "ke": 0.9999999999999998, "loss": 8.394374084730316e-11, "meanscore": 0.999999873191358, "n_docs": 576702, "non_null": 2.79075651477001e-10, "precision": 1.0, "prediction_time": 110.09092193530051, "recall": 0.9999999999735678, "size": 25870063282613, "time": 1285.2934468864667, "we": 0.0, "weighted_avg": 10.079065640775049, "yw": 1292.1938267854746, "z8": 22034.491863304338}, "classifier": {"B7": 645, "HS": 0.9999999414016332, "J6": 1076526332, "K4": 728, "KL": 2.0935071454175613e-06, "KZ": 1166.7312793068247, "V0": 445, "accuracy": 1.0, "auc": 0.9999998598388508, "avg_time": 982.0906161320064, "benchmark": 7.133257265424523, "c0": 9.282224934312524, "distinct": 510, "entropy": 7.339142634229671, "errors": 838, "exp_cost": 6505631880124, "f1-score": 0.9999998596452506, "falsepos": 0.0, "fullscore": 0.9999998743998089, "index": 138.25035156412278, "je": 0.9999993001096881, "ke": 7.665201156471754, "loss": 7.124189438378892e-08, "meanscore": 0.9999990719237747, "n_docs": 7149653, "non_null": 1.0338729872216845e-11, "precision": 1.0, "prediction_time": 243.6379896741481, "pz": 97864285387, "recall": 0.9999999950957728, "size": 479996597, "time": 44.47501116319734, "weighted_avg": 5.206701191555893, "yw": 5.507433430462536, "z8": 2.0499192058265336e-05}, "reports": {"B7": 615, "HS": 8529.721637425739, "J6": 9.631747416305458e-07, "K4": 3412.657798622987, "KL": 1161.060062931751, "KZ": 368, "V0": 700, "accuracy": 0.9998921120786742, "auc": 0.9999999999985054, "avg_time": 717.420114008269, "benchmark": 5.695457952576458, "c0": 2423.785336408162, "entropy": 7.2609104389201855, "errors": 933, "exp_cost": 9481787, "f1-score": 1.0, "falsepos": 1.0401970396145543e-08, "fullscore": 0.9999175956428005, "index": 3831.5814234982163, "je": 31.686572634796352, "ke": 1147944399, "loss": 5.911783584888752e-08, "meanscore": 0.9999999999817222, "n_docs": 72970246, "non_null": 1.7763568394002505e-15, "precision": 0.9999955095946895, "prediction_time": 6491.26850317587, "pz": 2982.7039595059014, "recall": 0.9999999992932161, "size": 141110632765, "time": 1151.151261911726, "we": 10.333541330925264, "weighted_avg": 5.779848005846548, "yw": 8.204321771461014, "z8": 315.2185952834236}, "results": {"B7": 896, "HS": 830380, "J6": 7.9747177587643305, "K4": 8.440160353808283, "KL": 731, "V0": 1.9302718201608116e-08, "accuracy": 0.9999991360639952, "auc": 0.9999999999999998, "avg_time": 92.9597302973923, "benchmark": 6.0022577257554275, "c0": 70747572, "distinct": 491, "entropy": 5.006660086466722, "errors": 702, "exp_cost": 533269863, "f1-score": 0.9999999953109358, "falsepos": 7.984723993104126e-13, "fullscore": 0.9962281731980037, "index": 205.38220019174915, "je": 0.9999999999999998, "ke": 1404.3986328043895, "loss": 0.0, "meanscore": 0.9999999999826348, "n_docs": 447106459, "non_null": 1.2838063945252998e-11, "precision": 0.9997953850508683, "prediction_time": 510.93606181131526, "pz": 329.6487842169011, "recall": 0.9980553244179493, "size": 39917454715, "time": 214.27924605635806, "we": 4.983242871631117, "weighted_avg": 9.161526709305004, "yw": 0.9731905363145941, "z8": 7779342625}, "train": {"B7": 1.0, "HS": 507273777526, "K4": 143.84640845241734, "KL": 3495.1189152557745, "KZ": 0.9999999996197871, "V0": 747, "accuracy": 0.9999999999999468, "auc": 1.0, "benchmark": 6.053970842870986, "c0": 8.054367838417065e-05, "distinct": 660, "entropy": 5.242159090665965, "errors": 473, "exp_cost": 37323372564, "f1-score": 0.9991846430325098, "falsepos": 6.268916208962416e-05, "fullscore": 0.9999999833965435, "index": 467.9380038299638, "je": 0.9999999211910156, "ke": 0.9999999999977679, "loss": 9.337037548684535e-06, "meanscore": 1.0, "n_docs": 537264668732, "non_null": 1.2317461495214843e-08, "precision": 0.9999970371240335, "prediction_time": 67.00893569573553, "pz": 799, "recall": 1.0, "size": 2269268748, "time": 815.3759500665602, "we": 2793.42943456606, "weighted_avg": 6.400103207813734, "yw": 3.1687219514964227e-09, "z8": 7.102160637373345e-09}, "train_full": {"B7": 827, "HS": 326793898520, "J6": 79.08973069338818, "K4": 863, "KL": 0.0, "KZ": 0.9999998942820086, "V0": 4.3564394982031684, "accuracy": 0.9952479799664582, "auc": 0.9999999883885136, "avg_time": 930.1604472418527, "benchmark": 6.175153437588402, "c0": 509.7919494280114, "distinct": 697, "entropy": 5.837578382259038, "errors": 510, "exp_cost": 556381105644, "f1-score": 0.9999999999996234, "falsepos": 1.103228619570018e-12, "fullscore": 0.9999996335330519, "index": 1886.5954184379932, "je": 1.0901445119948505e-06, "ke": 4200270, "loss": 2.9962698988583725e-11, "meanscore": 1.0, "n_docs": 98468550, "non_null": 0.0, "precision": 0.9999999999987129, "prediction_time": 89.06702923377271, "pz": 0.9998670246649339, "recall": 1.0, "size": 1645264668, "time": 2169.730872546336, "we": 280.4632900563095, "weighted_avg": 8.217420008731873, "yw": 0.9999999999990601, "z8": 7.380221406732993}}