{"branch": {"B7": 181, "HS": 0.9961433921891969, "J6": 106, "K4": 1.8518774580140263, "KL": 10.061684370465525, "KZ": 0.9982462128349963, "V0": 0.0958591248905597, "accuracy": 0.9818417987917151, "auc": 0.838929284561497, "avg_time": 13.924928549061395, "benchmark": 0.6803587690643877, "c0": 0.9999458612032729, "distinct": 208, "entropy": 4.76424924324168, "errors": -90, "exp_cost": 3595347, "f1-score": 0.9950851862977532, "falsepos": 0.0667634405547679, "fullscore": 0.9970838085415412, "index": 18.21409511174831, "je": 107, "ke": 0.9995773621152333, "loss": 0.08671873570531918, "meanscore": 0.17051924541506058, "n_docs": 106, "non_null": 0.15631443316311922, "precision": 0.9999999913045341, "prediction_time": 7.788556737283411, "recall": 0.9639630446534345, "size": 19124627, "time": 10.072736785340375, "we": 0.00021607289506642147, "weighted_avg": 4.559559042670321, "yw": 16.215184978317698, "z8": 73.566995438995}, "classifier": {"B7": 257, "HS": 0.9927404862601397, "J6": 1014077, "K4": 339, "KL": 0.16909371543514262, "KZ": 6.6449747058524835, "V0": 89, "accuracy": 0.9999951274075982, "auc": 0.47070615963795853, "avg_time": 31.533061830109705, "benchmark": 1.883976564880541, "c0": 3.3286881334498735, "distinct": 209, "entropy": 2.3208832083249944, "errors": 354, "exp_cost": 1617746730, "f1-score": 0.920017225709784, "falsepos": 0.007767802242221955, "fullscore": 0.9711008662349053, "index": 5.999994248346363, "je": 0.7801638657119164, "ke": 3.1126997406876784, "loss": 0.01872456879280815, "meanscore": 0.28727569013175885, "n_docs": 2361, "non_null": 0.00769858969161763, "precision": 0.9999661339403285, "prediction_time": 5.945496016010257, "pz": 7353799, "recall": 0.9079617944939555, "size": 62625, "time": 3.197905556547977, "weighted_avg": 0.5429523360094495, "yw": 1.4904613345039868, "z8": 0.5842857072956347}, "reports": {"B7": 156, "HS": 115.96193953268255, "J6": 0.006010385831260012, "K4": 84.32255263344962, "KL": 11.81248287518583, "KZ": 26, "V0": 203, "accuracy": 0.46045448438006253, "auc": 0.9966951655910071, "avg_time": 5.9757850380893185, "benchmark": 0.9320345298658769, "c0": 28.73137055486644, "entropy": 2.1491038789385932, "errors": 399, "exp_cost": 3285, "f1-score": 0.999993444110971, "falsepos": 0.008987313227782012, "fullscore": 0.3000024709371348, "index": 92.90254051096407, "je": 1.4122054503684343, "ke": 87256, "loss": 0.07296879795780598, "meanscore": 0.998624782234173, "n_docs": 33638, "non_null": 0.002278479480957385, "precision": 0.8539191603959893, "prediction_time": 41.01380073964101, "pz": 12.572308045883476, "recall": 0.9985368596370113, "size": 127210, "time": 7.6520215404859995, "we": 5.110447902172929, "weighted_avg": 3.385894238119504, "yw": 3.7426291721624283, "z8": 4.133335526330529}, "results": {"B7": 415, "HS": 577, "J6": 1.7135373922139652, "K4": 4.138990728302091, "KL": 255, "V0": 0.3836854745496635, "accuracy": 0.8775579203344863, "auc": 0.999541217642421, "avg_time": 5.881126733178069, "benchmark": 2.6017944664591415, "c0": 27297, "distinct": 26, "entropy": 0.6215213307921256, "errors": 282, "exp_cost": 166692, "f1-score": 0.9685826263082942, "falsepos": 0.002874349972812107, "fullscore": 0.5410468923013043, "index": 5.009273418626462, "je": 0.9830328864372759, "ke": 36.539684590350014, "loss": 5.841361121561306e-05, "meanscore": 0.9854458786535798, "n_docs": 375010, "non_null": 0.22882044058886708, "precision": 0.38097588636966284, "prediction_time": 13.037812409418247, "pz": 13.432162406215479, "recall": 0.2122966963372081, "size": 6120393, "time": 2.693052293743201, "we": 0.10905262019342937, "weighted_avg": 4.940777480339015, "yw": 0.28601677237223244, "z8": 54459}, "train": {"B7": 0.9981069315543315, "HS": 4416989, "K4": 8.870568529199089, "KL": 39.891233682959374, "KZ": 0.9853689676215995, "V0": 188, "accuracy": 0.999247094255644, "auc": 0.9999999997332472, "benchmark": 1.1062810151518074, "c0": 0.5566806609963922, "distinct": 272, "entropy": -0.6079112879083722, "errors": 171, "exp_cost": 1711143, "f1-score": 0.4408333721199138, "falsepos": 0.34920656798083427, "fullscore": 0.9613509428855961, "index": 11.01450677981662, "je": 0.5409971695159408, "ke": 0.8838121522575393, "loss": 0.35426040202868525, "meanscore": 0.9999944292527962, "n_docs": 4246436, "non_null": 0.06586247019452496, "precision": 0.8604572595488598, "prediction_time": 1.8728511418023315, "pz": 471, "recall": 0.99992321274015, "size": 172823, "time": 30.06078703999571, "we": 16.87596318171424, "weighted_avg": 2.0168942196233495, "yw": 0.004410644974334965, "z8": 0.06895771906455939}, "train_full": {"B7": 425, "HS": 1055993, "J6": 3.729226165251967, "K4": 373, "KL": 0.0005361828075054476, "KZ": 0.9138579771031767, "V0": 0.5737684391189672, "accuracy": 0.42698684325191993, "auc": 0.8144030896816181, "avg_time": 3.5939295175098622, "benchmark": 1.6187243496561359, "c0": 2.8156721050934372, "distinct": 273, "entropy": 0.32594303419776555, "errors": 67, "exp_cost": 53833786, "f1-score": 0.9952305748826668, "falsepos": 0.02082503350269449, "fullscore": 0.9716857431367123, "index": 25.423079019218353, "je": 0.32123190384045064, "ke": 7604, "loss": 0.017435353513023943, "meanscore": 0.9958302133550705, "n_docs": 33330, "non_null": 1.641174307565052e-09, "precision": 0.9994695928966126, "prediction_time": 2.8664318410542826, "pz": 0.32300204021219525, "recall": 0.9999999758043687, "size": 157478, "time": 4.454781058254001, "we": 19.385804803003673, "weighted_avg": 3.3518515818702537, "yw": 0.951142965411961, "z8": 2.532960879160641}}