{"branch": {"B7": 407, "HS": 0.9999999971739633, "J6": 442, "K4": 4.7294314627835154, "KL": 332.191573880659, "KZ": 0.9999999999997333, "V0": 0.9405165532522755, "accuracy": 0.9999997699207543, "auc": 0.9999653232971709, "avg_time": 259.9585713877646, "benchmark": 3.8280785415964664, "c0": 0.9999999999990965, "distinct": 484, "entropy": 7.863945305725631, "errors": 153, "exp_cost": 9444853127, "f1-score": 0.999999994483864, "falsepos": 1.9475077439601307e-08, "fullscore": 0.99999999996236, "index": 808.4133422091977, "je": 445, "ke": 0.99999999999219, "loss": 3.841928837289288e-07, "meanscore": 0.9995833818351064, "n_docs": 39446, "non_null": 6.057641077639175e-07, "precision": 1.0, "prediction_time": 51.43356142935304, "recall": 0.999999839864837, "size": 547987747049, "time": 357.6780651691951, "we": 6.407097075111778e-13, "weighted_avg": 8.588151178724374, "yw": 405.4678835353075, "z8": 4243.035575907805}, "classifier": {"B7": 531, "HS": 0.9999972707789477, "J6": 187593626, "K4": 624, "KL": 0.00016136775353081667, "KZ": 263.681607302691, "V0": 339, "accuracy": 0.9999999999999993, "auc": 0.9999359223191666, "avg_time": 349.9080610594281, "benchmark": 5.597373180958259, "c0": 7.69498288435133, "distinct": 428, "entropy": 6.00165337458973, "errors": 700, "exp_cost": 889445093625, "f1-score": 0.9999789922058893, "falsepos": 7.796097101220312e-12, "fullscore": 0.9999877380161786, "index": 55.282856754941214, "je": 0.9998858788085798, "ke": 6.482269543379135, "loss": 4.798296939001467e-06, "meanscore": 0.9994819521491429, "n_docs": 535419, "non_null": 3.303635232043689e-08, "precision": 0.9999999999999998, "prediction_time": 86.14849215047997, "pz": 6874084306, "recall": 0.9999973720164647, "size": 35364376, "time": 22.33197725534509, "weighted_avg": 3.805982276869898, "yw": 4.3543876554259695, "z8": 0.0018472444880570649}, "reports": {"B7": 492, "HS": 2658.85782955617, "J6": 1.4167888552685248e-05, "K4": 1171.5117379189246, "KL": 279.5349416624935, "KZ": 266, "V0": 541, "accuracy": 0.9955095873464045, "auc": 0.999999995945881, "avg_time": 197.6535760231497, "benchmark": 4.422661446192475, "c0": 672.5247231118178, "entropy": 5.807764917669389, "errors": 792, "exp_cost": 1147682, "f1-score": 0.9999999999999989, "falsepos": 1.3025053550164145e-06, "fullscore": 0.9955342455337235, "index": 1398.7498313097544, "je": 12.372144114750526, "ke": 55124717, "loss": 1.2807380076029773e-05, "meanscore": 0.999999985761702, "n_docs": 8223304, "non_null": 7.653433442555979e-11, "precision": 0.9997257627709447, "prediction_time": 1598.901469073194, "pz": 728.1722086600939, "recall": 0.9999999591984067, "size": 2692841772, "time": 309.1129211988612, "we": 8.823768247943718, "weighted_avg": 5.0777350465915285, "yw": 6.933814743100614, "z8": 72.51863838466028}, "results": {"B7": 761, "HS": 110613, "J6": 6.1383560914478235, "K4": 7.142618288654211, "KL": 592, "V0": 3.511606627593089e-05, "accuracy": 0.9999091602568942, "auc": 0.9999999999974729, "avg_time": 44.006794691803385, "benchmark": 5.00802886276007, "c0": 7957704, "distinct": 350, "entropy": 3.8776565584657523, "errors": 587, "exp_cost": 55403784, "f1-score": 0.9999987022556738, "falsepos": 4.771904871248012e-09, "fullscore": 0.9808811076280921, "index": 67.97684427887035, "je": 0.9999999999273561, "ke": 602.6309265222411, "loss": 8.215650382226158e-15, "meanscore": 0.99999996441876, "n_docs": 57813599, "non_null": 4.883656391507785e-07, "precision": 0.9931036272729232, "prediction_time": 208.66442913022453, "pz": 121.61958009094883, "recall": 0.9646911176138397, "size": 3112480883, "time": 63.8760575976787, "we": 3.5005646440629317, "weighted_avg": 7.868172948529278, "yw": 0.9008490500422193, "z8": 250995477}, "train": {"B7": 0.9999999999888103, "HS": 22267496639, "K4": 67.19891872303985, "KL": 829.500331935862, "KZ": 0.9999997694400133, "V0": 594, "accuracy": 0.999999999823254, "auc": 1.0, "benchmark": 4.710175445512216, "c0": 0.00472934482269094, "distinct": 549, "entropy": 3.5608402632182274, "errors": 375, "exp_cost": 2827141714, "f1-score": 0.9791450229290904, "falsepos": 0.0020846947381240044, "fullscore": 0.999998117343447, "index": 142.42490938160475, "je": 0.9999509636343391, "ke": 0.9999999646333158, "loss": 0.0010507833163171387, "meanscore": 0.9999999999999979, "n_docs": 19852494527, "non_null": 4.844378451052123e-06, "precision": 0.9998807866825161, "prediction_time": 26.017672069436983, "pz": 709, "recall": 0.9999999999990162, "size": 147533744, "time": 311.18495844969095, "we": 761.1112111260708, "weighted_avg": 5.1402468274694595, "yw": 4.833829134742729e-07, "z8": 2.6998777389319883e-06}, "train_full": {"B7": 714, "HS": 11334919669, "J6": 31.541170102339603, "K4": 720, "KL": 1.7763568394002505e-15, "KZ": 0.9999749425323169, "V0": 3.395352742488216, "accuracy": 0.9657533555797451, "auc": 0.9999900052847421, "avg_time": 191.12600820170132, "benchmark": 4.865088721602092, "c0": 121.49004453350442, "distinct": 567, "entropy": 4.474319531125694, "errors": 385, "exp_cost": 48209744571, "f1-score": 0.9999999966120343, "falsepos": 1.5035498734938813e-08, "fullscore": 0.9999860962357864, "index": 487.59682613583556, "je": 0.00030537510786166067, "ke": 665283, "loss": 2.008399758723911e-07, "meanscore": 0.9999999999978066, "n_docs": 8042527, "non_null": 0.0, "precision": 0.9999999991340267, "prediction_time": 42.76072285428871, "pz": 0.9931068269013839, "recall": 1.0, "size": 119908679, "time": 374.8660616790229, "we": 134.19214450532598, "weighted_avg": 6.839327472081062, "yw": 0.9999999819248351, "z8": 6.103554482418399}}