{"branch": {"B7": 471, "HS": 0.9999999999572651, "J6": 522, "K4": 5.493046539086686, "KL": 766.2751900596787, "KZ": 1.0, "V0": 0.9864385971108841, "accuracy": 0.9999999906933594, "auc": 0.9999989805322885, "avg_time": 462.1415746826152, "benchmark": 4.5402257026534425, "c0": 0.9999999999999989, "distinct": 535, "entropy": 8.62084364640591, "errors": 214, "exp_cost": 69912900318, "f1-score": 0.9999999999394604, "falsepos": 2.2784441000567313e-11, "fullscore": 0.9999999999999584, "index": 2433.2855893949313, "je": 525, "ke": 0.9999999999999771, "loss": 2.2616658545970836e-09, "meanscore": 0.9999945789969051, "n_docs": 236102, "non_null": 4.904449735221306e-09, "precision": 1.0, "prediction_time": 90.85250239820829, "recall": 0.9999999996233104, "size": 6478694282786, "time": 822.7956729351863, "we": 8.881784197001252e-16, "weighted_avg": 9.470023042109121, "yw": 926.5022382898203, "z8": 12526.255007319098}, "classifier": {"B7": 601, "HS": 0.9999992395912473, "J6": 790654578, "K4": 704, "KL": 8.053170262312115e-06, "KZ": 688.6660479975702, "V0": 409, "accuracy": 1.0, "auc": 0.9999975735702619, "avg_time": 706.3549666839658, "benchmark": 6.422568957624888, "c0": 8.705193055139596, "distinct": 475, "entropy": 6.902277870137657, "errors": 789, "exp_cost": 3691864094136, "f1-score": 0.9999979104877288, "falsepos": 2.3314683517128287e-15, "fullscore": 0.9999973803802653, "index": 98.12031916628413, "je": 0.9999956929461786, "ke": 7.301531931929277, "loss": 4.2528893828830405e-07, "meanscore": 0.9999893649362086, "n_docs": 2512431, "non_null": 6.052596202010818e-10, "precision": 1.0, "prediction_time": 167.03654735295999, "pz": 43404103682, "recall": 0.9999999603696941, "size": 169074873, "time": 33.569061314797686, "weighted_avg": 4.457696809432866, "yw": 5.051303500412, "z8": 0.00013993315302940346}, "reports": {"B7": 560, "HS": 6043.3338705391, "J6": 1.8755578413687246e-06, "K4": 2332.4523288625055, "KL": 746.876153961475, "KZ": 320, "V0": 634, "accuracy": 0.9993121252423132, "auc": 0.9999999999568583, "avg_time": 427.51225176782975, "benchmark": 5.273599565001558, "c0": 1474.4404708073555, "entropy": 6.550247934344458, "errors": 881, "exp_cost": 4089431, "f1-score": 1.0, "falsepos": 9.606819684204737e-08, "fullscore": 0.999629331031512, "index": 2684.4403146847108, "je": 21.53060782974697, "ke": 385339050, "loss": 9.272329241083455e-07, "meanscore": 0.9999999990624299, "n_docs": 29790667, "non_null": 9.9253938401489e-14, "precision": 0.9999643643968799, "prediction_time": 3596.1844307214938, "pz": 1758.1444640727982, "recall": 0.9999999983052383, "size": 24074059188, "time": 627.2962185952817, "we": 9.733538764669103, "weighted_avg": 5.540270062105402, "yw": 7.8033561438134456, "z8": 177.18081907183404}, "results": {"B7": 845, "HS": 373017, "J6": 7.315483580473299, "K4": 7.970899162417398, "KL": 683, "V0": 3.720068250112618e-07, "accuracy": 0.9999933671939549, "auc": 0.9999999999999982, "avg_time": 75.41260104328705, "benchmark": 5.701365634704872, "c0": 30136828, "distinct": 424, "entropy": 4.5805202748976805, "errors": 653, "exp_cost": 300491452, "f1-score": 0.9999999401606261, "falsepos": 2.5944579817860358e-11, "fullscore": 0.9902276127326786, "index": 125.02702354515043, "je": 0.9999999999999734, "ke": 1191.755380601137, "loss": 0.0, "meanscore": 0.999999999505842, "n_docs": 225598930, "non_null": 8.931523298727484e-10, "precision": 0.9992996813369363, "prediction_time": 295.8432272819842, "pz": 186.98965058878858, "recall": 0.9945310878440347, "size": 12483269266, "time": 108.16402057547265, "we": 4.3657870532792975, "weighted_avg": 8.683044821655576, "yw": 0.9568229525535383, "z8": 2452017840}, "train": {"B7": 0.9999999999999825, "HS": 173140155675, "K4": 92.1109956789552, "KL": 2058.0855357777996, "KZ": 0.9999999939138945, "V0": 692, "accuracy": 0.9999999999989457, "auc": 1.0, "benchmark": 5.523452271195434, "c0": 0.00041043519287942143, "distinct": 630, "entropy": 4.59528240413878, "errors": 425, "exp_cost": 11090562013, "f1-score": 0.9962705345650649, "falsepos": 0.00024169705407661723, "fullscore": 0.9999999581453929, "index": 254.4740119433369, "je": 0.9999987724533044, "ke": 0.9999999999167268, "loss": 5.8187496908335135e-05, "meanscore": 1.0, "n_docs": 146604921320, "non_null": 1.28743046112767e-07, "precision": 0.999992405517577, "prediction_time": 55.32110003691323, "pz": 758, "recall": 0.9999999999999987, "size": 812699046, "time": 589.6251874788925, "we": 1623.5424832687327, "weighted_avg": 5.991816427551285, "yw": 2.32382335596526e-08, "z8": 6.007242114858258e-08}, "train_full": {"B7": 789, "HS": 90620552052, "J6": 58.39672653599635, "K4": 812, "KL": 0.0, "KZ": 0.9999993067822145, "V0": 3.988850152779706, "accuracy": 0.9868675670270033, "auc": 0.999999895802622, "avg_time": 523.7789418697377, "benchmark": 5.406482574782425, "c0": 307.5466346799921, "distinct": 654, "entropy": 5.407344484161228, "errors": 466, "exp_cost": 127949825177, "f1-score": 0.9999999999777204, "falsepos": 2.649502839346951e-11, "fullscore": 0.9999992345436417, "index": 1196.5686967845372, "je": 1.0836148998549788e-05, "ke": 2456930, "loss": 2.118482056445714e-09, "meanscore": 0.9999999999999982, "n_docs": 26839376, "non_null": 0.0, "precision": 0.9999999999895031, "prediction_time": 70.98291805142068, "pz": 0.9993272610216806, "recall": 1.0, "size": 586591602, "time": 1145.093540329911, "we": 217.95165034093537, "weighted_avg": 7.788670150353228, "yw": 0.999999999932081, "z8": 6.9666230489544585}}