{"branch": {"B7": 290, "HS": 0.9999828655794751, "J6": 282, "K4": 3.252533966321515, "KL": 56.1212978360296, "KZ": 0.9999998456995496, "V0": 0.525397186192592, "accuracy": 0.9994098173846752, "auc": 0.9909560513209744, "avg_time": 59.53309095045918, "benchmark": 2.2854268238832796, "c0": 0.999999982461638, "distinct": 343, "entropy": 6.152624452669541, "errors": 35, "exp_cost": 162511468, "f1-score": 0.9999806346868454, "falsepos": 0.00023336542290974815, "fullscore": 0.9999969368862498, "index": 118.99639839594738, "je": 277, "ke": 0.9999994968567, "loss": 0.0012601653357291465, "meanscore": 0.9063304708630291, "n_docs": 2154, "non_null": 0.0017083236528971923, "precision": 0.9999999999995517, "prediction_time": 20.88036492756555, "recall": 0.9997618832366192, "size": 2810807538, "time": 60.502407392549806, "we": 3.387124725140467e-08, "weighted_avg": 6.468206898210664, "yw": 74.7973714366537, "z8": 536.6849302234946}, "classifier": {"B7": 384, "HS": 0.9995067305811477, "J6": 11236259, "K4": 492, "KL": 0.017173052716528137, "KZ": 37.897376092384334, "V0": 218, "accuracy": 0.99999999965907, "auc": 0.9689677150554934, "avg_time": 98.67257382700731, "benchmark": 3.563132956625847, "c0": 5.401457157294089, "distinct": 316, "entropy": 4.058117437552221, "errors": 511, "exp_cost": 33204247993, "f1-score": 0.996135256053819, "falsepos": 1.8326014112890476e-06, "fullscore": 0.9985695926482492, "index": 17.71111719610285, "je": 0.9864822952521584, "ke": 4.774973279982721, "loss": 0.0005762726123059725, "meanscore": 0.910704374381985, "n_docs": 36964, "non_null": 6.572314595088002e-05, "precision": 0.9999999992946933, "prediction_time": 24.77712454477152, "pz": 247359656, "recall": 0.9985213033218336, "size": 1400713, "time": 7.500585598351768, "weighted_avg": 2.0547405090592687, "yw": 2.918371179979741, "z8": 0.09292071679503278}, "reports": {"B7": 317, "HS": 590.1518667617186, "J6": 0.00048796549378238296, "K4": 342.8074437697517, "KL": 58.32823856278252, "KZ": 138, "V0": 376, "accuracy": 0.8722035364428675, "auc": 0.999982818151997, "avg_time": 28.871145061545477, "benchmark": 2.741592549158523, "c0": 131.2866951684454, "entropy": 3.9035011954687913, "errors": 593, "exp_cost": 48958, "f1-score": 0.9999999991186929, "falsepos": 0.0002937938441266441, "fullscore": 0.8636266349951277, "index": 303.52257620912707, "je": 3.808957237832792, "ke": 2054709, "loss": 0.0031656411435762033, "meanscore": 0.9999878150770736, "n_docs": 385279, "non_null": 1.6484711998776547e-06, "precision": 0.987309304783025, "prediction_time": 223.50628423563722, "pz": 104.71958546743026, "recall": 0.9999779929990544, "size": 13377713, "time": 49.367823046931306, "we": 7.097147757718796, "weighted_avg": 4.276825954599733, "yw": 5.400180978762846, "z8": 16.743060443065545}, "results": {"B7": 578, "HS": 7955, "J6": 3.9348241052475923, "K4": 5.687908970044484, "KL": 430, "V0": 0.017244535168348007, "accuracy": 0.9915626795610004, "auc": 0.9999998028053998, "avg_time": 16.84226450741765, "benchmark": 3.8163851558412363, "c0": 710664, "distinct": 177, "entropy": 2.118228707560463, "errors": 438, "exp_cost": 3244060, "f1-score": 0.9993171756159687, "falsepos": 1.2715158965725948e-05, "fullscore": 0.8463633540527497, "index": 18.187704992528342, "je": 0.999986252728962, "ke": 155.5882397434654, "loss": 5.862975327453057e-09, "meanscore": 0.9998557439516685, "n_docs": 3633540, "non_null": 0.0019461746481199693, "precision": 0.8389879940514882, "prediction_time": 45.72892701748185, "pz": 39.227486638410774, "recall": 0.6978074364753879, "size": 113352399, "time": 10.57821907069913, "we": 1.6508530137072608, "weighted_avg": 6.359600659716222, "yw": 0.6318204761370757, "z8": 3873011}, "train": {"B7": 0.9999987170788749, "HS": 298773069, "K4": 22.878698213640515, "KL": 163.48553925495338, "KZ": 0.9998221574007746, "V0": 387, "accuracy": 0.9999987518246333, "auc": 0.9999999999999987, "benchmark": 2.812470115530453, "c0": 0.09642396952494758, "distinct": 408, "entropy": 1.5209951570441425, "errors": 279, "exp_cost": 50706928, "f1-score": 0.8224826572205669, "falsepos": 0.047418532359118415, "fullscore": 0.9994197192285825, "index": 37.37493253005298, "je": 0.9756085765038774, "ke": 0.999464486769067, "loss": 0.04649351411196456, "meanscore": 0.999999999363895, "n_docs": 205528926, "non_null": 0.0016093830796932718, "precision": 0.9904727126803392, "prediction_time": 7.993523859746399, "pz": 583, "recall": 0.9999999801166444, "size": 3628230, "time": 89.32590452997007, "we": 97.7064467624854, "weighted_avg": 3.5548660553312743, "yw": 0.00015659143266411046, "z8": 0.0021354289205608445}, "train_full": {"B7": 572, "HS": 97130519, "J6": 10.209844748032804, "K4": 539, "KL": 1.8712353888616917e-08, "KZ": 0.9974443973316867, "V0": 1.8043224798712143, "accuracy": 0.8018847069615391, "auc": 0.9946007619314122, "avg_time": 27.487780683526903, "benchmark": 2.997211303406731, "c0": 20.894857598221527, "distinct": 421, "entropy": 2.3433207479157527, "errors": 225, "exp_cost": 1346122232, "f1-score": 0.999978587415833, "falsepos": 4.9518465920050936e-05, "fullscore": 0.9989122289468798, "index": 97.97572812640458, "je": 0.02655306216561648, "ke": 91402, "loss": 0.00019681485582789815, "meanscore": 0.9999988303089208, "n_docs": 608031, "non_null": 2.120525977034049e-14, "precision": 0.9999984502105408, "prediction_time": 9.354314009697953, "pz": 0.8302542162171223, "recall": 0.9999999999999012, "size": 2953969, "time": 38.39183113931103, "we": 56.43314228416095, "weighted_avg": 5.028554535418785, "yw": 0.9997746964812797, "z8": 4.303197082072839}}