{"branch": {"B7": 429, "HS": 0.9999999981939152, "J6": 477, "K4": 4.816322441944362, "KL": 442.07307429870707, "KZ": 0.9999999999999871, "V0": 0.958411679729087, "accuracy": 0.9999999232385778, "auc": 0.9999888014460832, "avg_time": 283.6485613612947, "benchmark": 3.975376204172629, "c0": 0.9999999999999416, "distinct": 495, "entropy": 8.1292999391939, "errors": 180, "exp_cost": 13109947672, "f1-score": 0.999999998733917, "falsepos": 3.021222161336823e-09, "fullscore": 0.999999999990901, "index": 1242.1062178236684, "je": 472, "ke": 0.9999999999972629, "loss": 7.862507689360143e-08, "meanscore": 0.9998791784679977, "n_docs": 53538, "non_null": 1.357513607080918e-07, "precision": 1.0, "prediction_time": 68.79894749525911, "recall": 0.9999999843719403, "size": 1033801754637, "time": 440.15437529056754, "we": 8.382183835919932e-14, "weighted_avg": 8.804981161315474, "yw": 475.7498467246844, "z8": 6436.1792584813265}, "classifier": {"B7": 540, "HS": 0.9999974710711717, "J6": 243116503, "K4": 639, "KL": 6.378503702109128e-05, "KZ": 365.9353222765313, "V0": 366, "accuracy": 1.0, "auc": 0.9999797626989324, "avg_time": 493.88116767481483, "benchmark": 5.907721792715882, "c0": 7.9641997458892115, "distinct": 439, "entropy": 6.271223742542475, "errors": 715, "exp_cost": 1143528054864, "f1-score": 0.9999836649347663, "falsepos": 6.176170685989746e-13, "fullscore": 0.9999872207139969, "index": 67.89810021517516, "je": 0.9999541341003452, "ke": 6.642504863471289, "loss": 3.025902511222256e-06, "meanscore": 0.9997297541217515, "n_docs": 986461, "non_null": 7.345582475615231e-09, "precision": 1.0, "prediction_time": 112.95543158207911, "pz": 10546681031, "recall": 0.9999994550689252, "size": 49905078, "time": 23.97894259867399, "weighted_avg": 3.937848811350399, "yw": 4.588084697114244, "z8": 0.0009368257234374511}, "reports": {"B7": 509, "HS": 3628.1244543103116, "J6": 7.585197225323803e-06, "K4": 1542.5124924230258, "KL": 360.8340765752377, "KZ": 276, "V0": 568, "accuracy": 0.996797743858185, "auc": 0.999999999228678, "avg_time": 224.24987352479002, "benchmark": 4.6981989762557115, "c0": 849.871235145147, "entropy": 5.928773981758728, "errors": 824, "exp_cost": 1558859, "f1-score": 0.9999999999999998, "falsepos": 7.52671364234736e-07, "fullscore": 0.9970209012692339, "index": 1420.1458194742008, "je": 13.940419081505878, "ke": 124962939, "loss": 1.189104898191573e-05, "meanscore": 0.9999999922575935, "n_docs": 12247893, "non_null": 4.960587496327662e-12, "precision": 0.9998414784771945, "prediction_time": 1944.2562956007687, "pz": 897.7977934851609, "recall": 0.9999999823139827, "size": 5118144611, "time": 372.5875479317745, "we": 9.107433860470762, "weighted_avg": 5.268533989482549, "yw": 7.223163515763348, "z8": 92.26255889798848}, "results": {"B7": 783, "HS": 185293, "J6": 6.583052486573845, "K4": 7.363250049845771, "KL": 627, "V0": 8.582312808314008e-06, "accuracy": 0.9999531607818752, "auc": 0.9999999999996092, "avg_time": 47.22817830176526, "benchmark": 5.289809330409381, "c0": 13288303, "distinct": 355, "entropy": 4.06180799529306, "errors": 610, "exp_cost": 114441021, "f1-score": 0.9999992259195425, "falsepos": 7.901401755106008e-10, "fullscore": 0.9836874748011932, "index": 80.10360371185843, "je": 0.9999999999939914, "ke": 676.0914977007515, "loss": 1.1102230246251565e-16, "meanscore": 0.9999999870518262, "n_docs": 113857772, "non_null": 4.289163368920157e-08, "precision": 0.9967839658081628, "prediction_time": 215.23974293541127, "pz": 138.84428445185793, "recall": 0.9786344573417401, "size": 4947722758, "time": 68.25138077101056, "we": 3.676904342300137, "weighted_avg": 8.13286648113641, "yw": 0.9195069137994305, "z8": 576893266}, "train": {"B7": 0.9999999999992917, "HS": 41121590555, "K4": 67.46404801535174, "KL": 1015.948032280356, "KZ": 0.9999999237518179, "V0": 619, "accuracy": 0.9999999999417193, "auc": 1.0, "benchmark": 4.877636414849637, "c0": 0.0016859585979226432, "distinct": 581, "entropy": 4.0093617827984165, "errors": 401, "exp_cost": 3602126118, "f1-score": 0.9872939657841766, "falsepos": 0.0010383874574052543, "fullscore": 0.9999990995568702, "index": 167.0162542493453, "je": 0.9999727536879437, "ke": 0.9999999891967913, "loss": 0.0002661058232811264, "meanscore": 0.9999999999999991, "n_docs": 27484089648, "non_null": 3.505592698349602e-06, "precision": 0.9999409003407697, "prediction_time": 33.00030030118738, "pz": 720, "recall": 0.9999999999998813, "size": 216565065, "time": 370.91704140652047, "we": 875.1257700109212, "weighted_avg": 5.373578650624644, "yw": 2.211892669023996e-07, "z8": 1.2182107425040556e-06}, "train_full": {"B7": 744, "HS": 17981802963, "J6": 35.836433936695464, "K4": 754, "KL": 2.220446049250313e-16, "KZ": 0.9999947586214837, "V0": 3.5801812214487554, "accuracy": 0.9700846613623408, "auc": 0.9999981942931466, "avg_time": 262.20240393021066, "benchmark": 4.9026768093946735, "c0": 169.33992825367966, "distinct": 596, "entropy": 4.600620207652481, "errors": 403, "exp_cost": 53339135168, "f1-score": 0.9999999993584203, "falsepos": 1.4171124274042768e-09, "fullscore": 0.9999934773202297, "index": 665.0890282074752, "je": 7.219539867009406e-05, "ke": 1134112, "loss": 5.0909669147003456e-08, "meanscore": 0.9999999999997193, "n_docs": 12289754, "non_null": 0.0, "precision": 0.9999999998077858, "prediction_time": 42.92341650688655, "pz": 0.9961373956981012, "recall": 1.0, "size": 154150648, "time": 514.1079233791684, "we": 151.95700309632971, "weighted_avg": 7.22028732388718, "yw": 0.9999999964647566, "z8": 6.263035181339232}}