{"branch": {"B7": 395, "HS": 0.9999999805772684, "J6": 418, "K4": 4.544353646210662, "KL": 255.16215058696017, "KZ": 0.999999999997504, "V0": 0.9058502654043126, "accuracy": 0.9999991949845248, "auc": 0.9999125679073535, "avg_time": 184.25722380906447, "benchmark": 3.4546647474002095, "c0": 0.9999999999973166, "distinct": 465, "entropy": 7.549291794202642, "errors": 145, "exp_cost": 4331133574, "f1-score": 0.9999999835663145, "falsepos": 8.51907915322414e-08, "fullscore": 0.9999999997490279, "index": 640.7578870986134, "je": 425, "ke": 0.9999999999424773, "loss": 1.8523863140051944e-06, "meanscore": 0.998732863215262, "n_docs": 28501, "non_null": 1.7322718407486448e-06, "precision": 1.0, "prediction_time": 46.54110102417063, "recall": 0.9999997364729137, "size": 218225962350, "time": 267.16376707678353, "we": 3.4929836800756675e-12, "weighted_avg": 8.308011418283296, "yw": 345.90177726096243, "z8": 3166.6462861363666}, "classifier": {"B7": 499, "HS": 0.9999881012191736, "J6": 133904500, "K4": 609, "KL": 0.00028174017022242204, "KZ": 207.6551637246895, "V0": 325, "accuracy": 0.9999999999999964, "auc": 0.9998077785898543, "avg_time": 297.9802470970396, "benchmark": 5.231544885040568, "c0": 7.337021610303778, "distinct": 407, "entropy": 5.767112500746943, "errors": 660, "exp_cost": 480415956269, "f1-score": 0.9998945576108258, "falsepos": 6.537281826979324e-11, "fullscore": 0.9999685797558153, "index": 48.970772937155, "je": 0.9997606680505373, "ke": 6.191800023049111, "loss": 1.3178572378702569e-05, "meanscore": 0.9980937593492667, "n_docs": 409616, "non_null": 1.5386873075673435e-07, "precision": 0.999999999999998, "prediction_time": 71.83577287839444, "pz": 3638519552, "recall": 0.9999922508144747, "size": 19948417, "time": 18.71759350004865, "weighted_avg": 3.3039165892460582, "yw": 4.163674762696997, "z8": 0.00372818240875461}, "reports": {"B7": 466, "HS": 2199.715520176232, "J6": 2.3665517584592344e-05, "K4": 1010.739588816783, "KL": 235.9097662753352, "KZ": 248, "V0": 510, "accuracy": 0.9910910805650445, "auc": 0.999999987659478, "avg_time": 138.34814500337095, "benchmark": 4.115059820447182, "c0": 521.6798992581594, "entropy": 5.40356221277599, "errors": 758, "exp_cost": 814373, "f1-score": 0.999999999999974, "falsepos": 3.936113845970368e-06, "fullscore": 0.9905137217305109, "index": 1019.851967251878, "je": 9.914216646697408, "ke": 42073919, "loss": 4.3531602099911026e-05, "meanscore": 0.9999999106169808, "n_docs": 5110530, "non_null": 2.9173641280522133e-10, "precision": 0.9993920500760403, "prediction_time": 1153.8705029965183, "pz": 517.3169754914105, "recall": 0.9999998478968516, "size": 1015573764, "time": 230.16879044164094, "we": 8.46941721086638, "weighted_avg": 4.9922150193547665, "yw": 6.774311194412269, "z8": 57.46184145483872}, "results": {"B7": 744, "HS": 73811, "J6": 5.8236803554166885, "K4": 6.972885169813705, "KL": 577, "V0": 0.00012627551928368064, "accuracy": 0.9997946637499336, "auc": 0.9999999999904147, "avg_time": 35.212923062380106, "benchmark": 4.91388566501539, "c0": 6348747, "distinct": 315, "entropy": 3.6355700941543954, "errors": 570, "exp_cost": 44040569, "f1-score": 0.9999965292506847, "falsepos": 1.2510136593313348e-08, "fullscore": 0.9720463141534905, "index": 53.31483580375304, "je": 0.999999999078265, "ke": 560.2560416745702, "loss": 1.7319479184152442e-14, "meanscore": 0.9999998256195343, "n_docs": 43136260, "non_null": 1.2595484358834952e-06, "precision": 0.9876544644881029, "prediction_time": 155.40951026996694, "pz": 99.49690734513852, "recall": 0.946234687009962, "size": 1957825170, "time": 39.25896566766687, "we": 3.073023840650522, "weighted_avg": 7.580630289491283, "yw": 0.8786104932279003, "z8": 138366666}, "train": {"B7": 0.9999999998391701, "HS": 12235409250, "K4": 55.1210557351508, "KL": 623.9777068228979, "KZ": 0.9999992422273651, "V0": 562, "accuracy": 0.9999999982779588, "auc": 1.0, "benchmark": 4.306242047358351, "c0": 0.00645569512993327, "distinct": 521, "entropy": 3.3931447101330985, "errors": 359, "exp_cost": 1166309486, "f1-score": 0.9670842672319517, "falsepos": 0.0030540135665142465, "fullscore": 0.9999968195079683, "index": 112.68545430098571, "je": 0.9997625217689154, "ke": 0.9999998714658953, "loss": 0.0011391625071713873, "meanscore": 0.9999999999999833, "n_docs": 8643507997, "non_null": 1.3885697566662358e-05, "precision": 0.9997979993235129, "prediction_time": 24.284989679137286, "pz": 688, "recall": 0.9999999999984953, "size": 71968465, "time": 282.0488786640659, "we": 520.9985359094159, "weighted_avg": 4.932965966675573, "yw": 1.3260525579816829e-06, "z8": 1.189852620420151e-05}, "train_full": {"B7": 691, "HS": 6381563725, "J6": 24.6094267105294, "K4": 698, "KL": 4.6851411639181606e-14, "KZ": 0.9999495894743021, "V0": 3.109140167174458, "accuracy": 0.9510864262856893, "auc": 0.9999792341234973, "avg_time": 145.4937857860419, "benchmark": 4.357071589923739, "c0": 96.02939885519986, "distinct": 546, "entropy": 4.071786647000836, "errors": 348, "exp_cost": 34599584023, "f1-score": 0.9999999740059313, "falsepos": 5.164604477414514e-08, "fullscore": 0.9999576875294289, "index": 441.06150884429945, "je": 0.0004642073100988853, "ke": 572131, "loss": 9.732546637497563e-07, "meanscore": 0.9999999999731074, "n_docs": 4872958, "non_null": 0.0, "precision": 0.9999999979168425, "prediction_time": 32.30049271880369, "pz": 0.9868620065574987, "recall": 1.0, "size": 54457767, "time": 268.10325041554876, "we": 118.46992501468164, "weighted_avg": 6.582312853282867, "yw": 0.999999869059503, "z8": 5.765166609954383}}