{"branch": {"B7": 368, "HS": 0.999999928914402, "J6": 401, "K4": 4.373899805306032, "KL": 207.7782338683021, "KZ": 0.999999999987572, "V0": 0.8690153094989956, "accuracy": 0.9999946326260181, "auc": 0.9998333324706292, "avg_time": 164.63788734588962, "benchmark": 3.467507599679284, "c0": 0.999999999989293, "distinct": 459, "entropy": 7.552842194195841, "errors": 122, "exp_cost": 2924518130, "f1-score": 0.9999999265694444, "falsepos": 4.796601881240647e-07, "fullscore": 0.9999999988080692, "index": 551.06085835189, "je": 402, "ke": 0.9999999998030121, "loss": 3.650419215128764e-06, "meanscore": 0.9976782546433947, "n_docs": 17807, "non_null": 8.671781917213295e-06, "precision": 1.0, "prediction_time": 44.981462546057664, "recall": 0.9999989179253884, "size": 132865282015, "time": 230.28113497760876, "we": 1.3676948462659766e-11, "weighted_avg": 7.972651444688799, "yw": 279.8038245766635, "z8": 2638.4345615653556}, "classifier": {"B7": 495, "HS": 0.9999890318048452, "J6": 82856553, "K4": 596, "KL": 0.0006241004528141358, "KZ": 169.40086086884918, "V0": 310, "accuracy": 0.9999999999999893, "auc": 0.9993881228305693, "avg_time": 301.94702414040506, "benchmark": 4.993530756044229, "c0": 7.045135478108318, "distinct": 400, "entropy": 5.527300709311805, "errors": 651, "exp_cost": 363987873413, "f1-score": 0.9998081899958589, "falsepos": 1.7600965129815904e-10, "fullscore": 0.9999469224847624, "index": 41.46247954990685, "je": 0.99963347818346, "ke": 6.0644629366178915, "loss": 2.685752788900153e-05, "meanscore": 0.9971659802338534, "n_docs": 272740, "non_null": 8.642378475087753e-07, "precision": 0.9999999999999896, "prediction_time": 69.4672132168345, "pz": 3724485207, "recall": 0.9999854531602019, "size": 16013429, "time": 18.568102904125357, "weighted_avg": 3.381928487161723, "yw": 4.069545236693166, "z8": 0.008151934533133343}, "reports": {"B7": 443, "HS": 1959.4108310134739, "J6": 3.817864928845616e-05, "K4": 889.7419122594343, "KL": 172.86919049683314, "KZ": 230, "V0": 494, "accuracy": 0.9848979159623823, "auc": 0.9999999687497024, "avg_time": 124.04485999085026, "benchmark": 4.051032189821153, "c0": 448.6205009319061, "entropy": 5.424284034161557, "errors": 747, "exp_cost": 542767, "f1-score": 0.9999999999999273, "falsepos": 7.4175041935298225e-06, "fullscore": 0.9883774696851455, "index": 949.6595394755774, "je": 9.422318869574186, "ke": 26947579, "loss": 7.250562928495796e-05, "meanscore": 0.9999999119519669, "n_docs": 3191908, "non_null": 4.681002252482358e-10, "precision": 0.9991277734974322, "prediction_time": 914.9973536075145, "pz": 471.0048858087083, "recall": 0.9999996773223452, "size": 803919948, "time": 176.65462376392438, "we": 8.392826517102787, "weighted_avg": 4.880525053085128, "yw": 6.60947376674206, "z8": 55.59966872609409}, "results": {"B7": 712, "HS": 55537, "J6": 5.689402520448287, "K4": 6.785332967073801, "KL": 557, "V0": 0.00021925798522137718, "accuracy": 0.9996820800736674, "auc": 0.9999999999295612, "avg_time": 34.84570139168099, "benchmark": 4.791602331512221, "c0": 6294740, "distinct": 304, "entropy": 3.355295740898431, "errors": 552, "exp_cost": 31017494, "f1-score": 0.9999918798181372, "falsepos": 2.9258945044574602e-08, "fullscore": 0.9594740039749343, "index": 51.21880583594876, "je": 0.9999999974897952, "ke": 381.7295442915174, "loss": 1.361133428190442e-13, "meanscore": 0.9999994846434617, "n_docs": 38989187, "non_null": 5.159310055291577e-06, "precision": 0.9828206758833551, "prediction_time": 123.97655611398712, "pz": 87.83677792337961, "recall": 0.9399898754772287, "size": 1973819069, "time": 38.89381246930583, "we": 3.080987523550508, "weighted_avg": 7.4849349595536605, "yw": 0.8579590039123766, "z8": 80802785}, "train": {"B7": 0.9999999997045247, "HS": 8081993620, "K4": 55.91127773487954, "KL": 557.9657679023675, "KZ": 0.999998225998783, "V0": 538, "accuracy": 0.9999999979999834, "auc": 1.0, "benchmark": 4.148197069815285, "c0": 0.01165282501261189, "distinct": 523, "entropy": 3.149287611952103, "errors": 365, "exp_cost": 1224856022, "f1-score": 0.9597787245716968, "falsepos": 0.0045099823103874614, "fullscore": 0.9999914825646198, "index": 108.58749087604383, "je": 0.9994771937437814, "ke": 0.9999993250766267, "loss": 0.003216678868086298, "meanscore": 0.9999999999998652, "n_docs": 5529733624, "non_null": 2.450463552938764e-05, "precision": 0.9993867323061105, "prediction_time": 19.963652190570425, "pz": 669, "recall": 0.999999999981553, "size": 52543012, "time": 226.77811715099787, "we": 369.8139263913474, "weighted_avg": 4.69509560326493, "yw": 2.5149207325547707e-06, "z8": 3.9286601652421815e-05}, "train_full": {"B7": 681, "HS": 3221440551, "J6": 23.904792836492188, "K4": 673, "KL": 2.212674488077937e-13, "KZ": 0.9998909786366178, "V0": 3.102115775634675, "accuracy": 0.9294474972335678, "auc": 0.9999374008764056, "avg_time": 119.99735354772125, "benchmark": 4.379179634943739, "c0": 82.08490776047032, "distinct": 515, "entropy": 3.7112427888570396, "errors": 346, "exp_cost": 17894403754, "f1-score": 0.9999999450205312, "falsepos": 2.078783747361257e-07, "fullscore": 0.9999466487097018, "index": 298.30561363892576, "je": 0.0011150108801311065, "ke": 410500, "loss": 1.2666954316564727e-06, "meanscore": 0.9999999998518401, "n_docs": 4765589, "non_null": 0.0, "precision": 0.9999999922817744, "prediction_time": 24.990941258767947, "pz": 0.9798395745591013, "recall": 1.0, "size": 41636747, "time": 211.60087933198267, "we": 107.90218666036775, "weighted_avg": 6.482073312856169, "yw": 0.9999997403614989, "z8": 5.724287003741822}}