{"branch": {"B7": 321, "HS": 0.9999960160588746, "J6": 308, "K4": 3.4273099480214357, "KL": 82.25154612056156, "KZ": 0.9999999813955534, "V0": 0.6550536792825442, "accuracy": 0.9998598537726613, "auc": 0.9966288297884683, "avg_time": 66.27385736543701, "benchmark": 2.5285027742080124, "c0": 0.9999999985916259, "distinct": 391, "entropy": 6.66393107753681, "errors": 58, "exp_cost": 492028444, "f1-score": 0.9999960643129847, "falsepos": 6.12499039928105e-05, "fullscore": 0.9999993533494344, "index": 190.2843577049813, "je": 321, "ke": 0.9999999673353159, "loss": 0.0003535114108116355, "meanscore": 0.9486807554972216, "n_docs": 4672, "non_null": 0.0005084391786090992, "precision": 0.9999999999999821, "prediction_time": 27.454980572707633, "recall": 0.9999512021478271, "size": 7562571462, "time": 91.16145966926194, "we": 4.059996117078413e-09, "weighted_avg": 6.99335841658962, "yw": 107.47010150659769, "z8": 900.4954258616218}, "classifier": {"B7": 423, "HS": 0.9998514486913762, "J6": 24023408, "K4": 516, "KL": 0.006447247071648121, "KZ": 61.42910380863816, "V0": 247, "accuracy": 0.9999999999802143, "auc": 0.9886757123981771, "avg_time": 129.60034791776883, "benchmark": 4.106520961108599, "c0": 5.860828777133523, "distinct": 332, "entropy": 4.4932382955643275, "errors": 550, "exp_cost": 58315287015, "f1-score": 0.9982490929581844, "falsepos": 2.7052868201149494e-07, "fullscore": 0.999534418948294, "index": 23.339704538473214, "je": 0.995488710134345, "ke": 5.23015499307808, "loss": 0.00023517018927021738, "meanscore": 0.9605110358484719, "n_docs": 82651, "non_null": 1.5811453333736125e-05, "precision": 0.9999999999649107, "prediction_time": 33.4692020761078, "pz": 475811553, "recall": 0.9994613987088323, "size": 3089627, "time": 11.545087828087377, "weighted_avg": 2.3812373935221878, "yw": 3.180291233311072, "z8": 0.058553713723695555}, "reports": {"B7": 355, "HS": 762.401698401064, "J6": 0.00023897865726618672, "K4": 433.28484502159847, "KL": 75.4553064578223, "KZ": 171, "V0": 395, "accuracy": 0.945427697553447, "auc": 0.9999958895602891, "avg_time": 45.53136810673184, "benchmark": 3.0826548238519313, "c0": 171.81785381180018, "entropy": 4.202146194272735, "errors": 629, "exp_cost": 120985, "f1-score": 0.999999999947742, "falsepos": 0.00012446027409251936, "fullscore": 0.9271072245129923, "index": 475.2859490025164, "je": 4.4010179792353235, "ke": 7287952, "loss": 0.0017104210347331783, "meanscore": 0.9999956051657812, "n_docs": 864169, "non_null": 1.4279061000266324e-07, "precision": 0.9939245006056491, "prediction_time": 337.0222992401328, "pz": 135.29030947367443, "recall": 0.9999954282961148, "size": 45318250, "time": 70.08389902710167, "we": 7.352495420576844, "weighted_avg": 4.461216584416811, "yw": 5.691449140170673, "z8": 21.29135171607731}, "results": {"B7": 628, "HS": 18770, "J6": 4.333960616304615, "K4": 5.953688178806848, "KL": 466, "V0": 0.006517503489121723, "accuracy": 0.9961422642976696, "auc": 0.999999987324405, "avg_time": 19.513473283240018, "benchmark": 4.143152073218985, "c0": 1204152, "distinct": 193, "entropy": 2.614508790742162, "errors": 470, "exp_cost": 6538815, "f1-score": 0.9998444627812381, "falsepos": 2.1234766209854428e-06, "fullscore": 0.8998646079723331, "index": 23.275092713963346, "je": 0.999998301981902, "ke": 199.14202393434937, "loss": 1.173098285178753e-10, "meanscore": 0.9999756661750591, "n_docs": 6440769, "non_null": 0.00045594099027534973, "precision": 0.8883389007030987, "prediction_time": 55.71618373446688, "pz": 58.20444007527054, "recall": 0.7881050842995768, "size": 258083236, "time": 14.560073945729807, "we": 1.96582418925407, "weighted_avg": 6.7148188434750935, "yw": 0.7145236150241784, "z8": 8984116}, "train": {"B7": 0.9999999143352627, "HS": 846832868, "K4": 32.21684905869263, "KL": 215.38143590352803, "KZ": 0.9999379591290198, "V0": 434, "accuracy": 0.9999996943458159, "auc": 1.0, "benchmark": 3.1617748611704304, "c0": 0.057505975292707956, "distinct": 422, "entropy": 2.0193780528841194, "errors": 291, "exp_cost": 132779018, "f1-score": 0.8619518404768809, "falsepos": 0.02521146531738605, "fullscore": 0.9997082356757584, "index": 48.95748093797315, "je": 0.9859654062515224, "ke": 0.9998695253158327, "loss": 0.02315420776784738, "meanscore": 0.999999999945627, "n_docs": 463152625, "non_null": 0.00048487131332330957, "precision": 0.996837253892725, "prediction_time": 10.703096197318402, "pz": 599, "recall": 0.999999998789588, "size": 6957118, "time": 138.0414051561175, "we": 141.5171864490937, "weighted_avg": 3.879879386706342, "yw": 5.2589099826860775e-05, "z8": 0.000861471664275415}, "train_full": {"B7": 598, "HS": 260087886, "J6": 12.995029387572584, "K4": 579, "KL": 9.519185439899047e-10, "KZ": 0.9985775052100125, "V0": 2.184131518646656, "accuracy": 0.8593871410500433, "auc": 0.998308896255809, "avg_time": 39.5689409554771, "benchmark": 3.3302698801371657, "c0": 31.098062093100904, "distinct": 443, "entropy": 2.780595981063093, "errors": 253, "exp_cost": 2662554830, "f1-score": 0.9999959886334632, "falsepos": 1.2470245404516689e-05, "fullscore": 0.9995302389281051, "index": 166.81334073671889, "je": 0.009536319310634478, "ke": 127479, "loss": 8.57835798615536e-05, "meanscore": 0.9999998970048979, "n_docs": 825466, "non_null": 1.1102230246251565e-15, "precision": 0.9999996087401226, "prediction_time": 13.05464695023817, "pz": 0.8942239509420177, "recall": 0.9999999999999962, "size": 5808888, "time": 67.67815368458429, "we": 65.62053223558014, "weighted_avg": 5.4148492948481985, "yw": 0.9999576221782176, "z8": 4.757389526241247}}