{"branch": {"B7": 444, "HS": 0.99999999977298, "J6": 522, "K4": 5.19633174609314, "KL": 604.6540031179404, "KZ": 0.9999999999999998, "V0": 0.9766017589309625, "accuracy": 0.9999999916748448, "auc": 0.999994870895633, "avg_time": 335.4641673444824, "benchmark": 4.502179392032368, "c0": 0.9999999999999971, "distinct": 539, "entropy": 8.255260749015813, "errors": 203, "exp_cost": 36948675104, "f1-score": 0.9999999998080501, "falsepos": 1.9723467303833786e-10, "fullscore": 0.9999999999996678, "index": 2029.3790984279892, "je": 503, "ke": 0.9999999999999183, "loss": 1.1110102948741485e-08, "meanscore": 0.9999901067179469, "n_docs": 123047, "non_null": 1.883769096266974e-08, "precision": 1.0, "prediction_time": 83.87294560483514, "recall": 0.9999999985761209, "size": 3535484494111, "time": 637.4234725685047, "we": 4.107825191113079e-15, "weighted_avg": 9.218488764098023, "yw": 788.5928666998914, "z8": 10272.241794814467}, "classifier": {"B7": 586, "HS": 0.999998362863678, "J6": 592183238, "K4": 678, "KL": 2.5649658747406434e-05, "KZ": 545.5193822712391, "V0": 396, "accuracy": 1.0, "auc": 0.9999946502625977, "avg_time": 638.3714429071704, "benchmark": 6.109318816068407, "c0": 8.344484599926087, "distinct": 453, "entropy": 6.511766952059134, "errors": 749, "exp_cost": 1741550291948, "f1-score": 0.9999975560540149, "falsepos": 1.3433698597964394e-14, "fullscore": 0.9999978352058051, "index": 81.0056696179996, "je": 0.9999933265591789, "ke": 7.079374910994166, "loss": 1.1718606003352505e-06, "meanscore": 0.9999625418109158, "n_docs": 1418103, "non_null": 2.1905532943122807e-09, "precision": 1.0, "prediction_time": 144.50804733701517, "pz": 20478486524, "recall": 0.9999998642770278, "size": 116502822, "time": 34.66235518888016, "weighted_avg": 4.359900465726191, "yw": 4.935818953869192, "z8": 0.0002962912288311248}, "reports": {"B7": 544, "HS": 4980.629642047285, "J6": 3.529962083304028e-06, "K4": 1852.745652982022, "KL": 550.2415790947616, "KZ": 304, "V0": 623, "accuracy": 0.9990219676512975, "auc": 0.9999999998395875, "avg_time": 307.88639712759533, "benchmark": 5.091836171058693, "c0": 1161.5970197179, "entropy": 6.354826423559627, "errors": 851, "exp_cost": 2851667, "f1-score": 1.0, "falsepos": 2.1716643305857986e-07, "fullscore": 0.999143137042543, "index": 2065.2042840482773, "je": 16.476403479935563, "ke": 438411749, "loss": 3.7158214432064796e-06, "meanscore": 0.9999999990825154, "n_docs": 18365360, "non_null": 3.560485239972877e-13, "precision": 0.9999498124998019, "prediction_time": 3140.746859300023, "pz": 1580.5133904248596, "recall": 0.9999999904204753, "size": 17819409635, "time": 587.0301336782613, "we": 9.691942494086408, "weighted_avg": 5.475718840703201, "yw": 7.673642309294987, "z8": 130.94095339516272}, "results": {"B7": 812, "HS": 230114, "J6": 6.984139971232584, "K4": 7.629128602934805, "KL": 666, "V0": 1.4679654019023047e-06, "accuracy": 0.9999839545604079, "auc": 0.9999999999999905, "avg_time": 56.586152154997194, "benchmark": 5.593150174497523, "c0": 26598760, "distinct": 387, "entropy": 4.488199176094089, "errors": 631, "exp_cost": 148599069, "f1-score": 0.9999998688680478, "falsepos": 1.0881684442409778e-10, "fullscore": 0.9884732585339687, "index": 117.90180682074356, "je": 0.9999999999997672, "ke": 1047.0907311717476, "loss": 0.0, "meanscore": 0.9999999988617261, "n_docs": 177000782, "non_null": 3.6047350659984545e-09, "precision": 0.9977047020164689, "prediction_time": 265.4585866783007, "pz": 194.27781496131104, "recall": 0.9918323163659329, "size": 14741403913, "time": 82.06965243016126, "we": 4.167856450681534, "weighted_avg": 8.35703252103269, "yw": 0.9415616595090526, "z8": 1197872248}, "train": {"B7": 0.9999999999997345, "HS": 114265534962, "K4": 107.72035298370167, "KL": 1551.250020496456, "KZ": 0.9999999858686806, "V0": 662, "accuracy": 0.9999999999957984, "auc": 1.0, "benchmark": 5.253507552883955, "c0": 0.0006892017118815819, "distinct": 608, "entropy": 4.3545617831519525, "errors": 410, "exp_cost": 6742264080, "f1-score": 0.9923639000530354, "falsepos": 0.000324067378009274, "fullscore": 0.9999999287492921, "index": 247.82538954170417, "je": 0.9999970596341773, "ke": 0.9999999990453111, "loss": 0.00011379145585810324, "meanscore": 1.0, "n_docs": 65654937246, "non_null": 3.5860740665860646e-07, "precision": 0.9999758539109961, "prediction_time": 45.74358887779787, "pz": 730, "recall": 0.9999999999999918, "size": 441118861, "time": 488.22067120530704, "we": 1217.9941919376593, "weighted_avg": 5.7889161101091275, "yw": 1.2404044791303193e-07, "z8": 2.5042325912938423e-07}, "train_full": {"B7": 769, "HS": 60240849926, "J6": 45.99218830642981, "K4": 781, "KL": 0.0, "KZ": 0.9999977406277845, "V0": 3.774170351566334, "accuracy": 0.9807546784809742, "auc": 0.9999994184651011, "avg_time": 412.66676785079403, "benchmark": 5.167694640619539, "c0": 243.8439014201346, "distinct": 627, "entropy": 5.183555514666134, "errors": 463, "exp_cost": 136851245779, "f1-score": 0.9999999997673813, "falsepos": 2.902194040643735e-10, "fullscore": 0.9999980428434309, "index": 797.3010646908614, "je": 2.447290529672408e-05, "ke": 1724725, "loss": 4.869247671734911e-09, "meanscore": 0.999999999999992, "n_docs": 20730900, "non_null": 0.0, "precision": 0.999999999921439, "prediction_time": 60.40673739455857, "pz": 0.9985759907724995, "recall": 1.0, "size": 285049836, "time": 912.5784034394167, "we": 191.87282535646114, "weighted_avg": 7.669057819883008, "yw": 0.9999999995645996, "z8": 6.654146114289096}}