{"branch": {"B7": 265, "HS": 0.9999256523043402, "J6": 250, "K4": 3.114443204555881, "KL": 42.27113271354826, "KZ": 0.9999978093504167, "V0": 0.42261717988574365, "accuracy": 0.9990648895470262, "auc": 0.9857170248116284, "avg_time": 38.010695277010605, "benchmark": 1.8021319039845562, "c0": 0.9999999073858236, "distinct": 326, "entropy": 5.824106092022572, "errors": 8, "exp_cost": 116171381, "f1-score": 0.9999589842031442, "falsepos": 0.0013631466419520288, "fullscore": 0.9999910801817042, "index": 94.41522821123563, "je": 241, "ke": 0.9999983931845611, "loss": 0.002871683525370483, "meanscore": 0.7760742422201402, "n_docs": 1700, "non_null": 0.004098805929837357, "precision": 0.9999999999989866, "prediction_time": 18.133139967325434, "recall": 0.999535191835005, "size": 1049523291, "time": 41.546525524238454, "we": 2.6852362033924493e-07, "weighted_avg": 6.254588197784106, "yw": 63.87891065528092, "z8": 364.1629957280645}, "classifier": {"B7": 379, "HS": 0.999173958142694, "J6": 6781754, "K4": 467, "KL": 0.022313008393680334, "KZ": 30.2261530029623, "V0": 197, "accuracy": 0.9999999984432516, "auc": 0.9247377975153104, "avg_time": 87.98258559619062, "benchmark": 3.4124460395705802, "c0": 4.987421975963404, "distinct": 290, "entropy": 3.823320180529218, "errors": 478, "exp_cost": 23011628240, "f1-score": 0.9891766724627683, "falsepos": 1.2966384137835796e-05, "fullscore": 0.9972812034458882, "index": 15.689087228521426, "je": 0.9751614079729424, "ke": 4.436135790865814, "loss": 0.0012069337142079917, "meanscore": 0.8131814878872671, "n_docs": 29872, "non_null": 0.0003447447461472075, "precision": 0.9999999929203012, "prediction_time": 18.788962307077455, "pz": 99165694, "recall": 0.9959092141786507, "size": 871774, "time": 6.473070899611763, "weighted_avg": 1.8523990670509412, "yw": 2.6830336546337463, "z8": 0.1538436833422081}, "reports": {"B7": 294, "HS": 429.49824844429605, "J6": 0.0007100250137409558, "K4": 278.7943240462477, "KL": 47.033739031637054, "KZ": 118, "V0": 331, "accuracy": 0.8060908905723881, "auc": 0.9999409165990596, "avg_time": 23.13031709500619, "benchmark": 2.3826776378104895, "c0": 103.41330564377361, "entropy": 3.6013779126711674, "errors": 552, "exp_cost": 32627, "f1-score": 0.9999999960281315, "falsepos": 0.0005427237015145359, "fullscore": 0.7723477114628089, "index": 249.4788389115505, "je": 2.96379263978285, "ke": 1598927, "loss": 0.007292343397275802, "meanscore": 0.9999771494718024, "n_docs": 278444, "non_null": 4.0478111921204984e-06, "precision": 0.9733892249087548, "prediction_time": 161.03182007099818, "pz": 62.231152740457134, "recall": 0.9999413149047633, "size": 7528493, "time": 32.648429131736094, "we": 6.548459609264586, "weighted_avg": 4.086659887494428, "yw": 5.0386304095411605, "z8": 11.901049238335998}, "results": {"B7": 567, "HS": 5605, "J6": 3.4570518280965294, "K4": 5.402294987274801, "KL": 402, "V0": 0.03709379403396984, "accuracy": 0.9838531817046297, "auc": 0.9999991305627476, "avg_time": 15.016791329828806, "benchmark": 3.631938524688188, "c0": 355670, "distinct": 145, "entropy": 1.903751055774524, "errors": 422, "exp_cost": 1868326, "f1-score": 0.9984740253878652, "falsepos": 3.748337107034594e-05, "fullscore": 0.7936041980576372, "index": 14.566850793526, "je": 0.9999270892871179, "ke": 131.12663694059916, "loss": 1.2132950644172524e-08, "meanscore": 0.9996003335435318, "n_docs": 2961915, "non_null": 0.005724528906224879, "precision": 0.7902455201789653, "prediction_time": 30.04431606180941, "pz": 31.366039064699937, "recall": 0.6297091133871682, "size": 81448096, "time": 8.645545730236647, "we": 1.4412372960566737, "weighted_avg": 6.130301824032863, "yw": 0.5830344513420951, "z8": 1858027}, "train": {"B7": 0.9999964137222545, "HS": 141697826, "K4": 19.0185445873563, "KL": 114.57141139519604, "KZ": 0.999576430803064, "V0": 353, "accuracy": 0.9999955961095276, "auc": 0.9999999999999879, "benchmark": 2.5720371293095745, "c0": 0.13483473442684502, "distinct": 371, "entropy": 1.1098644947460259, "errors": 269, "exp_cost": 29289922, "f1-score": 0.7928578628543931, "falsepos": 0.07612309035344511, "fullscore": 0.9990021342925827, "index": 28.860454680036714, "je": 0.9456906998741966, "ke": 0.9989625328081366, "loss": 0.07395567915522994, "meanscore": 0.999999997568584, "n_docs": 107127615, "non_null": 0.0027056332309963738, "precision": 0.9833337699476891, "prediction_time": 5.729357643767128, "pz": 557, "recall": 0.9999999488574862, "size": 2061715, "time": 78.7285817019809, "we": 77.52842134704206, "weighted_avg": 3.3253077303882064, "yw": 0.00028465956931600367, "z8": 0.004209394598607141}, "train_full": {"B7": 545, "HS": 54567754, "J6": 7.88241655466405, "K4": 513, "KL": 1.3991570746441084e-07, "KZ": 0.9927124950395763, "V0": 1.6710967058598567, "accuracy": 0.7334051797454324, "auc": 0.9898600452297661, "avg_time": 18.379769996116107, "benchmark": 2.802959162439893, "c0": 14.929061351504213, "distinct": 390, "entropy": 1.8790293407698941, "errors": 192, "exp_cost": 553638281, "f1-score": 0.9999669563095903, "falsepos": 0.0002528458505031139, "fullscore": 0.9971895838077145, "index": 91.54681506000045, "je": 0.03715615598876254, "ke": 60851, "loss": 0.000589719039550296, "meanscore": 0.9999923974850993, "n_docs": 334154, "non_null": 3.368416656712725e-13, "precision": 0.9999912342217947, "prediction_time": 8.247959700653642, "pz": 0.7623360957463595, "recall": 0.9999999999992549, "size": 2031479, "time": 27.28490024440089, "we": 45.020712535786686, "weighted_avg": 4.7552794703117, "yw": 0.9992210341574053, "z8": 3.9432677093093607}}