{"branch": {"B7": 181, "HS": 0.9967702113389967, "J6": 104, "K4": 1.8666193651576921, "KL": 10.524658008299848, "KZ": 0.9984140861086246, "V0": 0.10422580276413596, "accuracy": 0.9822502490762333, "auc": 0.8334838570252667, "avg_time": 13.3587731010036, "benchmark": 0.7004056042380233, "c0": 0.9999555819699872, "distinct": 208, "entropy": 4.692241117582045, "errors": -92, "exp_cost": 3456376, "f1-score": 0.9957715875305708, "falsepos": 0.06619950143064934, "fullscore": 0.9973080637376639, "index": 19.535611714081274, "je": 109, "ke": 0.999548615634469, "loss": 0.08652850618673191, "meanscore": 0.17885465614636986, "n_docs": 153, "non_null": 0.13613177801274756, "precision": 0.9999999921352782, "prediction_time": 8.008283421808176, "recall": 0.9659837491183977, "size": 20347701, "time": 10.60657829063418, "we": 0.00018656896179991556, "weighted_avg": 4.598434178881304, "yw": 16.014852666781923, "z8": 77.54363319966016}, "classifier": {"B7": 262, "HS": 0.9937345297698993, "J6": 1012283, "K4": 344, "KL": 0.17480047836125756, "KZ": 6.753352005913775, "V0": 93, "accuracy": 0.9999954753809277, "auc": 0.4561316964970745, "avg_time": 29.932739480230765, "benchmark": 1.8887125162818106, "c0": 3.355466113588081, "distinct": 211, "entropy": 2.32842154111535, "errors": 359, "exp_cost": 1878286172, "f1-score": 0.9339764574152782, "falsepos": 0.006583374650056761, "fullscore": 0.9726555739403783, "index": 6.26372405570106, "je": 0.8173765656422437, "ke": 3.154289626240635, "loss": 0.015479069562924108, "meanscore": 0.30872658909637746, "n_docs": 2216, "non_null": 0.005969316757032717, "precision": 0.9999768112014423, "prediction_time": 5.895133388117491, "pz": 7978073, "recall": 0.9167988186336009, "size": 67111, "time": 3.7081484403699907, "weighted_avg": 0.503956685250514, "yw": 1.5071932888247812, "z8": 0.5599793886107085}, "reports": {"B7": 161, "HS": 122.6180270440183, "J6": 0.005873769966617148, "K4": 88.98648913151241, "KL": 11.161968971582748, "KZ": 28, "V0": 210, "accuracy": 0.4564593434970982, "auc": 0.9962985870102411, "avg_time": 5.522129360564134, "benchmark": 0.9698724665888189, "c0": 28.54908386734647, "entropy": 2.1652492289123066, "errors": 402, "exp_cost": 3203, "f1-score": 0.9999940819354367, "falsepos": 0.008673121520923921, "fullscore": 0.31902007989090797, "index": 97.87291736394953, "je": 1.4049266366168176, "ke": 121132, "loss": 0.08310045109721442, "meanscore": 0.9987927707481326, "n_docs": 35119, "non_null": 0.0017868122960342792, "precision": 0.8675756479718302, "prediction_time": 40.64041889291778, "pz": 12.601175346713363, "recall": 0.9987936520628733, "size": 162687, "time": 8.098389369009851, "we": 5.124054633962137, "weighted_avg": 3.407853936845788, "yw": 3.7501027179301953, "z8": 4.022793364667497}, "results": {"B7": 420, "HS": 638, "J6": 1.7667357298665467, "K4": 4.209888540062421, "KL": 259, "V0": 0.36881566187408155, "accuracy": 0.8786796993800634, "auc": 0.9996461222600859, "avg_time": 6.253997531853209, "benchmark": 2.5885348405163153, "c0": 29360, "distinct": 17, "entropy": 0.6276741025630612, "errors": 286, "exp_cost": 184333, "f1-score": 0.9680660614696421, "falsepos": 0.0028670866276057083, "fullscore": 0.5456752943232875, "index": 5.173077980390936, "je": 0.9846077870143968, "ke": 37.72008964744776, "loss": 4.405373313320915e-05, "meanscore": 0.986537330786329, "n_docs": 419758, "non_null": 0.21529990415243638, "precision": 0.37679693087788546, "prediction_time": 14.647904806026858, "pz": 12.834200802313557, "recall": 0.22539278160034193, "size": 5405843, "time": 2.640215825736007, "we": 0.14557187125300514, "weighted_avg": 4.863897489282154, "yw": 0.2850235713866104, "z8": 63537}, "train": {"B7": 0.9985264677515101, "HS": 4876012, "K4": 10.353314567105478, "KL": 38.916622423707224, "KZ": 0.9874154511276325, "V0": 192, "accuracy": 0.9992605487785338, "auc": 0.9999999998750131, "benchmark": 1.1565150101643678, "c0": 0.5438193522482222, "distinct": 278, "entropy": -0.5463960916700854, "errors": 174, "exp_cost": 1971507, "f1-score": 0.3975989449636632, "falsepos": 0.35057800219262947, "fullscore": 0.964987694114267, "index": 10.647711958214778, "je": 0.5811504646247952, "ke": 0.895027233330286, "loss": 0.3395884545375384, "meanscore": 0.9999956786735307, "n_docs": 4487320, "non_null": 0.05169490536954768, "precision": 0.8798736141862378, "prediction_time": 1.9310020067545548, "pz": 476, "recall": 0.9999101949759991, "size": 175937, "time": 29.58125010905248, "we": 18.504769614637983, "weighted_avg": 2.102413662436954, "yw": 0.004831756207123283, "z8": 0.05959381470991154}, "train_full": {"B7": 429, "HS": 1157013, "J6": 3.83078414181221, "K4": 377, "KL": 0.00043679130272200606, "KZ": 0.9186960662538541, "V0": 0.6355661570786506, "accuracy": 0.44675504366744934, "auc": 0.8168449609982191, "avg_time": 3.812284595462369, "benchmark": 1.6611185909692443, "c0": 2.9781038825428, "distinct": 282, "entropy": 0.3988938318896496, "errors": 69, "exp_cost": 48643160, "f1-score": 0.9960694964543699, "falsepos": 0.016912779797573774, "fullscore": 0.9712981165723762, "index": 24.581016514906064, "je": 0.30582636345205993, "ke": 8686, "loss": 0.019121420882797002, "meanscore": 0.9965519189829315, "n_docs": 31207, "non_null": 1.3311252100578486e-09, "precision": 0.9994798044824559, "prediction_time": 2.761080109513263, "pz": 0.33465859533382714, "recall": 0.9999999821800422, "size": 177747, "time": 4.754845589388729, "we": 19.918276536057284, "weighted_avg": 3.4278674709577, "yw": 0.9556760956922634, "z8": 2.5835704962929826}}