{"branch": {"B7": 292, "HS": 0.9999830853721243, "J6": 282, "K4": 3.258076743601142, "KL": 56.13864669011227, "KZ": 0.9999998484397453, "V0": 0.5247460502342697, "accuracy": 0.9994123843048525, "auc": 0.9910586886806686, "avg_time": 59.86370465961809, "benchmark": 2.2997925356968354, "c0": 0.9999999829120783, "distinct": 343, "entropy": 6.159044730773159, "errors": 36, "exp_cost": 167281791, "f1-score": 0.9999816544513408, "falsepos": 0.00022544193519413724, "fullscore": 0.9999971459880728, "index": 119.46929532104711, "je": 278, "ke": 0.9999995449258257, "loss": 0.0012386580923031687, "meanscore": 0.9076620023047062, "n_docs": 2189, "non_null": 0.0016576736469321451, "precision": 0.9999999999995894, "prediction_time": 20.99880166081012, "recall": 0.999767083195261, "size": 2744940191, "time": 60.67806989859723, "we": 3.151409000423655e-08, "weighted_avg": 6.466100159422034, "yw": 75.2374263854866, "z8": 536.8188544492164}, "classifier": {"B7": 385, "HS": 0.9995165410613934, "J6": 11339637, "K4": 492, "KL": 0.017211446568481503, "KZ": 38.34526391486612, "V0": 219, "accuracy": 0.999999999674664, "auc": 0.9696959411817055, "avg_time": 98.938960989696, "benchmark": 3.5701443956827297, "c0": 5.425807516605641, "distinct": 317, "entropy": 4.0654718182954355, "errors": 512, "exp_cost": 33882296972, "f1-score": 0.9959825507283436, "falsepos": 1.8201440256104817e-06, "fullscore": 0.9986067141962063, "index": 17.765748395861824, "je": 0.9866578448747838, "ke": 4.790251033783625, "loss": 0.0005702641742777459, "meanscore": 0.9118944625495996, "n_docs": 37308, "non_null": 6.554643479872446e-05, "precision": 0.9999999993440427, "prediction_time": 24.978180663337064, "pz": 254343688, "recall": 0.9985321853314797, "size": 1431145, "time": 7.560172993286748, "weighted_avg": 2.078489410221255, "yw": 2.9267619566126806, "z8": 0.09059998427759108}, "reports": {"B7": 317, "HS": 589.1106859544005, "J6": 0.0004984675828363372, "K4": 344.88490019474364, "KL": 59.18850429567761, "KZ": 138, "V0": 376, "accuracy": 0.8707630287206537, "auc": 0.9999830405798137, "avg_time": 29.03075058650243, "benchmark": 2.7470753960461245, "c0": 132.21638016908935, "entropy": 3.915358198601508, "errors": 593, "exp_cost": 50245, "f1-score": 0.9999999991347243, "falsepos": 0.0002837737708866195, "fullscore": 0.8668891964334564, "index": 306.16987595649067, "je": 3.828798313362268, "ke": 2074015, "loss": 0.0031239473019346597, "meanscore": 0.9999879519031553, "n_docs": 387544, "non_null": 1.6063302170632454e-06, "precision": 0.9877203049671062, "prediction_time": 222.28910998790536, "pz": 105.37687038252373, "recall": 0.999978599058376, "size": 14129817, "time": 49.55389412835371, "we": 7.097852339289814, "weighted_avg": 4.2791124714297135, "yw": 5.394514151078888, "z8": 16.841518669905213}, "results": {"B7": 578, "HS": 8001, "J6": 3.938255396746535, "K4": 5.696905765100414, "KL": 430, "V0": 0.01670053018903883, "accuracy": 0.9916708081796336, "auc": 0.9999998059361135, "avg_time": 16.867672931612606, "benchmark": 3.826568823406292, "c0": 733585, "distinct": 178, "entropy": 2.1275800169933423, "errors": 438, "exp_cost": 3266140, "f1-score": 0.9993317687742642, "falsepos": 1.2467645174707442e-05, "fullscore": 0.8467968104113635, "index": 18.301275308198484, "je": 0.9999869709163756, "ke": 155.76502925369695, "loss": 5.557841298298172e-09, "meanscore": 0.999859548088208, "n_docs": 3698062, "non_null": 0.0018961600180736893, "precision": 0.8388376330206384, "prediction_time": 46.007713640415005, "pz": 39.80236650437511, "recall": 0.700937834593307, "size": 113742930, "time": 10.774285043656006, "we": 1.653767358734664, "weighted_avg": 6.373998660417586, "yw": 0.6338248866920265, "z8": 3930407}, "train": {"B7": 0.9999988094858281, "HS": 302244210, "K4": 23.15015978501758, "KL": 165.13995649353137, "KZ": 0.9998201408398476, "V0": 386, "accuracy": 0.999998838232178, "auc": 0.9999999999999987, "benchmark": 2.8204766173475853, "c0": 0.0947676457742449, "distinct": 407, "entropy": 1.5326625252517756, "errors": 279, "exp_cost": 52236034, "f1-score": 0.8238946472085056, "falsepos": 0.047431839998293146, "fullscore": 0.9994352582931132, "index": 37.845894918684785, "je": 0.9757979886356558, "ke": 0.9994794803648757, "loss": 0.04579517471748651, "meanscore": 0.9999999993817709, "n_docs": 207095377, "non_null": 0.0015667374235891485, "precision": 0.9904373725360902, "prediction_time": 8.094927766260517, "pz": 584, "recall": 0.9999999794615582, "size": 3639867, "time": 89.43430608064943, "we": 99.05649380006798, "weighted_avg": 3.557694132816859, "yw": 0.00015165928671978524, "z8": 0.0021404331046113168}, "train_full": {"B7": 573, "HS": 99920473, "J6": 10.185984924555084, "K4": 539, "KL": 1.7677467489818355e-08, "KZ": 0.9974707397011245, "V0": 1.8133469363948307, "accuracy": 0.8044070831435908, "auc": 0.994789320473304, "avg_time": 27.784771700532556, "benchmark": 3.006195972442166, "c0": 21.069900380509203, "distinct": 421, "entropy": 2.3326907138901114, "errors": 227, "exp_cost": 1378026200, "f1-score": 0.9999782289618658, "falsepos": 4.87721256736684e-05, "fullscore": 0.9989369773967864, "index": 97.55218469187797, "je": 0.026102264950245146, "ke": 91478, "loss": 0.00020406821378116113, "meanscore": 0.9999988787990892, "n_docs": 616995, "non_null": 1.9872992140790302e-14, "precision": 0.9999985123209764, "prediction_time": 9.391611805428377, "pz": 0.8297481335441614, "recall": 0.9999999999999116, "size": 3001971, "time": 38.79851043674811, "we": 56.18829438576903, "weighted_avg": 5.026831698665826, "yw": 0.9997826577715487, "z8": 4.316542388961163}}