{"branch": {"B7": 497, "HS": 0.9999999999988245, "J6": 569, "K4": 5.702951467698052, "KL": 1250.3975503356455, "KZ": 1.0, "V0": 0.9956789984130697, "accuracy": 0.9999999998753225, "auc": 0.9999998141327398, "avg_time": 710.0904812855039, "benchmark": 4.976640785403977, "c0": 1.0, "distinct": 589, "entropy": 8.997882210225756, "errors": 245, "exp_cost": 263536522175, "f1-score": 0.9999999999970515, "falsepos": 8.727463196578356e-13, "fullscore": 0.9999999999999987, "index": 3911.7975252044525, "je": 560, "ke": 0.9999999999999998, "loss": 1.1343803674179753e-10, "meanscore": 0.999999766870269, "n_docs": 587299, "non_null": 3.188775909990227e-10, "precision": 1.0, "prediction_time": 107.8022546109925, "recall": 0.9999999999540837, "size": 24058421217844, "time": 1190.1338812405415, "we": 0.0, "weighted_avg": 10.024750123761205, "yw": 1127.2550523628256, "z8": 21318.03858905203}, "classifier": {"B7": 648, "HS": 0.9999998650900291, "J6": 907280099, "K4": 722, "KL": 2.21896039076519e-06, "KZ": 1140.9938018186022, "V0": 443, "accuracy": 1.0, "auc": 0.9999998388237681, "avg_time": 987.5365321841668, "benchmark": 6.9834169115147215, "c0": 9.239347291641266, "distinct": 508, "entropy": 7.328494788406247, "errors": 833, "exp_cost": 5822570014600, "f1-score": 0.9999997869910882, "falsepos": 0.0, "fullscore": 0.9999997819643064, "index": 132.30456283781652, "je": 0.9999992552512389, "ke": 7.675394399837107, "loss": 6.93089232672861e-08, "meanscore": 0.9999987913899788, "n_docs": 5746873, "non_null": 9.765299679997952e-12, "precision": 1.0, "prediction_time": 266.0593899322548, "pz": 94674354602, "recall": 0.999999993314175, "size": 451386048, "time": 42.366996847582975, "weighted_avg": 5.2069250201715445, "yw": 5.513497380654689, "z8": 2.8899459118769677e-05}, "reports": {"B7": 617, "HS": 8272.83980959149, "J6": 1.0390365483559094e-06, "K4": 3305.358613894111, "KL": 1106.889623754924, "KZ": 364, "V0": 688, "accuracy": 0.9999003963276452, "auc": 0.9999999999974033, "avg_time": 690.665880519323, "benchmark": 5.623637866651747, "c0": 2252.42665855584, "entropy": 7.200843467226318, "errors": 927, "exp_cost": 8485176, "f1-score": 1.0, "falsepos": 1.4896282318765941e-08, "fullscore": 0.9999101830916639, "index": 3888.8010600645684, "je": 31.30336061563585, "ke": 912111555, "loss": 5.520671830794299e-08, "meanscore": 0.9999999999703787, "n_docs": 69749513, "non_null": 2.9976021664879227e-15, "precision": 0.9999946877176022, "prediction_time": 6195.229212837751, "pz": 2779.1507550514107, "recall": 0.9999999984583453, "size": 123411604708, "time": 1099.8047382133345, "we": 10.250141595583356, "weighted_avg": 5.757469860863414, "yw": 8.175591982377508, "z8": 291.2846906602352}, "results": {"B7": 894, "HS": 657213, "J6": 7.87192813062777, "K4": 8.428300932678841, "KL": 724, "V0": 2.7025630622290464e-08, "accuracy": 0.9999990740201217, "auc": 0.9999999999999998, "avg_time": 94.38636679881252, "benchmark": 5.973301642822829, "c0": 86452407, "distinct": 485, "entropy": 5.083181805167601, "errors": 697, "exp_cost": 544289939, "f1-score": 0.9999999937764708, "falsepos": 1.2861933740282439e-12, "fullscore": 0.9952841837447206, "index": 188.24128737332654, "je": 0.9999999999999997, "ke": 1475.2749075533968, "loss": 0.0, "meanscore": 0.9999999999836904, "n_docs": 536996449, "non_null": 3.2727598409110215e-11, "precision": 0.9997143901091126, "prediction_time": 470.12073373580006, "pz": 344.4571635401535, "recall": 0.997655626599981, "size": 31602172523, "time": 184.3125523893998, "we": 4.860928627368827, "weighted_avg": 9.135912196553376, "yw": 0.973821406895025, "z8": 7482575491}, "train": {"B7": 0.9999999999999998, "HS": 491765640521, "K4": 135.1762649196554, "KL": 3291.2412400950957, "KZ": 0.9999999994890229, "V0": 746, "accuracy": 0.9999999999999454, "auc": 1.0, "benchmark": 6.0288016459079525, "c0": 0.00011294859279231684, "distinct": 657, "entropy": 5.277166348424496, "errors": 475, "exp_cost": 32919638721, "f1-score": 0.9989413667712577, "falsepos": 8.431481296944376e-05, "fullscore": 0.9999999872730285, "index": 450.34200668427104, "je": 0.999999860045805, "ke": 0.9999999999965554, "loss": 1.423882587037184e-05, "meanscore": 1.0, "n_docs": 471414482499, "non_null": 1.1412253586584598e-08, "precision": 0.9999965457690342, "prediction_time": 66.51805337947289, "pz": 794, "recall": 1.0, "size": 1991762523, "time": 799.8682881689061, "we": 2519.429984849393, "weighted_avg": 6.370936197363456, "yw": 3.5407992093894336e-09, "z8": 8.472016199689847e-09}, "train_full": {"B7": 823, "HS": 343405591914, "J6": 74.21728590199783, "K4": 854, "KL": 0.0, "KZ": 0.9999998967075957, "V0": 4.304930543526396, "accuracy": 0.9950173111811623, "auc": 0.9999999861418383, "avg_time": 910.7155076708547, "benchmark": 6.029408558675951, "c0": 475.4889794912335, "distinct": 692, "entropy": 5.821426372308375, "errors": 509, "exp_cost": 455287989829, "f1-score": 0.9999999999989072, "falsepos": 1.1290968160437842e-12, "fullscore": 0.999999592497696, "index": 1879.46527665799, "je": 1.6931543505016577e-06, "ke": 3931004, "loss": 4.3103631774954465e-11, "meanscore": 1.0, "n_docs": 92411473, "non_null": 0.0, "precision": 0.9999999999990901, "prediction_time": 88.6463573951764, "pz": 0.9998371003484728, "recall": 1.0, "size": 1508573482, "time": 2121.3379067285205, "we": 286.92499662107207, "weighted_avg": 8.14149922795509, "yw": 0.9999999999987559, "z8": 7.348575763208959}}