{"branch": {"B7": 490, "HS": 0.999999999989006, "J6": 553, "K4": 5.507636442411574, "KL": 905.8257511186825, "KZ": 1.0, "V0": 0.9910414818200204, "accuracy": 0.9999999970607414, "auc": 0.9999994713000999, "avg_time": 560.2772493832331, "benchmark": 4.568365059649944, "c0": 0.9999999999999992, "distinct": 562, "entropy": 8.73527266719732, "errors": 226, "exp_cost": 79363466226, "f1-score": 0.9999999999796143, "falsepos": 9.921063970352861e-12, "fullscore": 0.9999999999999674, "index": 2763.03718347587, "je": 535, "ke": 0.9999999999999973, "loss": 1.01185060330522e-09, "meanscore": 0.9999987444241935, "n_docs": 206663, "non_null": 1.59868529525653e-09, "precision": 1.0, "prediction_time": 91.80597156168527, "recall": 0.9999999995677143, "size": 10333640566764, "time": 917.2250626707513, "we": 2.220446049250313e-16, "weighted_avg": 9.736532030667417, "yw": 956.3105162059308, "z8": 13996.12666180256}, "classifier": {"B7": 612, "HS": 0.9999997401721934, "J6": 674350673, "K4": 696, "KL": 3.2821213856726317e-06, "KZ": 744.6436214429575, "V0": 414, "accuracy": 1.0, "auc": 0.9999990245452917, "avg_time": 725.6638761000291, "benchmark": 6.62941151831465, "c0": 8.861731078237913, "distinct": 480, "entropy": 6.938625793583383, "errors": 799, "exp_cost": 4444956650419, "f1-score": 0.9999978277425461, "falsepos": 3.3306690738754696e-16, "fullscore": 0.9999994605191489, "index": 107.95231154628794, "je": 0.9999979144180474, "ke": 7.487831129252217, "loss": 2.2122045950645486e-07, "meanscore": 0.9999953685621311, "n_docs": 2964065, "non_null": 6.366259741596991e-10, "precision": 1.0, "prediction_time": 171.8252149106933, "pz": 49024296187, "recall": 0.9999999750564194, "size": 241934664, "time": 39.10839953435193, "weighted_avg": 4.560422221517051, "yw": 5.194995517027442, "z8": 7.925905807726341e-05}, "reports": {"B7": 581, "HS": 6675.385588959535, "J6": 1.3027760321637771e-06, "K4": 2710.116287962393, "KL": 800.3565805051528, "KZ": 332, "V0": 662, "accuracy": 0.9997934864817762, "auc": 0.9999999999889755, "avg_time": 469.7629033168369, "benchmark": 5.440236169518574, "c0": 1720.2520414300411, "entropy": 6.695073786706637, "errors": 901, "exp_cost": 5968247, "f1-score": 1.0, "falsepos": 4.4483547068097096e-08, "fullscore": 0.9997330348641613, "index": 2687.8988044002203, "je": 22.6138733357342, "ke": 879241340, "loss": 4.5272157933595736e-07, "meanscore": 0.9999999997873557, "n_docs": 35760573, "non_null": 5.3512749786932545e-14, "precision": 0.9999776900817898, "prediction_time": 4636.55717728983, "pz": 2267.2246123449936, "recall": 0.9999999990914639, "size": 31035217640, "time": 820.5322369851556, "we": 9.954178287206359, "weighted_avg": 5.670484767203005, "yw": 7.891918921942179, "z8": 185.14121486130912}, "results": {"B7": 859, "HS": 545723, "J6": 7.474158835960577, "K4": 7.954689968374048, "KL": 692, "V0": 1.626034968893464e-07, "accuracy": 0.9999965316687347, "auc": 0.999999999999999, "avg_time": 70.59139030609369, "benchmark": 5.803751333519277, "c0": 37720339, "distinct": 438, "entropy": 4.809608772061995, "errors": 669, "exp_cost": 319224208, "f1-score": 0.9999999823102533, "falsepos": 1.360034307396063e-11, "fullscore": 0.9936557651571125, "index": 158.6383565833932, "je": 0.9999999999999915, "ke": 1274.4920085927465, "loss": 0.0, "meanscore": 0.9999999998377403, "n_docs": 365551552, "non_null": 4.3677750305448626e-10, "precision": 0.9996088150720248, "prediction_time": 432.32976818877916, "pz": 232.62245970602947, "recall": 0.9968189938924362, "size": 22036663204, "time": 125.33801214035266, "we": 4.441949579135117, "weighted_avg": 8.737586644210497, "yw": 0.9638511982534748, "z8": 3627665200}, "train": {"B7": 0.9999999999999977, "HS": 249224869426, "K4": 120.9459022507949, "KL": 2175.265292467862, "KZ": 0.9999999971417468, "V0": 709, "accuracy": 0.9999999999998384, "auc": 1.0, "benchmark": 5.629106494714922, "c0": 0.0004593002419073233, "distinct": 644, "entropy": 4.894321547641104, "errors": 449, "exp_cost": 13372609404, "f1-score": 0.9974827381291436, "falsepos": 0.00014672668227788677, "fullscore": 0.9999999554879472, "index": 286.1770343576586, "je": 0.9999996654209353, "ke": 0.999999999954079, "loss": 5.270929503642385e-05, "meanscore": 1.0, "n_docs": 239739316493, "non_null": 8.77050142511493e-08, "precision": 0.9999953812873563, "prediction_time": 54.709898934942565, "pz": 764, "recall": 0.9999999999999992, "size": 1151401027, "time": 666.9543109889564, "we": 1921.6877280509182, "weighted_avg": 6.085168066141012, "yw": 1.7498722915121334e-08, "z8": 3.026763162328194e-08}, "train_full": {"B7": 804, "HS": 127696409808, "J6": 63.54684167040717, "K4": 825, "KL": 0.0, "KZ": 0.9999993429651344, "V0": 4.052552884438238, "accuracy": 0.9905281684148036, "auc": 0.9999999132501118, "avg_time": 624.5545898895399, "benchmark": 5.584054518866113, "c0": 350.97017700183204, "distinct": 664, "entropy": 5.51061663094925, "errors": 484, "exp_cost": 286502431195, "f1-score": 0.999999999996614, "falsepos": 2.145417177246145e-11, "fullscore": 0.9999995020873662, "index": 1155.5187965625112, "je": 4.946538713856974e-06, "ke": 3153466, "loss": 8.16973821926581e-10, "meanscore": 0.9999999999999998, "n_docs": 40931908, "non_null": 0.0, "precision": 0.9999999999983795, "prediction_time": 71.52675927659251, "pz": 0.999546395286844, "recall": 1.0, "size": 845255628, "time": 1358.6781321113472, "we": 237.30502066290347, "weighted_avg": 7.979132094885328, "yw": 0.9999999999817952, "z8": 7.031906157342527}}