{"branch": {"B7": 149, "HS": 0.9906713920839701, "J6": 72, "K4": 1.5718406998532592, "KL": 7.704594214166112, "KZ": 0.9956419513972389, "V0": 0.06007731948479855, "accuracy": 0.9534296198505854, "auc": 0.7686650653068233, "avg_time": 11.737344428556122, "benchmark": 0.21733829515634676, "c0": 0.9999253907311842, "distinct": 205, "entropy": 4.362066673087634, "errors": -105, "exp_cost": 2127912, "f1-score": 0.9913136407303796, "falsepos": 0.13520484165252988, "fullscore": 0.9929942081802988, "index": 12.814560058604265, "je": 92, "ke": 0.9990753564244378, "loss": 0.1411166353442026, "meanscore": 0.11109230749457555, "n_docs": 100, "non_null": 0.22713028503339117, "precision": 0.9999999751899499, "prediction_time": 7.082356589630703, "recall": 0.9420658989453462, "size": 9764286, "time": 7.334704389981009, "we": 0.00045066277750283046, "weighted_avg": 4.307142783037809, "yw": 12.872282678006998, "z8": 59.84020182092007}, "classifier": {"B7": 239, "HS": 0.988782310956907, "J6": 731075, "K4": 327, "KL": 0.22172359554848098, "KZ": 4.651818666907481, "V0": 77, "accuracy": 0.9999839357590503, "auc": 0.3930250457878369, "avg_time": 28.71710416017876, "benchmark": 1.643563814540726, "c0": 2.9366792583605807, "distinct": 183, "entropy": 2.1740519598103525, "errors": 319, "exp_cost": 996856409, "f1-score": 0.9086316845371257, "falsepos": 0.01751248622097279, "fullscore": 0.9655339807142459, "index": 5.548331218345808, "je": 0.7448570160496549, "ke": 2.9107811753416453, "loss": 0.03610094301832634, "meanscore": 0.2108718640842714, "n_docs": 1653, "non_null": 0.011491448368037949, "precision": 0.9998616981358202, "prediction_time": 5.920091294449238, "pz": 4604933, "recall": 0.8639604428904987, "size": 34056, "time": 3.118168471495713, "weighted_avg": 0.4043559375525518, "yw": 1.2527627374937655, "z8": 0.6940470008708861}, "reports": {"B7": 129, "HS": 93.9268606081841, "J6": 0.009147486326262166, "K4": 70.56401440473013, "KL": 8.235979843221516, "KZ": 3, "V0": 183, "accuracy": 0.3794532372434005, "auc": 0.9908354358505593, "avg_time": 4.013752661584985, "benchmark": 0.5712590959457935, "c0": 21.35487527324311, "entropy": 1.930004125973413, "errors": 377, "exp_cost": 2549, "f1-score": 0.9999785689872567, "falsepos": 0.015154321537071747, "fullscore": 0.25069315733551156, "index": 74.61139856902746, "je": 1.1536539520040254, "ke": 52757, "loss": 0.12874937647795404, "meanscore": 0.9981332221900161, "n_docs": 18047, "non_null": 0.005320798978743602, "precision": 0.8131326359391037, "prediction_time": 27.23791720021155, "pz": 10.277784525695509, "recall": 0.9979964716205121, "size": 46294, "time": 5.336874484859776, "we": 4.79852996178692, "weighted_avg": 3.224252394756369, "yw": 3.547415757012957, "z8": 2.746527537068543}, "results": {"B7": 394, "HS": 383, "J6": 1.3410897114694391, "K4": 4.052445034122255, "KL": 229, "V0": 0.510013767432764, "accuracy": 0.8294015403055253, "auc": 0.9986658647068052, "avg_time": 5.758796889490409, "benchmark": 2.381436818995541, "c0": 24774, "distinct": -10, "entropy": 0.36777311417639036, "errors": 269, "exp_cost": 96308, "f1-score": 0.9544960594443039, "falsepos": 0.005500218783743738, "fullscore": 0.5101830538472026, "index": 4.131222190595905, "je": 0.9618421321762428, "ke": 28.984851958926832, "loss": 0.00013770537912893843, "meanscore": 0.9737502398862514, "n_docs": 263298, "non_null": 0.3228964711999097, "precision": 0.2867820929782845, "prediction_time": 8.9391640494433, "pz": 11.288388573717713, "recall": 0.13992567181701587, "size": 5823987, "time": 1.8519321869919412, "we": -0.26557412693975024, "weighted_avg": 4.5778283174785965, "yw": 0.25897008722897774, "z8": 30444}, "train": {"B7": 0.9954115208485301, "HS": 2634717, "K4": 8.453117202871649, "KL": 25.622006025692812, "KZ": 0.9751500167446471, "V0": 153, "accuracy": 0.9975819212099895, "auc": 0.9999999985594056, "benchmark": 0.8336621974455168, "c0": 0.6400568684711673, "distinct": 242, "entropy": -0.9506851177298317, "errors": 155, "exp_cost": 933441, "f1-score": 0.3032068750039718, "falsepos": 0.37658438527021687, "fullscore": 0.9488712996401675, "index": 10.32181402561041, "je": 0.4614406126924344, "ke": 0.8323607356806351, "loss": 0.40338488690760743, "meanscore": 0.9999787182703392, "n_docs": 1582569, "non_null": 0.07603682222457953, "precision": 0.7951374244559427, "prediction_time": 1.7115386936919288, "pz": 468, "recall": 0.9998634132666419, "size": 82138, "time": 24.424518028943385, "we": 12.726609900773145, "weighted_avg": 1.8066606825545315, "yw": 0.008810443529776446, "z8": 0.11277853019917894}, "train_full": {"B7": 405, "HS": 560044, "J6": 2.8137329870875027, "K4": 338, "KL": 0.001669375973324727, "KZ": 0.8938369361741069, "V0": 0.24328346209444307, "accuracy": 0.35714329966472713, "auc": 0.7643963332751276, "avg_time": 2.735696560648897, "benchmark": 1.2697809812955518, "c0": 2.290462012372198, "distinct": 256, "entropy": 0.051780793266689745, "errors": 25, "exp_cost": 21276063, "f1-score": 0.9897253392503914, "falsepos": 0.03188718345369823, "fullscore": 0.9595633879357601, "index": 17.749192605672967, "je": 0.34549045938569756, "ke": 6205, "loss": 0.027721600656366086, "meanscore": 0.9871594888536432, "n_docs": 26528, "non_null": 9.697363356764299e-09, "precision": 0.9992656663812094, "prediction_time": 2.5941943982749938, "pz": 0.2429821937593517, "recall": 0.9999998343199267, "size": 81593, "time": 3.1887896278697596, "we": 17.881671233409854, "weighted_avg": 3.028575147202223, "yw": 0.9076499777660967, "z8": 2.3693993568953498}}