{"branch": {"B7": 434, "HS": 0.9999999993279609, "J6": 488, "K4": 5.0787417370354655, "KL": 488.28913656934014, "KZ": 0.9999999999999956, "V0": 0.9694508440916382, "accuracy": 0.9999998927164946, "auc": 0.9999896721199693, "avg_time": 340.77063140850663, "benchmark": 4.040822025945794, "c0": 0.9999999999999227, "distinct": 495, "entropy": 8.194953244094926, "errors": 188, "exp_cost": 20152360707, "f1-score": 0.9999999991419821, "falsepos": 1.2819224570748133e-09, "fullscore": 0.9999999999947656, "index": 1311.4366681301667, "je": 474, "ke": 0.9999999999989563, "loss": 6.877466773858032e-08, "meanscore": 0.9999329427427951, "n_docs": 64373, "non_null": 7.926295453319909e-08, "precision": 1.0, "prediction_time": 68.6731322865762, "recall": 0.999999991448199, "size": 1536253065374, "time": 465.3207981864485, "we": 5.3734794391857577e-14, "weighted_avg": 9.033724248639576, "yw": 586.8364144058881, "z8": 6259.1346223934925}, "classifier": {"B7": 553, "HS": 0.9999968504805365, "J6": 264034335, "K4": 655, "KL": 5.1917891769726054e-05, "KZ": 432.2161437469047, "V0": 366, "accuracy": 1.0, "auc": 0.9999697586726384, "avg_time": 454.27631352292144, "benchmark": 6.012873006167067, "c0": 8.12542523594172, "distinct": 443, "entropy": 6.391254783238283, "errors": 731, "exp_cost": 1662088544560, "f1-score": 0.999983867009113, "falsepos": 2.566835632933362e-13, "fullscore": 0.9999895056017664, "index": 69.32593183512859, "je": 0.9999755216153148, "ke": 6.837663148040273, "loss": 1.4321955226215266e-06, "meanscore": 0.9998801548902093, "n_docs": 1348806, "non_null": 1.0200671196614053e-08, "precision": 1.0, "prediction_time": 123.72756949610935, "pz": 16781045192, "recall": 0.9999993611920448, "size": 68334699, "time": 28.88789110452126, "weighted_avg": 4.003012452213152, "yw": 4.700394513254675, "z8": 0.0007171007406502339}, "reports": {"B7": 516, "HS": 3760.5095413321465, "J6": 5.636295244748624e-06, "K4": 1627.7971333466587, "KL": 394.30639086127803, "KZ": 285, "V0": 578, "accuracy": 0.9981157983522587, "auc": 0.9999999994685843, "avg_time": 239.58419565119996, "benchmark": 4.763797871213802, "c0": 952.6259003875684, "entropy": 6.138174366593444, "errors": 827, "exp_cost": 2038257, "f1-score": 0.9999999999999999, "falsepos": 5.548984456371642e-07, "fullscore": 0.9984136463256311, "index": 1672.1760824517673, "je": 14.870754505552688, "ke": 170933209, "loss": 6.756949390784861e-06, "meanscore": 0.9999999914631559, "n_docs": 14204244, "non_null": 4.330757974457811e-12, "precision": 0.9998669499915355, "prediction_time": 2266.6243917058273, "pz": 1092.1148280768994, "recall": 0.9999999796246838, "size": 7572555266, "time": 402.52854852148147, "we": 9.157554951817941, "weighted_avg": 5.318660610888742, "yw": 7.405494339547802, "z8": 116.72944830668138}, "results": {"B7": 806, "HS": 254436, "J6": 6.644012931499377, "K4": 7.550220344532668, "KL": 640, "V0": 4.9353407863828025e-06, "accuracy": 0.9999618845489195, "auc": 0.9999999999998177, "avg_time": 48.9019943367143, "benchmark": 5.397800452985598, "c0": 16824802, "distinct": 370, "entropy": 4.133552746966409, "errors": 627, "exp_cost": 115756238, "f1-score": 0.9999995830787702, "falsepos": 7.155956938120767e-10, "fullscore": 0.9843585042791086, "index": 86.81594016075535, "je": 0.9999999999980427, "ke": 724.1766901296709, "loss": 1.1102230246251565e-16, "meanscore": 0.9999999928955583, "n_docs": 145329902, "non_null": 1.8355557629412544e-08, "precision": 0.9972537684637397, "prediction_time": 193.38877248776038, "pz": 167.95284310419078, "recall": 0.9808433550949947, "size": 3803352427, "time": 71.09610628051311, "we": 3.792017912420286, "weighted_avg": 8.201295481357459, "yw": 0.9274901652896297, "z8": 698382889}, "train": {"B7": 0.9999999999995002, "HS": 55988552883, "K4": 83.87500116455892, "KL": 1310.7451889474514, "KZ": 0.9999999501011946, "V0": 627, "accuracy": 0.9999999999687341, "auc": 1.0, "benchmark": 4.981498267380682, "c0": 0.0012803172004167696, "distinct": 571, "entropy": 4.123862985081408, "errors": 410, "exp_cost": 4226411496, "f1-score": 0.9841835369463987, "falsepos": 0.0009030314617762825, "fullscore": 0.9999992912523129, "index": 172.11295174380075, "je": 0.9999829587551718, "ke": 0.9999999965356752, "loss": 0.0001933989446473161, "meanscore": 0.9999999999999997, "n_docs": 48575687582, "non_null": 1.6558218216555787e-06, "precision": 0.9999692187832712, "prediction_time": 35.22587358237442, "pz": 720, "recall": 0.9999999999999771, "size": 243278359, "time": 442.5103415617068, "we": 957.1819583840879, "weighted_avg": 5.503634975269633, "yw": 1.65386264905365e-07, "z8": 8.283601848901867e-07}, "train_full": {"B7": 757, "HS": 23443287832, "J6": 42.02250114851403, "K4": 765, "KL": 0.0, "KZ": 0.999994161412795, "V0": 3.5859247779149843, "accuracy": 0.9790256961256427, "auc": 0.9999989965238912, "avg_time": 307.38670942567603, "benchmark": 4.975758271452367, "c0": 191.0419002724024, "distinct": 611, "entropy": 4.759038858447634, "errors": 418, "exp_cost": 60769817792, "f1-score": 0.9999999997601032, "falsepos": 5.864080332429467e-10, "fullscore": 0.9999941504759673, "index": 783.7686902515715, "je": 4.606734123524525e-05, "ke": 1280595, "loss": 4.0626625175121944e-08, "meanscore": 0.9999999999998267, "n_docs": 17578214, "non_null": 0.0, "precision": 0.9999999999450615, "prediction_time": 47.68326692788405, "pz": 0.9971065549998439, "recall": 1.0, "size": 224787524, "time": 583.9951095218656, "we": 168.7836603118662, "weighted_avg": 7.217328653927875, "yw": 0.9999999979293347, "z8": 6.480220602645938}}