{"branch": {"B7": 262, "HS": 0.9999105800550394, "J6": 251, "K4": 3.065629362793544, "KL": 41.060136717578146, "KZ": 0.9999973215544984, "V0": 0.40881959483647884, "accuracy": 0.9989420966174488, "auc": 0.9842045962439807, "avg_time": 34.90485089798583, "benchmark": 1.746996721657468, "c0": 0.9999999054172136, "distinct": 316, "entropy": 5.851993928673353, "errors": 8, "exp_cost": 92976586, "f1-score": 0.9999536758746222, "falsepos": 0.0014961362625430796, "fullscore": 0.9999874912056889, "index": 91.13322875854202, "je": 237, "ke": 0.9999978673730346, "loss": 0.003431713365671274, "meanscore": 0.7694649014363786, "n_docs": 1718, "non_null": 0.004572448177237676, "precision": 0.9999999999981013, "prediction_time": 17.658575794455704, "recall": 0.9992350490502144, "size": 960798082, "time": 43.031858158243736, "we": 2.8254624673262896e-07, "weighted_avg": 6.174014789456512, "yw": 55.978552443399046, "z8": 350.45825724621403}, "classifier": {"B7": 370, "HS": 0.9992254256155435, "J6": 7439404, "K4": 463, "KL": 0.024365859002020596, "KZ": 28.67779205677165, "V0": 194, "accuracy": 0.9999999982101198, "auc": 0.9160264987845479, "avg_time": 87.64001419249753, "benchmark": 3.279617253305212, "c0": 4.951019954842619, "distinct": 287, "entropy": 3.833773230379286, "errors": 473, "exp_cost": 20053800175, "f1-score": 0.9901401360217209, "falsepos": 1.3503801241099289e-05, "fullscore": 0.9965694391840297, "index": 15.579261205190994, "je": 0.9737273945919473, "ke": 4.389981168307942, "loss": 0.0013285165374590235, "meanscore": 0.8053862313893378, "n_docs": 25101, "non_null": 0.0004707103203530627, "precision": 0.9999999916084268, "prediction_time": 18.276386054829032, "pz": 93814093, "recall": 0.9955823219827602, "size": 790313, "time": 6.252009571815375, "weighted_avg": 1.7556735090027573, "yw": 2.5970592107053774, "z8": 0.15247004671335374}, "reports": {"B7": 285, "HS": 417.699536311153, "J6": 0.0008239851642437568, "K4": 262.4559337211363, "KL": 43.99930143222502, "KZ": 115, "V0": 329, "accuracy": 0.7987617925428692, "auc": 0.9999223928848249, "avg_time": 21.680439924903915, "benchmark": 2.3331779753296513, "c0": 97.83203544142762, "entropy": 3.700240262081918, "errors": 549, "exp_cost": 31437, "f1-score": 0.9999999938859336, "falsepos": 0.0005781069036676634, "fullscore": 0.7609514931604873, "index": 250.59407178965088, "je": 2.8657904939600085, "ke": 1278149, "loss": 0.008066257022819934, "meanscore": 0.9999761673208233, "n_docs": 246691, "non_null": 5.7222051779159955e-06, "precision": 0.9745296143683289, "prediction_time": 156.48180410995482, "pz": 62.96747659791551, "recall": 0.999966483183013, "size": 7041114, "time": 33.277054317850705, "we": 6.522424223218351, "weighted_avg": 4.084855043576036, "yw": 5.0363667940408865, "z8": 11.435832451078554}, "results": {"B7": 561, "HS": 4576, "J6": 3.426181387649325, "K4": 5.412748037124869, "KL": 398, "V0": 0.041450359761259103, "accuracy": 0.9815998608982667, "auc": 0.999999249119077, "avg_time": 13.833968744803146, "benchmark": 3.6054188692010722, "c0": 333724, "distinct": 141, "entropy": 1.855691489381363, "errors": 421, "exp_cost": 1699914, "f1-score": 0.9982765351136205, "falsepos": 4.2908356311599505e-05, "fullscore": 0.7867060873524848, "index": 14.871195325965912, "je": 0.9999104200831275, "ke": 120.73731881711895, "loss": 1.2609808530683608e-08, "meanscore": 0.9995282784497893, "n_docs": 2386643, "non_null": 0.008074154652281784, "precision": 0.765965317521911, "prediction_time": 31.8994660858991, "pz": 30.736034630806373, "recall": 0.633214963028939, "size": 68311447, "time": 9.31216191070606, "we": 1.3747896999315112, "weighted_avg": 6.057168737004387, "yw": 0.5684237550040244, "z8": 1395139}, "train": {"B7": 0.9999933670894219, "HS": 130055582, "K4": 19.33801017013989, "KL": 107.73791858978366, "KZ": 0.9995586146090567, "V0": 346, "accuracy": 0.999993259521004, "auc": 0.9999999999999688, "benchmark": 2.498904042281099, "c0": 0.16808249970286637, "distinct": 364, "entropy": 1.1444011948658697, "errors": 259, "exp_cost": 36777362, "f1-score": 0.7731017067248735, "falsepos": 0.07961060273114584, "fullscore": 0.9986865203763835, "index": 29.40991235977752, "je": 0.9440617895929366, "ke": 0.9986659196701076, "loss": 0.06656554122922853, "meanscore": 0.9999999980718755, "n_docs": 92983251, "non_null": 0.0026686844962720002, "precision": 0.9824983888934441, "prediction_time": 5.826171785892589, "pz": 553, "recall": 0.9999999419857178, "size": 1789501, "time": 74.57497474050376, "we": 70.63601839447196, "weighted_avg": 3.2989972566095584, "yw": 0.0003153353631230038, "z8": 0.005001078799924064}, "train_full": {"B7": 545, "HS": 44566223, "J6": 7.493405103333194, "K4": 513, "KL": 1.908522206939267e-07, "KZ": 0.9930049522133407, "V0": 1.7699590552706073, "accuracy": 0.7251134785110469, "auc": 0.9899227281190501, "avg_time": 17.434769903431683, "benchmark": 2.8772361967628752, "c0": 13.854114263034177, "distinct": 385, "entropy": 1.9289536300934458, "errors": 185, "exp_cost": 635538538, "f1-score": 0.9999426347310797, "falsepos": 0.00032362696072363306, "fullscore": 0.9968438089289504, "index": 83.73062635585855, "je": 0.0377039915825661, "ke": 55479, "loss": 0.0006974168090887467, "meanscore": 0.9999913450972916, "n_docs": 290774, "non_null": 2.9476421303797906e-13, "precision": 0.9999875098501232, "prediction_time": 8.493882161673206, "pz": 0.7490847148972736, "recall": 0.999999999998409, "size": 1697002, "time": 26.632356643389105, "we": 43.37237609522495, "weighted_avg": 4.726090482300023, "yw": 0.9990289171002165, "z8": 3.884416628535463}}