{"branch": {"B7": 394, "HS": 0.9999999887086577, "J6": 423, "K4": 4.581935503039481, "KL": 274.76311185003226, "KZ": 0.9999999999990579, "V0": 0.9164331386295868, "accuracy": 0.999999479675395, "auc": 0.9999144124273243, "avg_time": 198.3813120347817, "benchmark": 3.5621489228891674, "c0": 0.9999999999965141, "distinct": 459, "entropy": 7.711591618188444, "errors": 145, "exp_cost": 4664932807, "f1-score": 0.9999999894277682, "falsepos": 6.255900231177947e-08, "fullscore": 0.9999999997343734, "index": 675.8547557904981, "je": 427, "ke": 0.9999999999617318, "loss": 1.41055745705998e-06, "meanscore": 0.99915572069121, "n_docs": 27425, "non_null": 1.1690047667656245e-06, "precision": 1.0, "prediction_time": 47.00209851939305, "recall": 0.9999996184042267, "size": 298419001176, "time": 292.1291625962892, "we": 2.6290081223123707e-12, "weighted_avg": 8.40984484745025, "yw": 351.54704138856306, "z8": 3274.339645678062}, "classifier": {"B7": 508, "HS": 0.9999933748430901, "J6": 145217754, "K4": 610, "KL": 0.0002571025473867561, "KZ": 229.29989261360618, "V0": 327, "accuracy": 0.9999999999999989, "auc": 0.9998429166973177, "avg_time": 293.02075083578893, "benchmark": 5.432170719752903, "c0": 7.455722628179078, "distinct": 409, "entropy": 5.791428906088664, "errors": 675, "exp_cost": 558587847868, "f1-score": 0.9999388842294061, "falsepos": 3.429634354290556e-11, "fullscore": 0.9999599782201519, "index": 51.09393260027649, "je": 0.9997559757935435, "ke": 6.30886478323614, "loss": 8.674565016186797e-06, "meanscore": 0.9986814184642622, "n_docs": 464807, "non_null": 6.690317477797691e-08, "precision": 0.9999999999999989, "prediction_time": 87.45149931589812, "pz": 4094388390, "recall": 0.9999936163608625, "size": 23559814, "time": 20.494066869609576, "weighted_avg": 3.431367289310737, "yw": 4.252499896996415, "z8": 0.0030348000463416014}, "reports": {"B7": 474, "HS": 2315.221929456855, "J6": 2.197436703554878e-05, "K4": 1031.3792652331456, "KL": 227.60494902550914, "KZ": 255, "V0": 522, "accuracy": 0.9932442777554474, "auc": 0.999999986403858, "avg_time": 154.47311501377234, "benchmark": 4.2847374692870055, "c0": 579.7219576404683, "entropy": 5.589890829723668, "errors": 772, "exp_cost": 847707, "f1-score": 0.999999999999986, "falsepos": 3.6689228782860184e-06, "fullscore": 0.9932254043748158, "index": 1193.9031060813763, "je": 9.902083946508796, "ke": 52040705, "loss": 2.7690657063872415e-05, "meanscore": 0.9999999565947197, "n_docs": 6031452, "non_null": 1.6673695757418727e-10, "precision": 0.9994535549266852, "prediction_time": 1219.397719209208, "pz": 549.5904102042878, "recall": 0.9999998725078129, "size": 1569024563, "time": 243.31357832430257, "we": 8.646859308503556, "weighted_avg": 5.039518581309763, "yw": 6.89253932696953, "z8": 58.375742509999164}, "results": {"B7": 749, "HS": 99581, "J6": 5.907193466588676, "K4": 6.962550199996452, "KL": 579, "V0": 8.960646325129051e-05, "accuracy": 0.9998371800941555, "auc": 0.9999999999943504, "avg_time": 34.53861602081412, "benchmark": 4.915684535947197, "c0": 8702091, "distinct": 327, "entropy": 3.750637928333514, "errors": 575, "exp_cost": 52428977, "f1-score": 0.9999967107295309, "falsepos": 1.172557084760939e-08, "fullscore": 0.9716481092994081, "index": 55.60010767830526, "je": 0.9999999995187685, "ke": 538.7724237442537, "loss": 1.0325074129013956e-14, "meanscore": 0.9999998993152746, "n_docs": 45226116, "non_null": 1.2146351686670442e-06, "precision": 0.9866828565486229, "prediction_time": 166.1550031143861, "pz": 108.80170501302572, "recall": 0.9497506775855732, "size": 1664433778, "time": 42.15504219890886, "we": 3.2399233346273073, "weighted_avg": 7.545849921963049, "yw": 0.8855141845815102, "z8": 168027540}, "train": {"B7": 0.999999999962024, "HS": 15665891504, "K4": 59.48130838141463, "KL": 641.2269220009415, "KZ": 0.9999994393877875, "V0": 570, "accuracy": 0.9999999991656017, "auc": 1.0, "benchmark": 4.388963176830064, "c0": 0.007670770401458471, "distinct": 524, "entropy": 3.3873303580676204, "errors": 362, "exp_cost": 1664421190, "f1-score": 0.9656401396497685, "falsepos": 0.0029587214563479014, "fullscore": 0.9999964295953825, "index": 117.91707116565892, "je": 0.9998504725068587, "ke": 0.9999998491247378, "loss": 0.0013000344046877332, "meanscore": 0.9999999999999849, "n_docs": 11828077789, "non_null": 9.113660397130907e-06, "precision": 0.9998112625352824, "prediction_time": 23.927193591777545, "pz": 691, "recall": 0.9999999999983061, "size": 86598373, "time": 290.9043851399291, "we": 548.0318608006646, "weighted_avg": 5.003254926460894, "yw": 1.4043346224790199e-06, "z8": 8.252855159374128e-06}, "train_full": {"B7": 698, "HS": 7255497649, "J6": 28.165901711208754, "K4": 703, "KL": 2.0095036745715333e-14, "KZ": 0.9999629892277724, "V0": 3.195479898524053, "accuracy": 0.957500815256078, "auc": 0.9999823782164186, "avg_time": 158.43113940554898, "benchmark": 4.464847255947664, "c0": 107.65728257806664, "distinct": 562, "entropy": 4.259265147172411, "errors": 358, "exp_cost": 30600979403, "f1-score": 0.9999999921800904, "falsepos": 1.8578943827840533e-08, "fullscore": 0.9999717426195093, "index": 447.47029325845756, "je": 0.0003250368557328187, "ke": 551252, "loss": 6.231644698040384e-07, "meanscore": 0.9999999999858751, "n_docs": 6064844, "non_null": 0.0, "precision": 0.999999998070442, "prediction_time": 37.28079683243986, "pz": 0.9884404801295803, "recall": 1.0, "size": 73353032, "time": 299.0273636112695, "we": 125.96499837983713, "weighted_avg": 6.634144286976537, "yw": 0.9999999167255316, "z8": 5.886190496578555}}