{"branch": {"B7": 204, "HS": 0.9989752310838741, "J6": 157, "K4": 2.2230729197589216, "KL": 16.704977313522164, "KZ": 0.9997325609358506, "V0": 0.18236065546401464, "accuracy": 0.9925808041255363, "auc": 0.9207931691466128, "avg_time": 20.42504896067982, "benchmark": 0.9779990684760187, "c0": 0.9999928030820671, "distinct": 243, "entropy": 5.081401380198633, "errors": -56, "exp_cost": 14909706, "f1-score": 0.9990250486063363, "falsepos": 0.022994476932797547, "fullscore": 0.999362002114723, "index": 32.322186167499574, "je": 150, "ke": 0.9999382390584373, "loss": 0.030675365690815526, "meanscore": 0.34602023305497964, "n_docs": 278, "non_null": 0.051917886401455116, "precision": 0.9999999996104114, "prediction_time": 10.505080096934874, "recall": 0.9918599277205682, "size": 77480527, "time": 15.413220182455932, "we": 2.2051085757812672e-05, "weighted_avg": 5.111429446290685, "yw": 25.85349527413798, "z8": 126.04845787067381}, "classifier": {"B7": 311, "HS": 0.9963427563081052, "J6": 2190151, "K4": 383, "KL": 0.08709746751807668, "KZ": 10.502007550336337, "V0": 123, "accuracy": 0.9999995538956307, "auc": 0.6747172142323228, "avg_time": 46.508497822255116, "benchmark": 2.3899053434495925, "c0": 3.912432766851188, "distinct": 232, "entropy": 2.8844804397613544, "errors": 406, "exp_cost": 4305923080, "f1-score": 0.9704298271661451, "falsepos": 0.0010145212163096273, "fullscore": 0.985918591258198, "index": 9.005613088701384, "je": 0.8779731751794633, "ke": 3.615512560976625, "loss": 0.008288724009162585, "meanscore": 0.5210717973103585, "n_docs": 5893, "non_null": 0.0021223125071623272, "precision": 0.9999974472836994, "prediction_time": 10.033584735162545, "pz": 17031051, "recall": 0.9630926209296917, "size": 149980, "time": 4.115225131665861, "weighted_avg": 1.1097091118500733, "yw": 1.8699694790144836, "z8": 0.3964518857599356}, "reports": {"B7": 203, "HS": 181.159970203252, "J6": 0.003355516438985129, "K4": 127.09607147067553, "KL": 19.471733367993373, "KZ": 61, "V0": 247, "accuracy": 0.6239949654185929, "auc": 0.9989485020000867, "avg_time": 8.584489975004665, "benchmark": 1.4541159651414954, "c0": 42.488367822255945, "entropy": 2.722535575947795, "errors": 456, "exp_cost": 7522, "f1-score": 0.9999995002735413, "falsepos": 0.0033453609561828745, "fullscore": 0.4924135789062544, "index": 136.9828419458652, "je": 1.7984609917447396, "ke": 239161, "loss": 0.03916970719789803, "meanscore": 0.999788407779714, "n_docs": 73066, "non_null": 0.0003312008083554696, "precision": 0.9220711739028241, "prediction_time": 69.31219585636596, "pz": 21.37578190893812, "recall": 0.9996418617642749, "size": 448624, "time": 12.997302770416226, "we": 5.613151193250925, "weighted_avg": 3.6122481436713825, "yw": 4.173407157003739, "z8": 5.368273159127419}, "results": {"B7": 466, "HS": 1319, "J6": 2.3138640088601274, "K4": 4.6856833599104055, "KL": 303, "V0": 0.20282009175119653, "accuracy": 0.9360960204466023, "auc": 0.9999359809046909, "avg_time": 8.886072392255086, "benchmark": 2.943842362048448, "c0": 83726, "distinct": 61, "entropy": 1.1286684625295986, "errors": 327, "exp_cost": 316732, "f1-score": 0.9872611114957318, "falsepos": 0.0006934567594585328, "fullscore": 0.6390859533879868, "index": 7.838091825359868, "je": 0.9965255961196496, "ke": 50.238238812939755, "loss": 3.0183686963169976e-06, "meanscore": 0.9957140597958958, "n_docs": 832883, "non_null": 0.07371591890023943, "precision": 0.5504873286365013, "prediction_time": 18.76474983399415, "pz": 19.68139052459976, "recall": 0.3406029141204948, "size": 14968829, "time": 4.381080164507833, "we": 0.6286248240636825, "weighted_avg": 5.35768334971025, "yw": 0.39421408936010705, "z8": 157734}, "train": {"B7": 0.9997329603129208, "HS": 16073498, "K4": 12.270895041049693, "KL": 52.10993978061034, "KZ": 0.9957767041391602, "V0": 248, "accuracy": 0.9998601802589833, "auc": 0.9999999999969627, "benchmark": 1.683108265378431, "c0": 0.3605016405969861, "distinct": 304, "entropy": 0.04650271486983934, "errors": 202, "exp_cost": 5377485, "f1-score": 0.5497661675815935, "falsepos": 0.22197133753747444, "fullscore": 0.983646557456155, "index": 16.461681550390377, "je": 0.7412128810082498, "ke": 0.962362847946643, "loss": 0.2494480502088514, "meanscore": 0.9999996987368333, "n_docs": 14327615, "non_null": 0.027144104775271072, "precision": 0.9238485084052763, "prediction_time": 2.6730188575580347, "pz": 515, "recall": 0.9999937307739881, "size": 408285, "time": 41.74718852629505, "we": 29.5041225122074, "weighted_avg": 2.494243999576064, "yw": 0.002215058477005649, "z8": 0.026488917215340302}, "train_full": {"B7": 465, "HS": 3646160, "J6": 5.017069982402111, "K4": 422, "KL": 4.2329247333494635e-05, "KZ": 0.9639788349234082, "V0": 1.0189471400753471, "accuracy": 0.5279217062518652, "auc": 0.9221665101319052, "avg_time": 6.541214202557774, "benchmark": 2.14027633651189, "c0": 5.073859928415327, "distinct": 310, "entropy": 0.9633625127271901, "errors": 98, "exp_cost": 133771100, "f1-score": 0.9991296835305568, "falsepos": 0.006373745060988534, "fullscore": 0.9861033293792897, "index": 39.99351978274936, "je": 0.15619108263371229, "ke": 14559, "loss": 0.005713627671018018, "meanscore": 0.9993550368068058, "n_docs": 70707, "non_null": 2.573129487259962e-10, "precision": 0.9998710969522571, "prediction_time": 3.812300399098422, "pz": 0.4790785966824386, "recall": 0.9999999988364199, "size": 356569, "time": 8.359801185317112, "we": 26.782318342968743, "weighted_avg": 3.8485043032033617, "yw": 0.9857676042876357, "z8": 3.1038372534967764}}