{"branch": {"B7": 314, "HS": 0.9999966220883112, "J6": 319, "K4": 3.5290054337309926, "KL": 83.58764509896984, "KZ": 0.9999999872204188, "V0": 0.660956909902862, "accuracy": 0.9998688788282113, "auc": 0.99637931046136, "avg_time": 72.55114214250959, "benchmark": 2.6341054945342592, "c0": 0.9999999984889671, "distinct": 396, "entropy": 6.6009943068200805, "errors": 61, "exp_cost": 509716234, "f1-score": 0.9999971391246465, "falsepos": 3.768514760449371e-05, "fullscore": 0.9999994796252767, "index": 191.9993133790123, "je": 325, "ke": 0.9999999722879156, "loss": 0.0003157503015056573, "meanscore": 0.953714129109426, "n_docs": 6334, "non_null": 0.0003897326640577292, "precision": 0.9999999999999851, "prediction_time": 27.133845645650926, "recall": 0.9999534288808427, "size": 8686970547, "time": 91.0313002505793, "we": 3.3257798737196254e-09, "weighted_avg": 6.981029181739155, "yw": 119.066327237513, "z8": 893.4163634955022}, "classifier": {"B7": 431, "HS": 0.9998693393050976, "J6": 25398272, "K4": 515, "KL": 0.006453735178349906, "KZ": 64.68641533678701, "V0": 249, "accuracy": 0.9999999999896064, "auc": 0.9876204921434638, "avg_time": 131.39901296566248, "benchmark": 4.1490334289126425, "c0": 5.965545916949944, "distinct": 335, "entropy": 4.554581043128553, "errors": 549, "exp_cost": 63195801707, "f1-score": 0.997679903079379, "falsepos": 2.1105122893771977e-07, "fullscore": 0.9995604624635372, "index": 24.212689896849334, "je": 0.9960289231397796, "ke": 5.2700716939069805, "loss": 0.00020633919541679369, "meanscore": 0.9608750355671982, "n_docs": 85942, "non_null": 2.1057808286983892e-05, "precision": 0.9999999999715586, "prediction_time": 32.74301106335678, "pz": 535107925, "recall": 0.9995471258884796, "size": 3368265, "time": 11.267913374724387, "weighted_avg": 2.4491240598164548, "yw": 3.2059618242596057, "z8": 0.05000272791399296}, "reports": {"B7": 358, "HS": 798.7691684611333, "J6": 0.00020187673371607762, "K4": 441.1548867831071, "KL": 78.84056467154497, "KZ": 174, "V0": 402, "accuracy": 0.9445976977435144, "auc": 0.9999954138078675, "avg_time": 42.72018398272582, "benchmark": 3.1781351214015467, "c0": 186.5371133130365, "entropy": 4.324255567701015, "errors": 632, "exp_cost": 128694, "f1-score": 0.9999999999555251, "falsepos": 0.00010633007587923515, "fullscore": 0.9305249711368428, "index": 474.2162768271626, "je": 4.475912931278958, "ke": 7886335, "loss": 0.0010874174526896985, "meanscore": 0.9999970413154324, "n_docs": 893494, "non_null": 1.3341245752584996e-07, "precision": 0.9950073364258404, "prediction_time": 327.20402908910086, "pz": 145.36251969803652, "recall": 0.9999970867185923, "size": 64347084, "time": 73.49503702449627, "we": 7.447985898585195, "weighted_avg": 4.476339690961908, "yw": 5.773876117315039, "z8": 20.98782805105508}, "results": {"B7": 626, "HS": 20526, "J6": 4.43417898843043, "K4": 5.947737285185585, "KL": 472, "V0": 0.005603212364151622, "accuracy": 0.9965824429577794, "auc": 0.9999999884910724, "avg_time": 20.46894418614795, "benchmark": 4.165155532480566, "c0": 1300309, "distinct": 205, "entropy": 2.638141837047533, "errors": 471, "exp_cost": 8392312, "f1-score": 0.9998604337985435, "falsepos": 1.955851358537153e-06, "fullscore": 0.9014427665058047, "index": 24.09688137593123, "je": 0.9999987801367056, "ke": 198.5164869401085, "loss": 1.1108658437564145e-10, "meanscore": 0.9999788474538207, "n_docs": 7368052, "non_null": 0.00038274867758891773, "precision": 0.8846389963998669, "prediction_time": 63.0624453961402, "pz": 55.82030121838419, "recall": 0.8164260097007138, "size": 264075346, "time": 14.42918630761182, "we": 2.008408317227547, "weighted_avg": 6.647224599411663, "yw": 0.7162982552343622, "z8": 9345305}, "train": {"B7": 0.9999999238716231, "HS": 926314285, "K4": 31.57180886495416, "KL": 214.66468707829537, "KZ": 0.9999505192327647, "V0": 434, "accuracy": 0.9999997674372585, "auc": 1.0, "benchmark": 3.2237319933953876, "c0": 0.05257011121175548, "distinct": 425, "entropy": 2.0919452589283236, "errors": 295, "exp_cost": 142631892, "f1-score": 0.8786971533899484, "falsepos": 0.02364365729410889, "fullscore": 0.9997651247344695, "index": 53.40229070553193, "je": 0.9887511537545995, "ke": 0.9998793725078807, "loss": 0.021383276970403875, "meanscore": 0.9999999999466147, "n_docs": 558954179, "non_null": 0.00031482587553210983, "precision": 0.9969972805792662, "prediction_time": 11.266615249407806, "pz": 610, "recall": 0.999999998632437, "size": 7144822, "time": 140.46492852364904, "we": 153.8367049724931, "weighted_avg": 3.946049287052522, "yw": 5.375914933081205e-05, "z8": 0.0006424596782070857}, "train_full": {"B7": 601, "HS": 301596383, "J6": 12.529224723617562, "K4": 581, "KL": 6.516678308088331e-10, "KZ": 0.9986777953539411, "V0": 2.173013715307022, "accuracy": 0.8697750321946768, "auc": 0.9983948565405594, "avg_time": 42.15434744458793, "benchmark": 3.398775815014096, "c0": 33.204004500084416, "distinct": 450, "entropy": 2.8330915112470816, "errors": 259, "exp_cost": 2538876480, "f1-score": 0.9999965978044112, "falsepos": 9.585539000211973e-06, "fullscore": 0.9996506951274433, "index": 165.109339310568, "je": 0.008716395348894457, "ke": 143164, "loss": 7.012704374909084e-05, "meanscore": 0.9999999230316883, "n_docs": 991859, "non_null": 1.4432899320127035e-15, "precision": 0.9999997397463442, "prediction_time": 13.450200741642085, "pz": 0.8989966134561187, "recall": 0.999999999999997, "size": 6143915, "time": 72.55497631685299, "we": 67.35280206478413, "weighted_avg": 5.390490405022944, "yw": 0.9999646772778751, "z8": 4.776420136923468}}