{"branch": {"B7": 318, "HS": 0.9999949973990373, "J6": 309, "K4": 3.422019303088779, "KL": 79.347739976965, "KZ": 0.99999996846597, "V0": 0.6470231300362191, "accuracy": 0.9998489412210558, "auc": 0.9959970849468336, "avg_time": 62.64044908887835, "benchmark": 2.4817067040596976, "c0": 0.9999999981309332, "distinct": 383, "entropy": 6.519343741335507, "errors": 52, "exp_cost": 397551854, "f1-score": 0.9999953618730171, "falsepos": 7.141217271333655e-05, "fullscore": 0.9999993143233796, "index": 184.89138173024816, "je": 317, "ke": 0.9999999505438892, "loss": 0.00041961427121617323, "meanscore": 0.9443959030649435, "n_docs": 4583, "non_null": 0.0004881734529444959, "precision": 0.999999999999984, "prediction_time": 26.655299746993077, "recall": 0.9999198571628058, "size": 6644511220, "time": 93.99660055520346, "we": 4.636639294730571e-09, "weighted_avg": 6.986950615935893, "yw": 118.61631344775483, "z8": 850.463214486429}, "classifier": {"B7": 414, "HS": 0.9997834819098559, "J6": 22625861, "K4": 514, "KL": 0.006741241372292706, "KZ": 59.562433775320876, "V0": 247, "accuracy": 0.9999999999798028, "auc": 0.9864485905643303, "avg_time": 121.43404589745325, "benchmark": 4.096094531144576, "c0": 5.794611520949764, "distinct": 331, "entropy": 4.522987853029551, "errors": 546, "exp_cost": 50599955836, "f1-score": 0.9983393350104675, "falsepos": 2.8629855908235413e-07, "fullscore": 0.9993371554725666, "index": 22.896147523925404, "je": 0.9952882659569156, "ke": 5.206267594313557, "loss": 0.0002312525383190156, "meanscore": 0.9543431210129667, "n_docs": 85039, "non_null": 2.7392089753663917e-05, "precision": 0.9999999999577416, "prediction_time": 34.49605588711764, "pz": 470262912, "recall": 0.9994615963273634, "size": 2962175, "time": 11.261191938120936, "weighted_avg": 2.2766979910065777, "yw": 3.2038096220838437, "z8": 0.06142158615886206}, "reports": {"B7": 355, "HS": 743.1070634908115, "J6": 0.0002748513947787856, "K4": 434.1199708274489, "KL": 76.78893962340368, "KZ": 168, "V0": 391, "accuracy": 0.9413035798521656, "auc": 0.9999948924014005, "avg_time": 43.6367272333456, "benchmark": 3.035546053750293, "c0": 171.9435309203767, "entropy": 4.255646282361905, "errors": 626, "exp_cost": 115701, "f1-score": 0.9999999999077088, "falsepos": 0.00011547622795859969, "fullscore": 0.9225047235986757, "index": 462.5477833228615, "je": 4.260029829064167, "ke": 5951768, "loss": 0.0020408252571729735, "meanscore": 0.9999955756634998, "n_docs": 795456, "non_null": 1.8535164736377396e-07, "precision": 0.9919286317270014, "prediction_time": 314.3640442485559, "pz": 133.5828511285914, "recall": 0.9999906143478733, "size": 43279184, "time": 65.17716286677273, "we": 7.308778675068488, "weighted_avg": 4.4705796954898505, "yw": 5.6068354353540855, "z8": 20.43209653854931}, "results": {"B7": 623, "HS": 19503, "J6": 4.271171422394739, "K4": 5.974239419429504, "KL": 459, "V0": 0.007060236727187252, "accuracy": 0.9958329332858917, "auc": 0.999999982933045, "avg_time": 17.99879389526486, "benchmark": 4.0948745317626685, "c0": 1277413, "distinct": 190, "entropy": 2.617792530243868, "errors": 467, "exp_cost": 6082412, "f1-score": 0.9998109841792222, "falsepos": 2.104262370572485e-06, "fullscore": 0.8841888223831167, "index": 22.94746080364348, "je": 0.9999979145191317, "ke": 208.75606549244583, "loss": 1.2343004396342394e-10, "meanscore": 0.9999753431930297, "n_docs": 7641172, "non_null": 0.0006252987419081979, "precision": 0.8793376261373598, "prediction_time": 49.60541747545238, "pz": 55.59459420501397, "recall": 0.7899998472783458, "size": 200560771, "time": 15.163370576073364, "we": 1.9964794170659739, "weighted_avg": 6.634865784657711, "yw": 0.722721090207316, "z8": 7234823}, "train": {"B7": 0.9999999130362154, "HS": 803006742, "K4": 32.4371753617891, "KL": 209.5372569250136, "KZ": 0.9999353717123419, "V0": 426, "accuracy": 0.9999995073316124, "auc": 1.0, "benchmark": 3.10006430969345, "c0": 0.07385293429701845, "distinct": 415, "entropy": 2.0303254991620157, "errors": 292, "exp_cost": 141176183, "f1-score": 0.8622012323300222, "falsepos": 0.029586228586873986, "fullscore": 0.9997803108539848, "index": 44.539344415473444, "je": 0.985243972372235, "ke": 0.9998714050842595, "loss": 0.021645627084447616, "meanscore": 0.9999999999691007, "n_docs": 424521509, "non_null": 0.000509652666415894, "precision": 0.9964196333089038, "prediction_time": 10.240321997435451, "pz": 595, "recall": 0.9999999985984992, "size": 6772086, "time": 133.9217726415544, "we": 137.54721464937987, "weighted_avg": 3.8334265898643674, "yw": 6.020179139942794e-05, "z8": 0.0009635787348316605}, "train_full": {"B7": 594, "HS": 278388700, "J6": 12.615584642432703, "K4": 580, "KL": 1.122521853247349e-09, "KZ": 0.9983918214114429, "V0": 2.1941567855244792, "accuracy": 0.8552570613114608, "auc": 0.9983195391562961, "avg_time": 39.90112665478855, "benchmark": 3.3808875974523764, "c0": 29.20139167814102, "distinct": 432, "entropy": 2.687312794284444, "errors": 246, "exp_cost": 2087302238, "f1-score": 0.9999962770688844, "falsepos": 1.778401766927562e-05, "fullscore": 0.9994382171291135, "index": 156.64389116920518, "je": 0.009735545869622442, "ke": 116954, "loss": 9.526960252070893e-05, "meanscore": 0.9999998597978687, "n_docs": 786926, "non_null": 1.9984014443252818e-15, "precision": 0.9999997204549701, "prediction_time": 12.349606837496209, "pz": 0.8880136281855581, "recall": 0.9999999999999968, "size": 5360355, "time": 64.14612292482121, "we": 67.07118714029421, "weighted_avg": 5.367893685275629, "yw": 0.9999457474736732, "z8": 4.696529756835903}}