{"branch": {"B7": 273, "HS": 0.9999755122836641, "J6": 254, "K4": 3.0024459626827804, "KL": 50.784332021263474, "KZ": 0.9999996941256069, "V0": 0.4967073512192158, "accuracy": 0.9996241456161407, "auc": 0.9892073885918331, "avg_time": 50.307132308506986, "benchmark": 2.221769402477437, "c0": 0.9999999763743204, "distinct": 341, "entropy": 6.14445251765761, "errors": 35, "exp_cost": 129108677, "f1-score": 0.9999662009623289, "falsepos": 0.0005873011470752809, "fullscore": 0.9999933233556476, "index": 111.93708733730226, "je": 268, "ke": 0.999999495742463, "loss": 0.0017611349958492895, "meanscore": 0.8787221165815364, "n_docs": 1288, "non_null": 0.002698148772046105, "precision": 0.9999999999995239, "prediction_time": 21.325216838549345, "recall": 0.9995137802943961, "size": 1817185893, "time": 53.390365461562205, "we": 7.255421330398804e-08, "weighted_avg": 6.375620095961672, "yw": 68.03572107443236, "z8": 512.5633578422814}, "classifier": {"B7": 384, "HS": 0.999253882886013, "J6": 11220274, "K4": 470, "KL": 0.01762925092216716, "KZ": 35.461322108622866, "V0": 213, "accuracy": 0.9999999995530777, "auc": 0.9565379225427184, "avg_time": 86.46412307110975, "benchmark": 3.5948567623521135, "c0": 5.201753875011288, "distinct": 309, "entropy": 3.9197560463377004, "errors": 514, "exp_cost": 30224454900, "f1-score": 0.9965943752749102, "falsepos": 4.5749437762587775e-06, "fullscore": 0.9986877073499751, "index": 15.987807133280985, "je": 0.987335232242372, "ke": 4.6451992546669665, "loss": 0.0007849357508368238, "meanscore": 0.8762141576795278, "n_docs": 31212, "non_null": 6.125388689504074e-05, "precision": 0.999999998998511, "prediction_time": 21.028262833893084, "pz": 164417192, "recall": 0.9976621409859467, "size": 1145315, "time": 8.748763931889378, "weighted_avg": 1.911940577562903, "yw": 2.7997188154200963, "z8": 0.1215161085660299}, "reports": {"B7": 304, "HS": 504.2535950613205, "J6": 0.0005523452170312915, "K4": 295.3211524331056, "KL": 47.46060926413673, "KZ": 134, "V0": 362, "accuracy": 0.8870754115879455, "auc": 0.9999829278580352, "avg_time": 27.16844349123982, "benchmark": 2.590767913831651, "c0": 118.98093150615895, "entropy": 3.8238000350977233, "errors": 573, "exp_cost": 48802, "f1-score": 0.9999999985880603, "falsepos": 0.00033832667293354213, "fullscore": 0.8280390242486716, "index": 306.17215441526884, "je": 3.7531858528349256, "ke": 2539259, "loss": 0.004439802297175666, "meanscore": 0.9999838567804458, "n_docs": 359748, "non_null": 2.6241041072294635e-06, "precision": 0.9825432912102309, "prediction_time": 206.2990320571069, "pz": 87.80936727475279, "recall": 0.9999777333764349, "size": 8289283, "time": 41.07305350246209, "we": 6.989276858232579, "weighted_avg": 4.197587545474809, "yw": 5.3885626626938805, "z8": 15.373951796725464}, "results": {"B7": 570, "HS": 8045, "J6": 3.727827528429189, "K4": 5.47585319585998, "KL": 417, "V0": 0.022118399257333388, "accuracy": 0.9888870256980462, "auc": 0.9999997982757696, "avg_time": 15.824792105464581, "benchmark": 3.824817390984387, "c0": 442256, "distinct": 162, "entropy": 2.141826847238818, "errors": 426, "exp_cost": 3258414, "f1-score": 0.999346261210291, "falsepos": 1.7110048507129605e-05, "fullscore": 0.8427790211939059, "index": 15.73069773113538, "je": 0.9999765010376178, "ke": 122.18718621905545, "loss": 9.607362794206153e-09, "meanscore": 0.9998163020285953, "n_docs": 3038642, "non_null": 0.003989086297506161, "precision": 0.8379032635772851, "prediction_time": 47.60327535016882, "pz": 35.558694485672, "recall": 0.6737736986989911, "size": 108094000, "time": 10.699566682250829, "we": 1.5747311879583497, "weighted_avg": 6.1852435793492635, "yw": 0.6040424884251072, "z8": 2330870}, "train": {"B7": 0.9999982300905819, "HS": 220470618, "K4": 24.818259226931605, "KL": 154.79476874090705, "KZ": 0.9996941008047822, "V0": 371, "accuracy": 0.999997889239343, "auc": 0.9999999999999983, "benchmark": 2.716189741510722, "c0": 0.13611625026014695, "distinct": 391, "entropy": 1.4388306463363478, "errors": 264, "exp_cost": 49078616, "f1-score": 0.7503836506879895, "falsepos": 0.053339493876852107, "fullscore": 0.9988030145069076, "index": 31.09557614220072, "je": 0.9648306462216942, "ke": 0.9989142055898517, "loss": 0.05042724705606538, "meanscore": 0.9999999996360369, "n_docs": 134251481, "non_null": 0.003186023493980894, "precision": 0.9906694534915482, "prediction_time": 7.231918318117106, "pz": 586, "recall": 0.9999999374595665, "size": 2735816, "time": 92.23164558226588, "we": 83.08142109495328, "weighted_avg": 3.4277562475677863, "yw": 0.0001612432640948347, "z8": 0.003208787486607134}, "train_full": {"B7": 560, "HS": 66752063, "J6": 9.68304234363514, "K4": 532, "KL": 3.5031468170743096e-08, "KZ": 0.9966611800343389, "V0": 1.9126356446845214, "accuracy": 0.7874259991540449, "auc": 0.9913127773897028, "avg_time": 23.012576227415583, "benchmark": 3.047158644070584, "c0": 17.370519160550238, "distinct": 412, "entropy": 2.232165895564876, "errors": 223, "exp_cost": 1254508688, "f1-score": 0.9999783815260408, "falsepos": 7.81289895129822e-05, "fullscore": 0.9981942880921593, "index": 87.84410133193481, "je": 0.03490005084572145, "ke": 63996, "loss": 0.00037724504683100957, "meanscore": 0.9999970305716002, "n_docs": 367139, "non_null": 7.960299086562372e-14, "precision": 0.9999971777463003, "prediction_time": 9.960312886505093, "pz": 0.8015688473472538, "recall": 0.9999999999995999, "size": 2582158, "time": 32.08267652443598, "we": 50.11478785102143, "weighted_avg": 5.002233721384465, "yw": 0.999655103275639, "z8": 4.145491336021631}}