{"branch": {"B7": 82, "HS": 0.9565142482431296, "J6": 5, "K4": 0.9189703961993737, "KL": 3.3170478333688127, "KZ": 0.9215387914408748, "V0": 0.016048479356655876, "accuracy": 0.8691427963418457, "auc": 0.44402692453064185, "avg_time": 4.843229949832881, "benchmark": -0.5120410128714212, "c0": 0.9986482214778999, "distinct": 136, "entropy": 3.6464318708868486, "errors": -158, "exp_cost": 194075, "f1-score": 0.9450269324602729, "falsepos": 0.42502070538142533, "fullscore": 0.9444801536285713, "index": 5.463234773509921, "je": 8, "ke": 0.9876259062143173, "loss": 0.4514932018972122, "meanscore": 0.006870545118616234, "n_docs": 26, "non_null": 0.5308214578022146, "precision": 0.9999985940105165, "prediction_time": 4.108077383941832, "recall": 0.7984746103496724, "size": 705525, "time": 3.114110342463028, "we": 0.006650622508792892, "weighted_avg": 3.3892738671889338, "yw": 7.165780630737624, "z8": 21.75272618961391}, "classifier": {"B7": 155, "HS": 0.9633788835563167, "J6": 155783, "K4": 256, "KL": 0.4888943218678401, "KZ": 2.0827280187127784, "V0": 15, "accuracy": 0.9993854050215969, "auc": 0.11922510175664786, "avg_time": 13.39418535159895, "benchmark": 0.7019857130346508, "c0": 1.9048714147478383, "distinct": 135, "entropy": 1.153670238138842, "errors": 237, "exp_cost": 218009822, "f1-score": 0.7319215845548981, "falsepos": 0.12452470443627628, "fullscore": 0.9064638760208032, "index": 3.1573196336758635, "je": 0.4888234989322375, "ke": 2.0555812457041274, "loss": 0.1018187418445542, "meanscore": 0.03597473485263292, "n_docs": 460, "non_null": 0.09673357128893201, "precision": 0.9957266355537249, "prediction_time": 2.7253985136744565, "pz": 867790, "recall": 0.6242831086133313, "size": 7323, "time": 1.7343957604782898, "weighted_avg": -0.6045430496230784, "yw": 0.5433608017830956, "z8": 0.8939284022509288}, "reports": {"B7": 48, "HS": 46.49024341660737, "J6": 0.029594727896019246, "K4": 38.923833992740185, "KL": 4.311604181304755, "KZ": -60, "V0": 86, "accuracy": 0.1731901627878789, "auc": 0.94316613127016, "avg_time": 1.8128884544227273, "benchmark": -0.19194612946234962, "c0": 10.0350464303989, "entropy": 1.0621932065422064, "errors": 281, "exp_cost": 662, "f1-score": 0.9993512255980024, "falsepos": 0.05329960865328354, "fullscore": 0.07170370139703763, "index": 40.60030589478466, "je": 0.7149569261164204, "ke": 11822, "loss": 0.32373438994899617, "meanscore": 0.9902918229577963, "n_docs": 4884, "non_null": 0.041708776345344534, "precision": 0.6467404605601967, "prediction_time": 12.096412017901201, "pz": 3.2165443698832306, "recall": 0.9896780783077292, "size": 3638, "time": 2.1836206821021062, "we": 3.62825178548737, "weighted_avg": 2.8036544988215018, "yw": 2.860116852976064, "z8": 1.242432235501684}, "results": {"B7": 329, "HS": 137, "J6": 0.198133319952889, "K4": 3.189211689060579, "KL": 151, "V0": 0.8260729202093775, "accuracy": 0.6103369481838462, "auc": 0.9853381930976989, "avg_time": 3.169103004138598, "benchmark": 1.7835018251609627, "c0": 4644, "distinct": -89, "entropy": -0.4364846343403548, "errors": 205, "exp_cost": 24493, "f1-score": 0.8592005942231877, "falsepos": 0.046032609770555344, "fullscore": 0.3601231105422549, "index": 2.611030820161939, "je": 0.7590173566969954, "ke": 15.375369550414108, "loss": 0.003951375205183405, "meanscore": 0.8926386906134317, "n_docs": 62086, "non_null": 0.6932719584814633, "precision": 0.08154730261407905, "prediction_time": 5.054180879270882, "pz": 5.8832359022572565, "recall": 0.05787958114461561, "size": 1005148, "time": 0.9063793419009788, "we": -0.9940064917408479, "weighted_avg": 3.928777778771667, "yw": 0.123697686760741, "z8": 3881}, "train": {"B7": 0.9558742280505454, "HS": 350031, "K4": 4.783916076418491, "KL": 11.21862561147519, "KZ": 0.9080188399075916, "V0": 46, "accuracy": 0.9807526111598937, "auc": 0.9999998743050831, "benchmark": -0.049056940560505496, "c0": 0.8278394969511795, "distinct": 188, "entropy": -1.8472721623557393, "errors": 116, "exp_cost": 184951, "f1-score": 0.14806336551515825, "falsepos": 0.6127143552156789, "fullscore": 0.8539647042730599, "index": 4.913270801794921, "je": 0.1458034209985294, "ke": 0.50548363200069, "loss": 0.6887512936295872, "meanscore": 0.9996912953080611, "n_docs": 219403, "non_null": 0.2079903598982864, "precision": 0.6507451910703888, "prediction_time": 0.8636686065656556, "pz": 400, "recall": 0.9968395658250431, "size": 16169, "time": 14.9729483129969, "we": 5.39319488496307, "weighted_avg": 1.1287325190313744, "yw": 0.03939193075392278, "z8": 0.3093516667065749}, "train_full": {"B7": 333, "HS": 63044, "J6": 1.7902776978001027, "K4": 266, "KL": 0.03237941548361245, "KZ": 0.7514435139284887, "V0": -0.3218398858789793, "accuracy": 0.2263050434790027, "auc": 0.4390268563168749, "avg_time": 1.0624465194204715, "benchmark": 0.48728902922156514, "c0": 0.9124884618963772, "distinct": 172, "entropy": -1.040308141076512, "errors": -40, "exp_cost": 4588840, "f1-score": 0.9373293399238464, "falsepos": 0.204089283520563, "fullscore": 0.888161664622513, "index": 9.33498822694251, "je": 0.6960344608116602, "ke": 1718, "loss": 0.17568982071523154, "meanscore": 0.8868686755595406, "n_docs": 5171, "non_null": 7.90465920164074e-07, "precision": 0.9888980689103893, "prediction_time": 1.182944858267177, "pz": 0.08422197140319276, "recall": 0.9999883806919104, "size": 15951, "time": 1.1574356797333436, "we": 9.87961669219714, "weighted_avg": 2.176440670091931, "yw": 0.6582648856208909, "z8": 1.4644538212451879}}