{"branch": {"B7": 430, "HS": 0.9999999982902386, "J6": 477, "K4": 4.8130456787359, "KL": 436.71006155061394, "KZ": 0.9999999999999858, "V0": 0.9582744743663181, "accuracy": 0.9999999260770444, "auc": 0.9999882824375375, "avg_time": 284.7096901274736, "benchmark": 3.983194184748236, "c0": 0.9999999999999392, "distinct": 494, "entropy": 8.127988492650292, "errors": 179, "exp_cost": 13250952274, "f1-score": 0.9999999987773822, "falsepos": 3.1855237336841924e-09, "fullscore": 0.9999999999913829, "index": 1242.3766457880863, "je": 472, "ke": 0.9999999999969595, "loss": 8.01016561968737e-08, "meanscore": 0.9998773087068668, "n_docs": 52344, "non_null": 1.3192884007473538e-07, "precision": 1.0, "prediction_time": 67.34167626012378, "recall": 0.9999999833521416, "size": 1030028093625, "time": 446.97033126032846, "we": 8.615330671091215e-14, "weighted_avg": 8.814858020073192, "yw": 474.84094310716176, "z8": 6395.194790497573}, "classifier": {"B7": 540, "HS": 0.999997542711812, "J6": 244793860, "K4": 639, "KL": 6.281794270757146e-05, "KZ": 367.7336192378995, "V0": 366, "accuracy": 1.0, "auc": 0.9999792695321237, "avg_time": 489.74118333464787, "benchmark": 5.912438213389043, "c0": 7.966810060269839, "distinct": 441, "entropy": 6.279644460069993, "errors": 714, "exp_cost": 1134402843375, "f1-score": 0.9999838176973528, "falsepos": 5.865308239094702e-13, "fullscore": 0.9999870574774363, "index": 67.10516854590192, "je": 0.9999542761931216, "ke": 6.6472229288400575, "loss": 2.9174496193329347e-06, "meanscore": 0.9997279060031439, "n_docs": 941456, "non_null": 7.349748920582044e-09, "precision": 1.0, "prediction_time": 112.09957861977783, "pz": 10789669255, "recall": 0.9999994422754946, "size": 51869557, "time": 24.012920036481855, "weighted_avg": 3.940810638874088, "yw": 4.590061195630913, "z8": 0.000938892189075613}, "reports": {"B7": 510, "HS": 3650.9524588355075, "J6": 8.328232259047219e-06, "K4": 1535.9051532267947, "KL": 361.8678873619081, "KZ": 275, "V0": 568, "accuracy": 0.9967898935532113, "auc": 0.9999999992499732, "avg_time": 224.31398822783436, "benchmark": 4.692748066610458, "c0": 847.8905997644879, "entropy": 5.938245732926711, "errors": 825, "exp_cost": 1572240, "f1-score": 0.9999999999999998, "falsepos": 7.596323134961835e-07, "fullscore": 0.9969395644047687, "index": 1432.2569974413314, "je": 13.934081621680672, "ke": 121004485, "loss": 1.2147591830657944e-05, "meanscore": 0.9999999924888188, "n_docs": 12215278, "non_null": 4.801492536898877e-12, "precision": 0.9998376106743019, "prediction_time": 1936.7521509835638, "pz": 901.7902908911927, "recall": 0.9999999825829194, "size": 5136550380, "time": 372.71963664311477, "we": 9.12514918825882, "weighted_avg": 5.2627407680134475, "yw": 7.2214043088146544, "z8": 92.83542146721223}, "results": {"B7": 783, "HS": 180953, "J6": 6.608971890215006, "K4": 7.373922503585531, "KL": 627, "V0": 8.917913420058987e-06, "accuracy": 0.9999531218952338, "auc": 0.9999999999996229, "avg_time": 47.09655032642584, "benchmark": 5.282411110215743, "c0": 13480225, "distinct": 355, "entropy": 4.066955090622542, "errors": 610, "exp_cost": 114312545, "f1-score": 0.9999992327312666, "falsepos": 8.177998278569021e-10, "fullscore": 0.983617624820011, "index": 79.6832988168569, "je": 0.999999999993811, "ke": 675.8517924726966, "loss": 1.1102230246251565e-16, "meanscore": 0.9999999872021915, "n_docs": 116261804, "non_null": 4.215661353335065e-08, "precision": 0.996934929245126, "prediction_time": 217.09891143746057, "pz": 139.08800071146317, "recall": 0.9783858100933471, "size": 4890489128, "time": 68.26314334760174, "we": 3.6656576297976575, "weighted_avg": 8.137722113758178, "yw": 0.9224510665855401, "z8": 564679172}, "train": {"B7": 0.9999999999992867, "HS": 41172320059, "K4": 67.27553201402883, "KL": 1020.6533227504491, "KZ": 0.9999999269361244, "V0": 620, "accuracy": 0.999999999935238, "auc": 1.0, "benchmark": 4.857003126592007, "c0": 0.0017138231749209698, "distinct": 581, "entropy": 4.013139105920938, "errors": 401, "exp_cost": 3683394110, "f1-score": 0.9873957911635453, "falsepos": 0.00106973133925381, "fullscore": 0.9999991396182187, "index": 167.34067527440823, "je": 0.9999725100589786, "ke": 0.9999999896247753, "loss": 0.0002654374509963864, "meanscore": 0.999999999999999, "n_docs": 26925449709, "non_null": 3.4254507135234036e-06, "precision": 0.9999377081107651, "prediction_time": 32.879033110997284, "pz": 720, "recall": 0.999999999999887, "size": 231399906, "time": 369.99361766256567, "we": 877.9395382903089, "weighted_avg": 5.372148235548604, "yw": 2.3128094217561568e-07, "z8": 1.2676124602206684e-06}, "train_full": {"B7": 744, "HS": 17956493267, "J6": 35.82638500607548, "K4": 755, "KL": 2.220446049250313e-16, "KZ": 0.9999946436529605, "V0": 3.5791557044358755, "accuracy": 0.9701856951234853, "auc": 0.9999981385002703, "avg_time": 260.6113582338234, "benchmark": 4.893849264796204, "c0": 169.16936258075714, "distinct": 595, "entropy": 4.604685563304622, "errors": 403, "exp_cost": 53758971119, "f1-score": 0.9999999993374844, "falsepos": 1.4667577152849276e-09, "fullscore": 0.9999931223630607, "index": 666.8702211493928, "je": 7.3061435274413e-05, "ke": 1153107, "loss": 4.952748011710639e-08, "meanscore": 0.999999999999724, "n_docs": 12056514, "non_null": 0.0, "precision": 0.9999999998073263, "prediction_time": 43.326102604165804, "pz": 0.9961319442560055, "recall": 1.0, "size": 158942408, "time": 513.6089435999627, "we": 152.90068327702042, "weighted_avg": 7.215746600142107, "yw": 0.9999999964124558, "z8": 6.274187407108301}}