{"branch": {"B7": 82, "HS": 0.9574571586935339, "J6": 4, "K4": 0.9145481970414725, "KL": 3.3334447268704417, "KZ": 0.9219879453010438, "V0": 0.01601165083449929, "accuracy": 0.869577115136918, "auc": 0.44144077111341157, "avg_time": 4.821240393149131, "benchmark": -0.5104486963189749, "c0": 0.9986486451370173, "distinct": 136, "entropy": 3.643888201046959, "errors": -156, "exp_cost": 193243, "f1-score": 0.9451855954580974, "falsepos": 0.4162471775812969, "fullscore": 0.9438902623992005, "index": 5.4649575233931635, "je": 8, "ke": 0.9876001505527282, "loss": 0.45307464714703416, "meanscore": 0.00703660760769409, "n_docs": 26, "non_null": 0.532476505199795, "precision": 0.9999985473294775, "prediction_time": 4.120921742672335, "recall": 0.7974647867966056, "size": 745547, "time": 3.12686784067138, "we": 0.006650592123490173, "weighted_avg": 3.3846435976559257, "yw": 7.141012321401118, "z8": 21.78309810281626}, "classifier": {"B7": 156, "HS": 0.9636674506863127, "J6": 156230, "K4": 256, "KL": 0.49457073649857997, "KZ": 2.0927851493879284, "V0": 14, "accuracy": 0.9993958384792012, "auc": 0.11933676581964814, "avg_time": 13.429454846133082, "benchmark": 0.6939545581761103, "c0": 1.9053273516040719, "distinct": 136, "entropy": 1.1581882564588029, "errors": 237, "exp_cost": 216548367, "f1-score": 0.7309628427893119, "falsepos": 0.12417615819758376, "fullscore": 0.9057117975349855, "index": 3.1433256087925083, "je": 0.48514503600591263, "ke": 2.054059380994675, "loss": 0.10096383703892553, "meanscore": 0.03578379272775639, "n_docs": 460, "non_null": 0.09578563790535066, "precision": 0.9959347658617641, "prediction_time": 2.736222519030639, "pz": 863804, "recall": 0.6232082730149767, "size": 7340, "time": 1.7239633910415875, "weighted_avg": -0.6068200601526397, "yw": 0.5356704952361249, "z8": 0.8918026295583386}, "reports": {"B7": 48, "HS": 46.408043137202405, "J6": 0.029977748547602268, "K4": 38.63728101739235, "KL": 4.295771689209723, "KZ": -60, "V0": 85, "accuracy": 0.17187164444350078, "auc": 0.9433183609720179, "avg_time": 1.8221277941479006, "benchmark": -0.18411360674170413, "c0": 9.973869146196634, "entropy": 1.062868481377882, "errors": 281, "exp_cost": 674, "f1-score": 0.9993617182433848, "falsepos": 0.053572032216423704, "fullscore": 0.07074023479980018, "index": 41.02052958844042, "je": 0.7123243026570251, "ke": 11928, "loss": 0.32503835133789627, "meanscore": 0.9903415869041281, "n_docs": 4886, "non_null": 0.042666733544448165, "precision": 0.6464055117476124, "prediction_time": 12.10719081120224, "pz": 3.231627750673426, "recall": 0.9896353984982009, "size": 3587, "time": 2.1919211505945317, "we": 3.625161478149762, "weighted_avg": 2.8017456984207136, "yw": 2.8658107212275654, "z8": 1.247270567291361}, "results": {"B7": 328, "HS": 140, "J6": 0.19603773986642106, "K4": 3.175706667554666, "KL": 150, "V0": 0.8252780862083813, "accuracy": 0.6087102378376609, "auc": 0.9848966774075095, "avg_time": 3.1683605580705336, "benchmark": 1.7831610603945651, "c0": 4521, "distinct": -90, "entropy": -0.42679226237721024, "errors": 204, "exp_cost": 24270, "f1-score": 0.859176328382784, "falsepos": 0.04610868447149796, "fullscore": 0.3635685961130854, "index": 2.6220647759284694, "je": 0.7595869651577161, "ke": 15.321645475978718, "loss": 0.0038245148782177774, "meanscore": 0.8934183120924735, "n_docs": 62154, "non_null": 0.6926896414156415, "precision": 0.0814985464885516, "prediction_time": 5.089943225173804, "pz": 5.909762573201442, "recall": 0.056902124409266064, "size": 1008075, "time": 0.9033468008258982, "we": -0.992600200254044, "weighted_avg": 3.932242931338129, "yw": 0.12094028807792373, "z8": 3927}, "train": {"B7": 0.955601429461284, "HS": 342928, "K4": 4.83324815423293, "KL": 11.330579163004728, "KZ": 0.9077858223163735, "V0": 46, "accuracy": 0.9808753990567612, "auc": 0.9999998735555318, "benchmark": -0.05568759386852798, "c0": 0.8281019541234687, "distinct": 188, "entropy": -1.824395403443693, "errors": 117, "exp_cost": 186146, "f1-score": 0.14885801341954075, "falsepos": 0.6138553778858382, "fullscore": 0.856456268874337, "index": 4.9097257044105875, "je": 0.14422155319368035, "ke": 0.5070150662222869, "loss": 0.6930230325040151, "meanscore": 0.9996965279266309, "n_docs": 217557, "non_null": 0.2079796386936179, "precision": 0.6492727287939728, "prediction_time": 0.8633804094530485, "pz": 400, "recall": 0.9968103889743616, "size": 16246, "time": 15.049539885189743, "we": 5.367666261126255, "weighted_avg": 1.132842376590413, "yw": 0.039255999009556786, "z8": 0.3095442855231254}, "train_full": {"B7": 332, "HS": 64227, "J6": 1.7914488454732422, "K4": 267, "KL": 0.032018386321680636, "KZ": 0.7485433674779942, "V0": -0.317255147774912, "accuracy": 0.22825733233906942, "auc": 0.4431990219456681, "avg_time": 1.0665552809481784, "benchmark": 0.49837654903034845, "c0": 0.9170937223309443, "distinct": 174, "entropy": -1.0418112318076467, "errors": -41, "exp_cost": 4613162, "f1-score": 0.9361892141303153, "falsepos": 0.2007446854870406, "fullscore": 0.8890204306247821, "index": 9.351716579376244, "je": 0.6973120405395816, "ke": 1719, "loss": 0.17643270165581604, "meanscore": 0.8870037341804565, "n_docs": 5143, "non_null": 8.437227738689046e-07, "precision": 0.9889889458730303, "prediction_time": 1.1866601581038956, "pz": 0.08565870343705395, "recall": 0.9999886123949506, "size": 16027, "time": 1.151529964132145, "we": 9.89191226092721, "weighted_avg": 2.177870002075623, "yw": 0.6531641048249062, "z8": 1.4608913174355134}}