{"branch": {"B7": 401, "HS": 0.9999999935406152, "J6": 440, "K4": 4.661936298606796, "KL": 293.7825978956859, "KZ": 0.9999999999997339, "V0": 0.9275798631862853, "accuracy": 0.9999994671614449, "auc": 0.9999487830324769, "avg_time": 204.0904202771588, "benchmark": 3.722799630026452, "c0": 0.9999999999983764, "distinct": 471, "entropy": 7.882615888380542, "errors": 141, "exp_cost": 7012432833, "f1-score": 0.9999999921463194, "falsepos": 4.362677197278231e-08, "fullscore": 0.9999999998939496, "index": 730.6611961558308, "je": 436, "ke": 0.9999999999858146, "loss": 8.830460354047887e-07, "meanscore": 0.9995694712384067, "n_docs": 38620, "non_null": 1.1859274217096427e-06, "precision": 1.0, "prediction_time": 50.8947553971406, "recall": 0.9999998904165778, "size": 383672934783, "time": 315.6426942097777, "we": 1.1246559239452836e-12, "weighted_avg": 8.427026109046956, "yw": 371.0856455186881, "z8": 3634.491702945865}, "classifier": {"B7": 526, "HS": 0.9999938865393803, "J6": 119123950, "K4": 617, "KL": 0.00026865080692317633, "KZ": 237.59756925145248, "V0": 333, "accuracy": 0.9999999999999991, "auc": 0.9998914939986787, "avg_time": 322.3513650204504, "benchmark": 5.525533399390667, "c0": 7.571180935501824, "distinct": 413, "entropy": 5.792384847963818, "errors": 689, "exp_cost": 602525769247, "f1-score": 0.9999642269006952, "falsepos": 1.2671641513861687e-11, "fullscore": 0.9999645883583561, "index": 51.08027850093622, "je": 0.999795692098607, "ke": 6.303102217598901, "loss": 5.1978119693929514e-06, "meanscore": 0.9990324280510738, "n_docs": 526107, "non_null": 5.2850690046568616e-08, "precision": 0.9999999999999998, "prediction_time": 82.5469820078575, "pz": 4854646147, "recall": 0.9999955626786, "size": 28239192, "time": 21.886348258683956, "weighted_avg": 3.6766557825665327, "yw": 4.27915568685968, "z8": 0.003024906711825648}, "reports": {"B7": 471, "HS": 2431.196444092346, "J6": 2.2862341800156116e-05, "K4": 1141.0285961607624, "KL": 240.5198472220291, "KZ": 256, "V0": 540, "accuracy": 0.9930506934483633, "auc": 0.9999999880360899, "avg_time": 173.930548983933, "benchmark": 4.259099826772136, "c0": 602.3233656611714, "entropy": 5.644137948167924, "errors": 777, "exp_cost": 971085, "f1-score": 0.9999999999999963, "falsepos": 1.951944516798143e-06, "fullscore": 0.9936144008342942, "index": 1385.942231605617, "je": 10.64420519638697, "ke": 63046733, "loss": 2.6028058270233245e-05, "meanscore": 0.9999999777931381, "n_docs": 6469673, "non_null": 1.6501200406082717e-10, "precision": 0.9996356408700765, "prediction_time": 1334.8101865909164, "pz": 657.4375757649971, "recall": 0.9999999342024808, "size": 2029266258, "time": 252.1930679055934, "we": 8.816740940960367, "weighted_avg": 5.05145838891575, "yw": 6.812413588824475, "z8": 66.02962746056913}, "results": {"B7": 751, "HS": 109607, "J6": 6.079740991062582, "K4": 6.933349762028299, "KL": 590, "V0": 5.544377606547801e-05, "accuracy": 0.9998578849835038, "auc": 0.9999999999917101, "avg_time": 37.52341145521036, "benchmark": 4.9974978381426345, "c0": 7212452, "distinct": 336, "entropy": 3.6390500079700576, "errors": 586, "exp_cost": 48337894, "f1-score": 0.9999976512260362, "falsepos": 8.53451753712875e-09, "fullscore": 0.9709283895625189, "index": 65.76377720734096, "je": 0.999999999851358, "ke": 502.0857864395127, "loss": 1.2434497875801753e-14, "meanscore": 0.9999999050917807, "n_docs": 72153362, "non_null": 5.188183982429706e-07, "precision": 0.9873290870131158, "prediction_time": 154.65451850729957, "pz": 104.22235727737238, "recall": 0.9577790352335969, "size": 1767962493, "time": 51.52885774230151, "we": 3.3298603572588608, "weighted_avg": 7.718992227267805, "yw": 0.8914112371723852, "z8": 203166891}, "train": {"B7": 0.9999999999817648, "HS": 16714495518, "K4": 65.81071450864238, "KL": 710.647924434801, "KZ": 0.9999996781422293, "V0": 579, "accuracy": 0.9999999993982404, "auc": 1.0, "benchmark": 4.560994724250743, "c0": 0.0038356617740094023, "distinct": 536, "entropy": 3.5374641495855337, "errors": 384, "exp_cost": 1939637666, "f1-score": 0.9725479393748225, "falsepos": 0.0036008210831960374, "fullscore": 0.9999955312087576, "index": 131.8233334500978, "je": 0.9999388804850609, "ke": 0.999999916097851, "loss": 0.0009701641890510482, "meanscore": 0.9999999999999971, "n_docs": 13904926536, "non_null": 5.055011537247189e-06, "precision": 0.9998478116483132, "prediction_time": 25.09164673975368, "pz": 697, "recall": 0.9999999999986344, "size": 103334413, "time": 293.7808603749328, "we": 671.1004897076235, "weighted_avg": 5.061214428321746, "yw": 1.063078193364042e-06, "z8": 5.343823923142921e-06}, "train_full": {"B7": 712, "HS": 6882823785, "J6": 28.656072153463047, "K4": 708, "KL": 6.661338147750939e-15, "KZ": 0.9999743007764806, "V0": 3.2317257729867515, "accuracy": 0.962169465733079, "auc": 0.9999814581830004, "avg_time": 170.54184833627002, "benchmark": 4.65028611115912, "c0": 107.93426108881648, "distinct": 573, "entropy": 4.194746128021798, "errors": 382, "exp_cost": 24188068367, "f1-score": 0.9999999948144633, "falsepos": 1.47417158480323e-08, "fullscore": 0.9999780652498694, "index": 422.2425624424855, "je": 0.00037170475875425435, "ke": 624480, "loss": 4.160175575140812e-07, "meanscore": 0.9999999999922747, "n_docs": 7568811, "non_null": 0.0, "precision": 0.999999999356359, "prediction_time": 36.0505143065678, "pz": 0.9906446725630942, "recall": 1.0, "size": 84635513, "time": 344.07073158409713, "we": 127.34961955117411, "weighted_avg": 6.775601186633914, "yw": 0.9999999629295095, "z8": 5.971920148591691}}