{"branch": {"B7": 347, "HS": 0.9999991764300293, "J6": 356, "K4": 4.1416256112848995, "KL": 127.46108285455665, "KZ": 0.9999999997196414, "V0": 0.7613932463635836, "accuracy": 0.9999779549991111, "auc": 0.9986765627199505, "avg_time": 110.5586025448222, "benchmark": 3.2283272865344648, "c0": 0.9999999997213138, "distinct": 414, "entropy": 6.94906397703305, "errors": 101, "exp_cost": 1307916305, "f1-score": 0.9999994933131642, "falsepos": 4.224113355322245e-06, "fullscore": 0.9999999744299254, "index": 314.02517411178945, "je": 358, "ke": 0.9999999932345609, "loss": 6.840714497868827e-05, "meanscore": 0.9903024320113322, "n_docs": 7680, "non_null": 3.854579578654871e-05, "precision": 0.9999999999999984, "prediction_time": 31.244721436678258, "recall": 0.999993387770917, "size": 30010619186, "time": 143.78171367324316, "we": 3.170741447178216e-10, "weighted_avg": 7.420318516766967, "yw": 184.1351591593523, "z8": 1248.208377263402}, "classifier": {"B7": 455, "HS": 0.9999365860252845, "J6": 36674988, "K4": 563, "KL": 0.002360936798952662, "KZ": 99.88910193879595, "V0": 280, "accuracy": 0.9999999999995175, "auc": 0.9978969158060345, "avg_time": 175.45583943637035, "benchmark": 4.485063270234413, "c0": 6.516552874772135, "distinct": 363, "entropy": 4.9323271795346635, "errors": 596, "exp_cost": 166459539994, "f1-score": 0.9992455684372139, "falsepos": 9.467912009952784e-09, "fullscore": 0.9997547604513036, "index": 30.115853216201415, "je": 0.9989483612345609, "ke": 5.511576507334955, "loss": 8.347519436435746e-05, "meanscore": 0.9834677425304752, "n_docs": 145438, "non_null": 3.2594059937718356e-06, "precision": 0.9999999999993326, "prediction_time": 48.099719117460104, "pz": 1153922404, "recall": 0.999897539951353, "size": 7256987, "time": 11.983159771862605, "weighted_avg": 2.869992117616185, "yw": 3.647172385476708, "z8": 0.0175856298246998}, "reports": {"B7": 395, "HS": 1204.3350749575438, "J6": 0.00010511744129138023, "K4": 659.5258283059511, "KL": 129.7290293869549, "KZ": 199, "V0": 454, "accuracy": 0.9547502746681004, "auc": 0.9999995249713558, "avg_time": 66.28144397627449, "benchmark": 3.5571714655879507, "c0": 282.22989509348344, "entropy": 4.993766953334653, "errors": 679, "exp_cost": 206076, "f1-score": 0.9999999999968289, "falsepos": 3.330384536903708e-05, "fullscore": 0.962589796842783, "index": 695.3119215559467, "je": 6.09062387337375, "ke": 19644592, "loss": 0.000555763816952215, "meanscore": 0.9999983972143213, "n_docs": 1448963, "non_null": 1.2996413945032259e-08, "precision": 0.9973804828074382, "prediction_time": 489.36895167568554, "pz": 268.72002234179047, "recall": 0.9999979967408597, "size": 149528339, "time": 120.99098374568325, "we": 8.020567135992076, "weighted_avg": 4.65100059885258, "yw": 6.262717255086683, "z8": 33.05003595866128}, "results": {"B7": 665, "HS": 29239, "J6": 5.019059927119077, "K4": 6.292508660512578, "KL": 515, "V0": 0.001648429270046936, "accuracy": 0.9985663141996197, "auc": 0.9999999985369354, "avg_time": 29.479235881346426, "benchmark": 4.481746135766592, "c0": 3199680, "distinct": 243, "entropy": 2.888288683682517, "errors": 516, "exp_cost": 20384314, "f1-score": 0.999941987887956, "falsepos": 3.6146637161227346e-07, "fullscore": 0.9358893524446088, "index": 32.89057806998841, "je": 0.9999999021784924, "ke": 343.4498153724361, "loss": 8.583245225679548e-12, "meanscore": 0.9999945242741711, "n_docs": 20789236, "non_null": 4.116671228215907e-05, "precision": 0.9396920287362167, "prediction_time": 86.11853564410328, "pz": 66.61887520154941, "recall": 0.8983067240764471, "size": 475773023, "time": 23.120455131358536, "we": 2.5335509806249985, "weighted_avg": 6.989775321260221, "yw": 0.7956934646121422, "z8": 19181888}, "train": {"B7": 0.9999999826687812, "HS": 2800531599, "K4": 35.80611035717335, "KL": 325.8512512372569, "KZ": 0.9999905571017629, "V0": 485, "accuracy": 0.9999999171933589, "auc": 1.0, "benchmark": 3.641553507409647, "c0": 0.02417755653158693, "distinct": 455, "entropy": 2.5104087903641226, "errors": 335, "exp_cost": 509880882, "f1-score": 0.9265100296237051, "falsepos": 0.009954874915186096, "fullscore": 0.9999688017461988, "index": 72.08596774160453, "je": 0.9980712101563118, "ke": 0.9999905074230045, "loss": 0.00500319796726989, "meanscore": 0.9999999999996743, "n_docs": 1796490458, "non_null": 0.0001337535953910285, "precision": 0.9987503035370564, "prediction_time": 15.96398925174089, "pz": 626, "recall": 0.9999999999257286, "size": 13735674, "time": 165.20662368044347, "we": 241.50016965298417, "weighted_avg": 4.392359751715583, "yw": 1.7176755087278117e-05, "z8": 0.00016173702230048992}, "train_full": {"B7": 642, "HS": 1100583545, "J6": 16.40080576612495, "K4": 620, "KL": 1.577171726552251e-11, "KZ": 0.9995803124479511, "V0": 2.6049392650402226, "accuracy": 0.9111402944190048, "auc": 0.9995346536734173, "avg_time": 68.77635917832644, "benchmark": 3.820202006698231, "c0": 52.25568845165912, "distinct": 503, "entropy": 3.1573817503120982, "errors": 316, "exp_cost": 8413792365, "f1-score": 0.9999989599356763, "falsepos": 8.719240129906325e-07, "fullscore": 0.9998090187694946, "index": 213.316027948556, "je": 0.0038836050747038664, "ke": 261379, "loss": 1.6253254061071587e-05, "meanscore": 0.999999995333342, "n_docs": 2510778, "non_null": 1.1102230246251565e-16, "precision": 0.9999999682930837, "prediction_time": 19.58288747675122, "pz": 0.9472865403528956, "recall": 1.0, "size": 13901969, "time": 115.87294123784991, "we": 88.48528627755968, "weighted_avg": 5.826075926002684, "yw": 0.9999929184437659, "z8": 5.143126420810113}}