{"branch": {"B7": 82, "HS": 0.9564558178794553, "J6": 6, "K4": 0.945549903553056, "KL": 3.3294918703118217, "KZ": 0.9218548426203288, "V0": 0.016032357963298438, "accuracy": 0.8711758907680593, "auc": 0.4393561824167248, "avg_time": 4.808235724396995, "benchmark": -0.5349243635245431, "c0": 0.9986074564904063, "distinct": 137, "entropy": 3.6343880585298054, "errors": -157, "exp_cost": 201671, "f1-score": 0.9458393303686901, "falsepos": 0.4302728826617067, "fullscore": 0.9424437199863946, "index": 5.459829944917706, "je": 8, "ke": 0.9877263412481513, "loss": 0.45638005443623786, "meanscore": 0.007069782431517846, "n_docs": 25, "non_null": 0.5368924574044583, "precision": 0.9999986645613657, "prediction_time": 4.146326619013878, "recall": 0.7969581617694458, "size": 708085, "time": 3.081433578373654, "we": 0.006843610861900107, "weighted_avg": 3.384539484537149, "yw": 7.161150149088612, "z8": 21.589425357784684}, "classifier": {"B7": 156, "HS": 0.9636266808880121, "J6": 155380, "K4": 254, "KL": 0.48922200552121486, "KZ": 2.0606411520397336, "V0": 15, "accuracy": 0.99939099776524, "auc": 0.11976516016342742, "avg_time": 13.389014998685639, "benchmark": 0.7113422971187421, "c0": 1.926738534597641, "distinct": 136, "entropy": 1.1450965763697467, "errors": 236, "exp_cost": 212752922, "f1-score": 0.7307687857357791, "falsepos": 0.12367794485932548, "fullscore": 0.9074476518841718, "index": 3.119032077345182, "je": 0.4942991164287254, "ke": 2.053934596016495, "loss": 0.10514994145895495, "meanscore": 0.036794155797083894, "n_docs": 425, "non_null": 0.09755616492815622, "precision": 0.9956990594048754, "prediction_time": 2.7718509107856697, "pz": 865317, "recall": 0.6328651547689931, "size": 7323, "time": 1.748581524371441, "weighted_avg": -0.6226616209189049, "yw": 0.5594547385334662, "z8": 0.891313943768431}, "reports": {"B7": 47, "HS": 47.06762235204847, "J6": 0.03018551172396322, "K4": 38.90810233972769, "KL": 4.3623883025466075, "KZ": -60, "V0": 85, "accuracy": 0.1726664877279217, "auc": 0.943175452840538, "avg_time": 1.7911760086874955, "benchmark": -0.19883558044038513, "c0": 9.926317017282773, "entropy": 1.0542098498480261, "errors": 282, "exp_cost": 674, "f1-score": 0.9993238219097418, "falsepos": 0.05355524241940679, "fullscore": 0.0731824720439595, "index": 40.89143894476006, "je": 0.7165021047488365, "ke": 12122, "loss": 0.32565364638628425, "meanscore": 0.9905402791999894, "n_docs": 4877, "non_null": 0.04217275694866662, "precision": 0.6430787829745431, "prediction_time": 12.040959992233322, "pz": 3.315232176763886, "recall": 0.9895350080227323, "size": 3623, "time": 2.1927411097644236, "we": 3.6375788314621134, "weighted_avg": 2.796425224036741, "yw": 2.8585974830900143, "z8": 1.238691475311657}, "results": {"B7": 329, "HS": 135, "J6": 0.21371494019464568, "K4": 3.2076931656920533, "KL": 150, "V0": 0.8264118551070709, "accuracy": 0.6060409619156751, "auc": 0.9858852143776278, "avg_time": 3.0984289719586093, "benchmark": 1.7898390341000674, "c0": 4740, "distinct": -88, "entropy": -0.44897877505640427, "errors": 205, "exp_cost": 24526, "f1-score": 0.8580339744416392, "falsepos": 0.046422893510531416, "fullscore": 0.3600710248462248, "index": 2.579572487499968, "je": 0.7600627677775651, "ke": 15.272041310477965, "loss": 0.003807223295420825, "meanscore": 0.8893942088140248, "n_docs": 62110, "non_null": 0.6918468979412168, "precision": 0.07993890073306748, "prediction_time": 5.087553085216102, "pz": 5.9243215727245895, "recall": 0.05842537341724413, "size": 1014484, "time": 0.8988239489990418, "we": -0.9823621260507537, "weighted_avg": 3.9303097793646815, "yw": 0.12288122941917884, "z8": 3848}, "train": {"B7": 0.9572886044135871, "HS": 358283, "K4": 4.8328628428951825, "KL": 11.016437229272013, "KZ": 0.9095851617923134, "V0": 47, "accuracy": 0.9817555591469289, "auc": 0.9999998748240907, "benchmark": -0.05571880394493192, "c0": 0.8299420037299027, "distinct": 187, "entropy": -1.8447546164156798, "errors": 115, "exp_cost": 183230, "f1-score": 0.1501169359921838, "falsepos": 0.6107291617846524, "fullscore": 0.8549598355564456, "index": 4.952759837206034, "je": 0.14585425034725774, "ke": 0.5068243525840106, "loss": 0.6890942463564205, "meanscore": 0.9996726333655288, "n_docs": 221293, "non_null": 0.20977089556718942, "precision": 0.6486610844910266, "prediction_time": 0.8555141095164694, "pz": 400, "recall": 0.9968875932327124, "size": 16262, "time": 15.185738964155309, "we": 5.494819462740662, "weighted_avg": 1.1301450622695632, "yw": 0.03891892867292612, "z8": 0.30824262127558166}, "train_full": {"B7": 331, "HS": 61456, "J6": 1.8396632346563644, "K4": 266, "KL": 0.03239408133133892, "KZ": 0.748190392121479, "V0": -0.31541448896755037, "accuracy": 0.22878125714700914, "auc": 0.442199788311195, "avg_time": 1.0600648300564002, "benchmark": 0.5081025202723289, "c0": 0.913044405866188, "distinct": 171, "entropy": -1.0435224824873572, "errors": -41, "exp_cost": 4677740, "f1-score": 0.9362085100251001, "falsepos": 0.20506188998440722, "fullscore": 0.8879443240624871, "index": 9.260594391531916, "je": 0.693069508001008, "ke": 1720, "loss": 0.1732906669821902, "meanscore": 0.8870178498374777, "n_docs": 5387, "non_null": 8.095736719893054e-07, "precision": 0.9888274766562934, "prediction_time": 1.1564530235496309, "pz": 0.0789783809463584, "recall": 0.9999879918706965, "size": 16512, "time": 1.1629027530267275, "we": 10.028199454768586, "weighted_avg": 2.201251890543302, "yw": 0.659539270231094, "z8": 1.4417213885513802}}