{"branch": {"B7": 56, "HS": 0.9255839934120429, "J6": -24, "K4": 0.6210056098703876, "KL": 2.736868458866429, "KZ": 0.8616881390121884, "V0": 0.008691117715063701, "accuracy": 0.8660287554308644, "auc": 0.3632966894543862, "avg_time": 4.0981222972310505, "benchmark": -0.7342855851979206, "c0": 0.9973692814000772, "distinct": 108, "entropy": 3.494301671931487, "errors": -184, "exp_cost": 104520, "f1-score": 0.9019111873763255, "falsepos": 0.565043800485101, "fullscore": 0.9235253604901177, "index": 3.7327467424933065, "je": -16, "ke": 0.9742595879429998, "loss": 0.5392682796831996, "meanscore": 0.0022936545075126213, "n_docs": 18, "non_null": 0.6586542893346464, "precision": 0.9999945392780694, "prediction_time": 2.876733539141026, "recall": 0.6844217427374942, "size": 396729, "time": 1.986560807148057, "we": 0.012527143433178844, "weighted_avg": 2.984767678191843, "yw": 5.321296757170952, "z8": 18.93205681990349}, "classifier": {"B7": 140, "HS": 0.9407328525792267, "J6": 102427, "K4": 228, "KL": 0.5797103390551919, "KZ": 1.4450426837822252, "V0": 3, "accuracy": 0.9984918406523727, "auc": 0.06977615952811944, "avg_time": 12.231896780298232, "benchmark": 0.47475837609989047, "c0": 1.5644621585922052, "distinct": 114, "entropy": 0.9153131173429574, "errors": 207, "exp_cost": 96997068, "f1-score": 0.6352431270842279, "falsepos": 0.24253906895918287, "fullscore": 0.8783316169715518, "index": 3.0803455682901286, "je": 0.37823668512164804, "ke": 1.8567645554222298, "loss": 0.20381095739766852, "meanscore": 0.016434427812690444, "n_docs": 332, "non_null": 0.1663946777508234, "precision": 0.9865713474725901, "prediction_time": 2.497573995592101, "pz": 358350, "recall": 0.45896332863763334, "size": 2989, "time": 1.7487940724048223, "weighted_avg": -0.5202081015231553, "yw": 0.2004373560167212, "z8": 0.9317631648899021}, "reports": {"B7": 12, "HS": 30.089262999742594, "J6": 0.05143239717335568, "K4": 32.25233867680018, "KL": 2.987439864312324, "KZ": -78, "V0": 69, "accuracy": 0.1313160519661194, "auc": 0.9111854069306167, "avg_time": 1.5112675598723753, "benchmark": -0.5395197814285233, "c0": 8.31586386035455, "entropy": 1.1107705860576884, "errors": 251, "exp_cost": 664, "f1-score": 0.998471776146495, "falsepos": 0.05309829134009125, "fullscore": 0.054074848824063826, "index": 27.6572423918895, "je": 0.6511395044443847, "ke": 6550, "loss": 0.4136419672227336, "meanscore": 0.9890880373295274, "n_docs": 3157, "non_null": 0.08432613977589831, "precision": 0.49721053196897447, "prediction_time": 9.407224227947525, "pz": 2.3286438422424443, "recall": 0.9851121587801306, "size": 1912, "time": 1.5192831201745576, "we": 3.44145113399216, "weighted_avg": 2.462461320438303, "yw": 2.670405077871327, "z8": 1.0176308778899061}, "results": {"B7": 287, "HS": 90, "J6": -0.019566040501426435, "K4": 3.0068663819123733, "KL": 119, "V0": 0.9062237392160353, "accuracy": 0.5400080412058287, "auc": 0.959447938217732, "avg_time": 2.5652715325458946, "benchmark": 1.6762645213586573, "c0": 3297, "distinct": -94, "entropy": -0.6869330813644142, "errors": 174, "exp_cost": 15461, "f1-score": 0.7663627926430293, "falsepos": 0.07431963712658762, "fullscore": 0.3149426119294988, "index": 2.1763487227074014, "je": 0.6419341955139749, "ke": 11.897247034145398, "loss": 0.01524705070176835, "meanscore": 0.8518899969858496, "n_docs": 37557, "non_null": 0.8180501838158912, "precision": 0.05847221148380416, "prediction_time": 3.7228913949124585, "pz": 4.241276649804909, "recall": 0.021607010773406543, "size": 882874, "time": 0.6973754931788506, "we": -1.1736493381754836, "weighted_avg": 3.563976687211838, "yw": 0.1257209763820627, "z8": 1727}, "train": {"B7": 0.9179792498274979, "HS": 170114, "K4": 3.774550210909078, "KL": 8.819555506244663, "KZ": 0.869775678784658, "V0": 3, "accuracy": 0.956293340428791, "auc": 0.9999994223147917, "benchmark": -0.21248790562051822, "c0": 0.9137512687469895, "distinct": 133, "entropy": -2.162128036442223, "errors": 98, "exp_cost": 92048, "f1-score": 0.10689842373002356, "falsepos": 0.6764449149768855, "fullscore": 0.745870702692854, "index": 4.713646043323133, "je": 0.13497000493574796, "ke": 0.3017318258416034, "loss": 0.7660795148764759, "meanscore": 0.9995287136544388, "n_docs": 57863, "non_null": 0.33152953202363145, "precision": 0.5366470082219511, "prediction_time": 0.6470779768130326, "pz": 367, "recall": 0.9931956168382834, "size": 9489, "time": 10.506339631109961, "we": 4.693627788073872, "weighted_avg": 0.969758168158956, "yw": 0.04105868525404399, "z8": 0.333912494670489}, "train_full": {"B7": 299, "HS": 23808, "J6": 1.5375746125318117, "K4": 214, "KL": 0.07893089791369434, "KZ": 0.7617582404467582, "V0": -0.6364322930763158, "accuracy": 0.1308044867250575, "auc": 0.2863187459722759, "avg_time": 0.8453145213710016, "benchmark": 0.3602932670634243, "c0": 0.6142541238215949, "distinct": 159, "entropy": -1.35552541406116, "errors": -83, "exp_cost": 2702071, "f1-score": 0.9027980954507435, "falsepos": 0.2945730657774136, "fullscore": 0.7705870448273391, "index": 7.722876960563371, "je": 0.7758097611854868, "ke": 883, "loss": 0.21622967642329982, "meanscore": 0.8052182151387517, "n_docs": 3475, "non_null": 4.086542342518484e-06, "precision": 0.9813325416706574, "prediction_time": 0.8325152935950153, "pz": 0.07202994965410214, "recall": 0.9999660028704414, "size": 10821, "time": 0.8306810249033856, "we": 7.885879101490113, "weighted_avg": 1.859430977445709, "yw": 0.527139529203213, "z8": 1.3081498330145518}}