{"branch": {"B7": 424, "HS": 0.9999999967755682, "J6": 465, "K4": 4.767907213158133, "KL": 382.90377755823727, "KZ": 0.9999999999999432, "V0": 0.9468729854489246, "accuracy": 0.9999998288457354, "auc": 0.9999765165458459, "avg_time": 257.19034215086674, "benchmark": 4.077980602912611, "c0": 0.9999999999998777, "distinct": 500, "entropy": 7.917772446347153, "errors": 165, "exp_cost": 14159180349, "f1-score": 0.9999999966516508, "falsepos": 1.1038029268384264e-08, "fullscore": 0.99999999998429, "index": 1090.6830065791921, "je": 459, "ke": 0.9999999999962562, "loss": 1.4154392380394398e-07, "meanscore": 0.9998066489149655, "n_docs": 47707, "non_null": 3.2066117072737654e-07, "precision": 1.0, "prediction_time": 61.38097677932117, "recall": 0.9999999382147018, "size": 840549797571, "time": 426.70120405620156, "we": 2.424727085781342e-13, "weighted_avg": 8.657427761103326, "yw": 475.8391092230707, "z8": 5576.034601129257}, "classifier": {"B7": 541, "HS": 0.9999978061215321, "J6": 283672055, "K4": 631, "KL": 0.00011298149715499584, "KZ": 310.14178844364943, "V0": 356, "accuracy": 0.9999999999999998, "auc": 0.9999662561576964, "avg_time": 476.02724859845773, "benchmark": 5.626291240288272, "c0": 7.783370917267708, "distinct": 437, "entropy": 6.144029802102193, "errors": 709, "exp_cost": 932956487375, "f1-score": 0.9999721192404719, "falsepos": 1.6791013024430868e-12, "fullscore": 0.999990802770293, "index": 60.62748246839574, "je": 0.9999351768826255, "ke": 6.641312046671663, "loss": 5.3133936119831304e-06, "meanscore": 0.9996237341086374, "n_docs": 802669, "non_null": 4.764249528221853e-08, "precision": 1.0, "prediction_time": 96.92460559110324, "pz": 9914192735, "recall": 0.9999991626133444, "size": 44906406, "time": 24.131520396996144, "weighted_avg": 3.9937416346763897, "yw": 4.476528037011361, "z8": 0.001406580819980685}, "reports": {"B7": 507, "HS": 3362.7476666565644, "J6": 9.641537484061935e-06, "K4": 1346.3926449153323, "KL": 328.56729562693073, "KZ": 270, "V0": 550, "accuracy": 0.9967239280418366, "auc": 0.9999999972570359, "avg_time": 208.5842471935269, "benchmark": 4.680684895375998, "c0": 755.1084967937725, "entropy": 5.9722138561074685, "errors": 803, "exp_cost": 1464965, "f1-score": 0.9999999999999996, "falsepos": 8.493225194250442e-07, "fullscore": 0.9965725881548397, "index": 1530.3383952725633, "je": 13.875794862028501, "ke": 76377067, "loss": 1.0339151898852705e-05, "meanscore": 0.9999999826512292, "n_docs": 9032220, "non_null": 1.0295431174256464e-11, "precision": 0.9998162819948685, "prediction_time": 1855.3701880521683, "pz": 896.0738507163508, "recall": 0.9999999739049599, "size": 2997650429, "time": 353.8476162214892, "we": 9.073670309259862, "weighted_avg": 5.166331553640421, "yw": 7.079108902855546, "z8": 85.21190391030606}, "results": {"B7": 766, "HS": 125877, "J6": 6.396379540631346, "K4": 7.301945902301023, "KL": 613, "V0": 1.9144421022909697e-05, "accuracy": 0.999935877868444, "auc": 0.9999999999993818, "avg_time": 48.51618079040752, "benchmark": 5.127368844533328, "c0": 10620633, "distinct": 356, "entropy": 4.0691177770757605, "errors": 594, "exp_cost": 75758057, "f1-score": 0.9999992319725938, "falsepos": 1.444661168470418e-09, "fullscore": 0.9836887246613608, "index": 75.39070961552335, "je": 0.9999999999806419, "ke": 718.9239905637103, "loss": 7.771561172376096e-16, "meanscore": 0.9999999824190047, "n_docs": 69940108, "non_null": 1.9711620191653623e-07, "precision": 0.9946807219083549, "prediction_time": 212.916300140551, "pz": 139.1545828478627, "recall": 0.9740412404219628, "size": 6322827783, "time": 72.13146992927368, "we": 3.6562464509873607, "weighted_avg": 8.012359929003757, "yw": 0.9127184291403125, "z8": 327235831}, "train": {"B7": 0.99999999999494, "HS": 33352145466, "K4": 72.61390513161993, "KL": 974.6915296942085, "KZ": 0.9999998521266324, "V0": 612, "accuracy": 0.9999999999248826, "auc": 1.0, "benchmark": 4.792871738715618, "c0": 0.003162348238098467, "distinct": 572, "entropy": 3.7812858055599317, "errors": 383, "exp_cost": 3798385058, "f1-score": 0.9827855264328451, "falsepos": 0.0010913517235842107, "fullscore": 0.9999994094879368, "index": 171.84179669949322, "je": 0.9999519607210525, "ke": 0.9999999777880711, "loss": 0.0006294748422697172, "meanscore": 0.9999999999999989, "n_docs": 21691562441, "non_null": 2.8832195164696373e-06, "precision": 0.9998945740229633, "prediction_time": 29.721946374090074, "pz": 718, "recall": 0.9999999999998719, "size": 169474795, "time": 345.9841664570368, "we": 758.8000236882457, "weighted_avg": 5.233423795819503, "yw": 3.932875981549344e-07, "z8": 2.6513417549223206e-06}, "train_full": {"B7": 728, "HS": 17577755227, "J6": 31.43970779925996, "K4": 733, "KL": 4.440892098500626e-16, "KZ": 0.9999854371038965, "V0": 3.553562131565904, "accuracy": 0.9640451354915377, "auc": 0.9999958004754231, "avg_time": 235.71413139038052, "benchmark": 4.940565279525754, "c0": 151.32136532131858, "distinct": 567, "entropy": 4.670793051703612, "errors": 401, "exp_cost": 56061033525, "f1-score": 0.9999999970066347, "falsepos": 5.070928121853058e-09, "fullscore": 0.9999896610899663, "index": 581.3376801773863, "je": 0.0001837129848739627, "ke": 832837, "loss": 7.364345933069671e-08, "meanscore": 0.9999999999991632, "n_docs": 9827938, "non_null": 0.0, "precision": 0.9999999989740866, "prediction_time": 40.73208571583156, "pz": 0.9948923317367637, "recall": 1.0, "size": 115146650, "time": 467.3200410340812, "we": 143.91086634401427, "weighted_avg": 7.08912405382393, "yw": 0.9999999924215912, "z8": 6.192705782455198}}