{"branch": {"B7": 232, "HS": 0.9997472436571482, "J6": 207, "K4": 2.718621849616402, "KL": 27.90721842334015, "KZ": 0.9999851904777882, "V0": 0.30160289180233196, "accuracy": 0.9975740174809176, "auc": 0.957608522440361, "avg_time": 33.2331700114008, "benchmark": 1.668114705726616, "c0": 0.9999997181883966, "distinct": 295, "entropy": 5.512225308983896, "errors": -8, "exp_cost": 40237208, "f1-score": 0.9997701552719133, "falsepos": 0.00378643581162863, "fullscore": 0.9999489640434576, "index": 57.147592352726214, "je": 217, "ke": 0.9999904544816312, "loss": 0.010443360230711463, "meanscore": 0.6289566239319004, "n_docs": 706, "non_null": 0.0126053773140129, "precision": 0.9999999999834437, "prediction_time": 15.151077158234404, "recall": 0.9976088273995041, "size": 368718007, "time": 29.33425244393788, "we": 1.236193531317653e-06, "weighted_avg": 5.697183292842499, "yw": 42.21919324432268, "z8": 253.06125459426025}, "classifier": {"B7": 340, "HS": 0.99879124498984, "J6": 4184683, "K4": 444, "KL": 0.049007722346237736, "KZ": 21.11321797801956, "V0": 176, "accuracy": 0.9999999903025187, "auc": 0.8601098027499001, "avg_time": 61.75735334258028, "benchmark": 2.899774840795422, "c0": 4.528992657608593, "distinct": 270, "entropy": 3.3389606261096754, "errors": 440, "exp_cost": 10169913376, "f1-score": 0.9879140166328394, "falsepos": 8.745424582756733e-05, "fullscore": 0.994410862407912, "index": 11.727800506360314, "je": 0.9636587226092321, "ke": 4.083088930006693, "loss": 0.0024265392208056014, "meanscore": 0.6964620688654488, "n_docs": 14095, "non_null": 0.0005598431117096458, "precision": 0.9999999083786839, "prediction_time": 15.652927570049426, "pz": 56300693, "recall": 0.9912792055141945, "size": 398440, "time": 5.315275263885113, "weighted_avg": 1.4851351921795086, "yw": 2.362973438150505, "z8": 0.26729152275058454}, "reports": {"B7": 258, "HS": 326.344934265517, "J6": 0.0012881937172257718, "K4": 194.69458195158424, "KL": 33.0907137831611, "KZ": 85, "V0": 291, "accuracy": 0.7114000927282901, "auc": 0.9998509864664814, "avg_time": 16.010629419456976, "benchmark": 1.9616987896805549, "c0": 69.11966352182199, "entropy": 3.3224890690943143, "errors": 509, "exp_cost": 17096, "f1-score": 0.9999999529356876, "falsepos": 0.001413405410280677, "fullscore": 0.6821732164226606, "index": 175.20103726902673, "je": 2.5259617751945282, "ke": 1023716, "loss": 0.020964566981031663, "meanscore": 0.9998981647541599, "n_docs": 129186, "non_null": 4.150677545999848e-05, "precision": 0.9619846429453673, "prediction_time": 106.67722068828101, "pz": 41.08385516476027, "recall": 0.9998874549921755, "size": 2039726, "time": 21.360424821894913, "we": 6.223959571906502, "weighted_avg": 3.876160043972338, "yw": 4.812845467873228, "z8": 8.892547736726769}, "results": {"B7": 524, "HS": 3345, "J6": 3.045025095178461, "K4": 4.972079213659277, "KL": 360, "V0": 0.08645621427393169, "accuracy": 0.9672061442491323, "auc": 0.9999955712473338, "avg_time": 12.636943504203476, "benchmark": 3.4426871937295314, "c0": 217841, "distinct": 98, "entropy": 1.4684316346886666, "errors": 387, "exp_cost": 1104836, "f1-score": 0.9961087358634548, "falsepos": 0.00016671665508416478, "fullscore": 0.7375604096225861, "index": 10.465724976170804, "je": 0.999585890759185, "ke": 95.99244437145673, "loss": 3.161932533579659e-07, "meanscore": 0.998610800413155, "n_docs": 1403703, "non_null": 0.020919741841983086, "precision": 0.6719590607496372, "prediction_time": 23.935047760705935, "pz": 22.495747528676283, "recall": 0.5050799825100352, "size": 35580392, "time": 5.539272286100582, "we": 0.9962263980516437, "weighted_avg": 5.64958181414321, "yw": 0.48387051843115936, "z8": 697854}, "train": {"B7": 0.999972772938909, "HS": 58594262, "K4": 14.664203206440208, "KL": 82.25150974740613, "KZ": 0.9985907090278259, "V0": 305, "accuracy": 0.9999698168013156, "auc": 0.9999999999997815, "benchmark": 2.093769357283542, "c0": 0.22723678503950961, "distinct": 351, "entropy": 0.7936567016634457, "errors": 241, "exp_cost": 13699975, "f1-score": 0.7136492561131209, "falsepos": 0.11785679078456823, "fullscore": 0.9979762333668092, "index": 22.35827364722113, "je": 0.8607373412118454, "ke": 0.9946466655135326, "loss": 0.09112414169548633, "meanscore": 0.9999999810743847, "n_docs": 34298998, "non_null": 0.00858320761905329, "precision": 0.9674913734972284, "prediction_time": 5.114686630535311, "pz": 532, "recall": 0.9999994848196664, "size": 838871, "time": 62.10996217516227, "we": 44.6962882008293, "weighted_avg": 2.9409562311634216, "yw": 0.0009533693281936761, "z8": 0.014668346003694932}, "train_full": {"B7": 518, "HS": 19872479, "J6": 7.0867177020377135, "K4": 467, "KL": 2.029825147187303e-06, "KZ": 0.9840140994119511, "V0": 1.3377023273737931, "accuracy": 0.6920612395705865, "auc": 0.970012951181364, "avg_time": 12.238207465172573, "benchmark": 2.359802253695524, "c0": 9.934194549991677, "distinct": 353, "entropy": 1.509934868831817, "errors": 174, "exp_cost": 297578863, "f1-score": 0.9997523337260439, "falsepos": 0.0008025966939890772, "fullscore": 0.9965110799490697, "index": 61.35201063722507, "je": 0.08734321517152677, "ke": 33157, "loss": 0.0020477145111131856, "meanscore": 0.9999333100022524, "n_docs": 192093, "non_null": 4.3046677333791195e-12, "precision": 0.9999826750044686, "prediction_time": 5.993172132097917, "pz": 0.6495217417172119, "recall": 0.9999999999760619, "size": 711313, "time": 16.165655447393085, "we": 36.19747903358862, "weighted_avg": 4.2740865705147755, "yw": 0.997042033375039, "z8": 3.608021550869857}}