{"branch": {"B7": 482, "HS": 0.9999999999926995, "J6": 548, "K4": 5.604848510444294, "KL": 986.1258610821865, "KZ": 1.0, "V0": 0.9924267123760164, "accuracy": 0.9999999992890367, "auc": 0.9999994301486825, "avg_time": 623.6473091867983, "benchmark": 4.728248934656552, "c0": 0.9999999999999997, "distinct": 571, "entropy": 8.93109545373339, "errors": 233, "exp_cost": 100537429878, "f1-score": 0.9999999999889302, "falsepos": 6.806333274766985e-12, "fullscore": 0.9999999999999881, "index": 2993.233830961476, "je": 536, "ke": 0.9999999999999973, "loss": 7.948650626588005e-10, "meanscore": 0.9999994574345215, "n_docs": 321955, "non_null": 1.131070126447753e-09, "precision": 1.0, "prediction_time": 94.5158139603344, "recall": 0.999999999783874, "size": 11817435763291, "time": 926.5183444089439, "we": 1.1102230246251565e-16, "weighted_avg": 9.808868544420118, "yw": 1028.1792132869743, "z8": 14733.21421380754}, "classifier": {"B7": 618, "HS": 0.9999997496073585, "J6": 654207509, "K4": 704, "KL": 3.9980902888370196e-06, "KZ": 864.656011386507, "V0": 424, "accuracy": 1.0, "auc": 0.9999995644932502, "avg_time": 750.8919038783167, "benchmark": 6.735897308084066, "c0": 8.939639584160968, "distinct": 487, "entropy": 7.019015091855645, "errors": 803, "exp_cost": 3770819937980, "f1-score": 0.9999989491258331, "falsepos": 2.220446049250313e-16, "fullscore": 0.9999996237504364, "index": 112.73270199155367, "je": 0.999998564095192, "ke": 7.46064490877012, "loss": 1.679580605706832e-07, "meanscore": 0.9999952278383493, "n_docs": 3666273, "non_null": 1.91509030855741e-10, "precision": 1.0, "prediction_time": 196.39556802402964, "pz": 54683585729, "recall": 0.9999999761699868, "size": 289666886, "time": 41.5305371416715, "weighted_avg": 4.78914620300516, "yw": 5.292252849176678, "z8": 5.836280376825265e-05}, "reports": {"B7": 590, "HS": 6920.429953602298, "J6": 1.523837256045546e-06, "K4": 2763.5611523199136, "KL": 827.5344469635386, "KZ": 344, "V0": 670, "accuracy": 0.999748870190345, "auc": 0.9999999999928175, "avg_time": 572.3493030386682, "benchmark": 5.504151124086075, "c0": 1836.0627127604396, "entropy": 6.908168030310425, "errors": 905, "exp_cost": 5345774, "f1-score": 1.0, "falsepos": 2.8340460755948982e-08, "fullscore": 0.9997903367297892, "index": 2880.2547945998626, "je": 23.411983247311547, "ke": 964248123, "loss": 2.69116576800954e-07, "meanscore": 0.9999999999303637, "n_docs": 40860369, "non_null": 2.19824158875781e-14, "precision": 0.9999838515550469, "prediction_time": 5140.683439657609, "pz": 2476.3198642482075, "recall": 0.9999999988269419, "size": 62022856439, "time": 935.2298329981141, "we": 10.017752721530549, "weighted_avg": 5.7043935843471605, "yw": 8.089116878428571, "z8": 206.52369973578885}, "results": {"B7": 872, "HS": 590680, "J6": 7.568517123526883, "K4": 8.075686656046301, "KL": 706, "V0": 1.0310818387981868e-07, "accuracy": 0.9999969213016684, "auc": 0.9999999999999989, "avg_time": 67.96973216030622, "benchmark": 5.805811036971971, "c0": 48837125, "distinct": 446, "entropy": 4.865112032941055, "errors": 684, "exp_cost": 332195325, "f1-score": 0.9999999767249543, "falsepos": 7.222000775186643e-12, "fullscore": 0.9943543076383999, "index": 169.32076323379428, "je": 0.9999999999999969, "ke": 1299.3201178392503, "loss": 0.0, "meanscore": 0.9999999999274249, "n_docs": 411000963, "non_null": 2.4629842609869e-10, "precision": 0.9995271987242116, "prediction_time": 408.0475772403462, "pz": 291.7225636683082, "recall": 0.9967474139713361, "size": 21461060558, "time": 139.7678760861279, "we": 4.5685315551349515, "weighted_avg": 8.861020214361686, "yw": 0.9651560536237415, "z8": 4115328861}, "train": {"B7": 0.9999999999999986, "HS": 321622841190, "K4": 135.51910903778747, "KL": 2356.409407924258, "KZ": 0.9999999981374128, "V0": 713, "accuracy": 0.9999999999997993, "auc": 1.0, "benchmark": 5.684972482278554, "c0": 0.00030700909976633106, "distinct": 636, "entropy": 5.0518644969723585, "errors": 459, "exp_cost": 17444638739, "f1-score": 0.9978288286146081, "falsepos": 0.00012388494786819138, "fullscore": 0.999999966836145, "index": 333.8265629849218, "je": 0.9999996688735981, "ke": 0.9999999999813927, "loss": 3.630189747361179e-05, "meanscore": 1.0, "n_docs": 274849358186, "non_null": 7.935507961853716e-08, "precision": 0.999994980668747, "prediction_time": 56.709319619894295, "pz": 765, "recall": 0.9999999999999998, "size": 1076924028, "time": 614.8359512249781, "we": 1969.2201367726427, "weighted_avg": 6.177745291915775, "yw": 1.3892014649741213e-08, "z8": 3.492901479162924e-08}, "train_full": {"B7": 810, "HS": 187498708100, "J6": 62.80103462939913, "K4": 828, "KL": 0.0, "KZ": 0.9999994841423, "V0": 4.008284077848191, "accuracy": 0.9936193049064561, "auc": 0.9999999495345198, "avg_time": 713.1677832908657, "benchmark": 5.660309898044478, "c0": 377.7998273279715, "distinct": 667, "entropy": 5.583563195990807, "errors": 498, "exp_cost": 340567223625, "f1-score": 0.999999999996301, "falsepos": 1.293087859011166e-11, "fullscore": 0.9999996116455389, "index": 1261.5267592819946, "je": 2.8298610450505635e-06, "ke": 2941596, "loss": 3.339348797481989e-10, "meanscore": 1.0, "n_docs": 62532288, "non_null": 0.0, "precision": 0.9999999999979705, "prediction_time": 70.17216340862925, "pz": 0.9996314600690547, "recall": 1.0, "size": 852216817, "time": 1521.3985063331122, "we": 248.27620636829232, "weighted_avg": 7.94546666346558, "yw": 0.9999999999911153, "z8": 7.023915533842158}}