{"branch": {"B7": 181, "HS": 0.9961570581627944, "J6": 106, "K4": 1.8508504105571926, "KL": 10.045847327613057, "KZ": 0.9982669460364257, "V0": 0.09582067732144256, "accuracy": 0.9818320694925908, "auc": 0.8384475663462345, "avg_time": 13.918679621520306, "benchmark": 0.677789167070109, "c0": 0.999946010770117, "distinct": 209, "entropy": 4.762124099408458, "errors": -90, "exp_cost": 3583559, "f1-score": 0.995085775283931, "falsepos": 0.06644458526218777, "fullscore": 0.9970848520436544, "index": 18.205146605934992, "je": 107, "ke": 0.9995725997449161, "loss": 0.08683748780884337, "meanscore": 0.1708107298352315, "n_docs": 107, "non_null": 0.1559948362540301, "precision": 0.9999999912657779, "prediction_time": 7.808426531637665, "recall": 0.9641489726343033, "size": 19081326, "time": 10.073201050692687, "we": 0.00021615049033307798, "weighted_avg": 4.559106981726748, "yw": 16.20650700371937, "z8": 73.73714122653553}, "classifier": {"B7": 258, "HS": 0.9927379262319481, "J6": 1011698, "K4": 339, "KL": 0.16897761428217228, "KZ": 6.652558734920385, "V0": 89, "accuracy": 0.9999951221456889, "auc": 0.4697768602514565, "avg_time": 31.490732761075673, "benchmark": 1.883738166173166, "c0": 3.3306255510632945, "distinct": 209, "entropy": 2.320631460496943, "errors": 353, "exp_cost": 1618189960, "f1-score": 0.9201312150680714, "falsepos": 0.0078023313518484905, "fullscore": 0.9710263879928822, "index": 6.003574988445901, "je": 0.7803010298465601, "ke": 3.1130078742789364, "loss": 0.018788897419333317, "meanscore": 0.2865579821127493, "n_docs": 2364, "non_null": 0.007641455407723541, "precision": 0.9999669613176346, "prediction_time": 5.953733342059267, "pz": 7310732, "recall": 0.9078086562637219, "size": 62663, "time": 3.1989582599444875, "weighted_avg": 0.5405488696032752, "yw": 1.4899033055974915, "z8": 0.5838202472770951}, "reports": {"B7": 156, "HS": 115.80903262378649, "J6": 0.005971190343329269, "K4": 84.19805907280761, "KL": 11.80119793062624, "KZ": 26, "V0": 203, "accuracy": 0.46066455951228225, "auc": 0.9966937266697623, "avg_time": 5.991542629313104, "benchmark": 0.9323922316297545, "c0": 28.767503478538337, "entropy": 2.1526896448217485, "errors": 399, "exp_cost": 3302, "f1-score": 0.9999935124264139, "falsepos": 0.008980485785135772, "fullscore": 0.2999306728694674, "index": 93.07931517600782, "je": 1.4133378505297145, "ke": 87232, "loss": 0.07296771180428663, "meanscore": 0.9986266212794056, "n_docs": 33828, "non_null": 0.0022763331419128896, "precision": 0.8539413876210504, "prediction_time": 40.96723509877, "pz": 12.551276035909936, "recall": 0.998527560539566, "size": 127342, "time": 7.662085297203378, "we": 5.110090290048376, "weighted_avg": 3.3845058762936606, "yw": 3.7438788951072226, "z8": 4.135994476295642}, "results": {"B7": 415, "HS": 576, "J6": 1.7123946253616362, "K4": 4.1378170413397335, "KL": 255, "V0": 0.3835381111393026, "accuracy": 0.8776564887862641, "auc": 0.9995360365078195, "avg_time": 5.88378095179971, "benchmark": 2.603727084098877, "c0": 27304, "distinct": 26, "entropy": 0.6210220223900785, "errors": 282, "exp_cost": 167128, "f1-score": 0.9686114236447549, "falsepos": 0.0028591710591072683, "fullscore": 0.540114664664182, "index": 5.006660778569912, "je": 0.9829806708942458, "ke": 36.53791087151168, "loss": 5.874070900946382e-05, "meanscore": 0.9855500719144582, "n_docs": 376370, "non_null": 0.22780634168809233, "precision": 0.3809867631946325, "prediction_time": 13.055100444919123, "pz": 13.418116111455795, "recall": 0.2120105570919832, "size": 6084104, "time": 2.6925505196503625, "we": 0.10956619569809395, "weighted_avg": 4.940506710831084, "yw": 0.2853633148056275, "z8": 54586}, "train": {"B7": 0.9981199205077501, "HS": 4432552, "K4": 8.873710074834737, "KL": 39.78857187222262, "KZ": 0.9853482090717987, "V0": 188, "accuracy": 0.9992458821743533, "auc": 0.9999999997331128, "benchmark": 1.1050985530862287, "c0": 0.5568142782808909, "distinct": 272, "entropy": -0.6073744836060023, "errors": 171, "exp_cost": 1706370, "f1-score": 0.4403915058732488, "falsepos": 0.3489075678659985, "fullscore": 0.9613661091190004, "index": 11.025878734899795, "je": 0.5411412623712791, "ke": 0.8830718522678838, "loss": 0.3539490538291302, "meanscore": 0.9999943901511599, "n_docs": 4246930, "non_null": 0.06599455649631336, "precision": 0.8604321863541518, "prediction_time": 1.8711656009101003, "pz": 471, "recall": 0.9999243708524326, "size": 172061, "time": 30.011550835084563, "we": 16.889844484491864, "weighted_avg": 2.0164450345767273, "yw": 0.0043979839162002765, "z8": 0.06868412830157444}, "train_full": {"B7": 425, "HS": 1056618, "J6": 3.7301256179471416, "K4": 373, "KL": 0.0005397338339325763, "KZ": 0.9138358117966867, "V0": 0.5744499101582647, "accuracy": 0.42670958555219624, "auc": 0.8143903148985743, "avg_time": 3.598691097772837, "benchmark": 1.6192125930358068, "c0": 2.832275835800415, "distinct": 273, "entropy": 0.3267668860958319, "errors": 67, "exp_cost": 53685669, "f1-score": 0.9952246450533673, "falsepos": 0.02089180884839692, "fullscore": 0.9717231508872206, "index": 25.403684129167583, "je": 0.32152945419744294, "ke": 7615, "loss": 0.01739963010403045, "meanscore": 0.995806383560375, "n_docs": 33322, "non_null": 1.6317379669672505e-09, "precision": 0.9994683779641932, "prediction_time": 2.8622408495147065, "pz": 0.32428858451328096, "recall": 0.9999999758095779, "size": 157105, "time": 4.461263920882795, "we": 19.392810492964497, "weighted_avg": 3.3529849883193648, "yw": 0.9510460198587335, "z8": 2.53195463036952}}