{"branch": {"B7": 215, "HS": 0.9992500025164626, "J6": 192, "K4": 2.401505954516889, "KL": 20.49779210741352, "KZ": 0.9999190904984394, "V0": 0.21780291296383836, "accuracy": 0.9958196645561375, "auc": 0.9373455219393372, "avg_time": 26.0810029836291, "benchmark": 1.1251401802632293, "c0": 0.9999981388067414, "distinct": 261, "entropy": 5.33481180438893, "errors": -34, "exp_cost": 25251294, "f1-score": 0.9995074762364121, "falsepos": 0.010399391772322297, "fullscore": 0.9997182790176262, "index": 40.78620716647903, "je": 178, "ke": 0.9999795435107629, "loss": 0.018757448589421077, "meanscore": 0.46844133194006055, "n_docs": 351, "non_null": 0.029802454719005667, "precision": 0.9999999999280695, "prediction_time": 12.484039759256701, "recall": 0.996302143662284, "size": 163157058, "time": 19.06892893255988, "we": 5.817505036143089e-06, "weighted_avg": 5.4372287090022535, "yw": 33.58364869313962, "z8": 164.9591427680376}, "classifier": {"B7": 327, "HS": 0.9972385430004751, "J6": 3356320, "K4": 405, "KL": 0.06661921580868513, "KZ": 14.374278843165834, "V0": 146, "accuracy": 0.9999999292598174, "auc": 0.770497141237036, "avg_time": 58.35485301481017, "benchmark": 2.6031976230726452, "c0": 4.224368287870156, "distinct": 246, "entropy": 3.11024894973491, "errors": 418, "exp_cost": 6004643778, "f1-score": 0.9757627205130124, "falsepos": 0.00030904038471546436, "fullscore": 0.9899797833640449, "index": 10.489153279963165, "je": 0.9057578536695519, "ke": 3.8742504798606503, "loss": 0.005981427584569099, "meanscore": 0.6033544888081671, "n_docs": 9271, "non_null": 0.001479669354952362, "precision": 0.9999991971395285, "prediction_time": 11.538365220797525, "pz": 28130707, "recall": 0.9813630665819387, "size": 228111, "time": 5.512678810920242, "weighted_avg": 1.3804842452314594, "yw": 2.073326820385691, "z8": 0.3273770978979249}, "reports": {"B7": 224, "HS": 239.2749768464041, "J6": 0.0023710318994305535, "K4": 151.19030438681278, "KL": 22.145056461544865, "KZ": 71, "V0": 263, "accuracy": 0.7008538315320755, "auc": 0.9995053179433576, "avg_time": 11.041018666663826, "benchmark": 1.6774018435851499, "c0": 53.715204518508024, "entropy": 3.0876964379046683, "errors": 477, "exp_cost": 13078, "f1-score": 0.9999998045082006, "falsepos": 0.002239751993537875, "fullscore": 0.5831063839954715, "index": 154.69154642669326, "je": 2.022225363441086, "ke": 340585, "loss": 0.019333624545949113, "meanscore": 0.9998579881376578, "n_docs": 88817, "non_null": 0.00014273123571872937, "precision": 0.9430566038208639, "prediction_time": 79.32308677908185, "pz": 29.144002339498428, "recall": 0.9998119751844301, "size": 901954, "time": 16.964035598494117, "we": 5.7296657004973, "weighted_avg": 3.740526833956492, "yw": 4.488383216312617, "z8": 6.333744895961745}, "results": {"B7": 504, "HS": 1821, "J6": 2.5346586713150825, "K4": 4.834278122028098, "KL": 331, "V0": 0.14076171300691886, "accuracy": 0.9506473304695873, "auc": 0.999974913970197, "avg_time": 10.66739253705958, "benchmark": 3.1789392472524787, "c0": 141362, "distinct": 91, "entropy": 1.3814283299257866, "errors": 359, "exp_cost": 617332, "f1-score": 0.9933534435010813, "falsepos": 0.0003118879077093073, "fullscore": 0.6845607091991593, "index": 9.400242274492129, "je": 0.9985312621783635, "ke": 62.57160187707647, "loss": 9.360580055517431e-07, "meanscore": 0.9976163050460594, "n_docs": 1254342, "non_null": 0.04041925300824856, "precision": 0.594303608065492, "prediction_time": 21.401632778981146, "pz": 23.458821933235615, "recall": 0.46426179271663687, "size": 25605412, "time": 5.076525577331348, "we": 0.7962845055793355, "weighted_avg": 5.471394873323201, "yw": 0.4385100840040305, "z8": 266474}, "train": {"B7": 0.999898433937621, "HS": 31197861, "K4": 16.618862492096095, "KL": 62.827794250803194, "KZ": 0.9974173015932949, "V0": 272, "accuracy": 0.9999383888031756, "auc": 0.9999999999983535, "benchmark": 1.8589632376617047, "c0": 0.27856312388835547, "distinct": 327, "entropy": 0.35069662620658143, "errors": 216, "exp_cost": 9633372, "f1-score": 0.540639028204827, "falsepos": 0.1632581905475754, "fullscore": 0.9926884234462973, "index": 21.047472716573214, "je": 0.7863996892767656, "ke": 0.9851730763419702, "loss": 0.1830462145011843, "meanscore": 0.999999940818477, "n_docs": 22175834, "non_null": 0.01626801033270109, "precision": 0.9387739792553792, "prediction_time": 3.5765878761937913, "pz": 516, "recall": 0.9999985271029949, "size": 561481, "time": 52.726221625909275, "we": 34.13253201679434, "weighted_avg": 2.6953815716305702, "yw": 0.001613744973712361, "z8": 0.02206352624394592}, "train_full": {"B7": 488, "HS": 7402258, "J6": 5.6975279864955715, "K4": 448, "KL": 1.2335564972820734e-05, "KZ": 0.9755325995318843, "V0": 1.1589859518120276, "accuracy": 0.5792133654654619, "auc": 0.9525318710606911, "avg_time": 8.660044713065073, "benchmark": 2.275367884000288, "c0": 7.057408102826, "distinct": 323, "entropy": 1.200564753859793, "errors": 128, "exp_cost": 219809083, "f1-score": 0.9994297178873117, "falsepos": 0.003105783836502951, "fullscore": 0.9922836597890097, "index": 48.76206716099383, "je": 0.1069643493454282, "ke": 22353, "loss": 0.002960656561191155, "meanscore": 0.9997663272928939, "n_docs": 131160, "non_null": 6.058520352070218e-11, "precision": 0.9999630832333922, "prediction_time": 4.6475206077866416, "pz": 0.5394629633613958, "recall": 0.9999999997998377, "size": 426928, "time": 11.343933911703083, "we": 31.12557645256549, "weighted_avg": 3.968757972761249, "yw": 0.9922221932769716, "z8": 3.328086220330251}}