{"branch": {"B7": 260, "HS": 0.9998411079996878, "J6": 231, "K4": 2.8690244279431374, "KL": 34.76186726672788, "KZ": 0.9999973189422829, "V0": 0.35816295705749157, "accuracy": 0.9986348770296749, "auc": 0.9760767525235388, "avg_time": 33.25379306010406, "benchmark": 1.7054109942018474, "c0": 0.9999998006216091, "distinct": 320, "entropy": 5.822226543085885, "errors": 17, "exp_cost": 52935311, "f1-score": 0.9999189965573961, "falsepos": 0.0016453159367451065, "fullscore": 0.9999648128574793, "index": 78.97526451022361, "je": 227, "ke": 0.9999974237494264, "loss": 0.004845596691751108, "meanscore": 0.7700856158717897, "n_docs": 1140, "non_null": 0.005024802782007232, "precision": 0.9999999999980747, "prediction_time": 16.707538337878802, "recall": 0.9993615033489014, "size": 682029139, "time": 37.67037144371223, "we": 5.548006278832673e-07, "weighted_avg": 6.028925470592531, "yw": 59.3192361538755, "z8": 287.26326930712173}, "classifier": {"B7": 346, "HS": 0.9991148130774392, "J6": 7725563, "K4": 446, "KL": 0.025208836124673395, "KZ": 24.333700201846746, "V0": 186, "accuracy": 0.9999999962509045, "auc": 0.9017330402083514, "avg_time": 83.03888266041777, "benchmark": 3.2263684165733983, "c0": 4.855381344341408, "distinct": 285, "entropy": 3.7131671112887448, "errors": 472, "exp_cost": 15277361156, "f1-score": 0.9864667106803138, "falsepos": 2.251853807822002e-05, "fullscore": 0.9969454148871187, "index": 14.155638582865922, "je": 0.9657517059444883, "ke": 4.4303708068312195, "loss": 0.0023071499663128714, "meanscore": 0.7926850453338856, "n_docs": 21986, "non_null": 0.0004937878236608295, "precision": 0.9999999853892282, "prediction_time": 16.73199739275574, "pz": 97921870, "recall": 0.9950668319483282, "size": 675933, "time": 6.78509021384788, "weighted_avg": 1.6399046871190073, "yw": 2.57929965774966, "z8": 0.18031621054567992}, "reports": {"B7": 273, "HS": 387.30605286396855, "J6": 0.0009858864006578871, "K4": 235.77570970388498, "KL": 39.0235530135938, "KZ": 103, "V0": 330, "accuracy": 0.8326938097507086, "auc": 0.9999084674643294, "avg_time": 19.549784592024302, "benchmark": 2.146598084116716, "c0": 85.00981844917119, "entropy": 3.476150740606964, "errors": 547, "exp_cost": 31044, "f1-score": 0.9999999822836451, "falsepos": 0.0008270754467432084, "fullscore": 0.7642276211915968, "index": 245.8356376653407, "je": 2.733372720876897, "ke": 782244, "loss": 0.011642865212372344, "meanscore": 0.9999439634271274, "n_docs": 166471, "non_null": 9.393875687657705e-06, "precision": 0.9665914816585762, "prediction_time": 135.0632471353034, "pz": 63.07722256309591, "recall": 0.9999214136082839, "size": 4827269, "time": 31.469172888937923, "we": 6.4481808021312474, "weighted_avg": 4.032167761756361, "yw": 5.032096351365599, "z8": 10.253993964171315}, "results": {"B7": 551, "HS": 4859, "J6": 3.176715377862969, "K4": 5.353612563879676, "KL": 382, "V0": 0.051562853705807266, "accuracy": 0.978138186145258, "auc": 0.9999986169027778, "avg_time": 12.519941029880021, "benchmark": 3.6477983453064606, "c0": 307974, "distinct": 116, "entropy": 1.9383147902030828, "errors": 408, "exp_cost": 1840651, "f1-score": 0.9983349436705498, "falsepos": 4.69838514089993e-05, "fullscore": 0.7951919339268962, "index": 13.237092252000647, "je": 0.9998566481788675, "ke": 109.40604194740513, "loss": 4.216472926366066e-08, "meanscore": 0.9995071162410587, "n_docs": 3013528, "non_null": 0.00741035986453098, "precision": 0.7295027530799171, "prediction_time": 31.01806690225631, "pz": 33.08354503983104, "recall": 0.6093560951697824, "size": 85793257, "time": 6.511782703165746, "we": 1.382041244033843, "weighted_avg": 5.788455813969301, "yw": 0.5454981990578913, "z8": 1198127}, "train": {"B7": 0.9999917310478592, "HS": 118563083, "K4": 19.322292529391458, "KL": 102.40304472337115, "KZ": 0.9994452822236716, "V0": 332, "accuracy": 0.9999906194109951, "auc": 0.9999999999999901, "benchmark": 2.3158116703478093, "c0": 0.14722990647498735, "distinct": 363, "entropy": 1.0390119685333843, "errors": 248, "exp_cost": 18464496, "f1-score": 0.6977649180067227, "falsepos": 0.07098888467575049, "fullscore": 0.9980164946683143, "index": 27.07839755267768, "je": 0.9410667020072527, "ke": 0.9971643807745887, "loss": 0.07300002997145483, "meanscore": 0.9999999893867558, "n_docs": 83163240, "non_null": 0.004645319127377756, "precision": 0.9749148419589646, "prediction_time": 5.377333402924091, "pz": 553, "recall": 0.9999998346663709, "size": 1436433, "time": 72.91194311841718, "we": 66.07938989918573, "weighted_avg": 3.2080409362657534, "yw": 0.00038747316514275987, "z8": 0.006173021742881035}, "train_full": {"B7": 531, "HS": 29671914, "J6": 7.267799549842499, "K4": 489, "KL": 4.6683019405691084e-07, "KZ": 0.9906630649967022, "V0": 1.4850578988417504, "accuracy": 0.7019927399415389, "auc": 0.9847122833742064, "avg_time": 15.594789390098276, "benchmark": 2.5354786395331312, "c0": 13.014274088373663, "distinct": 389, "entropy": 1.7909061724737356, "errors": 181, "exp_cost": 657194470, "f1-score": 0.9999388260304601, "falsepos": 0.0003620872221893334, "fullscore": 0.9968203272117833, "index": 65.0567936719238, "je": 0.05383829246996097, "ke": 47922, "loss": 0.0007853025965294247, "meanscore": 0.9999865485251053, "n_docs": 259620, "non_null": 1.1464162952279366e-12, "precision": 0.999991704982779, "prediction_time": 7.344772428229278, "pz": 0.7095218662394565, "recall": 0.9999999999974007, "size": 1374203, "time": 23.166129202488563, "we": 40.2747006696627, "weighted_avg": 4.62789012936482, "yw": 0.998522485465389, "z8": 3.7975974616555517}}