{"branch": {"B7": 262, "HS": 0.9999110798772433, "J6": 251, "K4": 3.058165711037824, "KL": 39.68375991566608, "KZ": 0.9999972147622881, "V0": 0.402422898763079, "accuracy": 0.9990613627603381, "auc": 0.9841164722973144, "avg_time": 34.93597428677591, "benchmark": 1.750995797449708, "c0": 0.9999999157633799, "distinct": 318, "entropy": 5.8451659218137655, "errors": 10, "exp_cost": 90538877, "f1-score": 0.9999519285897082, "falsepos": 0.0015282453786711336, "fullscore": 0.9999879082565524, "index": 91.72876045909578, "je": 237, "ke": 0.9999980866491325, "loss": 0.0033976018617831727, "meanscore": 0.7699104353893783, "n_docs": 1651, "non_null": 0.0047187741992972265, "precision": 0.9999999999980158, "prediction_time": 17.745949527740386, "recall": 0.9991803735086151, "size": 956856410, "time": 41.745960523317684, "we": 2.6988528434301884e-07, "weighted_avg": 6.141255505526752, "yw": 55.46500156079547, "z8": 352.8342457821861}, "classifier": {"B7": 370, "HS": 0.9992630169559646, "J6": 7568724, "K4": 463, "KL": 0.02331155861950507, "KZ": 28.52413503726883, "V0": 194, "accuracy": 0.9999999981963441, "auc": 0.9138862409148407, "avg_time": 87.29116431834254, "benchmark": 3.274821732338023, "c0": 4.954297564159536, "distinct": 286, "entropy": 3.8225655357595922, "errors": 473, "exp_cost": 19805361974, "f1-score": 0.9901519270879664, "falsepos": 1.2432736287260049e-05, "fullscore": 0.9964131020735121, "index": 15.679635460974641, "je": 0.9737076800637559, "ke": 4.40767121253735, "loss": 0.0013326910680718784, "meanscore": 0.8065953966023133, "n_docs": 24655, "non_null": 0.0004482243223986604, "precision": 0.9999999924764333, "prediction_time": 18.537363084715277, "pz": 94345870, "recall": 0.9956360589822624, "size": 798010, "time": 6.253374213861234, "weighted_avg": 1.7637231622319567, "yw": 2.592195763448582, "z8": 0.15788321134482075}, "reports": {"B7": 285, "HS": 416.5498539144627, "J6": 0.0007823843480216919, "K4": 260.0034193318423, "KL": 44.209724194075726, "KZ": 113, "V0": 329, "accuracy": 0.798416359170622, "auc": 0.9999232795543539, "avg_time": 21.978394457450214, "benchmark": 2.3407725305457014, "c0": 96.92067679003483, "entropy": 3.698444931165425, "errors": 549, "exp_cost": 30546, "f1-score": 0.9999999934853494, "falsepos": 0.0005648463880923993, "fullscore": 0.7665997805273268, "index": 247.9158535654842, "je": 2.858065266120014, "ke": 1321712, "loss": 0.008823083950060373, "meanscore": 0.9999752403399983, "n_docs": 233981, "non_null": 6.390247495269286e-06, "precision": 0.9744349919859645, "prediction_time": 156.63366681084472, "pz": 63.130697701357725, "recall": 0.9999687665210708, "size": 7178709, "time": 33.914035771095286, "we": 6.523738204411189, "weighted_avg": 4.0743207031885325, "yw": 5.034722376325651, "z8": 11.331686679176482}, "results": {"B7": 562, "HS": 4911, "J6": 3.4172399303252354, "K4": 5.42703704282703, "KL": 396, "V0": 0.04198390840480548, "accuracy": 0.9812915142912633, "auc": 0.9999993340730728, "avg_time": 13.927117134963241, "benchmark": 3.6296124569465418, "c0": 340715, "distinct": 138, "entropy": 1.8507251269378038, "errors": 421, "exp_cost": 1711634, "f1-score": 0.9982588792167428, "falsepos": 4.3660169904535806e-05, "fullscore": 0.7823127064750239, "index": 14.993847165026068, "je": 0.999913430657654, "ke": 123.58980781328641, "loss": 1.2337596499989445e-08, "meanscore": 0.9995301557633671, "n_docs": 2385397, "non_null": 0.008272530511913123, "precision": 0.7628373086613627, "prediction_time": 31.71327898385004, "pz": 30.832738757062515, "recall": 0.6315196473046781, "size": 69516765, "time": 9.303558987855906, "we": 1.3744957116114611, "weighted_avg": 6.0570924295494954, "yw": 0.568956758833708, "z8": 1350132}, "train": {"B7": 0.9999933483693262, "HS": 130293301, "K4": 19.174541516651875, "KL": 107.62547141843514, "KZ": 0.9995601098313264, "V0": 347, "accuracy": 0.9999938259008374, "auc": 0.9999999999999691, "benchmark": 2.488703492736712, "c0": 0.1671854599184147, "distinct": 365, "entropy": 1.1477723460863103, "errors": 257, "exp_cost": 35677178, "f1-score": 0.7765956882393652, "falsepos": 0.07834421081367138, "fullscore": 0.9986832948629026, "index": 29.16583712223314, "je": 0.9417809766517644, "ke": 0.9986444861083057, "loss": 0.0663758376264667, "meanscore": 0.9999999979968366, "n_docs": 94595389, "non_null": 0.002722666948060448, "precision": 0.9825757470428604, "prediction_time": 5.92089269182351, "pz": 552, "recall": 0.9999999382195652, "size": 1784903, "time": 75.6599102479163, "we": 70.58479143425448, "weighted_avg": 3.290287823203421, "yw": 0.0003206663077611749, "z8": 0.004920916135301767}, "train_full": {"B7": 545, "HS": 43560254, "J6": 7.615519512578682, "K4": 510, "KL": 1.9418810603966108e-07, "KZ": 0.9926467062728346, "V0": 1.7616463728755, "accuracy": 0.7272423666497353, "auc": 0.9901737992626485, "avg_time": 17.221925497324378, "benchmark": 2.8616203638430617, "c0": 13.729131908976186, "distinct": 385, "entropy": 1.9277750868873977, "errors": 185, "exp_cost": 624501502, "f1-score": 0.9999430583391058, "falsepos": 0.0003352377773633286, "fullscore": 0.9969234522787911, "index": 84.76012282735056, "je": 0.03679829860218131, "ke": 55337, "loss": 0.00071430298640629, "meanscore": 0.9999915722434205, "n_docs": 284935, "non_null": 3.2152058793144533e-13, "precision": 0.9999885887081853, "prediction_time": 8.539165214996757, "pz": 0.7497484003166867, "recall": 0.9999999999984278, "size": 1689634, "time": 26.537780171812628, "we": 42.65330927460486, "weighted_avg": 4.730241005641683, "yw": 0.998991388947052, "z8": 3.892950458784471}}