{"branch": {"B7": 292, "HS": 0.9999841820848694, "J6": 301, "K4": 3.523668441855105, "KL": 65.10666075384421, "KZ": 0.9999999316290864, "V0": 0.5688411744535216, "accuracy": 0.9997921972964066, "auc": 0.9949672393040272, "avg_time": 59.21078139147603, "benchmark": 2.2523374881617473, "c0": 0.9999999908342857, "distinct": 357, "entropy": 6.253305349502693, "errors": 40, "exp_cost": 183686898, "f1-score": 0.999990406018497, "falsepos": 0.00017924542004310595, "fullscore": 0.9999990971127473, "index": 151.91756051889507, "je": 286, "ke": 0.999999828866925, "loss": 0.0006627061407324941, "meanscore": 0.9317745147558398, "n_docs": 3391, "non_null": 0.0007582464483220086, "precision": 0.9999999999998864, "prediction_time": 21.65636837866795, "recall": 0.9999205220917607, "size": 3910244881, "time": 63.62072454807978, "we": 2.071840532469338e-08, "weighted_avg": 6.773060075829742, "yw": 103.71167655414037, "z8": 587.7843923248715}, "classifier": {"B7": 394, "HS": 0.9997610594260349, "J6": 14739441, "K4": 505, "KL": 0.008404926403792978, "KZ": 48.76714876559609, "V0": 227, "accuracy": 0.9999999999491994, "auc": 0.9706988130415833, "avg_time": 130.7334020432935, "benchmark": 3.8496824480989313, "c0": 5.613887071142265, "distinct": 326, "entropy": 4.335069178470017, "errors": 520, "exp_cost": 47201545901, "f1-score": 0.9958734704152998, "falsepos": 6.535576602129112e-07, "fullscore": 0.9985751473995546, "index": 19.546497784015287, "je": 0.9923163036091021, "ke": 4.8662494165145365, "loss": 0.000510426304920264, "meanscore": 0.9183021348315337, "n_docs": 40020, "non_null": 6.847483536365218e-05, "precision": 0.9999999998035899, "prediction_time": 25.891317693956942, "pz": 305161265, "recall": 0.9991180142343776, "size": 2269771, "time": 9.277036717263478, "weighted_avg": 2.1838208505844543, "yw": 2.970390812237754, "z8": 0.06840174214802186}, "reports": {"B7": 334, "HS": 667.183682279772, "J6": 0.0004367444182378222, "K4": 377.4826845197355, "KL": 60.97231016404028, "KZ": 149, "V0": 387, "accuracy": 0.8995152726687703, "auc": 0.9999902875924698, "avg_time": 34.023543999258145, "benchmark": 2.739989099361604, "c0": 142.31696027405079, "entropy": 4.122553499123385, "errors": 612, "exp_cost": 80576, "f1-score": 0.9999999996416988, "falsepos": 0.00020556531669857492, "fullscore": 0.8663886835864005, "index": 355.95104450599837, "je": 4.193721208873262, "ke": 2977735, "loss": 0.0036482657564859133, "meanscore": 0.9999941641106168, "n_docs": 475579, "non_null": 4.5058469777536914e-07, "precision": 0.9905273491571782, "prediction_time": 244.58779618331482, "pz": 124.45348487057001, "recall": 0.9999949787775297, "size": 21739008, "time": 53.409502983341454, "we": 7.043633829724874, "weighted_avg": 4.3610377761651, "yw": 5.545340621575236, "z8": 19.516647146232874}, "results": {"B7": 606, "HS": 9775, "J6": 4.091667800867712, "K4": 5.7723233523070325, "KL": 443, "V0": 0.01280557055515763, "accuracy": 0.9934569466855748, "auc": 0.9999999007147595, "avg_time": 16.685726939587287, "benchmark": 3.905328898253986, "c0": 791680, "distinct": 176, "entropy": 2.297280257703978, "errors": 459, "exp_cost": 4803931, "f1-score": 0.9996442098741033, "falsepos": 4.691243254750788e-06, "fullscore": 0.8600380734125215, "index": 21.83252871077356, "je": 0.9999926324207004, "ke": 176.6019434016138, "loss": 6.510739725129611e-10, "meanscore": 0.9999280355782658, "n_docs": 6184728, "non_null": 0.0008199524382632717, "precision": 0.8704438141574711, "prediction_time": 57.427849242346674, "pz": 36.81517980527985, "recall": 0.7709330865849918, "size": 168444998, "time": 12.48352485144917, "we": 1.8840353148028408, "weighted_avg": 6.451181939245561, "yw": 0.6766167739515659, "z8": 4147716}, "train": {"B7": 0.999999269247866, "HS": 462414612, "K4": 29.248224906522115, "KL": 187.51887990623297, "KZ": 0.999906876321349, "V0": 396, "accuracy": 0.9999987688505938, "auc": 0.9999999999999999, "benchmark": 2.9218742366862385, "c0": 0.07010527194659932, "distinct": 417, "entropy": 1.6544647674579405, "errors": 295, "exp_cost": 100181850, "f1-score": 0.828969451251977, "falsepos": 0.03566220643767204, "fullscore": 0.9997742868024206, "index": 47.906463599520606, "je": 0.9862564659000865, "ke": 0.9998616308719663, "loss": 0.03163356103501247, "meanscore": 0.9999999997886231, "n_docs": 351252254, "non_null": 0.0008848497907095743, "precision": 0.9923362239967872, "prediction_time": 8.29924820751574, "pz": 597, "recall": 0.9999999876203978, "size": 4446861, "time": 109.04688737184925, "we": 122.2183803131704, "weighted_avg": 3.720941013850874, "yw": 7.927468320545472e-05, "z8": 0.0011598801277874493}, "train_full": {"B7": 583, "HS": 180389897, "J6": 10.49377344962315, "K4": 557, "KL": 3.758288791289033e-09, "KZ": 0.997572260190897, "V0": 2.0258771414449654, "accuracy": 0.8018834221757325, "auc": 0.9968559305450627, "avg_time": 30.305081419916192, "benchmark": 3.2024129990330414, "c0": 24.495851667347413, "distinct": 432, "entropy": 2.374951156627957, "errors": 237, "exp_cost": 1792936215, "f1-score": 0.9999886199270542, "falsepos": 3.715617986732589e-05, "fullscore": 0.9993052060791747, "index": 107.2660016607116, "je": 0.018466986336811098, "ke": 108580, "loss": 0.00012058936412273624, "meanscore": 0.999999433380213, "n_docs": 785900, "non_null": 2.042810365310288e-14, "precision": 0.9999987538735831, "prediction_time": 11.914937281141118, "pz": 0.8612205911923566, "recall": 0.9999999999999797, "size": 4437571, "time": 47.36758294296007, "we": 57.66998828030468, "weighted_avg": 5.236794122436905, "yw": 0.9998469347873956, "z8": 4.386146391333928}}