{"branch": {"B7": 229, "HS": 0.9997689339863663, "J6": 200, "K4": 2.649341349090439, "KL": 27.101679506567063, "KZ": 0.9999827080460495, "V0": 0.2930752056121918, "accuracy": 0.9976807508854488, "auc": 0.9558582797381414, "avg_time": 30.692537589165493, "benchmark": 1.676923539053402, "c0": 0.9999997162686114, "distinct": 295, "entropy": 5.396963382193732, "errors": -12, "exp_cost": 39617853, "f1-score": 0.9997227768480432, "falsepos": 0.00536005967475095, "fullscore": 0.9999401598648426, "index": 56.098940329816784, "je": 212, "ke": 0.9999920184315741, "loss": 0.01179928836906341, "meanscore": 0.6112506490763354, "n_docs": 532, "non_null": 0.014611950705746946, "precision": 0.9999999999783472, "prediction_time": 15.324756057681352, "recall": 0.9972764876331648, "size": 317962539, "time": 28.530288145684672, "we": 1.6149939374709987e-06, "weighted_avg": 5.62614337301246, "yw": 42.857000411374734, "z8": 249.20008209328353}, "classifier": {"B7": 339, "HS": 0.9989879372814254, "J6": 3760881, "K4": 438, "KL": 0.05130057490108009, "KZ": 19.19788092402522, "V0": 173, "accuracy": 0.9999999825313637, "auc": 0.8345059553370904, "avg_time": 57.78598667491123, "benchmark": 2.908546064465996, "c0": 4.4540635474112555, "distinct": 266, "entropy": 3.301348952016295, "errors": 447, "exp_cost": 9937458221, "f1-score": 0.9838892499256213, "falsepos": 0.00011261739716061925, "fullscore": 0.993553357091072, "index": 11.69337711208506, "je": 0.9489203878278627, "ke": 4.007350417248743, "loss": 0.002588631988032164, "meanscore": 0.6653985979927513, "n_docs": 14236, "non_null": 0.0007594363421071781, "precision": 0.9999999093220283, "prediction_time": 13.827635577413828, "pz": 49167684, "recall": 0.9888943731031797, "size": 350680, "time": 5.612147943340568, "weighted_avg": 1.3971961058292306, "yw": 2.3476231975626143, "z8": 0.2775048553354793}, "reports": {"B7": 253, "HS": 304.47583866067964, "J6": 0.0013517133517135793, "K4": 188.49520940289412, "KL": 28.727703833626656, "KZ": 87, "V0": 289, "accuracy": 0.7307116454628336, "auc": 0.9998198397708287, "avg_time": 14.092828026365087, "benchmark": 1.9312853446733322, "c0": 65.83089007449455, "entropy": 3.2261360274808073, "errors": 509, "exp_cost": 18894, "f1-score": 0.9999999409814111, "falsepos": 0.0015060241651737583, "fullscore": 0.6467879315531697, "index": 189.30165512119166, "je": 2.4160455754266805, "ke": 727546, "loss": 0.023376080920447517, "meanscore": 0.9999056466076366, "n_docs": 132713, "non_null": 4.365886256674223e-05, "precision": 0.9602149156401207, "prediction_time": 98.43301779776912, "pz": 39.49001656536036, "recall": 0.9998281350267452, "size": 2283958, "time": 21.15370150912203, "we": 6.232576580028789, "weighted_avg": 3.858136386618148, "yw": 4.724486463362247, "z8": 8.090608497546564}, "results": {"B7": 516, "HS": 3198, "J6": 3.0224733563813935, "K4": 4.980532182712031, "KL": 358, "V0": 0.09378858506307208, "accuracy": 0.9665997050162048, "auc": 0.99999517731685, "avg_time": 12.666607078391555, "benchmark": 3.4066113275324152, "c0": 205735, "distinct": 96, "entropy": 1.3922706469798547, "errors": 380, "exp_cost": 1093907, "f1-score": 0.9965208289920247, "falsepos": 0.00021958582035830343, "fullscore": 0.7186954046809944, "index": 10.027935222428304, "je": 0.999527252441704, "ke": 93.36877613530272, "loss": 3.537718835655568e-07, "meanscore": 0.9985502895985006, "n_docs": 1317340, "non_null": 0.02305498130936967, "precision": 0.6633083564013016, "prediction_time": 21.321236090569464, "pz": 23.685280021598327, "recall": 0.5033865913255893, "size": 29703177, "time": 5.481516930181569, "we": 0.9383153310260199, "weighted_avg": 5.70584192764085, "yw": 0.47932783957883285, "z8": 590491}, "train": {"B7": 0.9999655534278138, "HS": 56333964, "K4": 15.803639188335033, "KL": 75.01229788292477, "KZ": 0.9984350569511026, "V0": 303, "accuracy": 0.9999676728455129, "auc": 0.9999999999998523, "benchmark": 2.0703643202891726, "c0": 0.24111031842361064, "distinct": 345, "entropy": 0.7069022328035821, "errors": 237, "exp_cost": 11977438, "f1-score": 0.6740810114022633, "falsepos": 0.13178641961932347, "fullscore": 0.9974620182651591, "index": 20.69544331123733, "je": 0.8535429563614432, "ke": 0.9931809026243743, "loss": 0.09694419694070999, "meanscore": 0.999999972935778, "n_docs": 30239021, "non_null": 0.011169497806911899, "precision": 0.9701574146598558, "prediction_time": 4.808539716844883, "pz": 529, "recall": 0.9999995426217885, "size": 862623, "time": 65.89837892387195, "we": 43.69486614764241, "weighted_avg": 2.9114607236962655, "yw": 0.0009820342149444716, "z8": 0.014869675422716222}, "train_full": {"B7": 515, "HS": 18298986, "J6": 6.739070859635622, "K4": 460, "KL": 2.459355947115327e-06, "KZ": 0.9833350538514343, "V0": 1.3518651130055426, "accuracy": 0.6842058435882923, "auc": 0.9678287797535445, "avg_time": 11.416563827597702, "benchmark": 2.354733904087086, "c0": 9.295856247021199, "distinct": 352, "entropy": 1.4837201591744973, "errors": 165, "exp_cost": 258382914, "f1-score": 0.9997551108647655, "falsepos": 0.0009014105527509475, "fullscore": 0.995763594192379, "index": 61.18710740365592, "je": 0.09162288364052529, "ke": 32338, "loss": 0.0026167990972874033, "meanscore": 0.9999290009598102, "n_docs": 157240, "non_null": 6.289857523711362e-12, "precision": 0.9999764998051179, "prediction_time": 6.28826173694857, "pz": 0.6299541972228988, "recall": 0.9999999999689029, "size": 720956, "time": 15.131104526697046, "we": 34.97013556081682, "weighted_avg": 4.293147646485942, "yw": 0.9964555920786301, "z8": 3.517180680237871}}