{"branch": {"B7": 77, "HS": 0.959079927260902, "J6": 5, "K4": 0.94835390405767, "KL": 3.216070463196273, "KZ": 0.9164155113782829, "V0": 0.015278894869140136, "accuracy": 0.8559265126354481, "auc": 0.41509860558012834, "avg_time": 4.307050241064906, "benchmark": -0.5894618151854428, "c0": 0.9980223967797957, "distinct": 136, "entropy": 3.7015217650755656, "errors": -160, "exp_cost": 158862, "f1-score": 0.9328342039144748, "falsepos": 0.4204194165359424, "fullscore": 0.9381732445593522, "index": 5.284981655325962, "je": 0, "ke": 0.9827861608855156, "loss": 0.4783540483510753, "meanscore": 0.005812380598091638, "n_docs": 26, "non_null": 0.5669107669351398, "precision": 0.9999975240725847, "prediction_time": 3.5015499285217104, "recall": 0.7753918218210598, "size": 663523, "time": 2.9464652352341023, "we": 0.00897689460817408, "weighted_avg": 3.339234964702464, "yw": 6.3256923786309045, "z8": 19.822249209700907}, "classifier": {"B7": 149, "HS": 0.9612126239254494, "J6": 132405, "K4": 252, "KL": 0.5137600003746363, "KZ": 1.9318703697093798, "V0": 10, "accuracy": 0.9993097178134087, "auc": 0.09661469388658928, "avg_time": 12.83988806022794, "benchmark": 0.7228261092350213, "c0": 1.8688482007012706, "distinct": 130, "entropy": 1.0773539493568771, "errors": 235, "exp_cost": 150681249, "f1-score": 0.7465997345610053, "falsepos": 0.1402714493740871, "fullscore": 0.9013533398363133, "index": 3.1951001294206463, "je": 0.4341538150798252, "ke": 2.0350453388574934, "loss": 0.11994119055796926, "meanscore": 0.03567975701509579, "n_docs": 448, "non_null": 0.09176587197133723, "precision": 0.9952366305347993, "prediction_time": 2.790755078209846, "pz": 732088, "recall": 0.6012110881116592, "size": 6260, "time": 1.920050142816586, "weighted_avg": -0.6810042545457613, "yw": 0.47628078161675225, "z8": 0.9090091268510392}, "reports": {"B7": 42, "HS": 42.92008765395961, "J6": 0.03358813095536628, "K4": 36.881874138180784, "KL": 3.5788727629123627, "KZ": -64, "V0": 81, "accuracy": 0.15751543334946883, "auc": 0.942053644729147, "avg_time": 1.8852907031472617, "benchmark": -0.2529584716706294, "c0": 9.55067616001268, "entropy": 1.0239332577299793, "errors": 270, "exp_cost": 632, "f1-score": 0.9992946809731079, "falsepos": 0.05388965654823841, "fullscore": 0.0718480051663225, "index": 37.85419886657325, "je": 0.7146793072863652, "ke": 9407, "loss": 0.34392362595472736, "meanscore": 0.9908656047085608, "n_docs": 4274, "non_null": 0.04501327638560082, "precision": 0.6268969252487604, "prediction_time": 11.173347666927265, "pz": 3.0630118172870695, "recall": 0.9884356530804334, "size": 3194, "time": 2.059818744972988, "we": 3.5554207414718824, "weighted_avg": 2.729011327988898, "yw": 2.861120412099543, "z8": 1.2498667051054044}, "results": {"B7": 322, "HS": 135, "J6": 0.15152100801650226, "K4": 3.1514119852842684, "KL": 143, "V0": 0.8488359889684821, "accuracy": 0.592239788632632, "auc": 0.9838625921926079, "avg_time": 3.1129513297732934, "benchmark": 1.824468075256439, "c0": 3889, "distinct": -90, "entropy": -0.5120269629742386, "errors": 202, "exp_cost": 19648, "f1-score": 0.8311619549355729, "falsepos": 0.054178979880906475, "fullscore": 0.3539439060238927, "index": 2.5245783392326437, "je": 0.7332987833433762, "ke": 14.958231459128303, "loss": 0.00495198285193299, "meanscore": 0.8861262078904436, "n_docs": 54447, "non_null": 0.7179366623273289, "precision": 0.07023842449774054, "prediction_time": 4.872617901223272, "pz": 5.124906339099828, "recall": 0.039799024929228155, "size": 869066, "time": 0.7896236593130765, "we": -0.9600731589886037, "weighted_avg": 3.7683946863953857, "yw": 0.11570621033430717, "z8": 3082}, "train": {"B7": 0.9445441771832078, "HS": 277727, "K4": 4.867963952487109, "KL": 10.668170261857158, "KZ": 0.8921695847658313, "V0": 40, "accuracy": 0.9779230763187651, "auc": 0.9999998840369275, "benchmark": -0.10093719213072029, "c0": 0.8453716125607819, "distinct": 182, "entropy": -1.9295465026752494, "errors": 115, "exp_cost": 139541, "f1-score": 0.12463720447650206, "falsepos": 0.6371359017218364, "fullscore": 0.8416507248400722, "index": 4.669347275670705, "je": 0.13202878049675543, "ke": 0.4640709257779479, "loss": 0.7179804999718866, "meanscore": 0.9995194285503892, "n_docs": 191078, "non_null": 0.23976260721009024, "precision": 0.653948991896917, "prediction_time": 0.7497466205783848, "pz": 383, "recall": 0.9959971965269148, "size": 14793, "time": 13.249532771261086, "we": 4.965637647020312, "weighted_avg": 1.0628265576140121, "yw": 0.039035672231502616, "z8": 0.32612575161214274}, "train_full": {"B7": 325, "HS": 50700, "J6": 1.6737163890140698, "K4": 255, "KL": 0.04158174185561081, "KZ": 0.7522673650764712, "V0": -0.38180657709852633, "accuracy": 0.20869155740816447, "auc": 0.3951848969356339, "avg_time": 0.9740168400965341, "benchmark": 0.47359167623478704, "c0": 0.8469384437153338, "distinct": 165, "entropy": -1.0864333790736975, "errors": -49, "exp_cost": 5018035, "f1-score": 0.9271651108658726, "falsepos": 0.2243935788335516, "fullscore": 0.8648174172597225, "index": 9.034472736004384, "je": 0.7169297439370526, "ke": 1548, "loss": 0.1906524641477948, "meanscore": 0.8784188139379954, "n_docs": 3867, "non_null": 9.398584375208685e-07, "precision": 0.9850706351709366, "prediction_time": 1.194676846870058, "pz": 0.08719521676585079, "recall": 0.9999828796223051, "size": 13175, "time": 1.0787024135753638, "we": 9.197081941369909, "weighted_avg": 2.1747506584345873, "yw": 0.6184764758683177, "z8": 1.4784034054781732}}