{"branch": {"B7": 81, "HS": 0.9574992056563033, "J6": 7, "K4": 0.955939731584906, "KL": 3.2216410901446833, "KZ": 0.9195342526053321, "V0": 0.015372162443503812, "accuracy": 0.8492432737759634, "auc": 0.42400539856746, "avg_time": 4.407177623206736, "benchmark": -0.5602338241433897, "c0": 0.998076739392869, "distinct": 137, "entropy": 3.711981585619362, "errors": -157, "exp_cost": 166020, "f1-score": 0.9362092968660067, "falsepos": 0.4149038718051157, "fullscore": 0.9378039284693628, "index": 5.327150783121115, "je": 1, "ke": 0.9834051294542008, "loss": 0.4711034830781816, "meanscore": 0.006210528042427277, "n_docs": 25, "non_null": 0.5601072334409143, "precision": 0.9999978202305142, "prediction_time": 3.6582502885310015, "recall": 0.7766226040254428, "size": 649357, "time": 3.0111082180664477, "we": 0.008523726021977263, "weighted_avg": 3.353817872029125, "yw": 6.413701837579483, "z8": 19.725274052180502}, "classifier": {"B7": 152, "HS": 0.961517630463214, "J6": 136696, "K4": 254, "KL": 0.5085017947186447, "KZ": 1.9749164982880363, "V0": 9, "accuracy": 0.9993263953998976, "auc": 0.0991239750879016, "avg_time": 12.902568004906355, "benchmark": 0.7249859235256257, "c0": 1.895934926421909, "distinct": 131, "entropy": 1.1003592240993045, "errors": 236, "exp_cost": 165184201, "f1-score": 0.7507692749610266, "falsepos": 0.13705295012050467, "fullscore": 0.9008172694344321, "index": 3.134237506884138, "je": 0.43959311065245155, "ke": 2.0376336174039, "loss": 0.10883523385945981, "meanscore": 0.03514464855281163, "n_docs": 434, "non_null": 0.08802719661126335, "precision": 0.9954213727776259, "prediction_time": 2.8230646286780714, "pz": 748454, "recall": 0.6074458331988254, "size": 6876, "time": 1.893666608880631, "weighted_avg": -0.685065901582938, "yw": 0.4965445622944492, "z8": 0.9026035083651444}, "reports": {"B7": 43, "HS": 43.82299942604527, "J6": 0.03208242714207499, "K4": 37.07306766519239, "KL": 3.6464925441997993, "KZ": -63, "V0": 82, "accuracy": 0.15653959177562982, "auc": 0.9439471717680026, "avg_time": 1.914976830248053, "benchmark": -0.25252490754853363, "c0": 9.634940867864373, "entropy": 1.0188724729021936, "errors": 271, "exp_cost": 589, "f1-score": 0.9993114071984028, "falsepos": 0.05624258585207742, "fullscore": 0.07130586227571406, "index": 38.932509382978076, "je": 0.7091643807925493, "ke": 9154, "loss": 0.3358249588945533, "meanscore": 0.9902240278843991, "n_docs": 4474, "non_null": 0.044267530009121314, "precision": 0.6376162273930847, "prediction_time": 11.102684231209409, "pz": 3.068940573185215, "recall": 0.9893630523455734, "size": 3410, "time": 2.0920109483251803, "we": 3.5788977363318515, "weighted_avg": 2.7592202916461206, "yw": 2.849624609506088, "z8": 1.2578876564207917}, "results": {"B7": 323, "HS": 134, "J6": 0.15755793902430318, "K4": 3.1645684987597913, "KL": 143, "V0": 0.8420066424499094, "accuracy": 0.5957725716066964, "auc": 0.9841446717613253, "avg_time": 3.173164200357084, "benchmark": 1.8180063345322137, "c0": 4087, "distinct": -91, "entropy": -0.4889067914132969, "errors": 201, "exp_cost": 19227, "f1-score": 0.8357251818939726, "falsepos": 0.05287701458166738, "fullscore": 0.35045968249700643, "index": 2.5300413757988287, "je": 0.73966942799492, "ke": 15.144671346571629, "loss": 0.004488991078723026, "meanscore": 0.8859821566491639, "n_docs": 55042, "non_null": 0.7162252413496263, "precision": 0.07242035629636578, "prediction_time": 5.0363260593428025, "pz": 5.332409580028458, "recall": 0.044321225818981846, "size": 890393, "time": 0.8150456352484162, "we": -0.9851696781972697, "weighted_avg": 3.785020332163054, "yw": 0.11599750774540074, "z8": 3123}, "train": {"B7": 0.9468111022041072, "HS": 276638, "K4": 5.073481856973611, "KL": 11.018863658459361, "KZ": 0.8916515759419066, "V0": 43, "accuracy": 0.9797292834805303, "auc": 0.9999998864709054, "benchmark": -0.10904984775798442, "c0": 0.8395282482280076, "distinct": 185, "entropy": -1.904642256666311, "errors": 116, "exp_cost": 147730, "f1-score": 0.12470875022416761, "falsepos": 0.6336711529458745, "fullscore": 0.8457344360851738, "index": 4.617258090376499, "je": 0.12955800824795832, "ke": 0.46885130684605736, "loss": 0.7106550292653415, "meanscore": 0.9995122736874853, "n_docs": 212125, "non_null": 0.23346516565492237, "precision": 0.6522530491011543, "prediction_time": 0.7638419944047373, "pz": 386, "recall": 0.995888980989958, "size": 15078, "time": 13.687853306724538, "we": 4.960423049714478, "weighted_avg": 1.06270921147492, "yw": 0.04049912804789113, "z8": 0.32856510426575425}, "train_full": {"B7": 328, "HS": 53570, "J6": 1.6486519782747038, "K4": 258, "KL": 0.03870683439243783, "KZ": 0.741566814368714, "V0": -0.354865345247542, "accuracy": 0.21909419653814355, "auc": 0.4089581292718724, "avg_time": 0.994785146863111, "benchmark": 0.48329927202895184, "c0": 0.8663090925330316, "distinct": 165, "entropy": -1.0863532580622113, "errors": -48, "exp_cost": 5395023, "f1-score": 0.9296532836160969, "falsepos": 0.2220770944982282, "fullscore": 0.8726912530485971, "index": 9.037351413965771, "je": 0.7150541612185419, "ke": 1677, "loss": 0.18897311811473416, "meanscore": 0.8817981242771964, "n_docs": 4123, "non_null": 8.788124452596691e-07, "precision": 0.9856678152480651, "prediction_time": 1.2209142754562505, "pz": 0.08444303006694237, "recall": 0.9999844508541056, "size": 13197, "time": 1.0916042295921493, "we": 9.493867974137066, "weighted_avg": 2.1851460264261684, "yw": 0.6243677426228577, "z8": 1.461425652685671}}