{"branch": {"B7": 53, "HS": 0.9273952101357341, "J6": -37, "K4": 0.6046515649558075, "KL": 2.634203177142139, "KZ": 0.8513274550830227, "V0": 0.008218683107915736, "accuracy": 0.8568159788289231, "auc": 0.3482637035808651, "avg_time": 3.8908544194330994, "benchmark": -0.811599615358916, "c0": 0.9969172948013487, "distinct": 105, "entropy": 3.375820085610479, "errors": -192, "exp_cost": 94627, "f1-score": 0.8947692407334645, "falsepos": 0.5786768019587702, "fullscore": 0.9171423488870928, "index": 3.5748735199963653, "je": -21, "ke": 0.9681812273340014, "loss": 0.5549657026261937, "meanscore": 0.002007155093047497, "n_docs": 13, "non_null": 0.6787195099751397, "precision": 0.9999930203021266, "prediction_time": 2.76250125801946, "recall": 0.6644574609945593, "size": 338035, "time": 1.900044390541935, "we": 0.014446698208509079, "weighted_avg": 2.9631130903863805, "yw": 4.785160963205742, "z8": 17.998778213931956}, "classifier": {"B7": 137, "HS": 0.9392833354171135, "J6": 92753, "K4": 224, "KL": 0.5957885726910579, "KZ": 1.3702034472317177, "V0": 0, "accuracy": 0.9981667986763612, "auc": 0.06544025766374806, "avg_time": 11.542573485278307, "benchmark": 0.4546616193975952, "c0": 1.530865441233039, "distinct": 112, "entropy": 0.8627946488677958, "errors": 194, "exp_cost": 89227041, "f1-score": 0.6302199242360851, "falsepos": 0.2541300636850241, "fullscore": 0.8791004986127394, "index": 3.0285554380084605, "je": 0.3464753965756181, "ke": 1.8423181759865976, "loss": 0.20458252351752892, "meanscore": 0.01492395194999796, "n_docs": 300, "non_null": 0.16940549252484993, "precision": 0.9855579310686429, "prediction_time": 2.496717354378388, "pz": 332651, "recall": 0.45023816869846794, "size": 2862, "time": 1.8719842644593412, "weighted_avg": -0.5628133441411706, "yw": 0.1625142876695661, "z8": 0.9368506367656059}, "reports": {"B7": 9, "HS": 29.145476696475434, "J6": 0.05325293544649634, "K4": 31.501251690892506, "KL": 2.6983461694319777, "KZ": -81, "V0": 66, "accuracy": 0.11278093323511235, "auc": 0.8922549637813676, "avg_time": 1.325591873106534, "benchmark": -0.6049585034938203, "c0": 8.298202762087614, "entropy": 1.067209502912911, "errors": 243, "exp_cost": 543, "f1-score": 0.9982951392366938, "falsepos": 0.055157420168658766, "fullscore": 0.050805972362186536, "index": 24.399309770819354, "je": 0.6437585804776573, "ke": 5352, "loss": 0.37848655076972715, "meanscore": 0.9889375503940089, "n_docs": 2944, "non_null": 0.09098387578670186, "precision": 0.4944941493001837, "prediction_time": 8.800912231375655, "pz": 2.2554297812992985, "recall": 0.9847710072357376, "size": 1674, "time": 1.4434224737320362, "we": 3.3611420420632463, "weighted_avg": 2.447623880451, "yw": 2.6114534309529294, "z8": 0.9806664040367465}, "results": {"B7": 286, "HS": 86, "J6": -0.06277337323804719, "K4": 2.986169399817352, "KL": 114, "V0": 0.9124107995600897, "accuracy": 0.5315778615794354, "auc": 0.9567860211885164, "avg_time": 2.602372036482967, "benchmark": 1.5907538709476432, "c0": 3010, "distinct": -84, "entropy": -0.7415670958746752, "errors": 171, "exp_cost": 12742, "f1-score": 0.7380623939887786, "falsepos": 0.08076581219457712, "fullscore": 0.31485842001169645, "index": 2.1220730165522825, "je": 0.6213278198024246, "ke": 11.372738112514059, "loss": 0.016585657117402897, "meanscore": 0.8431102533871502, "n_docs": 34164, "non_null": 0.8312376670214586, "precision": 0.0540482878275394, "prediction_time": 3.7344453115717045, "pz": 4.067008155603591, "recall": 0.017442241666524194, "size": 766948, "time": 0.717039295775963, "we": -1.206102189667695, "weighted_avg": 3.657694853019797, "yw": 0.1193580475659804, "z8": 1588}, "train": {"B7": 0.9103004415329665, "HS": 145997, "K4": 4.036524775713791, "KL": 8.475116842814701, "KZ": 0.8620231833168057, "V0": -2, "accuracy": 0.9499831868839489, "auc": 0.9999988574055954, "benchmark": -0.24997449815906897, "c0": 0.9185127021455755, "distinct": 132, "entropy": -2.215253562581195, "errors": 95, "exp_cost": 91092, "f1-score": 0.09139119151995184, "falsepos": 0.6970296115178612, "fullscore": 0.7390083931671249, "index": 4.4859849674394905, "je": 0.12447011000277497, "ke": 0.29741658334701615, "loss": 0.7812736583491325, "meanscore": 0.999437666748753, "n_docs": 55725, "non_null": 0.36659566659367404, "precision": 0.5322402639472513, "prediction_time": 0.61455677652992, "pz": 362, "recall": 0.9914922188649724, "size": 9334, "time": 9.71704164232287, "we": 4.505673760054678, "weighted_avg": 0.9155826106158624, "yw": 0.04426896501429245, "z8": 0.3505365751680307}, "train_full": {"B7": 295, "HS": 21671, "J6": 1.4976594196109938, "K4": 212, "KL": 0.08755788792280983, "KZ": 0.7503091181364195, "V0": -0.6588086172091476, "accuracy": 0.12909440193893013, "auc": 0.28530274333107497, "avg_time": 0.8070457088015739, "benchmark": 0.34066644005360763, "c0": 0.5922949982933522, "distinct": 156, "entropy": -1.3674503551556627, "errors": -89, "exp_cost": 2147343, "f1-score": 0.8973259313735055, "falsepos": 0.29724718657184224, "fullscore": 0.7602172140224684, "index": 7.436209885991572, "je": 0.790421694431224, "ke": 896, "loss": 0.22840937956267438, "meanscore": 0.7912457845449797, "n_docs": 3109, "non_null": 4.818276429396917e-06, "precision": 0.9788901948985428, "prediction_time": 0.8174074491146459, "pz": 0.06844298548028299, "recall": 0.9999581016933394, "size": 9789, "time": 0.7910174402346675, "we": 7.6642953992871545, "weighted_avg": 1.8466625312459632, "yw": 0.5104518234727609, "z8": 1.2786034628490766}}