{"branch": {"B7": 431, "HS": 0.9999999981845934, "J6": 477, "K4": 4.824833291515818, "KL": 440.8704395811192, "KZ": 0.9999999999999859, "V0": 0.9598141138026794, "accuracy": 0.9999999251612645, "auc": 0.9999881324007649, "avg_time": 284.178780146357, "benchmark": 3.98284040886131, "c0": 0.9999999999999426, "distinct": 495, "entropy": 8.119674135000608, "errors": 181, "exp_cost": 13592729771, "f1-score": 0.9999999987226803, "falsepos": 2.7726660967175576e-09, "fullscore": 0.9999999999913441, "index": 1214.1039629615134, "je": 471, "ke": 0.9999999999969901, "loss": 7.493529130542242e-08, "meanscore": 0.999873933492128, "n_docs": 57514, "non_null": 1.2128179938120098e-07, "precision": 1.0, "prediction_time": 68.9896338681715, "recall": 0.9999999820347758, "size": 1034344189474, "time": 448.7459992089371, "we": 8.670841822322473e-14, "weighted_avg": 8.837403424674822, "yw": 476.01340834506533, "z8": 6459.539207010153}, "classifier": {"B7": 542, "HS": 0.9999974585886391, "J6": 242705005, "K4": 638, "KL": 6.137227916991339e-05, "KZ": 371.3659708201162, "V0": 365, "accuracy": 1.0, "auc": 0.9999792628895956, "avg_time": 494.89995810816134, "benchmark": 5.909277754731581, "c0": 7.951792361531553, "distinct": 438, "entropy": 6.272502192294538, "errors": 715, "exp_cost": 1149241592670, "f1-score": 0.9999855217389407, "falsepos": 6.115108419635362e-13, "fullscore": 0.9999871352490735, "index": 68.44912080654582, "je": 0.9999575581848045, "ke": 6.63582414783258, "loss": 3.1583659813039233e-06, "meanscore": 0.9997380558040057, "n_docs": 974811, "non_null": 6.940240826480704e-09, "precision": 1.0, "prediction_time": 112.38495563319694, "pz": 10411573754, "recall": 0.9999993549739903, "size": 50632949, "time": 24.16388740130116, "weighted_avg": 3.9388392074374448, "yw": 4.604952998062435, "z8": 0.0009141586247921607}, "reports": {"B7": 508, "HS": 3551.3081171182525, "J6": 7.683092221655308e-06, "K4": 1519.878431849842, "KL": 357.94559574538766, "KZ": 274, "V0": 570, "accuracy": 0.9968214190792845, "auc": 0.9999999992393926, "avg_time": 222.47933501384313, "benchmark": 4.68090217367181, "c0": 855.8909237414995, "entropy": 5.932337232450395, "errors": 822, "exp_cost": 1491468, "f1-score": 0.9999999999999998, "falsepos": 7.556728441882044e-07, "fullscore": 0.9969963796155099, "index": 1417.7341755923007, "je": 13.906885383306696, "ke": 123747509, "loss": 1.1982806264687618e-05, "meanscore": 0.9999999928836475, "n_docs": 11795233, "non_null": 5.2483573043105025e-12, "precision": 0.999834002979522, "prediction_time": 1931.210516859605, "pz": 930.6530538350788, "recall": 0.9999999812203454, "size": 5269926893, "time": 368.6007485486965, "we": 9.09200817903012, "weighted_avg": 5.2615511565320645, "yw": 7.255927154176284, "z8": 91.98264392506657}, "results": {"B7": 785, "HS": 186128, "J6": 6.578178548328052, "K4": 7.374219565768673, "KL": 626, "V0": 8.387804337095517e-06, "accuracy": 0.9999531313085988, "auc": 0.9999999999996506, "avg_time": 46.660269129412356, "benchmark": 5.29663627519091, "c0": 13810376, "distinct": 354, "entropy": 4.087853924328784, "errors": 609, "exp_cost": 108087007, "f1-score": 0.9999991326569486, "falsepos": 7.741008944961436e-10, "fullscore": 0.9826074896590473, "index": 80.87771982486376, "je": 0.9999999999946999, "ke": 673.6195854490903, "loss": 1.1102230246251565e-16, "meanscore": 0.9999999878955738, "n_docs": 110787009, "non_null": 3.572147222463684e-08, "precision": 0.9967496629722347, "prediction_time": 215.31972537488846, "pz": 139.38625288967808, "recall": 0.9781601406803884, "size": 4780920590, "time": 67.25972141461504, "we": 3.682149312168115, "weighted_avg": 8.130136052107746, "yw": 0.9204526433049826, "z8": 610730500}, "train": {"B7": 0.9999999999992225, "HS": 41903319143, "K4": 69.11362664828867, "KL": 1028.6169986165414, "KZ": 0.9999999208099145, "V0": 620, "accuracy": 0.9999999999399847, "auc": 1.0, "benchmark": 4.89490878690829, "c0": 0.0017837360808558023, "distinct": 582, "entropy": 4.008179881409987, "errors": 402, "exp_cost": 3314416426, "f1-score": 0.9864842577332694, "falsepos": 0.0009943255022366593, "fullscore": 0.9999992056590887, "index": 163.1965842531668, "je": 0.9999724103784132, "ke": 0.999999988605808, "loss": 0.00026978504833363726, "meanscore": 0.9999999999999989, "n_docs": 26933906314, "non_null": 3.374229041730459e-06, "precision": 0.9999408623042567, "prediction_time": 33.05961925909206, "pz": 719, "recall": 0.9999999999998526, "size": 213487209, "time": 376.5907261163784, "we": 858.1957588004541, "weighted_avg": 5.380960638368984, "yw": 2.29401276863328e-07, "z8": 1.299099072760157e-06}, "train_full": {"B7": 744, "HS": 17477658606, "J6": 36.05537281985397, "K4": 755, "KL": 2.220446049250313e-16, "KZ": 0.9999949691904624, "V0": 3.581390012704176, "accuracy": 0.9696051642555188, "auc": 0.9999980602842728, "avg_time": 265.39067606971923, "benchmark": 4.885411339313359, "c0": 169.84913010389863, "distinct": 598, "entropy": 4.597411097414218, "errors": 402, "exp_cost": 52034591316, "f1-score": 0.9999999993681409, "falsepos": 1.5134815622985798e-09, "fullscore": 0.9999931853912039, "index": 669.5270341580662, "je": 6.867660354559213e-05, "ke": 1109100, "loss": 5.4641577262870555e-08, "meanscore": 0.9999999999997085, "n_docs": 12471827, "non_null": 0.0, "precision": 0.9999999997879857, "prediction_time": 41.88306219160398, "pz": 0.9963118270667606, "recall": 1.0, "size": 158239905, "time": 511.33362174140916, "we": 154.61395201934934, "weighted_avg": 7.221490859845081, "yw": 0.9999999963401063, "z8": 6.276129608527044}}