{"branch": {"B7": 214, "HS": 0.999251426986973, "J6": 192, "K4": 2.397654402209414, "KL": 20.545922840732675, "KZ": 0.999916893864093, "V0": 0.21805115778521084, "accuracy": 0.9958410383332134, "auc": 0.9365799027498651, "avg_time": 25.894251619554627, "benchmark": 1.1074438199203516, "c0": 0.9999981021024342, "distinct": 260, "entropy": 5.327986393772069, "errors": -35, "exp_cost": 24550051, "f1-score": 0.9994810417464388, "falsepos": 0.01065854486275064, "fullscore": 0.9997038813524972, "index": 40.63241081639601, "je": 177, "ke": 0.999977815891226, "loss": 0.019085150921193117, "meanscore": 0.4646098757010262, "n_docs": 348, "non_null": 0.030519147353687215, "precision": 0.9999999999214375, "prediction_time": 12.349351688007369, "recall": 0.9962370062041592, "size": 166230461, "time": 18.948905701675617, "we": 6.213064298266069e-06, "weighted_avg": 5.433819294023645, "yw": 33.2979493477645, "z8": 165.128946177941}, "classifier": {"B7": 325, "HS": 0.9971992401823744, "J6": 3329807, "K4": 403, "KL": 0.06677502968597127, "KZ": 14.165039030362983, "V0": 145, "accuracy": 0.9999999260819283, "auc": 0.768252653087591, "avg_time": 58.28200810099848, "benchmark": 2.5963754985280323, "c0": 4.19746157467222, "distinct": 245, "entropy": 3.103333580168011, "errors": 417, "exp_cost": 5817043280, "f1-score": 0.9763500718521578, "falsepos": 0.0003121225784450399, "fullscore": 0.9897870560569499, "index": 10.473361911877719, "je": 0.9048913380378723, "ke": 3.8560957112163514, "loss": 0.006099214167527567, "meanscore": 0.6015847022845334, "n_docs": 9246, "non_null": 0.0014841781907134477, "precision": 0.9999991383222147, "prediction_time": 11.443467168961268, "pz": 27324538, "recall": 0.9811323747590474, "size": 220643, "time": 5.477887841772143, "weighted_avg": 1.3606220023183133, "yw": 2.063669333305959, "z8": 0.3325837635015332}, "reports": {"B7": 224, "HS": 239.0421965492028, "J6": 0.00233742954221694, "K4": 150.3494129732741, "KL": 21.79095351511362, "KZ": 70, "V0": 263, "accuracy": 0.7035377488593906, "auc": 0.9994976085472261, "avg_time": 10.981724498106166, "benchmark": 1.6699432390173692, "c0": 53.30768255251062, "entropy": 3.0774276516086068, "errors": 476, "exp_cost": 12757, "f1-score": 0.999999801716569, "falsepos": 0.0022932124541326093, "fullscore": 0.5773208214628144, "index": 153.01309544249767, "je": 2.0149214436700102, "ke": 337630, "loss": 0.019638074228095492, "meanscore": 0.9998586506012181, "n_docs": 88038, "non_null": 0.0001451377836821921, "precision": 0.94148879004911, "prediction_time": 79.80276431231445, "pz": 28.94512586279522, "recall": 0.9998062748240529, "size": 848918, "time": 16.876227957763373, "we": 5.725533802303613, "weighted_avg": 3.7367030249991364, "yw": 4.495903569840152, "z8": 6.294166836013602}, "results": {"B7": 503, "HS": 1819, "J6": 2.5312201719053866, "K4": 4.826130028322514, "KL": 331, "V0": 0.14408322976187193, "accuracy": 0.950061225313899, "auc": 0.9999745618790273, "avg_time": 10.652504849118742, "benchmark": 3.165844506505315, "c0": 136367, "distinct": 91, "entropy": 1.3701479307589985, "errors": 359, "exp_cost": 614749, "f1-score": 0.9932145501370675, "falsepos": 0.00031742173830318077, "fullscore": 0.6836445704517276, "index": 9.363582804515849, "je": 0.9984766689301602, "ke": 62.47623164095398, "loss": 9.898284627496423e-07, "meanscore": 0.9975883001247347, "n_docs": 1233390, "non_null": 0.04118891342150455, "precision": 0.5942625365548079, "prediction_time": 21.236500106063477, "pz": 23.080889133885787, "recall": 0.4587758974305186, "size": 25480893, "time": 4.9750084465555116, "we": 0.7940415414640608, "weighted_avg": 5.457171079747735, "yw": 0.43676687043088486, "z8": 263447}, "train": {"B7": 0.9998930251898278, "HS": 30907228, "K4": 16.38955688624298, "KL": 62.06722824744119, "KZ": 0.9974407536714439, "V0": 273, "accuracy": 0.9999333160159914, "auc": 0.9999999999983296, "benchmark": 1.852630543918417, "c0": 0.28243151794248367, "distinct": 328, "entropy": 0.33764660576042527, "errors": 215, "exp_cost": 9317407, "f1-score": 0.538544156943749, "falsepos": 0.16345320054378298, "fullscore": 0.9925045583373544, "index": 20.82949902448915, "je": 0.7861702305328482, "ke": 0.9848201317795813, "loss": 0.1852675264200757, "meanscore": 0.9999999402090978, "n_docs": 22002311, "non_null": 0.01661821943333619, "precision": 0.9389567351301354, "prediction_time": 3.5297758649709543, "pz": 514, "recall": 0.9999985688674516, "size": 558001, "time": 52.62321593756651, "we": 33.66590628288649, "weighted_avg": 2.694432273018768, "yw": 0.0016460693127192672, "z8": 0.021897917836161906}, "train_full": {"B7": 487, "HS": 7147427, "J6": 5.712125829437489, "K4": 448, "KL": 1.3071035907086248e-05, "KZ": 0.9755084717533368, "V0": 1.1476365762867622, "accuracy": 0.5751442135561785, "auc": 0.951164389931009, "avg_time": 8.585654890938613, "benchmark": 2.2656979751034934, "c0": 6.988168098630414, "distinct": 323, "entropy": 1.2103344775311597, "errors": 126, "exp_cost": 213757879, "f1-score": 0.9994294919838994, "falsepos": 0.0031399766565385345, "fullscore": 0.9920500582210079, "index": 48.90421778886409, "je": 0.10831406951853406, "ke": 22184, "loss": 0.0028867044997771263, "meanscore": 0.9997580582962209, "n_docs": 128818, "non_null": 6.489708770374136e-11, "precision": 0.9999615500898296, "prediction_time": 4.628627148910226, "pz": 0.5407573025015547, "recall": 0.9999999997774642, "size": 419700, "time": 11.212163301708719, "we": 31.126606767429102, "weighted_avg": 3.9709768496700697, "yw": 0.9920168125883255, "z8": 3.315797657874016}}