{"branch": {"B7": 480, "HS": 0.999999999992682, "J6": 549, "K4": 5.603214421193677, "KL": 963.9565171091473, "KZ": 1.0, "V0": 0.9921266401189739, "accuracy": 0.9999999992696345, "auc": 0.9999993770672274, "avg_time": 637.094152480415, "benchmark": 4.714031050139167, "c0": 0.9999999999999998, "distinct": 572, "entropy": 8.921940420309815, "errors": 232, "exp_cost": 97031252865, "f1-score": 0.9999999999875075, "falsepos": 7.281397707004089e-12, "fullscore": 0.9999999999999861, "index": 2953.766658170622, "je": 535, "ke": 0.999999999999997, "loss": 7.818014013949437e-10, "meanscore": 0.999999446206993, "n_docs": 308477, "non_null": 1.1851420955721892e-09, "precision": 1.0, "prediction_time": 95.59692421682247, "recall": 0.9999999997830409, "size": 12346620146640, "time": 961.0122798945731, "we": 1.1102230246251565e-16, "weighted_avg": 9.820338339442518, "yw": 1029.8005409688315, "z8": 15026.453680657503}, "classifier": {"B7": 617, "HS": 0.9999997249142819, "J6": 662975733, "K4": 703, "KL": 4.010041790514229e-06, "KZ": 863.5155789859675, "V0": 423, "accuracy": 1.0, "auc": 0.9999995640990504, "avg_time": 749.8985792773965, "benchmark": 6.699253294814491, "c0": 8.90887636322271, "distinct": 486, "entropy": 7.020026085855447, "errors": 801, "exp_cost": 3881221527185, "f1-score": 0.9999990658877965, "falsepos": 2.220446049250313e-16, "fullscore": 0.9999996363314806, "index": 110.75811051327517, "je": 0.9999984774773991, "ke": 7.4686189577364, "loss": 1.5446974055421947e-07, "meanscore": 0.9999951553500532, "n_docs": 3591559, "non_null": 1.9440649090540774e-10, "precision": 1.0, "prediction_time": 195.95266870009849, "pz": 52645107863, "recall": 0.9999999756129125, "size": 294307715, "time": 41.10891428295184, "weighted_avg": 4.741297972130078, "yw": 5.276583926994663, "z8": 6.233791451493165e-05}, "reports": {"B7": 590, "HS": 6940.917818183146, "J6": 1.4057381058085738e-06, "K4": 2699.574020813927, "KL": 808.1676335372644, "KZ": 341, "V0": 667, "accuracy": 0.9997480310894329, "auc": 0.999999999993072, "avg_time": 563.5665253895066, "benchmark": 5.49495753911678, "c0": 1804.42769137357, "entropy": 6.896948495119223, "errors": 905, "exp_cost": 4996260, "f1-score": 1.0, "falsepos": 3.1878200523749456e-08, "fullscore": 0.9997713210111543, "index": 2818.889379790196, "je": 23.11929229844709, "ke": 964624700, "loss": 2.8286899977914004e-07, "meanscore": 0.9999999999216527, "n_docs": 42024531, "non_null": 2.220446049250313e-14, "precision": 0.9999846493344089, "prediction_time": 5120.23234637539, "pz": 2476.0913792321585, "recall": 0.999999998752571, "size": 60511793669, "time": 920.727781854496, "we": 10.046700369603453, "weighted_avg": 5.714576205142706, "yw": 8.086068996525857, "z8": 207.0404790070471}, "results": {"B7": 871, "HS": 602722, "J6": 7.557905531976123, "K4": 8.086547117435092, "KL": 706, "V0": 1.1504337971146583e-07, "accuracy": 0.9999969024304833, "auc": 0.9999999999999989, "avg_time": 68.01766328669152, "benchmark": 5.805014284322035, "c0": 47173976, "distinct": 442, "entropy": 4.84863878599806, "errors": 682, "exp_cost": 321875282, "f1-score": 0.9999999781394238, "falsepos": 7.794542788985837e-12, "fullscore": 0.9942507666178452, "index": 167.79048562785235, "je": 0.9999999999999962, "ke": 1308.409709957971, "loss": 0.0, "meanscore": 0.9999999999181804, "n_docs": 397481058, "non_null": 2.583794289634511e-10, "precision": 0.9995583592718704, "prediction_time": 395.79043981987104, "pz": 286.9058822098773, "recall": 0.9965848823272041, "size": 21500009215, "time": 138.25007611689114, "we": 4.553366585244384, "weighted_avg": 8.860089074630553, "yw": 0.96408899664182, "z8": 4026224368}, "train": {"B7": 0.9999999999999983, "HS": 313284235474, "K4": 134.16236933562809, "KL": 2343.317510728384, "KZ": 0.9999999980808971, "V0": 714, "accuracy": 0.9999999999997871, "auc": 1.0, "benchmark": 5.6768623981168265, "c0": 0.0003485690126627805, "distinct": 636, "entropy": 5.032762043417687, "errors": 458, "exp_cost": 17020897709, "f1-score": 0.9976659731523579, "falsepos": 0.00012507982318810118, "fullscore": 0.9999999649011431, "index": 326.498573131298, "je": 0.999999633413279, "ke": 0.9999999999796597, "loss": 3.876137758218601e-05, "meanscore": 1.0, "n_docs": 266394600248, "non_null": 8.566616593874699e-08, "precision": 0.9999948114018715, "prediction_time": 55.728104659043034, "pz": 764, "recall": 0.9999999999999998, "size": 1082702501, "time": 619.4207172233469, "we": 1912.0421657164593, "weighted_avg": 6.1650433902801165, "yw": 1.6395356183807053e-08, "z8": 3.47889610452512e-08}, "train_full": {"B7": 809, "HS": 182950868655, "J6": 62.58434701760416, "K4": 828, "KL": 0.0, "KZ": 0.999999443036945, "V0": 4.01375046179231, "accuracy": 0.9936059635557342, "auc": 0.9999999544847947, "avg_time": 703.7835069720048, "benchmark": 5.642889253579787, "c0": 372.6952439281711, "distinct": 665, "entropy": 5.571722058671947, "errors": 498, "exp_cost": 337310539704, "f1-score": 0.9999999999961801, "falsepos": 1.3505196960750254e-11, "fullscore": 0.9999996371816917, "index": 1253.6119421844498, "je": 2.8370060665139363e-06, "ke": 3078509, "loss": 3.212974331034957e-10, "meanscore": 1.0, "n_docs": 62642130, "non_null": 0.0, "precision": 0.9999999999978055, "prediction_time": 69.41221477997075, "pz": 0.9996103923301936, "recall": 1.0, "size": 830026464, "time": 1502.4004800851699, "we": 249.5373700004065, "weighted_avg": 7.966127492203466, "yw": 0.9999999999901604, "z8": 6.999714885955806}}