{"branch": {"B7": 445, "HS": 0.9999999997117046, "J6": 508, "K4": 5.240394831340096, "KL": 558.5473546564774, "KZ": 0.9999999999999994, "V0": 0.9732076118892791, "accuracy": 0.999999981511873, "auc": 0.9999929000177628, "avg_time": 348.7154582416754, "benchmark": 4.368928033409286, "c0": 0.999999999999995, "distinct": 531, "entropy": 8.242179850071674, "errors": 191, "exp_cost": 24573112577, "f1-score": 0.9999999996822587, "falsepos": 4.490869898177152e-10, "fullscore": 0.9999999999995879, "index": 1826.5475412122805, "je": 491, "ke": 0.9999999999998909, "loss": 2.0330482297659103e-08, "meanscore": 0.9999827563591643, "n_docs": 116124, "non_null": 2.7432049853892693e-08, "precision": 1.0, "prediction_time": 81.62998987943632, "recall": 0.9999999949338598, "size": 3034839028579, "time": 596.657420387047, "we": 1.1324274851176597e-14, "weighted_avg": 9.129322129735522, "yw": 767.6849691291475, "z8": 9069.853585195493}, "classifier": {"B7": 572, "HS": 0.999999160543638, "J6": 497185630, "K4": 675, "KL": 3.083761624067538e-05, "KZ": 506.2944602230739, "V0": 389, "accuracy": 1.0, "auc": 0.9999939133555276, "avg_time": 599.6681668528505, "benchmark": 5.977479746490107, "c0": 8.250650743502831, "distinct": 448, "entropy": 6.452373638981397, "errors": 754, "exp_cost": 1540977252590, "f1-score": 0.9999952423223921, "falsepos": 2.90878432451791e-14, "fullscore": 0.9999955167273298, "index": 80.57167262251531, "je": 0.9999920210586755, "ke": 6.963859192964859, "loss": 1.1372271904175335e-06, "meanscore": 0.9999331601712447, "n_docs": 1159099, "non_null": 2.836021639751607e-09, "precision": 1.0, "prediction_time": 142.95588279131098, "pz": 17753024791, "recall": 0.9999997897812827, "size": 106087809, "time": 31.14762284274524, "weighted_avg": 4.272592186861611, "yw": 4.898941721525567, "z8": 0.00045571713902858857}, "reports": {"B7": 533, "HS": 4537.10838953945, "J6": 4.378656326520236e-06, "K4": 1792.0183252380305, "KL": 571.8016868749635, "KZ": 301, "V0": 611, "accuracy": 0.9987105924943811, "auc": 0.9999999996947342, "avg_time": 294.2577751467511, "benchmark": 5.080899229739865, "c0": 1089.578769287873, "entropy": 6.418923783433798, "errors": 851, "exp_cost": 2948629, "f1-score": 1.0, "falsepos": 2.5638755984935813e-07, "fullscore": 0.9987099417467703, "index": 2086.7790086781993, "je": 15.464732389754625, "ke": 424038720, "loss": 3.516559178073919e-06, "meanscore": 0.9999999987040024, "n_docs": 17951540, "non_null": 6.549205622263798e-13, "precision": 0.9999516194011708, "prediction_time": 2719.5076999514695, "pz": 1333.9377998816587, "recall": 0.9999999871389377, "size": 12175334626, "time": 521.0945826192735, "we": 9.614658960870806, "weighted_avg": 5.443710585645888, "yw": 7.57928413707905, "z8": 116.1619186730862}, "results": {"B7": 810, "HS": 207329, "J6": 6.917172012349175, "K4": 7.542908499123558, "KL": 655, "V0": 2.0362487258562822e-06, "accuracy": 0.9999823988013139, "auc": 0.9999999999999649, "avg_time": 55.33604539955077, "benchmark": 5.511577606686099, "c0": 26732317, "distinct": 394, "entropy": 4.280949521152315, "errors": 629, "exp_cost": 162787141, "f1-score": 0.9999998523682089, "falsepos": 1.319948594868947e-10, "fullscore": 0.9849910984359438, "index": 108.63027797746174, "je": 0.9999999999995822, "ke": 1025.0598181669718, "loss": 0.0, "meanscore": 0.9999999977128269, "n_docs": 141304944, "non_null": 9.068125583766573e-09, "precision": 0.9973480489116079, "prediction_time": 251.2752828004905, "pz": 155.6304365344611, "recall": 0.9912782141423625, "size": 9487661904, "time": 91.78915339165673, "we": 4.078181944082981, "weighted_avg": 8.358737130402046, "yw": 0.9405896917332626, "z8": 892663991}, "train": {"B7": 0.999999999999587, "HS": 95287277923, "K4": 93.49146497407231, "KL": 1342.6491667163953, "KZ": 0.9999999757197431, "V0": 653, "accuracy": 0.9999999999960475, "auc": 1.0, "benchmark": 5.12899679228113, "c0": 0.0012827795697034627, "distinct": 592, "entropy": 4.30405381037741, "errors": 407, "exp_cost": 7258663455, "f1-score": 0.9922545493265518, "falsepos": 0.0004843423903841959, "fullscore": 0.9999998768369585, "index": 255.192916024062, "je": 0.9999936599418061, "ke": 0.9999999988561122, "loss": 0.00019160877044399616, "meanscore": 1.0, "n_docs": 60658555267, "non_null": 4.1155532537473505e-07, "precision": 0.9999649553386531, "prediction_time": 42.28511651207159, "pz": 722, "recall": 0.9999999999999761, "size": 407347607, "time": 505.386410152004, "we": 1081.6099170984135, "weighted_avg": 5.69153063131845, "yw": 1.8582462324445714e-07, "z8": 4.1032290210019084e-07}, "train_full": {"B7": 764, "HS": 45871616942, "J6": 40.59604579744293, "K4": 769, "KL": 0.0, "KZ": 0.9999972848215796, "V0": 3.769268894378228, "accuracy": 0.980515467929648, "auc": 0.9999994173441924, "avg_time": 397.2891766745824, "benchmark": 5.208264738423885, "c0": 226.9588406566077, "distinct": 621, "entropy": 5.053461353991092, "errors": 447, "exp_cost": 80713698730, "f1-score": 0.999999999608083, "falsepos": 2.2446999814462743e-10, "fullscore": 0.9999972354624711, "index": 756.2017324177403, "je": 2.7978210695334127e-05, "ke": 1721286, "loss": 5.120879720266203e-09, "meanscore": 0.9999999999999827, "n_docs": 22186751, "non_null": 0.0, "precision": 0.9999999998794666, "prediction_time": 50.27050692217313, "pz": 0.9983169792991058, "recall": 1.0, "size": 234118112, "time": 813.1869665216633, "we": 193.04195620775857, "weighted_avg": 7.546583033711584, "yw": 0.9999999993397699, "z8": 6.524323337232107}}