{"branch": {"B7": 339, "HS": 0.9999988794212921, "J6": 349, "K4": 3.946082806815334, "KL": 116.45519543924736, "KZ": 0.9999999992900735, "V0": 0.7465856689877295, "accuracy": 0.999969957713954, "auc": 0.9984464117156786, "avg_time": 94.6445045221821, "benchmark": 3.049344444311375, "c0": 0.999999999747742, "distinct": 420, "entropy": 6.901568540179374, "errors": 100, "exp_cost": 994853021, "f1-score": 0.9999993593983127, "falsepos": 5.79279512213926e-06, "fullscore": 0.9999999361685836, "index": 292.17671707724173, "je": 357, "ke": 0.9999999940881059, "loss": 9.855106784961709e-05, "meanscore": 0.984980675784912, "n_docs": 9842, "non_null": 6.33014678491639e-05, "precision": 0.9999999999999983, "prediction_time": 31.56524169492822, "recall": 0.9999947089427946, "size": 22675283746, "time": 121.480346081247, "we": 4.5451920005490365e-10, "weighted_avg": 7.361468327189238, "yw": 166.60510472449766, "z8": 1214.3735937884858}, "classifier": {"B7": 454, "HS": 0.9999323885209861, "J6": 37290794, "K4": 546, "KL": 0.002870989316886785, "KZ": 97.49681868791954, "V0": 277, "accuracy": 0.9999999999994792, "auc": 0.9964557132893831, "avg_time": 165.4009762457045, "benchmark": 4.412965493936942, "c0": 6.400402419683825, "distinct": 356, "entropy": 4.882908072023442, "errors": 586, "exp_cost": 125571154479, "f1-score": 0.9985526071730613, "falsepos": 1.9387507488310973e-08, "fullscore": 0.9997835528157636, "index": 28.69877815969934, "je": 0.9983621444860845, "ke": 5.475207801958359, "loss": 0.00010196546571239473, "meanscore": 0.9788210734488374, "n_docs": 124876, "non_null": 6.517715880893782e-06, "precision": 0.9999999999988105, "prediction_time": 43.31585991470776, "pz": 970997318, "recall": 0.9998540412623714, "size": 6140033, "time": 13.387220957995066, "weighted_avg": 2.734027857858721, "yw": 3.561763680389226, "z8": 0.022410558867499097}, "reports": {"B7": 385, "HS": 1098.1983443411586, "J6": 0.0001086835420206489, "K4": 590.2756592399763, "KL": 108.03631991954248, "KZ": 194, "V0": 440, "accuracy": 0.9617389145358162, "auc": 0.9999992656060197, "avg_time": 58.111784059718445, "benchmark": 3.4611065888708152, "c0": 261.1653855818546, "entropy": 4.8674145124622115, "errors": 676, "exp_cost": 222571, "f1-score": 0.9999999999944779, "falsepos": 4.7194387571725116e-05, "fullscore": 0.9553820548280774, "index": 663.9154020876949, "je": 5.753520907888425, "ke": 15974765, "loss": 0.00046913127002701227, "meanscore": 0.9999976640740309, "n_docs": 1380881, "non_null": 1.630084633941209e-08, "precision": 0.9971160277422076, "prediction_time": 473.11880260802917, "pz": 228.06601863420866, "recall": 0.9999984619489541, "size": 116300566, "time": 108.06175534310522, "we": 7.848419775165632, "weighted_avg": 4.627781237027065, "yw": 6.240233730462758, "z8": 32.31188876799175}, "results": {"B7": 666, "HS": 29369, "J6": 4.878838170113734, "K4": 6.24278201488027, "KL": 514, "V0": 0.0020722693508672396, "accuracy": 0.9980951555907944, "auc": 0.999999998758987, "avg_time": 26.163492067156213, "benchmark": 4.494764692687871, "c0": 2222061, "distinct": 239, "entropy": 2.882829056607437, "errors": 513, "exp_cost": 16709772, "f1-score": 0.9999488565868263, "falsepos": 5.802446646496762e-07, "fullscore": 0.9337522306181367, "index": 30.12669210255997, "je": 0.9999998449202532, "ke": 281.59573004739076, "loss": 9.780620757737779e-12, "meanscore": 0.9999934148931329, "n_docs": 14622404, "non_null": 4.468271684421321e-05, "precision": 0.9294034989240467, "prediction_time": 80.69048572630042, "pz": 67.72414058763952, "recall": 0.877264834539975, "size": 470110769, "time": 21.26285448918362, "we": 2.3509294378476553, "weighted_avg": 6.972166620203426, "yw": 0.7736278601431623, "z8": 17972749}, "train": {"B7": 0.9999999824079624, "HS": 2492070197, "K4": 37.99710668176642, "KL": 319.49612804493836, "KZ": 0.9999867001870237, "V0": 473, "accuracy": 0.9999999248849163, "auc": 1.0, "benchmark": 3.5583485435761117, "c0": 0.022064122990824164, "distinct": 444, "entropy": 2.438890300608346, "errors": 322, "exp_cost": 396828046, "f1-score": 0.9032652687765926, "falsepos": 0.011158187703026012, "fullscore": 0.999936593305132, "index": 67.17309344108507, "je": 0.9967869808774894, "ke": 0.9999836887374594, "loss": 0.007597605126635654, "meanscore": 0.9999999999979818, "n_docs": 1280326913, "non_null": 0.00011055337400178722, "precision": 0.9987991070541922, "prediction_time": 15.78136498922345, "pz": 619, "recall": 0.9999999998323222, "size": 12136374, "time": 175.97834003708599, "we": 211.10578687618178, "weighted_avg": 4.3187894575073855, "yw": 2.025074239886404e-05, "z8": 0.00022081507509752463}, "train_full": {"B7": 636, "HS": 791882514, "J6": 14.43523386257693, "K4": 606, "KL": 3.619671229415644e-11, "KZ": 0.9994537410029403, "V0": 2.569319025892528, "accuracy": 0.9064920130384334, "auc": 0.9995069993531185, "avg_time": 61.64552433577309, "benchmark": 3.7142636262101143, "c0": 49.33537849200257, "distinct": 491, "entropy": 3.1445022423935765, "errors": 307, "exp_cost": 7131180838, "f1-score": 0.9999985592058304, "falsepos": 1.5035945765129455e-06, "fullscore": 0.9997313360528285, "index": 202.8607282758799, "je": 0.004327979165138274, "ke": 223910, "loss": 2.9592092798624847e-05, "meanscore": 0.9999999904354646, "n_docs": 1792183, "non_null": 1.1102230246251565e-16, "precision": 0.9999999403002117, "prediction_time": 18.43477873416655, "pz": 0.9380896425428568, "recall": 0.9999999999999999, "size": 10102166, "time": 109.65385512497146, "we": 80.90337640646213, "weighted_avg": 5.739990683221231, "yw": 0.9999903233356404, "z8": 5.043132478399268}}