{"branch": {"B7": 353, "HS": 0.9999996246066583, "J6": 382, "K4": 4.181965432250007, "KL": 162.80755737475872, "KZ": 0.9999999998971276, "V0": 0.8062836667995685, "accuracy": 0.9999870676879618, "auc": 0.9993879951892837, "avg_time": 122.91082280051407, "benchmark": 3.240205506638793, "c0": 0.9999999999425568, "distinct": 439, "entropy": 7.173436640460952, "errors": 110, "exp_cost": 1399503625, "f1-score": 0.9999997938508761, "falsepos": 1.7060300699922593e-06, "fullscore": 0.9999999883012664, "index": 422.5581149006841, "je": 375, "ke": 0.9999999990640538, "loss": 2.153783984071289e-05, "meanscore": 0.9939060003933587, "n_docs": 16374, "non_null": 1.9293528311981056e-05, "precision": 0.9999999999999998, "prediction_time": 38.167281442778865, "recall": 0.999997559881218, "size": 59862792476, "time": 169.50081274035395, "we": 9.699807623775314e-11, "weighted_avg": 7.65917727159255, "yw": 204.56753833988608, "z8": 1704.2817591023986}, "classifier": {"B7": 461, "HS": 0.9999647721999735, "J6": 63631322, "K4": 572, "KL": 0.001210628468289121, "KZ": 130.7570961235167, "V0": 296, "accuracy": 0.999999999999948, "auc": 0.998468677916721, "avg_time": 245.53453867113603, "benchmark": 4.769362133184629, "c0": 6.723194984113708, "distinct": 377, "entropy": 5.272381123278043, "errors": 613, "exp_cost": 216799089915, "f1-score": 0.999523054704032, "falsepos": 1.7634517179843101e-09, "fullscore": 0.999893536273769, "index": 37.19407663459925, "je": 0.9988254419657485, "ke": 5.828016460822669, "loss": 5.403150593230599e-05, "meanscore": 0.9929586745688581, "n_docs": 200307, "non_null": 2.091853297803148e-06, "precision": 0.9999999999998317, "prediction_time": 56.25048743964489, "pz": 2082853571, "recall": 0.9999594302785355, "size": 11431014, "time": 16.119265691955512, "weighted_avg": 3.0340557182799093, "yw": 3.7786666264800224, "z8": 0.014731561594818476}, "reports": {"B7": 417, "HS": 1579.0167314760445, "J6": 5.8777838066848e-05, "K4": 731.5253252728546, "KL": 151.70183458335194, "KZ": 210, "V0": 460, "accuracy": 0.9793230144179524, "auc": 0.9999998071543494, "avg_time": 79.0735203828864, "benchmark": 3.7824440503485155, "c0": 337.82267388801824, "entropy": 5.1412578333475905, "errors": 718, "exp_cost": 425495, "f1-score": 0.9999999999989684, "falsepos": 1.783957793444202e-05, "fullscore": 0.9809260444133571, "index": 745.5951269867478, "je": 6.768641885500554, "ke": 15262817, "loss": 0.00022459400408259, "meanscore": 0.9999996779302575, "n_docs": 2119508, "non_null": 2.3070716448359008e-09, "precision": 0.9984983007339194, "prediction_time": 692.0260192563403, "pz": 334.76979726036717, "recall": 0.9999996215744954, "size": 421703501, "time": 146.08643486861033, "we": 8.124812044328017, "weighted_avg": 4.817096495783964, "yw": 6.429041593127701, "z8": 37.869549080556894}, "results": {"B7": 687, "HS": 43835, "J6": 5.299824722791918, "K4": 6.562503558657293, "KL": 533, "V0": 0.0006386647103640009, "accuracy": 0.9992261591818632, "auc": 0.9999999997270227, "avg_time": 26.963395415786326, "benchmark": 4.659156307908982, "c0": 4249031, "distinct": 260, "entropy": 3.197074067148308, "errors": 529, "exp_cost": 21542952, "f1-score": 0.999984992216013, "falsepos": 1.2011274641565706e-07, "fullscore": 0.9456835425267417, "index": 39.83696775280486, "je": 0.9999999826652227, "ke": 335.0581120560412, "loss": 4.537481501643015e-13, "meanscore": 0.999998239517292, "n_docs": 22510393, "non_null": 1.1712328519153381e-05, "precision": 0.9608314910144662, "prediction_time": 107.72705521362052, "pz": 77.16758991349153, "recall": 0.9155073169502018, "size": 1139848882, "time": 29.23740719122293, "we": 2.779602807391154, "weighted_avg": 7.165941111204529, "yw": 0.8199379363315976, "z8": 39201650}, "train": {"B7": 0.9999999980984298, "HS": 4773048404, "K4": 46.036466025461834, "KL": 382.0324883116609, "KZ": 0.9999944767049852, "V0": 501, "accuracy": 0.9999999805511564, "auc": 1.0, "benchmark": 3.788675892586225, "c0": 0.015735780104837005, "distinct": 484, "entropy": 2.7656859588322917, "errors": 341, "exp_cost": 634838551, "f1-score": 0.9443526167361278, "falsepos": 0.006627135698596964, "fullscore": 0.9999786714370311, "index": 92.77704456096052, "je": 0.9983393362104355, "ke": 0.9999958516556925, "loss": 0.003298693124303531, "meanscore": 0.9999999999999116, "n_docs": 3038289738, "non_null": 5.924903715737173e-05, "precision": 0.9990341962036928, "prediction_time": 17.26988567087509, "pz": 657, "recall": 0.9999999999541979, "size": 23918853, "time": 216.6836817839118, "we": 292.7685850442938, "weighted_avg": 4.529708393264535, "yw": 8.62295838544025e-06, "z8": 8.820536554199343e-05}, "train_full": {"B7": 661, "HS": 1602169603, "J6": 20.922759580439894, "K4": 647, "KL": 2.261302256556519e-12, "KZ": 0.9996882513177588, "V0": 2.75225726771125, "accuracy": 0.9159579130939575, "auc": 0.9998688237726802, "avg_time": 87.4300182054448, "benchmark": 4.041214978414706, "c0": 65.4159148303122, "distinct": 496, "entropy": 3.518827651273782, "errors": 319, "exp_cost": 9515701707, "f1-score": 0.9999998184577548, "falsepos": 6.189453586324944e-07, "fullscore": 0.9999439954679898, "index": 261.8623704550193, "je": 0.0015763488830248251, "ke": 322133, "loss": 3.949464326136187e-06, "meanscore": 0.9999999992030264, "n_docs": 3413221, "non_null": 0.0, "precision": 0.9999999560568096, "prediction_time": 23.52884196021662, "pz": 0.9658128760984959, "recall": 1.0, "size": 23063115, "time": 155.39663142632497, "we": 97.1970570052261, "weighted_avg": 6.094328039125677, "yw": 0.9999984118161359, "z8": 5.404063924941887}}