{"branch": {"B7": 217, "HS": 0.9992788955884414, "J6": 180, "K4": 2.2971099451130446, "KL": 19.828710295414748, "KZ": 0.9999015838716069, "V0": 0.21364255961708373, "accuracy": 0.9962632909440909, "auc": 0.9279632738224575, "avg_time": 25.763951385943525, "benchmark": 1.0593991929497606, "c0": 0.9999983405588003, "distinct": 258, "entropy": 5.349249210528647, "errors": -33, "exp_cost": 21185215, "f1-score": 0.9993741683753499, "falsepos": 0.013118883309576113, "fullscore": 0.9996771649144852, "index": 37.8604680916999, "je": 178, "ke": 0.9999643662277422, "loss": 0.02168156463307047, "meanscore": 0.44777509883185335, "n_docs": 434, "non_null": 0.03573711406459357, "precision": 0.9999999998752394, "prediction_time": 12.58440327690471, "recall": 0.9953446959881627, "size": 148864381, "time": 19.031680460872142, "we": 5.976862682888218e-06, "weighted_avg": 5.384009096121993, "yw": 30.002052436039683, "z8": 169.77846840405223}, "classifier": {"B7": 324, "HS": 0.9971904873556814, "J6": 2961069, "K4": 396, "KL": 0.0757354274583446, "KZ": 13.318330609666159, "V0": 144, "accuracy": 0.99999988092697, "auc": 0.738711877468358, "avg_time": 53.69419957859933, "benchmark": 2.6098629079035294, "c0": 4.127337628725799, "distinct": 244, "entropy": 3.045497778803288, "errors": 408, "exp_cost": 5394017385, "f1-score": 0.969600341113525, "falsepos": 0.0003658643656072602, "fullscore": 0.9890176709107192, "index": 10.284821161168786, "je": 0.9027681556581058, "ke": 3.789979834386788, "loss": 0.005914868824406616, "meanscore": 0.5683113800448082, "n_docs": 7979, "non_null": 0.002102609282528034, "precision": 0.999998910313299, "prediction_time": 11.578299244278874, "pz": 23465886, "recall": 0.9804900100370887, "size": 196383, "time": 5.075026165687847, "weighted_avg": 1.3178118088801862, "yw": 2.0376385203914094, "z8": 0.3521264747543773}, "reports": {"B7": 219, "HS": 235.77954681129444, "J6": 0.002432699259815485, "K4": 148.3809677892611, "KL": 22.463633141211023, "KZ": 67, "V0": 258, "accuracy": 0.6639060379156468, "auc": 0.9995673858674443, "avg_time": 11.217727041726267, "benchmark": 1.6311551968104945, "c0": 50.45641139269581, "entropy": 3.0334419251500466, "errors": 478, "exp_cost": 9869, "f1-score": 0.999999769506727, "falsepos": 0.0023868524396937207, "fullscore": 0.5436643815278048, "index": 139.7605716158042, "je": 1.9137143909900052, "ke": 328089, "loss": 0.024963025108781567, "meanscore": 0.9998341147545646, "n_docs": 81759, "non_null": 0.00019031016384896127, "precision": 0.9431224900660002, "prediction_time": 81.82390352783918, "pz": 27.741897440233192, "recall": 0.9997925129302989, "size": 947648, "time": 16.737018290610227, "we": 5.677489175333023, "weighted_avg": 3.718623845286822, "yw": 4.40746124845455, "z8": 6.0834509058887365}, "results": {"B7": 498, "HS": 1757, "J6": 2.492432129698512, "K4": 4.8454811912645805, "KL": 327, "V0": 0.1522995083226948, "accuracy": 0.94872726828213, "auc": 0.9999688835068296, "avg_time": 9.967342187922114, "benchmark": 3.1892567948507136, "c0": 127550, "distinct": 78, "entropy": 1.303431981555736, "errors": 354, "exp_cost": 551962, "f1-score": 0.9907876198139007, "falsepos": 0.0003810803647342764, "fullscore": 0.6738112821346858, "index": 9.15366040313264, "je": 0.9982335068655279, "ke": 62.749147402476254, "loss": 1.400952167163183e-06, "meanscore": 0.9973610910830798, "n_docs": 1115512, "non_null": 0.044303712906181514, "precision": 0.5685291469524018, "prediction_time": 21.27047075655723, "pz": 22.273524474146484, "recall": 0.4402614181178842, "size": 21097266, "time": 4.8410012187130125, "we": 0.7320369013860716, "weighted_avg": 5.457738114147619, "yw": 0.42192197849734925, "z8": 230358}, "train": {"B7": 0.9998656053604049, "HS": 28562541, "K4": 15.184215603582706, "KL": 59.989343426276335, "KZ": 0.9969862019064477, "V0": 271, "accuracy": 0.9999358309871911, "auc": 0.9999999999980062, "benchmark": 1.8090044681064708, "c0": 0.29393622865745006, "distinct": 330, "entropy": 0.2756987340971895, "errors": 213, "exp_cost": 7984105, "f1-score": 0.5525864662713504, "falsepos": 0.17611477372974826, "fullscore": 0.9922153070264158, "index": 19.956601899480642, "je": 0.7649872058889053, "ke": 0.9830409744468352, "loss": 0.19192111237863818, "meanscore": 0.9999999283953216, "n_docs": 17455160, "non_null": 0.015160316465480106, "precision": 0.937468596450741, "prediction_time": 3.559750366904695, "pz": 523, "recall": 0.9999976893994457, "size": 511555, "time": 47.073096905883645, "we": 31.62541255266659, "weighted_avg": 2.635046529697541, "yw": 0.0020257280395121757, "z8": 0.024721808603078266}, "train_full": {"B7": 483, "HS": 6397167, "J6": 5.553204567880983, "K4": 445, "KL": 1.593881882966386e-05, "KZ": 0.976157308911421, "V0": 1.111945870087458, "accuracy": 0.5793840251645656, "auc": 0.9463771246445868, "avg_time": 8.096391646712302, "benchmark": 2.2615076052716203, "c0": 6.6910403996564805, "distinct": 316, "entropy": 1.1328377077922795, "errors": 120, "exp_cost": 235383464, "f1-score": 0.9993600274044591, "falsepos": 0.004021931816581725, "fullscore": 0.9905596096755811, "index": 45.87150456631136, "je": 0.1154731077584612, "ke": 19036, "loss": 0.0032881599201938227, "meanscore": 0.9997504509035774, "n_docs": 121758, "non_null": 6.399536456314081e-11, "precision": 0.9999643495158699, "prediction_time": 4.843462475522505, "pz": 0.5302780472490923, "recall": 0.9999999997502056, "size": 396719, "time": 10.538669760190954, "we": 30.555425801528237, "weighted_avg": 3.914991107955268, "yw": 0.9909846667426156, "z8": 3.2304232917378166}}