{"branch": {"B7": 488, "HS": 0.9999999999961358, "J6": 558, "K4": 5.772352114718463, "KL": 1126.6283097509888, "KZ": 1.0, "V0": 0.9940364822546659, "accuracy": 0.9999999994865788, "auc": 0.9999997063165033, "avg_time": 593.595554988512, "benchmark": 5.00618220878847, "c0": 1.0, "distinct": 563, "entropy": 8.924812838657653, "errors": 250, "exp_cost": 196167118155, "f1-score": 0.9999999999938767, "falsepos": 2.5854873797470646e-12, "fullscore": 0.9999999999999984, "index": 3547.971368746758, "je": 546, "ke": 0.9999999999999996, "loss": 3.4809077842368197e-10, "meanscore": 0.999999556561777, "n_docs": 472397, "non_null": 6.758116288807514e-10, "precision": 1.0, "prediction_time": 105.75705092296685, "recall": 0.999999999950095, "size": 16420885960135, "time": 1079.1515148238313, "we": 0.0, "weighted_avg": 9.855894768955848, "yw": 1249.1441239484357, "z8": 17985.782021504594}, "classifier": {"B7": 642, "HS": 0.9999998698000678, "J6": 1071332297, "K4": 731, "KL": 3.995975210502323e-06, "KZ": 962.4785669158383, "V0": 436, "accuracy": 1.0, "auc": 0.9999996578881751, "avg_time": 898.9850190838001, "benchmark": 6.8974605198309265, "c0": 9.074114959768911, "distinct": 495, "entropy": 7.119827961388517, "errors": 822, "exp_cost": 3961700391325, "f1-score": 0.9999996441219564, "falsepos": 1.1102230246251565e-16, "fullscore": 0.9999995028533417, "index": 115.29159145721778, "je": 0.9999985398623994, "ke": 7.5075114729082175, "loss": 1.381869736416519e-07, "meanscore": 0.9999971933437988, "n_docs": 5248122, "non_null": 6.028655352707801e-11, "precision": 1.0, "prediction_time": 247.21531111703322, "pz": 68690546501, "recall": 0.9999999887371814, "size": 337829757, "time": 40.80107496774174, "weighted_avg": 5.075227693037668, "yw": 5.426375271628178, "z8": 3.5206224929029695e-05}, "reports": {"B7": 595, "HS": 7526.882199528545, "J6": 1.0470635647408244e-06, "K4": 2946.138329554209, "KL": 1086.205737785224, "KZ": 356, "V0": 675, "accuracy": 0.9997655552177707, "auc": 0.9999999999934566, "avg_time": 589.452081270963, "benchmark": 5.577601078606741, "c0": 2023.8579375529014, "entropy": 7.1620706572538895, "errors": 914, "exp_cost": 6857285, "f1-score": 1.0, "falsepos": 2.3404582827346587e-08, "fullscore": 0.999866751263035, "index": 3536.393857985394, "je": 27.47476067965484, "ke": 735514388, "loss": 1.7666179463748932e-07, "meanscore": 0.9999999999206158, "n_docs": 49718019, "non_null": 4.218847493575595e-15, "precision": 0.9999928447556439, "prediction_time": 5261.585421360127, "pz": 2862.1283959353746, "recall": 0.9999999978743386, "size": 95709135603, "time": 920.0335568870155, "we": 10.111310174814232, "weighted_avg": 5.765839512867366, "yw": 8.219392336984258, "z8": 264.9957724786623}, "results": {"B7": 880, "HS": 641705, "J6": 7.765388505787667, "K4": 8.228522660713281, "KL": 721, "V0": 4.8046516543109874e-08, "accuracy": 0.9999982352720187, "auc": 0.9999999999999996, "avg_time": 78.66673438735621, "benchmark": 5.94966883225241, "c0": 73840746, "distinct": 471, "entropy": 4.854851720024955, "errors": 691, "exp_cost": 492795992, "f1-score": 0.9999999895751195, "falsepos": 2.7822188997106423e-12, "fullscore": 0.9954777906819638, "index": 169.97100494404174, "je": 0.9999999999999992, "ke": 1391.3094201809176, "loss": 0.0, "meanscore": 0.9999999999510867, "n_docs": 356526708, "non_null": 4.407929576899505e-11, "precision": 0.9995009047361787, "prediction_time": 383.90346158511596, "pz": 268.32824050960295, "recall": 0.9977618141362081, "size": 21490630662, "time": 171.7815639731769, "we": 4.797109859443772, "weighted_avg": 8.98580862882838, "yw": 0.9697219816557692, "z8": 4786004316}, "train": {"B7": 0.9999999999999996, "HS": 388165321485, "K4": 121.04613583227174, "KL": 2988.037686967932, "KZ": 0.9999999988729646, "V0": 731, "accuracy": 0.9999999999998447, "auc": 1.0, "benchmark": 5.883853338698874, "c0": 0.00011878376037066651, "distinct": 649, "entropy": 5.051556760027671, "errors": 452, "exp_cost": 30584878280, "f1-score": 0.9984413099262007, "falsepos": 7.91895741178994e-05, "fullscore": 0.9999999813888915, "index": 414.5057562518979, "je": 0.9999998110568127, "ke": 0.999999999995735, "loss": 1.310028466960933e-05, "meanscore": 1.0, "n_docs": 358013548465, "non_null": 1.8621327813050925e-08, "precision": 0.9999953640451835, "prediction_time": 65.3296581484947, "pz": 782, "recall": 1.0, "size": 1492053423, "time": 682.5033141361611, "we": 2224.8733123550282, "weighted_avg": 6.289812358702263, "yw": 9.209737195092771e-09, "z8": 1.8280442048990153e-08}, "train_full": {"B7": 814, "HS": 234473239249, "J6": 67.09242707108304, "K4": 847, "KL": 0.0, "KZ": 0.999999724890283, "V0": 4.2649439285807365, "accuracy": 0.9941508580705248, "auc": 0.999999958957868, "avg_time": 820.9568650256948, "benchmark": 5.955709970430865, "c0": 444.31884902100745, "distinct": 666, "entropy": 5.765543509490472, "errors": 516, "exp_cost": 278778408421, "f1-score": 0.9999999999981719, "falsepos": 7.56561480130813e-12, "fullscore": 0.9999993828169645, "index": 1450.2268519821698, "je": 3.6724351615280426e-06, "ke": 3649331, "loss": 1.1150569356743745e-10, "meanscore": 1.0, "n_docs": 70727502, "non_null": 0.0, "precision": 0.99999999999593, "prediction_time": 83.70904600456254, "pz": 0.9997837189647706, "recall": 1.0, "size": 1006717090, "time": 1860.9345697718368, "we": 267.907948366564, "weighted_avg": 8.04187238529293, "yw": 0.999999999996102, "z8": 7.207231885387241}}