{"branch": {"B7": 401, "HS": 0.9999999935381568, "J6": 440, "K4": 4.661648673008966, "KL": 294.1518368967719, "KZ": 0.9999999999997353, "V0": 0.9278799373555049, "accuracy": 0.9999994566925895, "auc": 0.9999490705940436, "avg_time": 204.05541197022072, "benchmark": 3.723140482430494, "c0": 0.9999999999983662, "distinct": 471, "entropy": 7.883883390193354, "errors": 140, "exp_cost": 7002346561, "f1-score": 0.9999999922247016, "falsepos": 4.326357472272946e-08, "fullscore": 0.9999999998949121, "index": 730.7804608517793, "je": 436, "ke": 0.9999999999858363, "loss": 8.735702350382013e-07, "meanscore": 0.9995737804667872, "n_docs": 38332, "non_null": 1.1750689292711058e-06, "precision": 1.0, "prediction_time": 51.00258454631307, "recall": 0.999999891623784, "size": 380263285825, "time": 315.6484007998672, "we": 1.112887559884257e-12, "weighted_avg": 8.428526899071588, "yw": 369.6287698301599, "z8": 3628.6805634008006}, "classifier": {"B7": 526, "HS": 0.999993784653664, "J6": 119167102, "K4": 617, "KL": 0.0002663061502437003, "KZ": 236.7066725550348, "V0": 333, "accuracy": 0.9999999999999991, "auc": 0.999892312402441, "avg_time": 322.1475922185732, "benchmark": 5.528541549245715, "c0": 7.56822718057493, "distinct": 413, "entropy": 5.79304212746099, "errors": 689, "exp_cost": 604920860580, "f1-score": 0.9999643254803834, "falsepos": 1.2931100634716586e-11, "fullscore": 0.9999646126273323, "index": 51.2364451170885, "je": 0.9997987207350011, "ke": 6.299657675319632, "loss": 5.1392873148259355e-06, "meanscore": 0.9990374609825676, "n_docs": 527766, "non_null": 5.268564307048251e-08, "precision": 0.9999999999999997, "prediction_time": 82.32937579875262, "pz": 4893634274, "recall": 0.9999956050267971, "size": 28280686, "time": 21.809650662200475, "weighted_avg": 3.6746263825816206, "yw": 4.278406613207622, "z8": 0.003014945204566133}, "reports": {"B7": 471, "HS": 2427.1205962078643, "J6": 2.2577564182335585e-05, "K4": 1142.462691515881, "KL": 240.80094856691363, "KZ": 257, "V0": 541, "accuracy": 0.9930948251755969, "auc": 0.9999999880737088, "avg_time": 174.41453005991937, "benchmark": 4.254367239370937, "c0": 602.4587662410908, "entropy": 5.64304913002051, "errors": 777, "exp_cost": 962595, "f1-score": 0.9999999999999964, "falsepos": 1.968983129319035e-06, "fullscore": 0.9936573173074116, "index": 1391.2571238931096, "je": 10.603685770288223, "ke": 63642809, "loss": 2.5967262040405004e-05, "meanscore": 0.9999999779755231, "n_docs": 6453220, "non_null": 1.6544721148648023e-10, "precision": 0.9996381792079726, "prediction_time": 1332.8325257055778, "pz": 656.0258282601086, "recall": 0.9999999343688397, "size": 2025097897, "time": 252.20775992473395, "we": 8.816852612914655, "weighted_avg": 5.053398444871631, "yw": 6.814699535350423, "z8": 66.01063838049993}, "results": {"B7": 751, "HS": 108485, "J6": 6.0793317448165585, "K4": 6.9303747643040525, "KL": 590, "V0": 5.487529541881031e-05, "accuracy": 0.9998577860705954, "auc": 0.9999999999917952, "avg_time": 37.37955389595253, "benchmark": 4.998765339955445, "c0": 7234994, "distinct": 336, "entropy": 3.6376900714921523, "errors": 586, "exp_cost": 48225555, "f1-score": 0.9999976481633517, "falsepos": 8.526376160666871e-09, "fullscore": 0.9709012503331866, "index": 65.7448645816142, "je": 0.9999999998501181, "ke": 503.92286239466455, "loss": 1.2545520178264269e-14, "meanscore": 0.9999999040668772, "n_docs": 71572479, "non_null": 5.266515766821911e-07, "precision": 0.9873380305279469, "prediction_time": 154.3353833542017, "pz": 103.86397654442374, "recall": 0.9574345169739548, "size": 1771084842, "time": 51.536963501357484, "we": 3.329878436367326, "weighted_avg": 7.718704064462589, "yw": 0.8923733596175498, "z8": 204317236}, "train": {"B7": 0.9999999999820535, "HS": 16855213113, "K4": 65.8284701250701, "KL": 710.1185387418074, "KZ": 0.9999996751252009, "V0": 579, "accuracy": 0.9999999993894159, "auc": 1.0, "benchmark": 4.560367306036575, "c0": 0.0038482985758538923, "distinct": 536, "entropy": 3.537399141068106, "errors": 384, "exp_cost": 1940842845, "f1-score": 0.9725963358276604, "falsepos": 0.003608765934155378, "fullscore": 0.9999954656904086, "index": 131.42314621681243, "je": 0.9999394213438697, "ke": 0.9999999149191745, "loss": 0.0009619421508400006, "meanscore": 0.9999999999999971, "n_docs": 13983657195, "non_null": 5.08212153127463e-06, "precision": 0.999850042749731, "prediction_time": 25.01547390733811, "pz": 696, "recall": 0.9999999999986608, "size": 102741553, "time": 293.97401998409003, "we": 672.6853054292096, "weighted_avg": 5.061225419930717, "yw": 1.0766152749308588e-06, "z8": 5.342388695317446e-06}, "train_full": {"B7": 712, "HS": 6863671570, "J6": 28.69493428012773, "K4": 707, "KL": 6.8833827526759706e-15, "KZ": 0.9999743767129, "V0": 3.2293702151982777, "accuracy": 0.9623098808490785, "auc": 0.9999816746998524, "avg_time": 170.36960441116435, "benchmark": 4.649659016261909, "c0": 107.85468103503277, "distinct": 573, "entropy": 4.196206991536578, "errors": 382, "exp_cost": 24022941833, "f1-score": 0.9999999949138434, "falsepos": 1.4803860359791088e-08, "fullscore": 0.9999776389031911, "index": 422.74775729672075, "je": 0.0003697982732182581, "ke": 630179, "loss": 4.1688955543239814e-07, "meanscore": 0.999999999992264, "n_docs": 7549180, "non_null": 0.0, "precision": 0.9999999993594954, "prediction_time": 35.88647175079145, "pz": 0.9905577098942724, "recall": 1.0, "size": 84918157, "time": 344.01171198992245, "we": 127.3219379894172, "weighted_avg": 6.771667477401344, "yw": 0.9999999631749817, "z8": 5.970214958618964}}