{"branch": {"B7": 404, "HS": 0.9999999962513095, "J6": 444, "K4": 4.787195034846148, "KL": 323.10366130213424, "KZ": 0.9999999999997233, "V0": 0.9363042060782948, "accuracy": 0.9999996276400429, "auc": 0.9999626137752615, "avg_time": 236.96560776996768, "benchmark": 3.8415589139336963, "c0": 0.9999999999985606, "distinct": 487, "entropy": 7.809148761488601, "errors": 146, "exp_cost": 9328219113, "f1-score": 0.999999993314143, "falsepos": 2.6900183636158204e-08, "fullscore": 0.9999999999679956, "index": 780.8772162201622, "je": 443, "ke": 0.9999999999908558, "loss": 4.959830606221516e-07, "meanscore": 0.9996109394650368, "n_docs": 41051, "non_null": 5.52917628682259e-07, "precision": 1.0, "prediction_time": 51.12599390277637, "recall": 0.999999796708404, "size": 471639790652, "time": 319.4531807009931, "we": 6.70019595361282e-13, "weighted_avg": 8.507020373382513, "yw": 436.6082966871243, "z8": 3975.372843871667}, "classifier": {"B7": 534, "HS": 0.9999963167100703, "J6": 176572949, "K4": 630, "KL": 0.00015052547192162535, "KZ": 249.57662599553646, "V0": 337, "accuracy": 0.9999999999999992, "auc": 0.9999278160005047, "avg_time": 327.8557936557902, "benchmark": 5.480307583331123, "c0": 7.6451291371367205, "distinct": 424, "entropy": 5.914649837649086, "errors": 696, "exp_cost": 786963333784, "f1-score": 0.9999659867017353, "falsepos": 8.222533764978834e-12, "fullscore": 0.9999865495348715, "index": 52.88553392207458, "je": 0.9998648006382125, "ke": 6.405121740144868, "loss": 4.867380355100259e-06, "meanscore": 0.9993870829911178, "n_docs": 464822, "non_null": 5.1789085464548634e-08, "precision": 0.9999999999999998, "prediction_time": 86.07857621539732, "pz": 6220494121, "recall": 0.9999971369093692, "size": 33578664, "time": 21.878888342115015, "weighted_avg": 3.8005858068698126, "yw": 4.32182313003436, "z8": 0.0023219971266333905}, "reports": {"B7": 485, "HS": 2572.4813848273825, "J6": 1.6744987741623696e-05, "K4": 1159.6810612150705, "KL": 275.896191055443, "KZ": 264, "V0": 543, "accuracy": 0.993782399494745, "auc": 0.9999999936007646, "avg_time": 191.11948383542773, "benchmark": 4.414189930477819, "c0": 668.2103569705865, "entropy": 5.764262820889612, "errors": 786, "exp_cost": 1057895, "f1-score": 0.9999999999999986, "falsepos": 1.7813446361314433e-06, "fullscore": 0.9949310964982131, "index": 1423.1871018034249, "je": 11.920578588704695, "ke": 55650582, "loss": 1.9240517860286133e-05, "meanscore": 0.999999985248853, "n_docs": 7245527, "non_null": 7.548095481979544e-11, "precision": 0.9996343771270583, "prediction_time": 1524.3672549090713, "pz": 739.2517562748158, "recall": 0.9999999565134768, "size": 2526226043, "time": 296.16122091736435, "we": 8.831111120272244, "weighted_avg": 5.059607738750849, "yw": 6.865641917653547, "z8": 71.23013996255851}, "results": {"B7": 756, "HS": 93021, "J6": 6.1259984098051365, "K4": 7.055614751713567, "KL": 587, "V0": 4.147598898751603e-05, "accuracy": 0.9998873095475893, "auc": 0.9999999999957416, "avg_time": 43.26222359519171, "benchmark": 5.002031012094245, "c0": 7942841, "distinct": 345, "entropy": 3.7501128335346827, "errors": 586, "exp_cost": 50056633, "f1-score": 0.9999984683935488, "falsepos": 4.4192431936096455e-09, "fullscore": 0.9779678718300789, "index": 69.88972588099327, "je": 0.9999999999057644, "ke": 608.2444396219228, "loss": 1.3100631690576847e-14, "meanscore": 0.9999999455062358, "n_docs": 55509292, "non_null": 5.04066252959845e-07, "precision": 0.9910788174775774, "prediction_time": 194.24221629615607, "pz": 107.19316491821714, "recall": 0.9652769512061412, "size": 2966197995, "time": 56.41573930325806, "we": 3.3810835924847673, "weighted_avg": 7.837793437239808, "yw": 0.8938303926492803, "z8": 238846783}, "train": {"B7": 0.9999999999752656, "HS": 20141870570, "K4": 68.69189320278522, "KL": 799.113422907927, "KZ": 0.9999997579151451, "V0": 591, "accuracy": 0.9999999997005239, "auc": 1.0, "benchmark": 4.679795934222747, "c0": 0.005389956869871759, "distinct": 546, "entropy": 3.5840455621863487, "errors": 375, "exp_cost": 2557675726, "f1-score": 0.9792850521597602, "falsepos": 0.0025061999748722252, "fullscore": 0.9999981997616991, "index": 131.69788366873223, "je": 0.9999535952371602, "ke": 0.9999999691183968, "loss": 0.0008866987310813812, "meanscore": 0.9999999999999931, "n_docs": 18217738629, "non_null": 4.470323834881995e-06, "precision": 0.9998702499463425, "prediction_time": 26.46914393994626, "pz": 705, "recall": 0.9999999999988091, "size": 135385062, "time": 297.112245631023, "we": 698.6937254132949, "weighted_avg": 5.1142665369130835, "yw": 6.063666535549572e-07, "z8": 3.1799495066042738e-06}, "train_full": {"B7": 712, "HS": 10297699388, "J6": 31.661260970477265, "K4": 724, "KL": 2.6645352591003757e-15, "KZ": 0.9999714866715741, "V0": 3.3518506457084394, "accuracy": 0.9646747855935393, "auc": 0.9999862266371876, "avg_time": 180.98986965311963, "benchmark": 4.740892301146122, "c0": 121.74728728889909, "distinct": 566, "entropy": 4.359563144798137, "errors": 389, "exp_cost": 40880235503, "f1-score": 0.9999999932384417, "falsepos": 2.0027993263838084e-08, "fullscore": 0.9999866939772486, "index": 442.0772381053739, "je": 0.0003815033869395412, "ke": 665938, "loss": 2.3051582354050026e-07, "meanscore": 0.9999999999969307, "n_docs": 7856743, "non_null": 0.0, "precision": 0.9999999991759365, "prediction_time": 39.69169109632164, "pz": 0.9926503018082975, "recall": 1.0, "size": 113284984, "time": 368.86365714433015, "we": 129.0276951626145, "weighted_avg": 6.830840460489573, "yw": 0.9999999781340634, "z8": 6.0741402211806985}}