{"branch": {"B7": 441, "HS": 0.999999999494931, "J6": 504, "K4": 5.185653427747618, "KL": 563.9470337444344, "KZ": 0.9999999999999992, "V0": 0.9734616672239949, "accuracy": 0.9999999706217926, "auc": 0.9999925450054683, "avg_time": 345.3640962898324, "benchmark": 4.3466532561936315, "c0": 0.9999999999999925, "distinct": 520, "entropy": 8.30920395830061, "errors": 193, "exp_cost": 22030305527, "f1-score": 0.999999999617345, "falsepos": 6.499074611809874e-10, "fullscore": 0.9999999999991237, "index": 1728.5855441584636, "je": 488, "ke": 0.9999999999997564, "loss": 2.6937918451430676e-08, "meanscore": 0.9999736347890692, "n_docs": 101365, "non_null": 2.6830422550361277e-08, "precision": 1.0, "prediction_time": 82.13067560606626, "recall": 0.9999999912340909, "size": 2493328697993, "time": 547.0110801812381, "we": 1.4210854715202004e-14, "weighted_avg": 9.082649047994629, "yw": 716.060267175033, "z8": 8407.50437793868}, "classifier": {"B7": 559, "HS": 0.9999992106401272, "J6": 406249460, "K4": 671, "KL": 3.747152480071403e-05, "KZ": 503.42508540847734, "V0": 383, "accuracy": 1.0, "auc": 0.9999926639833154, "avg_time": 608.7565068238041, "benchmark": 6.0389285061578315, "c0": 8.21766047939937, "distinct": 450, "entropy": 6.463636722382765, "errors": 752, "exp_cost": 1580060290253, "f1-score": 0.9999924691678548, "falsepos": 4.9960036108132044e-14, "fullscore": 0.9999919467248899, "index": 77.79333297066108, "je": 0.9999901730973644, "ke": 6.876033638519649, "loss": 1.1408824512892934e-06, "meanscore": 0.9998995947772218, "n_docs": 1238113, "non_null": 2.858326686450141e-09, "precision": 1.0, "prediction_time": 128.40784573751066, "pz": 17830513191, "recall": 0.9999997790849604, "size": 90043584, "time": 28.832340573649365, "weighted_avg": 4.248466823472175, "yw": 4.825468652442182, "z8": 0.0005350638581330669}, "reports": {"B7": 528, "HS": 4519.539826768003, "J6": 4.361949819120525e-06, "K4": 1785.5290733785187, "KL": 525.5119553053352, "KZ": 295, "V0": 599, "accuracy": 0.9986601640236743, "auc": 0.9999999996953002, "avg_time": 286.79160964529626, "benchmark": 5.087876573656354, "c0": 1072.8156972268798, "entropy": 6.432855884313942, "errors": 853, "exp_cost": 2879752, "f1-score": 1.0, "falsepos": 3.528507226402411e-07, "fullscore": 0.9985054917681191, "index": 2037.127104767958, "je": 14.92462592412375, "ke": 336912500, "loss": 3.3751727726016867e-06, "meanscore": 0.9999999978677299, "n_docs": 17244142, "non_null": 5.621059173677168e-13, "precision": 0.9999335070750304, "prediction_time": 2540.200125406082, "pz": 1278.6048926570236, "recall": 0.9999999942226836, "size": 11963799198, "time": 499.30231703878553, "we": 9.546941285225456, "weighted_avg": 5.432618573382196, "yw": 7.558715583064436, "z8": 115.10659897234369}, "results": {"B7": 808, "HS": 242876, "J6": 6.914522917615532, "K4": 7.550871239877215, "KL": 655, "V0": 2.3651619750486574e-06, "accuracy": 0.999976286273788, "auc": 0.9999999999999306, "avg_time": 53.90738306378009, "benchmark": 5.5034823770718235, "c0": 20215352, "distinct": 391, "entropy": 4.204611288097604, "errors": 633, "exp_cost": 182049993, "f1-score": 0.9999998136689585, "falsepos": 1.6557666349115152e-10, "fullscore": 0.9852670433205193, "index": 99.38989250990343, "je": 0.9999999999996074, "ke": 924.0720794558642, "loss": 0.0, "meanscore": 0.9999999966204215, "n_docs": 148135107, "non_null": 8.367656234575804e-09, "precision": 0.9974000791340022, "prediction_time": 231.8394152784653, "pz": 155.51272079996815, "recall": 0.9888744396217188, "size": 6997002385, "time": 90.80388291752932, "we": 3.9408229751424706, "weighted_avg": 8.296867086066426, "yw": 0.9355677398784898, "z8": 842463256}, "train": {"B7": 0.9999999999997191, "HS": 89344683649, "K4": 86.91811587605497, "KL": 1298.4671316277036, "KZ": 0.9999999759414461, "V0": 647, "accuracy": 0.9999999999915387, "auc": 1.0, "benchmark": 5.093100393459779, "c0": 0.0013411982714210957, "distinct": 586, "entropy": 4.327072071376856, "errors": 415, "exp_cost": 7801814532, "f1-score": 0.9905911646859545, "falsepos": 0.0005787220958863859, "fullscore": 0.9999997732141482, "index": 223.20581959409895, "je": 0.9999891262592706, "ke": 0.9999999983587143, "loss": 0.0001551115155860039, "meanscore": 0.9999999999999999, "n_docs": 56074633043, "non_null": 6.339148711509424e-07, "precision": 0.999967836944425, "prediction_time": 40.635421881618804, "pz": 719, "recall": 0.9999999999999805, "size": 343761839, "time": 512.4942506733385, "we": 1006.8049226425801, "weighted_avg": 5.609494302519636, "yw": 1.8332374707163979e-07, "z8": 5.703098041598409e-07}, "train_full": {"B7": 768, "HS": 35778729995, "J6": 40.572836908829856, "K4": 771, "KL": 0.0, "KZ": 0.999997135903282, "V0": 3.8298572648777465, "accuracy": 0.9794558102957593, "auc": 0.9999995012441804, "avg_time": 377.2122779933367, "benchmark": 5.187872854903446, "c0": 235.7955226894482, "distinct": 621, "entropy": 4.922880668104113, "errors": 435, "exp_cost": 69981876992, "f1-score": 0.9999999996740553, "falsepos": 1.703186480739305e-10, "fullscore": 0.999997901333267, "index": 778.643918013558, "je": 2.6487295988530946e-05, "ke": 1732744, "loss": 8.658278649598117e-09, "meanscore": 0.9999999999999727, "n_docs": 24054068, "non_null": 0.0, "precision": 0.9999999999202122, "prediction_time": 48.05557033957584, "pz": 0.998113151773621, "recall": 1.0, "size": 221042871, "time": 733.5524354315259, "we": 182.92571728909212, "weighted_avg": 7.4769813238244955, "yw": 0.9999999992021192, "z8": 6.499390330956032}}