{"branch": {"B7": 234, "HS": 0.9997239272289801, "J6": 205, "K4": 2.63422559211927, "KL": 26.201291169081074, "KZ": 0.999981429051449, "V0": 0.28956116052277914, "accuracy": 0.9970563375512055, "auc": 0.9567511982527104, "avg_time": 28.369334279551637, "benchmark": 1.6580430650160725, "c0": 0.9999996051479213, "distinct": 293, "entropy": 5.332424936985522, "errors": -21, "exp_cost": 33534489, "f1-score": 0.9997184561371907, "falsepos": 0.007035028685111411, "fullscore": 0.999931169428602, "index": 56.45758423571167, "je": 204, "ke": 0.9999904060227927, "loss": 0.012690485984175992, "meanscore": 0.5993841504171311, "n_docs": 442, "non_null": 0.01573062021446936, "precision": 0.9999999999754922, "prediction_time": 15.014961809877311, "recall": 0.9972488843736901, "size": 276834056, "time": 28.684352828547585, "we": 2.2649668079965934e-06, "weighted_avg": 5.602581769611829, "yw": 39.00786221653698, "z8": 239.23574361159666}, "classifier": {"B7": 336, "HS": 0.9988838739124809, "J6": 3623172, "K4": 433, "KL": 0.0507987176549366, "KZ": 18.11247232262856, "V0": 168, "accuracy": 0.9999999730286167, "auc": 0.8292376312637708, "avg_time": 56.841653410378875, "benchmark": 2.926706171741793, "c0": 4.394292399755083, "distinct": 265, "entropy": 3.254959956294772, "errors": 443, "exp_cost": 10202230774, "f1-score": 0.98045045637731, "falsepos": 0.00014331805537948217, "fullscore": 0.9937984314950055, "index": 11.55819247363027, "je": 0.9392877811548308, "ke": 3.989258198479297, "loss": 0.0028619901836423045, "meanscore": 0.6581787987684773, "n_docs": 12121, "non_null": 0.0010292891940133497, "precision": 0.9999999018944892, "prediction_time": 13.222467279785034, "pz": 47825511, "recall": 0.9872947469339208, "size": 334627, "time": 6.1215247785935025, "weighted_avg": 1.3463584202456094, "yw": 2.3334431471966144, "z8": 0.2797253803979186}, "reports": {"B7": 248, "HS": 282.271607118965, "J6": 0.0013952804202046476, "K4": 185.4591053862664, "KL": 26.11263631074435, "KZ": 88, "V0": 289, "accuracy": 0.7196644571592898, "auc": 0.9997597335143746, "avg_time": 13.13043943938759, "benchmark": 1.8928306871081668, "c0": 66.02183626217261, "entropy": 3.142478997413313, "errors": 509, "exp_cost": 17811, "f1-score": 0.9999999319959582, "falsepos": 0.0016073060314459875, "fullscore": 0.6267404745144238, "index": 184.56810604023903, "je": 2.3083365176984754, "ke": 631689, "loss": 0.017057963512719487, "meanscore": 0.9998753031507527, "n_docs": 135736, "non_null": 4.3439326414151935e-05, "precision": 0.9557445133634103, "prediction_time": 97.81671561005163, "pz": 38.20302215451309, "recall": 0.9998059384125315, "size": 2297135, "time": 20.65674010050839, "we": 6.204721581379502, "weighted_avg": 3.8566940837571333, "yw": 4.653721331826829, "z8": 8.112324907047158}, "results": {"B7": 511, "HS": 2899, "J6": 2.9871137853651293, "K4": 4.994038196895988, "KL": 353, "V0": 0.09684261909261238, "accuracy": 0.9647370650429488, "auc": 0.9999947168049294, "avg_time": 11.828905667626648, "benchmark": 3.314445257153582, "c0": 186872, "distinct": 109, "entropy": 1.3733962962030264, "errors": 374, "exp_cost": 1097329, "f1-score": 0.9960878428733222, "falsepos": 0.000248516197570936, "fullscore": 0.7191335161996492, "index": 9.72197514766281, "je": 0.9994544830931872, "ke": 93.488486586198, "loss": 3.213042609750971e-07, "meanscore": 0.998385189306646, "n_docs": 1264651, "non_null": 0.024578566148402703, "precision": 0.6597850240531868, "prediction_time": 21.71572031597735, "pz": 22.66941000491185, "recall": 0.5134135853292134, "size": 28525930, "time": 5.5573707146572655, "we": 0.9239330455817563, "weighted_avg": 5.72415119145211, "yw": 0.47534103606378975, "z8": 501895}, "train": {"B7": 0.9999576956924143, "HS": 53478158, "K4": 17.298266098799367, "KL": 76.18770881982522, "KZ": 0.9984031829807232, "V0": 300, "accuracy": 0.9999538961346601, "auc": 0.9999999999996239, "benchmark": 2.0615370086650735, "c0": 0.254608462067869, "distinct": 339, "entropy": 0.6626397066338963, "errors": 234, "exp_cost": 12228902, "f1-score": 0.6193074425925431, "falsepos": 0.1408282759117857, "fullscore": 0.996824598463217, "index": 19.78379116646744, "je": 0.8600067558529608, "ke": 0.9922628900378748, "loss": 0.10161957222208207, "meanscore": 0.9999999502736072, "n_docs": 29269609, "non_null": 0.01211141516599834, "precision": 0.9698778700178814, "prediction_time": 4.367729479589216, "pz": 538, "recall": 0.9999992364376009, "size": 795322, "time": 62.728740379300724, "we": 44.147452994964425, "weighted_avg": 2.91746339415471, "yw": 0.0009459264836089165, "z8": 0.014159198162049358}, "train_full": {"B7": 512, "HS": 16411982, "J6": 6.209225545949245, "K4": 456, "KL": 2.8101114124545745e-06, "KZ": 0.9820769373946856, "V0": 1.339611790751791, "accuracy": 0.6680441471400524, "auc": 0.9672646490138762, "avg_time": 10.81748093094619, "benchmark": 2.346982989126327, "c0": 8.791017890336683, "distinct": 354, "entropy": 1.461612612551946, "errors": 161, "exp_cost": 208421912, "f1-score": 0.9997728547302909, "falsepos": 0.0009663943068185521, "fullscore": 0.9950576954884955, "index": 57.158509053332146, "je": 0.09277403856331978, "ke": 27199, "loss": 0.003112310393444284, "meanscore": 0.9999234774729305, "n_docs": 135287, "non_null": 5.0111026439481066e-12, "precision": 0.9999639397134055, "prediction_time": 6.372085126409148, "pz": 0.620713973548396, "recall": 0.9999999999661838, "size": 770552, "time": 14.32832098523355, "we": 34.59233809360589, "weighted_avg": 4.302663869785345, "yw": 0.9959719510640198, "z8": 3.480858065460116}}