{"branch": {"B7": 123, "HS": 0.977492052034055, "J6": 36, "K4": 1.3767753839545187, "KL": 4.843593512605848, "KZ": 0.9802360103882467, "V0": 0.033231217712894834, "accuracy": 0.9207164612866574, "auc": 0.5703095231252074, "avg_time": 6.8684826471526215, "benchmark": -0.229249314580114, "c0": 0.9995455556290423, "distinct": 148, "entropy": 3.838280687559105, "errors": -140, "exp_cost": 727366, "f1-score": 0.9771777990944118, "falsepos": 0.27307453831546147, "fullscore": 0.9787518831303178, "index": 8.79647168783203, "je": 40, "ke": 0.9953194478728612, "loss": 0.3124533367926732, "meanscore": 0.03554563298413016, "n_docs": 41, "non_null": 0.38275477428921323, "precision": 0.9999998747630471, "prediction_time": 5.322967052465414, "recall": 0.8745250195761992, "size": 2170718, "time": 4.720137181451824, "we": 0.0028736088734697685, "weighted_avg": 3.82283108960694, "yw": 9.058330670794971, "z8": 32.401759261188936}, "classifier": {"B7": 200, "HS": 0.9654098339357883, "J6": 303522, "K4": 294, "KL": 0.39661000942093494, "KZ": 3.101347223003816, "V0": 44, "accuracy": 0.9999264677130943, "auc": 0.21887095776350945, "avg_time": 17.034303163556864, "benchmark": 1.1982334366633811, "c0": 2.3643316813733417, "distinct": 153, "entropy": 1.6604118600342845, "errors": 276, "exp_cost": 469155488, "f1-score": 0.7917068615288343, "falsepos": 0.05958374209271655, "fullscore": 0.9134297311510058, "index": 4.062302409153188, "je": 0.5904822187465091, "ke": 2.357874541139694, "loss": 0.05541033058864986, "meanscore": 0.08292106895307055, "n_docs": 1157, "non_null": 0.04229032039389624, "precision": 0.9993180857854093, "prediction_time": 4.101616292674822, "pz": 1576322, "recall": 0.7604629626723667, "size": 14646, "time": 2.51023681725159, "weighted_avg": -0.22272499326774123, "yw": 0.897305470900763, "z8": 0.7944935736284912}, "reports": {"B7": 91, "HS": 66.72259506807914, "J6": 0.016794408583466702, "K4": 49.42420402835685, "KL": 5.462278945315482, "KZ": -34, "V0": 137, "accuracy": 0.21974870495556786, "auc": 0.9749933411753289, "avg_time": 2.4175498169346032, "benchmark": 0.18517660215089846, "c0": 13.96126995433587, "entropy": 1.5318028031335615, "errors": 326, "exp_cost": 1212, "f1-score": 0.9998513947131322, "falsepos": 0.031524765761894, "fullscore": 0.12505796301865912, "index": 51.868878061904795, "je": 0.8022693052123153, "ke": 17767, "loss": 0.2563323242884814, "meanscore": 0.9916999404816225, "n_docs": 7626, "non_null": 0.013509306388567177, "precision": 0.7220592971589765, "prediction_time": 16.95616608781073, "pz": 6.170440373671233, "recall": 0.994279303938862, "size": 13478, "time": 3.8094344440064023, "we": 4.255232531958656, "weighted_avg": 2.96632165600926, "yw": 3.2305189554373586, "z8": 1.9772274804658143}, "results": {"B7": 356, "HS": 311, "J6": 0.7632796134109311, "K4": 3.560200489865011, "KL": 195, "V0": 0.6965377102885193, "accuracy": 0.7016080121760842, "auc": 0.9962258284358386, "avg_time": 4.732111479703492, "benchmark": 2.1091870714045156, "c0": 9916, "distinct": -61, "entropy": -0.17838713818200397, "errors": 239, "exp_cost": 47864, "f1-score": 0.9029210222326285, "falsepos": 0.021749698412584784, "fullscore": 0.39155868533309945, "index": 2.9236271357210786, "je": 0.8853038875364699, "ke": 24.986871295163933, "loss": 0.0005236160372420473, "meanscore": 0.9347171516676109, "n_docs": 119442, "non_null": 0.5308226156245793, "precision": 0.15337679561614992, "prediction_time": 7.000262632533902, "pz": 7.686178075595322, "recall": 0.07676870013419324, "size": 1220855, "time": 1.2925192837738644, "we": -0.5917543453441132, "weighted_avg": 4.213418099750156, "yw": 0.1672783523497866, "z8": 7690}, "train": {"B7": 0.9868029777084861, "HS": 969140, "K4": 6.188287506354693, "KL": 17.240274519227064, "KZ": 0.9458422536120031, "V0": 102, "accuracy": 0.9906916833248264, "auc": 0.9999999814013486, "benchmark": 0.3618352061938891, "c0": 0.7618715034382667, "distinct": 206, "entropy": -1.3626665063697454, "errors": 133, "exp_cost": 509983, "f1-score": 0.20602601590386566, "falsepos": 0.5464474733164228, "fullscore": 0.9299531741717024, "index": 6.100442025587427, "je": 0.29441190882240226, "ke": 0.6904204268824561, "loss": 0.5274035641336325, "meanscore": 0.9999550496649612, "n_docs": 576597, "non_null": 0.14716995864105709, "precision": 0.7559019583897614, "prediction_time": 1.1036601690157561, "pz": 426, "recall": 0.9995249177037802, "size": 30146, "time": 17.518688413626716, "we": 7.673241362778799, "weighted_avg": 1.4790147024585951, "yw": 0.026433617893654615, "z8": 0.21253922672568837}, "train_full": {"B7": 368, "HS": 206817, "J6": 2.3422183989636185, "K4": 294, "KL": 0.00924116772686312, "KZ": 0.7901797021418713, "V0": 0.09565017370576517, "accuracy": 0.30058229657135327, "auc": 0.6216186949433663, "avg_time": 1.6454943708564562, "benchmark": 0.9196617721188259, "c0": 1.4700658374168656, "distinct": 220, "entropy": -0.527573110351514, "errors": -11, "exp_cost": 13699134, "f1-score": 0.9769329229543627, "falsepos": 0.0789929350200903, "fullscore": 0.93231861833867, "index": 11.877046251254283, "je": 0.5155762399420079, "ke": 3517, "loss": 0.10752334735239166, "meanscore": 0.9597514410406158, "n_docs": 8853, "non_null": 9.361083108672119e-08, "precision": 0.9951336930687895, "prediction_time": 1.5489974299571898, "pz": 0.135587205613296, "recall": 0.9999982782990917, "size": 31275, "time": 1.793072389151807, "we": 12.646520651148391, "weighted_avg": 2.679451021480258, "yw": 0.7845187807185328, "z8": 1.8326552937605758}}