{"branch": {"B7": 106, "HS": 0.9575280881616948, "J6": 24, "K4": 1.0709269146411242, "KL": 3.821497572329503, "KZ": 0.9520634170969818, "V0": 0.01907501014572638, "accuracy": 0.8579543745929481, "auc": 0.5383195405475626, "avg_time": 6.1325339421964395, "benchmark": -0.24568995491966597, "c0": 0.9993877538983666, "distinct": 145, "entropy": 3.715816948392098, "errors": -147, "exp_cost": 310265, "f1-score": 0.9597015122827466, "falsepos": 0.38529258801553856, "fullscore": 0.9627186980134979, "index": 6.018627860935379, "je": 28, "ke": 0.9902588226024821, "loss": 0.37505359056649634, "meanscore": 0.013726992947051708, "n_docs": 33, "non_null": 0.4486362857573274, "precision": 0.9999996965472329, "prediction_time": 4.880191877263135, "recall": 0.8757622707784807, "size": 1221497, "time": 4.214890048277385, "we": 0.003822846312104833, "weighted_avg": 3.4972341822031843, "yw": 7.001144698797974, "z8": 27.65966838201336}, "classifier": {"B7": 172, "HS": 0.96718823059803, "J6": 280936, "K4": 282, "KL": 0.38723246199012296, "KZ": 2.4997699063682446, "V0": 31, "accuracy": 0.9997561815714343, "auc": 0.11909423601823188, "avg_time": 17.811923613568077, "benchmark": 0.9746471803745548, "c0": 2.0531060016552876, "distinct": 142, "entropy": 1.3682688104913225, "errors": 256, "exp_cost": 288276624, "f1-score": 0.8251300640614723, "falsepos": 0.09657091231589898, "fullscore": 0.9081600296687957, "index": 3.3832013816792204, "je": 0.5081293550076929, "ke": 2.2023610897915264, "loss": 0.10128601376989366, "meanscore": 0.062307141558827106, "n_docs": 686, "non_null": 0.05455833219997719, "precision": 0.9968612472387622, "prediction_time": 3.503080718817458, "pz": 1316185, "recall": 0.664867147532687, "size": 8631, "time": 2.187806590859256, "weighted_avg": -0.3386477240731557, "yw": 0.6807669456246744, "z8": 0.8569595946803248}, "reports": {"B7": 66, "HS": 50.10056326272189, "J6": 0.024950411039038833, "K4": 40.94743366589609, "KL": 4.345354744755583, "KZ": -45, "V0": 103, "accuracy": 0.1706247563801504, "auc": 0.9596691384856273, "avg_time": 2.115846100225529, "benchmark": 0.0958720052539142, "c0": 11.205768262754418, "entropy": 1.2636679539636497, "errors": 298, "exp_cost": 781, "f1-score": 0.9995967348178734, "falsepos": 0.04693024125317635, "fullscore": 0.10417664577964003, "index": 47.95124475875312, "je": 0.7216707348081004, "ke": 12634, "loss": 0.3214727124278862, "meanscore": 0.9890096881063468, "n_docs": 6535, "non_null": 0.03655452084317745, "precision": 0.6467959158057797, "prediction_time": 13.327590046510995, "pz": 4.209533275714779, "recall": 0.9921554266057766, "size": 8444, "time": 2.9067600797387585, "we": 3.99818025680271, "weighted_avg": 2.8692704051115814, "yw": 3.0580488664826904, "z8": 1.6391048743650123}, "results": {"B7": 330, "HS": 182, "J6": 0.5268148977374967, "K4": 3.300431161635579, "KL": 161, "V0": 0.7805268462836015, "accuracy": 0.6432018411789991, "auc": 0.9900320052291591, "avg_time": 3.6524984552080517, "benchmark": 1.950638009212168, "c0": 6749, "distinct": -80, "entropy": -0.3418583113261805, "errors": 214, "exp_cost": 28178, "f1-score": 0.8699875851124242, "falsepos": 0.027189186198003035, "fullscore": 0.37022471247128586, "index": 2.69984869643391, "je": 0.8230066401809891, "ke": 20.98845691362764, "loss": 0.0026673490360252794, "meanscore": 0.9043200759684518, "n_docs": 101218, "non_null": 0.5921965999531463, "precision": 0.11862621717671284, "prediction_time": 5.851959357254822, "pz": 6.123092388918924, "recall": 0.059835529544407295, "size": 1654821, "time": 0.9506831750490847, "we": -0.9667369294565192, "weighted_avg": 4.038783702736332, "yw": 0.15342180093528268, "z8": 5351}, "train": {"B7": 0.9732686374651112, "HS": 512368, "K4": 5.7488901559940055, "KL": 13.978918160256457, "KZ": 0.9271118319702379, "V0": 71, "accuracy": 0.9889858358273246, "auc": 0.9999999723860508, "benchmark": 0.09443070358346978, "c0": 0.7682876544395353, "distinct": 179, "entropy": -1.7449787321082157, "errors": 114, "exp_cost": 220763, "f1-score": 0.15199281164708495, "falsepos": 0.5576702579167141, "fullscore": 0.8851192331208415, "index": 6.385142237902528, "je": 0.1963582592881316, "ke": 0.5570584667733822, "loss": 0.6629883995530865, "meanscore": 0.9997220594182363, "n_docs": 246810, "non_null": 0.1765292514241863, "precision": 0.6414279746942783, "prediction_time": 1.012251807276268, "pz": 405, "recall": 0.9984746812069031, "size": 20693, "time": 15.791945743498978, "we": 6.49567975221418, "weighted_avg": 1.2805707853988344, "yw": 0.0253038486850915, "z8": 0.26998762173972324}, "train_full": {"B7": 348, "HS": 106308, "J6": 1.9009208168626435, "K4": 279, "KL": 0.020089145671071673, "KZ": 0.7859662241739036, "V0": -0.3315197576015588, "accuracy": 0.22254769196977797, "auc": 0.5084620695281477, "avg_time": 1.2671069064462803, "benchmark": 0.6170698358416494, "c0": 1.0397097325334856, "distinct": 190, "entropy": -0.7745587020197666, "errors": -23, "exp_cost": 8075202, "f1-score": 0.9609085064124319, "falsepos": 0.15494099572045983, "fullscore": 0.9122165884112837, "index": 10.51204395377759, "je": 0.6386777994280111, "ke": 2296, "loss": 0.10893080998449345, "meanscore": 0.9303231369849413, "n_docs": 8543, "non_null": 1.5770535721770784e-07, "precision": 0.9954779231503036, "prediction_time": 1.429469399257396, "pz": 0.10074259460111046, "recall": 0.9999940181900568, "size": 21712, "time": 1.395565036789939, "we": 11.316233284548955, "weighted_avg": 2.268125596476401, "yw": 0.7058372873846241, "z8": 1.672632677314729}}