{"branch": {"B7": 56, "HS": 0.9280478827515374, "J6": -23, "K4": 0.6206391336029615, "KL": 2.729366456636252, "KZ": 0.859945829580151, "V0": 0.0086510126468059, "accuracy": 0.8644267042500756, "auc": 0.3636223282765084, "avg_time": 4.064491240572229, "benchmark": -0.7346412150843047, "c0": 0.997437213035108, "distinct": 108, "entropy": 3.497598709211316, "errors": -184, "exp_cost": 105270, "f1-score": 0.9014337293976111, "falsepos": 0.5667418934041417, "fullscore": 0.9221098623160029, "index": 3.6970755834208977, "je": -16, "ke": 0.9740779460690405, "loss": 0.5384325109669696, "meanscore": 0.002262029816598843, "n_docs": 18, "non_null": 0.6603423241188571, "precision": 0.9999945413957246, "prediction_time": 2.8580354019173786, "recall": 0.6854599576370406, "size": 386877, "time": 1.9900030208184694, "we": 0.012661547397309514, "weighted_avg": 2.984890684245875, "yw": 5.296644891378988, "z8": 19.11523751931551}, "classifier": {"B7": 139, "HS": 0.9398026460614859, "J6": 101507, "K4": 228, "KL": 0.57974527539706, "KZ": 1.4421904204507656, "V0": 3, "accuracy": 0.9984967401011192, "auc": 0.07018052409649644, "avg_time": 12.228553245420885, "benchmark": 0.4786192575128275, "c0": 1.5636837101829413, "distinct": 114, "entropy": 0.91093855749267, "errors": 207, "exp_cost": 96347806, "f1-score": 0.6365249296771976, "falsepos": 0.23991929354866048, "fullscore": 0.8794657917538764, "index": 3.0905260609042626, "je": 0.3789041991528018, "ke": 1.874655474571702, "loss": 0.20323921433807646, "meanscore": 0.016200923236226017, "n_docs": 334, "non_null": 0.16521037634551816, "precision": 0.9866445718682472, "prediction_time": 2.4959103041666086, "pz": 358366, "recall": 0.45929669292602265, "size": 3002, "time": 1.7456795244597585, "weighted_avg": -0.5137171059646181, "yw": 0.20188917210684676, "z8": 0.9320710791604354}, "reports": {"B7": 13, "HS": 29.819234613423767, "J6": 0.051216105524577005, "K4": 32.27865798204282, "KL": 3.0026783164874056, "KZ": -78, "V0": 70, "accuracy": 0.1308981598749408, "auc": 0.9103524795942246, "avg_time": 1.497261360908845, "benchmark": -0.543829932480604, "c0": 8.318083871151435, "entropy": 1.1289687065057945, "errors": 250, "exp_cost": 668, "f1-score": 0.9984534108295025, "falsepos": 0.05306281553377867, "fullscore": 0.05431256035198834, "index": 27.72732249784476, "je": 0.6520058991040237, "ke": 6532, "loss": 0.4116082712843624, "meanscore": 0.9890448675248412, "n_docs": 3152, "non_null": 0.08560391685381341, "precision": 0.4964774973478569, "prediction_time": 9.466222256709274, "pz": 2.342626890077128, "recall": 0.9851514303942116, "size": 1912, "time": 1.5159832556474409, "we": 3.438100442337858, "weighted_avg": 2.4661416437195003, "yw": 2.6730012732649335, "z8": 1.0222143407998387}, "results": {"B7": 287, "HS": 90, "J6": -0.0016448022248307936, "K4": 3.0027657558809553, "KL": 119, "V0": 0.9066262609048754, "accuracy": 0.5391578611114107, "auc": 0.9595251609891418, "avg_time": 2.585190108934005, "benchmark": 1.6761528132498484, "c0": 3267, "distinct": -94, "entropy": -0.6903468878167162, "errors": 173, "exp_cost": 15338, "f1-score": 0.7664171906071795, "falsepos": 0.07459649667329482, "fullscore": 0.3155045609362882, "index": 2.1669565671802573, "je": 0.6404604343999989, "ke": 11.911186555186333, "loss": 0.015246918153815181, "meanscore": 0.8514844285232148, "n_docs": 36974, "non_null": 0.8165986327116933, "precision": 0.058722510097195424, "prediction_time": 3.7014083568335794, "pz": 4.268399749525118, "recall": 0.02122189197528279, "size": 875987, "time": 0.6975088505457994, "we": -1.182985692803584, "weighted_avg": 3.564020897899352, "yw": 0.12493413862819275, "z8": 1788}, "train": {"B7": 0.9183683496541114, "HS": 166316, "K4": 3.764176219169886, "KL": 8.834182491638423, "KZ": 0.8701120635842233, "V0": 2, "accuracy": 0.9562789692670519, "auc": 0.9999994390238685, "benchmark": -0.2156495400667191, "c0": 0.9131900040013118, "distinct": 131, "entropy": -2.1645390713780572, "errors": 98, "exp_cost": 92451, "f1-score": 0.11020133706596336, "falsepos": 0.6820458500412141, "fullscore": 0.7463812333845599, "index": 4.711726132031355, "je": 0.1346790854587388, "ke": 0.3029825552873448, "loss": 0.7699354510750082, "meanscore": 0.9995341678327042, "n_docs": 57814, "non_null": 0.3304305366323652, "precision": 0.5359895268409752, "prediction_time": 0.6470356291083473, "pz": 367, "recall": 0.9930577745687806, "size": 9530, "time": 10.629109594312434, "we": 4.69533827534157, "weighted_avg": 0.9610726640417226, "yw": 0.04067961216722704, "z8": 0.3384372064132666}, "train_full": {"B7": 299, "HS": 24160, "J6": 1.5372406953627293, "K4": 214, "KL": 0.07965650610145891, "KZ": 0.7613760909178864, "V0": -0.6439679831343177, "accuracy": 0.1300955693764334, "auc": 0.2870439965524899, "avg_time": 0.8459985734391673, "benchmark": 0.36371565072491513, "c0": 0.6195650785399935, "distinct": 160, "entropy": -1.3531696107076308, "errors": -84, "exp_cost": 2730363, "f1-score": 0.9031662980156104, "falsepos": 0.29642924386469627, "fullscore": 0.7716135395103775, "index": 7.788509547678944, "je": 0.7751895051694865, "ke": 883, "loss": 0.2138330878790199, "meanscore": 0.8050499816233387, "n_docs": 3469, "non_null": 3.8904016532725905e-06, "precision": 0.9814482011360842, "prediction_time": 0.8309910847139703, "pz": 0.07198770625173417, "recall": 0.9999655973238027, "size": 10417, "time": 0.8321681361014596, "we": 7.864028334628338, "weighted_avg": 1.8645346021988511, "yw": 0.5250281243348762, "z8": 1.3112885397354703}}