{"branch": {"B7": 400, "HS": 0.9999999937367967, "J6": 436, "K4": 4.674268827164022, "KL": 296.47464394933695, "KZ": 0.9999999999997031, "V0": 0.9264845915452327, "accuracy": 0.999999523495599, "auc": 0.9999505407971101, "avg_time": 203.59980065767783, "benchmark": 3.7231366736217413, "c0": 0.9999999999983498, "distinct": 472, "entropy": 7.907791768317571, "errors": 141, "exp_cost": 7650180415, "f1-score": 0.9999999925929881, "falsepos": 4.4878490035316077e-08, "fullscore": 0.9999999998777627, "index": 728.4876474454479, "je": 436, "ke": 0.9999999999857667, "loss": 8.182703554737714e-07, "meanscore": 0.9995945995813441, "n_docs": 37827, "non_null": 1.1606247025675032e-06, "precision": 1.0, "prediction_time": 50.770680405078835, "recall": 0.9999998751813661, "size": 365843470619, "time": 327.29600910812434, "we": 9.179323967600794e-13, "weighted_avg": 8.450768300732985, "yw": 373.0345983578684, "z8": 3622.36720984543}, "classifier": {"B7": 529, "HS": 0.9999947167826644, "J6": 118996621, "K4": 619, "KL": 0.00026758274764271395, "KZ": 235.8112046921651, "V0": 332, "accuracy": 0.9999999999999992, "auc": 0.9999034373174343, "avg_time": 325.4974866893926, "benchmark": 5.537288728850473, "c0": 7.574452019037284, "distinct": 414, "entropy": 5.78838806799413, "errors": 687, "exp_cost": 638801670995, "f1-score": 0.9999596151836122, "falsepos": 1.226929668973753e-11, "fullscore": 0.9999645905108364, "index": 51.44619256911192, "je": 0.9998002636142765, "ke": 6.3126099162009925, "loss": 5.183632544647487e-06, "meanscore": 0.9990093113753717, "n_docs": 543137, "non_null": 5.4507012792193166e-08, "precision": 0.9999999999999997, "prediction_time": 83.20362888693417, "pz": 4695861259, "recall": 0.9999949375019385, "size": 28352999, "time": 22.219816141631405, "weighted_avg": 3.6601213760209257, "yw": 4.287287893516617, "z8": 0.0029130927116425287}, "reports": {"B7": 472, "HS": 2454.668445930432, "J6": 2.2234788240371728e-05, "K4": 1166.057923080865, "KL": 231.07241952960692, "KZ": 261, "V0": 542, "accuracy": 0.9932299336790875, "auc": 0.9999999881473942, "avg_time": 176.0902716617121, "benchmark": 4.245366509103728, "c0": 605.5166359345357, "entropy": 5.650645747018483, "errors": 778, "exp_cost": 921833, "f1-score": 0.9999999999999956, "falsepos": 2.06831811633279e-06, "fullscore": 0.9939182942735285, "index": 1364.299741108616, "je": 10.742742420715043, "ke": 66196798, "loss": 2.6060752938539267e-05, "meanscore": 0.9999999805483971, "n_docs": 6329164, "non_null": 1.5938583786123672e-10, "precision": 0.9996442475457352, "prediction_time": 1309.7228574866344, "pz": 663.3650423063021, "recall": 0.9999999360951327, "size": 1936020138, "time": 244.1649870262555, "we": 8.801095147312404, "weighted_avg": 5.064597068822765, "yw": 6.838539143952531, "z8": 67.06543922990015}, "results": {"B7": 751, "HS": 111433, "J6": 6.0986455620169, "K4": 6.961267947841084, "KL": 592, "V0": 5.3534756336404143e-05, "accuracy": 0.9998758082392287, "auc": 0.9999999999931781, "avg_time": 38.396456578737876, "benchmark": 5.001651030098496, "c0": 7823794, "distinct": 337, "entropy": 3.6582994085971356, "errors": 586, "exp_cost": 51451055, "f1-score": 0.9999975270248621, "falsepos": 7.526268719360019e-09, "fullscore": 0.9687975286282341, "index": 65.82321582356694, "je": 0.9999999997860841, "ke": 510.80970386218723, "loss": 1.1546319456101628e-14, "meanscore": 0.9999999006758724, "n_docs": 71837020, "non_null": 5.128021051126197e-07, "precision": 0.9867584667416631, "prediction_time": 156.34579673354918, "pz": 106.08576968546554, "recall": 0.9577690429661767, "size": 1747435154, "time": 50.388893651933635, "we": 3.3201309452229584, "weighted_avg": 7.704941250222781, "yw": 0.8908478573011024, "z8": 205974863}, "train": {"B7": 0.999999999982377, "HS": 16748774222, "K4": 68.1554809697676, "KL": 704.8728779609668, "KZ": 0.9999996544508509, "V0": 583, "accuracy": 0.9999999994047004, "auc": 1.0, "benchmark": 4.544110075668134, "c0": 0.004141507331619998, "distinct": 538, "entropy": 3.5633333629609947, "errors": 384, "exp_cost": 1896949535, "f1-score": 0.9735113358847226, "falsepos": 0.003387419967947447, "fullscore": 0.9999955428454654, "index": 133.27697172576015, "je": 0.9999326691359318, "ke": 0.9999999164506017, "loss": 0.0010395464742628535, "meanscore": 0.9999999999999973, "n_docs": 14569626385, "non_null": 4.909977298406254e-06, "precision": 0.999843031088052, "prediction_time": 25.82051780590782, "pz": 697, "recall": 0.9999999999986737, "size": 105580546, "time": 291.0362407466746, "we": 645.234802797487, "weighted_avg": 5.061429690468351, "yw": 1.0061420187001957e-06, "z8": 6.080185638190905e-06}, "train_full": {"B7": 710, "HS": 7130514098, "J6": 29.035231213299543, "K4": 703, "KL": 8.326672684688674e-15, "KZ": 0.9999751090517219, "V0": 3.2469683931555533, "accuracy": 0.962322038062644, "auc": 0.9999816494779177, "avg_time": 171.64827972792764, "benchmark": 4.6349376689899655, "c0": 108.54091912822952, "distinct": 572, "entropy": 4.1886044403985245, "errors": 376, "exp_cost": 26854929011, "f1-score": 0.9999999954275378, "falsepos": 1.4477396614864801e-08, "fullscore": 0.9999791695692369, "index": 429.96056570182975, "je": 0.0003410446292773095, "ke": 618670, "loss": 3.93122852049288e-07, "meanscore": 0.999999999992047, "n_docs": 7999304, "non_null": 0.0, "precision": 0.9999999994143349, "prediction_time": 36.3000419984299, "pz": 0.9908792525236395, "recall": 1.0, "size": 88463115, "time": 347.03662362605166, "we": 127.55841638055186, "weighted_avg": 6.776494709752356, "yw": 0.9999999602743099, "z8": 6.012098714550405}}