{"branch": {"B7": 215, "HS": 0.9992901790228588, "J6": 171, "K4": 2.1891898587710177, "KL": 17.855269938939482, "KZ": 0.9998110703763214, "V0": 0.20160336547369556, "accuracy": 0.9918301975071682, "auc": 0.9156359736661331, "avg_time": 20.929032695470276, "benchmark": 1.0871240376377442, "c0": 0.9999971962262424, "distinct": 255, "entropy": 5.268229012980042, "errors": -44, "exp_cost": 17570011, "f1-score": 0.9992855796025156, "falsepos": 0.02355379122466661, "fullscore": 0.9995047591480888, "index": 35.964160500217325, "je": 164, "ke": 0.9999652944230253, "loss": 0.0295612364290756, "meanscore": 0.38291224838712745, "n_docs": 290, "non_null": 0.04086550641484665, "precision": 0.9999999996956556, "prediction_time": 12.03355271983432, "recall": 0.992959369825446, "size": 90060311, "time": 16.851916574961628, "we": 1.1444227549950448e-05, "weighted_avg": 5.160686406479577, "yw": 28.300557978692915, "z8": 152.14896513043757}, "classifier": {"B7": 314, "HS": 0.9956802789503636, "J6": 2233526, "K4": 392, "KL": 0.08869581212541167, "KZ": 12.285699501582446, "V0": 135, "accuracy": 0.9999998438115643, "auc": 0.7559144958269935, "avg_time": 43.562297029086395, "benchmark": 2.534333413973223, "c0": 3.9703470253517334, "distinct": 238, "entropy": 2.9272475874229573, "errors": 401, "exp_cost": 5585099481, "f1-score": 0.9678538794215653, "falsepos": 0.0006543966819458902, "fullscore": 0.9876265590167728, "index": 9.322932836137404, "je": 0.8926078199282517, "ke": 3.772580889963341, "loss": 0.005821818285209668, "meanscore": 0.5637432650174868, "n_docs": 6566, "non_null": 0.0021998612019562547, "precision": 0.9999987449276801, "prediction_time": 10.026682178707743, "pz": 22695487, "recall": 0.9716338853885228, "size": 167133, "time": 5.085245160633712, "weighted_avg": 1.1013593923073834, "yw": 1.9153882953197743, "z8": 0.36562909459085324}, "reports": {"B7": 208, "HS": 201.20089430315005, "J6": 0.0029580256860886056, "K4": 130.90799838084905, "KL": 18.64594560886524, "KZ": 64, "V0": 254, "accuracy": 0.6622210076779105, "auc": 0.9993882257790884, "avg_time": 10.347808638217673, "benchmark": 1.5703751827317272, "c0": 46.895588890365055, "entropy": 2.794278186090479, "errors": 454, "exp_cost": 9773, "f1-score": 0.9999996390116287, "falsepos": 0.0028826449871306448, "fullscore": 0.5376262040360775, "index": 129.761822240883, "je": 1.9021811523273042, "ke": 287606, "loss": 0.024649721907499478, "meanscore": 0.9997432253976034, "n_docs": 76620, "non_null": 0.00022894071191426058, "precision": 0.9367789843241644, "prediction_time": 68.5718176549658, "pz": 23.497501163660207, "recall": 0.9997549327589028, "size": 471930, "time": 14.089725504292547, "we": 5.704614831473405, "weighted_avg": 3.6521425607443483, "yw": 4.354035582833328, "z8": 6.386827278364628}, "results": {"B7": 473, "HS": 1606, "J6": 2.4316716270033667, "K4": 4.691543147893857, "KL": 311, "V0": 0.17841400338429614, "accuracy": 0.9419778420020606, "auc": 0.999964677868179, "avg_time": 9.819916006465023, "benchmark": 3.0772777634061517, "c0": 99721, "distinct": 80, "entropy": 1.1620386855694202, "errors": 332, "exp_cost": 413910, "f1-score": 0.9907667169505465, "falsepos": 0.000635501054157217, "fullscore": 0.6553770988192436, "index": 8.352038853147711, "je": 0.9975034855278352, "ke": 55.540885689493976, "loss": 1.7885690632990503e-06, "meanscore": 0.9963628547312935, "n_docs": 1004139, "non_null": 0.06363969278886361, "precision": 0.5354749607467003, "prediction_time": 21.148794554552868, "pz": 19.76235642193904, "recall": 0.3909014832030976, "size": 12961093, "time": 4.569688114067268, "we": 0.6628490084262919, "weighted_avg": 5.392519777999783, "yw": 0.3972476518698706, "z8": 204057}, "train": {"B7": 0.9998373356508607, "HS": 18971910, "K4": 15.262783669403742, "KL": 63.09952368758726, "KZ": 0.9965875401478628, "V0": 257, "accuracy": 0.9999061237574396, "auc": 0.9999999999944128, "benchmark": 1.7635254197618353, "c0": 0.3295260403514926, "distinct": 314, "entropy": 0.1360588156827364, "errors": 207, "exp_cost": 6406562, "f1-score": 0.5074223290272498, "falsepos": 0.21659843056296035, "fullscore": 0.988205366590902, "index": 15.98352112190074, "je": 0.7742767458460833, "ke": 0.9690726338279976, "loss": 0.22265551110084025, "meanscore": 0.9999997045588777, "n_docs": 13669539, "non_null": 0.02147640109342297, "precision": 0.9421008552097907, "prediction_time": 3.0898047627898877, "pz": 506, "recall": 0.9999954129469679, "size": 460193, "time": 47.01729855861394, "we": 32.76783399564516, "weighted_avg": 2.5871376845165956, "yw": 0.002439498274058871, "z8": 0.023278813434654988}, "train_full": {"B7": 473, "HS": 4647239, "J6": 4.714268488361271, "K4": 429, "KL": 2.4033588080563106e-05, "KZ": 0.9710252247714506, "V0": 1.1258131406098848, "accuracy": 0.581714702854173, "auc": 0.9326108254510708, "avg_time": 7.07567324101861, "benchmark": 2.1542056291262526, "c0": 5.685561201892267, "distinct": 320, "entropy": 0.995953912611792, "errors": 112, "exp_cost": 188563493, "f1-score": 0.9993738563683683, "falsepos": 0.005663657161357527, "fullscore": 0.9900654952229966, "index": 41.86711658921274, "je": 0.13373400992058182, "ke": 18299, "loss": 0.006404733939368912, "meanscore": 0.9995341292973801, "n_docs": 72572, "non_null": 1.1164047464262694e-10, "precision": 0.9999180538376792, "prediction_time": 4.52789964374065, "pz": 0.4978082770321622, "recall": 0.9999999994267119, "size": 448668, "time": 9.172526908681263, "we": 27.94121241693405, "weighted_avg": 3.9234163043666337, "yw": 0.9877638319056957, "z8": 3.2156500277148607}}