{"branch": {"B7": 327, "HS": 0.9999982549220356, "J6": 351, "K4": 3.756599857988369, "KL": 107.21834988520477, "KZ": 0.9999999983520395, "V0": 0.7266078211221642, "accuracy": 0.999952820562745, "auc": 0.9981503529315492, "avg_time": 79.7845264586588, "benchmark": 2.850423308487906, "c0": 0.9999999997766628, "distinct": 419, "entropy": 6.791531681736062, "errors": 86, "exp_cost": 685771722, "f1-score": 0.9999990891009876, "falsepos": 9.297441105005078e-06, "fullscore": 0.9999998596646453, "index": 279.54544868928093, "je": 353, "ke": 0.9999999921299284, "loss": 0.00013111287216782674, "meanscore": 0.9790098234913311, "n_docs": 9767, "non_null": 0.00011757693809844039, "precision": 0.9999999999999989, "prediction_time": 32.12437446647497, "recall": 0.9999906111168465, "size": 17880238005, "time": 114.33245089484785, "we": 6.173519473406941e-10, "weighted_avg": 7.340335999117693, "yw": 150.2478633836533, "z8": 1209.841341159466}, "classifier": {"B7": 446, "HS": 0.9998828540700623, "J6": 41379421, "K4": 535, "KL": 0.0034750835383718925, "KZ": 92.96876684775133, "V0": 274, "accuracy": 0.9999999999994119, "auc": 0.9941171098900622, "avg_time": 164.39679590767332, "benchmark": 4.387685525938145, "c0": 6.26788426957733, "distinct": 350, "entropy": 4.866699009970236, "errors": 570, "exp_cost": 95278356377, "f1-score": 0.9982390346153078, "falsepos": 3.2532439853127926e-08, "fullscore": 0.9997280442809393, "index": 28.07656337649159, "je": 0.9970034202454034, "ke": 5.500560482240951, "loss": 0.000125175154665369, "meanscore": 0.9753514133938344, "n_docs": 115221, "non_null": 1.4386912069230817e-05, "precision": 0.9999999999979177, "prediction_time": 43.53970080081213, "pz": 899566702, "recall": 0.9998230340583248, "size": 5246749, "time": 13.215880764194235, "weighted_avg": 2.5909151723203547, "yw": 3.466052109668028, "z8": 0.030000505272753553}, "reports": {"B7": 381, "HS": 1025.884073729646, "J6": 0.00012212747507234223, "K4": 532.7838837148216, "KL": 109.71063789963256, "KZ": 189, "V0": 424, "accuracy": 0.9642250060559363, "auc": 0.9999982528110731, "avg_time": 51.63341613458547, "benchmark": 3.446215101877196, "c0": 231.44930064852383, "entropy": 4.628378530437813, "errors": 673, "exp_cost": 216514, "f1-score": 0.9999999999892909, "falsepos": 5.8917359338828135e-05, "fullscore": 0.9549309781281976, "index": 584.6893605652019, "je": 5.2972591754968725, "ke": 9772418, "loss": 0.0007292583883120596, "meanscore": 0.9999978769304656, "n_docs": 1241409, "non_null": 1.695634666010193e-08, "precision": 0.9962889287356861, "prediction_time": 445.6143808225906, "pz": 206.25735283431968, "recall": 0.999998980085012, "size": 115387683, "time": 95.79970087206854, "we": 7.649795495043706, "weighted_avg": 4.610344321911681, "yw": 6.172893388085882, "z8": 28.348577380442638}, "results": {"B7": 665, "HS": 31777, "J6": 4.701885182003543, "K4": 6.179230826122393, "KL": 508, "V0": 0.002589283491275296, "accuracy": 0.9977747704640061, "auc": 0.9999999987529635, "avg_time": 23.578443800130998, "benchmark": 4.41190595857863, "c0": 2313475, "distinct": 218, "entropy": 2.951990864299007, "errors": 507, "exp_cost": 12233321, "f1-score": 0.9999405876814167, "falsepos": 6.321840884115915e-07, "fullscore": 0.9222950835268597, "index": 29.12543461042337, "je": 0.999999749621626, "ke": 249.50959777704662, "loss": 8.840705945090122e-12, "meanscore": 0.9999928703673994, "n_docs": 12166429, "non_null": 8.893032892531849e-05, "precision": 0.9207721652656123, "prediction_time": 76.64785063288663, "pz": 64.93237666335754, "recall": 0.8577463076632457, "size": 442649473, "time": 17.02009781712842, "we": 2.2387757481790476, "weighted_avg": 6.772503877009838, "yw": 0.7709815419854862, "z8": 17713368}, "train": {"B7": 0.9999999842820982, "HS": 2225767428, "K4": 36.90200936983534, "KL": 289.8813686826262, "KZ": 0.9999808911056609, "V0": 460, "accuracy": 0.9999999266788284, "auc": 1.0, "benchmark": 3.441967999262557, "c0": 0.030403786361655194, "distinct": 436, "entropy": 2.442840075948907, "errors": 310, "exp_cost": 256387473, "f1-score": 0.9020388528093853, "falsepos": 0.013508391785042373, "fullscore": 0.99991286728362, "index": 61.22898168104608, "je": 0.9944204139826478, "ke": 0.999975666095245, "loss": 0.01156031652382894, "meanscore": 0.9999999999945347, "n_docs": 930514589, "non_null": 0.00015412774815226626, "precision": 0.99867418560509, "prediction_time": 14.811544993120698, "pz": 623, "recall": 0.9999999995820302, "size": 10693730, "time": 173.2750604423558, "we": 192.33070687000262, "weighted_avg": 4.2230213695361805, "yw": 2.240109925466527e-05, "z8": 0.00035250717724588654}, "train_full": {"B7": 626, "HS": 656253704, "J6": 14.110773013600658, "K4": 607, "KL": 7.761347120549544e-11, "KZ": 0.9992970730555353, "V0": 2.4281775337201026, "accuracy": 0.8968834772780772, "auc": 0.9994025393973602, "avg_time": 58.00898662227335, "benchmark": 3.5512040436236774, "c0": 47.25309150320957, "distinct": 471, "entropy": 3.1465672759078473, "errors": 296, "exp_cost": 4112490814, "f1-score": 0.9999985331466261, "falsepos": 2.437445727143661e-06, "fullscore": 0.999838757653847, "index": 186.82760406950993, "je": 0.0044614077724042245, "ke": 198685, "loss": 4.3254135738246546e-05, "meanscore": 0.9999999827673071, "n_docs": 1307456, "non_null": 2.220446049250313e-16, "precision": 0.9999999111901695, "prediction_time": 16.688916007195, "pz": 0.9278634699758082, "recall": 0.9999999999999997, "size": 8115402, "time": 102.82302124812742, "we": 77.91307982153961, "weighted_avg": 5.680830432208939, "yw": 0.9999875452599061, "z8": 4.989892774465077}}