{"branch": {"B7": 487, "HS": 0.9999999999946043, "J6": 559, "K4": 5.666542661152644, "KL": 1064.9787879846904, "KZ": 1.0, "V0": 0.993448414826066, "accuracy": 0.9999999994594404, "auc": 0.9999996223484435, "avg_time": 593.9237861651851, "benchmark": 4.927248068170307, "c0": 0.9999999999999999, "distinct": 567, "entropy": 8.939165683531296, "errors": 246, "exp_cost": 154266273829, "f1-score": 0.9999999999934039, "falsepos": 3.148814542441869e-12, "fullscore": 0.9999999999999959, "index": 3431.622086515423, "je": 544, "ke": 0.9999999999999993, "loss": 4.919731289021456e-10, "meanscore": 0.9999995994623174, "n_docs": 400741, "non_null": 8.351601632483607e-10, "precision": 1.0, "prediction_time": 101.59324795339445, "recall": 0.9999999999245972, "size": 15303986782951, "time": 1029.962459748256, "we": 1.1102230246251565e-16, "weighted_avg": 9.847652089754138, "yw": 1157.442778904133, "z8": 17443.891935278858}, "classifier": {"B7": 632, "HS": 0.9999997152481187, "J6": 846287211, "K4": 720, "KL": 4.684179043756842e-06, "KZ": 924.8953536901295, "V0": 434, "accuracy": 1.0, "auc": 0.9999995373654522, "avg_time": 871.6461967724623, "benchmark": 6.910394792312836, "c0": 9.016780139507262, "distinct": 491, "entropy": 7.057775573356646, "errors": 816, "exp_cost": 3746160904736, "f1-score": 0.9999995480318812, "falsepos": 1.1102230246251565e-16, "fullscore": 0.9999996419520664, "index": 114.04291491106208, "je": 0.999998164434654, "ke": 7.47202392172449, "loss": 1.6981419870276682e-07, "meanscore": 0.9999967868836281, "n_docs": 5345820, "non_null": 1.0086298463107823e-10, "precision": 1.0, "prediction_time": 235.15810019380072, "pz": 61621176870, "recall": 0.9999999861892831, "size": 317755005, "time": 39.635386915974784, "weighted_avg": 4.970872470661221, "yw": 5.357589123856435, "z8": 3.773377889393359e-05}, "reports": {"B7": 593, "HS": 7290.629525782812, "J6": 1.2222032516051584e-06, "K4": 2967.9638678765386, "KL": 1005.3104172875193, "KZ": 353, "V0": 677, "accuracy": 0.9997825336062558, "auc": 0.9999999999932794, "avg_time": 558.4602459843771, "benchmark": 5.51163967333219, "c0": 1950.776472317903, "entropy": 7.0368964445788285, "errors": 911, "exp_cost": 6636569, "f1-score": 1.0, "falsepos": 2.8408661201240193e-08, "fullscore": 0.9998462751429538, "index": 3292.5573317486, "je": 25.939883624971973, "ke": 795709169, "loss": 1.8449755379013055e-07, "meanscore": 0.9999999999173821, "n_docs": 45361000, "non_null": 7.438494264988549e-15, "precision": 0.9999895671928706, "prediction_time": 5113.2520623726805, "pz": 2797.325864384739, "recall": 0.9999999987772393, "size": 84077327729, "time": 940.2483063743919, "we": 10.12423435222758, "weighted_avg": 5.755084185501219, "yw": 8.176404031893389, "z8": 252.38721799191435}, "results": {"B7": 876, "HS": 682552, "J6": 7.732189793048719, "K4": 8.16647027268141, "KL": 715, "V0": 6.575549771348221e-08, "accuracy": 0.999998022388307, "auc": 0.9999999999999992, "avg_time": 74.00586864104707, "benchmark": 5.90950141693862, "c0": 65810390, "distinct": 466, "entropy": 4.838622110104525, "errors": 691, "exp_cost": 443935172, "f1-score": 0.9999999883164601, "falsepos": 3.0001556794445605e-12, "fullscore": 0.9954957794428558, "index": 174.99923529974507, "je": 0.9999999999999987, "ke": 1275.1370808591862, "loss": 0.0, "meanscore": 0.9999999999381758, "n_docs": 377109408, "non_null": 9.98851001909884e-11, "precision": 0.9995177459157484, "prediction_time": 409.64039509396395, "pz": 278.0025803297795, "recall": 0.9978084105147489, "size": 24913306929, "time": 142.71467828470796, "we": 4.713148733211098, "weighted_avg": 8.909823974740734, "yw": 0.9698060165382629, "z8": 5081251674}, "train": {"B7": 0.9999999999999997, "HS": 356529978724, "K4": 123.8029453097491, "KL": 2812.9256202788547, "KZ": 0.9999999988052302, "V0": 723, "accuracy": 0.9999999999998443, "auc": 1.0, "benchmark": 5.807868684611227, "c0": 0.0001515580807223138, "distinct": 643, "entropy": 5.067711950328059, "errors": 460, "exp_cost": 22926224656, "f1-score": 0.9985360291439319, "falsepos": 7.875741864160624e-05, "fullscore": 0.9999999695871695, "index": 381.25380169240333, "je": 0.9999998132977803, "ke": 0.9999999999897728, "loss": 1.9585220470741405e-05, "meanscore": 1.0, "n_docs": 311535591471, "non_null": 2.786159303269642e-08, "precision": 0.9999949489054816, "prediction_time": 62.0908799458651, "pz": 780, "recall": 1.0, "size": 1298352388, "time": 668.4921500334602, "we": 2077.6641457408787, "weighted_avg": 6.263151253453276, "yw": 1.2343565614081342e-08, "z8": 2.1517400417003785e-08}, "train_full": {"B7": 814, "HS": 205481184690, "J6": 65.55311888821457, "K4": 836, "KL": 0.0, "KZ": 0.9999996272469487, "V0": 4.1397697159056746, "accuracy": 0.9937416694589531, "auc": 0.9999999522213618, "avg_time": 801.8055433157559, "benchmark": 5.770333657954774, "c0": 413.3216072549771, "distinct": 666, "entropy": 5.636907007958976, "errors": 511, "exp_cost": 323703731048, "f1-score": 0.9999999999983322, "falsepos": 1.009003991470081e-11, "fullscore": 0.9999996660016519, "index": 1362.984074271648, "je": 3.330609944063312e-06, "ke": 3324030, "loss": 1.405824345823703e-10, "meanscore": 1.0, "n_docs": 71939795, "non_null": 0.0, "precision": 0.9999999999969922, "prediction_time": 77.58304669429266, "pz": 0.9997366444205812, "recall": 1.0, "size": 978351368, "time": 1725.6464304549015, "we": 268.23688619394017, "weighted_avg": 8.0328064170717, "yw": 0.9999999999943244, "z8": 7.1483435935828235}}