{"branch": {"B7": 217, "HS": 0.9992819878493421, "J6": 180, "K4": 2.300554363041119, "KL": 19.869388198406234, "KZ": 0.9999015484024172, "V0": 0.21305475681379699, "accuracy": 0.9962723058740248, "auc": 0.9281156899060352, "avg_time": 25.855585983543133, "benchmark": 1.0605842893808417, "c0": 0.9999983566919196, "distinct": 258, "entropy": 5.350657055079212, "errors": -32, "exp_cost": 21453425, "f1-score": 0.9993779096145115, "falsepos": 0.013082037454581918, "fullscore": 0.9996793443403773, "index": 37.896961596403614, "je": 178, "ke": 0.9999655897916195, "loss": 0.0216238718385926, "meanscore": 0.44829604119170713, "n_docs": 436, "non_null": 0.03562303121507582, "precision": 0.9999999998775541, "prediction_time": 12.603708641811432, "recall": 0.9953765100162272, "size": 146704969, "time": 19.043847734768555, "we": 5.911739201502897e-06, "weighted_avg": 5.376499241267217, "yw": 29.93615516182249, "z8": 170.07382979970626}, "classifier": {"B7": 324, "HS": 0.9972058359635293, "J6": 2978718, "K4": 396, "KL": 0.07572515168233607, "KZ": 13.342766086363756, "V0": 145, "accuracy": 0.9999998819221739, "auc": 0.7405646754199615, "avg_time": 53.83873395235224, "benchmark": 2.610880556494412, "c0": 4.13335931379567, "distinct": 244, "entropy": 3.0478986268517625, "errors": 408, "exp_cost": 5411144915, "f1-score": 0.9691365029387731, "falsepos": 0.00036471110167135556, "fullscore": 0.9891168040729601, "index": 10.263084731841646, "je": 0.9030393622699674, "ke": 3.7912891975550407, "loss": 0.0058769557525139016, "meanscore": 0.5700191598522478, "n_docs": 8018, "non_null": 0.0020778986870435556, "precision": 0.999998922010367, "prediction_time": 11.596348656384897, "pz": 23694514, "recall": 0.9804038953057188, "size": 197213, "time": 5.087841053497856, "weighted_avg": 1.3282346880217355, "yw": 2.038656726340266, "z8": 0.35076910451171095}, "reports": {"B7": 220, "HS": 235.35589625249546, "J6": 0.002437832147963448, "K4": 148.56537285958734, "KL": 22.497394418801747, "KZ": 67, "V0": 258, "accuracy": 0.6629634275355223, "auc": 0.9995678953921572, "avg_time": 11.236897841432421, "benchmark": 1.6323178895755375, "c0": 50.46756903043612, "entropy": 3.03407099135526, "errors": 478, "exp_cost": 9819, "f1-score": 0.999999770802238, "falsepos": 0.0023745475934666693, "fullscore": 0.5439584591094269, "index": 140.04758263337462, "je": 1.9153824987721901, "ke": 329115, "loss": 0.024885595608626132, "meanscore": 0.999835786256306, "n_docs": 81766, "non_null": 0.0001878384016740231, "precision": 0.9434921341057559, "prediction_time": 81.68433395587472, "pz": 27.79253724911046, "recall": 0.9997938816088743, "size": 964432, "time": 16.75944065596729, "we": 5.678075083216502, "weighted_avg": 3.721494144764857, "yw": 4.406574314524774, "z8": 6.090404721115468}, "results": {"B7": 498, "HS": 1761, "J6": 2.493614333847177, "K4": 4.8487064979549155, "KL": 328, "V0": 0.1519025626797812, "accuracy": 0.9489055452392632, "auc": 0.9999689947839152, "avg_time": 9.994107967819131, "benchmark": 3.1891339475429534, "c0": 128224, "distinct": 78, "entropy": 1.3044995455622332, "errors": 354, "exp_cost": 551844, "f1-score": 0.9908171104784771, "falsepos": 0.00037914575567576936, "fullscore": 0.6732724570625438, "index": 9.184920513406636, "je": 0.9982662756181003, "ke": 62.76509650519187, "loss": 1.3868815897932762e-06, "meanscore": 0.9973905457078833, "n_docs": 1123342, "non_null": 0.04415168546260784, "precision": 0.5693178410509767, "prediction_time": 21.313130700919366, "pz": 22.379872882108025, "recall": 0.439569840721472, "size": 21107790, "time": 4.864779085597002, "we": 0.7322325292888358, "weighted_avg": 5.463568922452986, "yw": 0.42189323651683575, "z8": 232351}, "train": {"B7": 0.9998692078206465, "HS": 28681941, "K4": 15.270574945922926, "KL": 60.17097695264757, "KZ": 0.9969750178900478, "V0": 271, "accuracy": 0.9999364172567139, "auc": 0.9999999999979605, "benchmark": 1.8122432476759436, "c0": 0.2934299254033945, "distinct": 330, "entropy": 0.27626067266802734, "errors": 213, "exp_cost": 8040723, "f1-score": 0.5530221740730822, "falsepos": 0.17647780652454226, "fullscore": 0.9922514472845604, "index": 20.054098710622632, "je": 0.7648158490346335, "ke": 0.9831388325545379, "loss": 0.19155509442580754, "meanscore": 0.9999999295434022, "n_docs": 17665192, "non_null": 0.015038549587895522, "precision": 0.9372529616298778, "prediction_time": 3.5760276689485218, "pz": 523, "recall": 0.9999976491209083, "size": 512597, "time": 47.112943288428205, "we": 31.65682823818296, "weighted_avg": 2.637048923464607, "yw": 0.0020047843559315437, "z8": 0.02462961426518806}, "train_full": {"B7": 484, "HS": 6428460, "J6": 5.550214858441753, "K4": 445, "KL": 1.5805756172992957e-05, "KZ": 0.9761767449228906, "V0": 1.1140058882963786, "accuracy": 0.5804189087154767, "auc": 0.9470469159838534, "avg_time": 8.1273522541632, "benchmark": 2.2647760567833553, "c0": 6.70034996328884, "distinct": 316, "entropy": 1.1259598528221666, "errors": 120, "exp_cost": 236314581, "f1-score": 0.9993431123881096, "falsepos": 0.00401834297441217, "fullscore": 0.9905991818031327, "index": 45.66012141079842, "je": 0.11496444708966669, "ke": 19055, "loss": 0.0033048109590360086, "meanscore": 0.9997529009811802, "n_docs": 122394, "non_null": 6.374167860201396e-11, "precision": 0.9999646770385452, "prediction_time": 4.8557423794215095, "pz": 0.5295300823680817, "recall": 0.9999999997530586, "size": 399685, "time": 10.553047363711359, "we": 30.501260558376828, "weighted_avg": 3.9152683820648946, "yw": 0.9910625885253365, "z8": 3.2316062959633403}}