{"branch": {"B7": 361, "HS": 0.9999998691745323, "J6": 392, "K4": 4.222622459441148, "KL": 197.98026438245802, "KZ": 0.9999999999901217, "V0": 0.8519390549648428, "accuracy": 0.9999940161104918, "auc": 0.9997203930382179, "avg_time": 139.2876148960233, "benchmark": 3.455712706206693, "c0": 0.9999999999886131, "distinct": 437, "entropy": 7.403212223731862, "errors": 120, "exp_cost": 3039657205, "f1-score": 0.999999894152663, "falsepos": 7.692620620503021e-07, "fullscore": 0.9999999961898725, "index": 530.108304603937, "je": 393, "ke": 0.99999999974974, "loss": 6.4512633772828565e-06, "meanscore": 0.9977624856240057, "n_docs": 20370, "non_null": 9.419110225450389e-06, "precision": 1.0, "prediction_time": 42.622386266691876, "recall": 0.9999989693840129, "size": 99627702838, "time": 195.26655454170336, "we": 1.8280710278872903e-11, "weighted_avg": 7.9487243821058104, "yw": 262.5543539991001, "z8": 2278.6795272787413}, "classifier": {"B7": 498, "HS": 0.9999714421777842, "J6": 107082819, "K4": 581, "KL": 0.0006201600028210574, "KZ": 154.139777519242, "V0": 309, "accuracy": 0.9999999999999842, "auc": 0.9991990867948857, "avg_time": 298.5544481570029, "benchmark": 5.014804181190449, "c0": 6.971646492482325, "distinct": 389, "entropy": 5.346203759958623, "errors": 644, "exp_cost": 313412322887, "f1-score": 0.9996015858015748, "falsepos": 3.324110986469009e-10, "fullscore": 0.9998749590060247, "index": 38.9929644577572, "je": 0.9994107519021954, "ke": 6.065935991474033, "loss": 3.112839682684054e-05, "meanscore": 0.9960200626302008, "n_docs": 276463, "non_null": 8.49423660520543e-07, "precision": 0.9999999999999853, "prediction_time": 59.32240988072318, "pz": 3000290107, "recall": 0.9999802609546444, "size": 14567763, "time": 17.930017970340533, "weighted_avg": 3.3735485334718778, "yw": 3.931540734578865, "z8": 0.008901752598982848}, "reports": {"B7": 443, "HS": 1857.7251245920813, "J6": 4.771746914844499e-05, "K4": 801.1037753626165, "KL": 173.69813589939506, "KZ": 225, "V0": 496, "accuracy": 0.9865905331964334, "auc": 0.9999999333293024, "avg_time": 107.6648765479786, "benchmark": 3.936346383750977, "c0": 403.3852228466829, "entropy": 5.1985817541332064, "errors": 736, "exp_cost": 490999, "f1-score": 0.9999999999998784, "falsepos": 9.13913204669825e-06, "fullscore": 0.9879051722150902, "index": 979.7955765530622, "je": 8.249544347342635, "ke": 30136685, "loss": 7.325425997350976e-05, "meanscore": 0.9999998713528512, "n_docs": 2693655, "non_null": 6.277180997216192e-10, "precision": 0.999152813769089, "prediction_time": 828.463229465878, "pz": 434.51117542901494, "recall": 0.9999997963174738, "size": 635810418, "time": 162.16969091950492, "we": 8.383495359959326, "weighted_avg": 4.876524311912922, "yw": 6.604799014611854, "z8": 48.98546284499316}, "results": {"B7": 705, "HS": 63363, "J6": 5.45739289115006, "K4": 6.6252161859379415, "KL": 550, "V0": 0.0002933498496777709, "accuracy": 0.9995689542721169, "auc": 0.9999999999350574, "avg_time": 34.10765286285489, "benchmark": 4.734141447799708, "c0": 4332530, "distinct": 294, "entropy": 3.477622113132453, "errors": 541, "exp_cost": 28554425, "f1-score": 0.9999895400361034, "falsepos": 3.953436678028055e-08, "fullscore": 0.9507109607473511, "index": 47.96943331440686, "je": 0.9999999947079917, "ke": 375.6056950124587, "loss": 2.254862963013693e-13, "meanscore": 0.9999994845172162, "n_docs": 24891833, "non_null": 4.084025493344967e-06, "precision": 0.9743915541855805, "prediction_time": 114.36045965159703, "pz": 98.70179004216433, "recall": 0.9313495534874514, "size": 1177777496, "time": 32.89778089950112, "we": 2.9138819256573276, "weighted_avg": 7.4376360382764775, "yw": 0.840597156542999, "z8": 72686689}, "train": {"B7": 0.999999999766492, "HS": 8082428886, "K4": 54.571843094385706, "KL": 516.5405209738948, "KZ": 0.9999974081387877, "V0": 530, "accuracy": 0.9999999919668314, "auc": 1.0, "benchmark": 4.0703261778665745, "c0": 0.011145463570542247, "distinct": 516, "entropy": 3.024738975353329, "errors": 343, "exp_cost": 836294999, "f1-score": 0.9494343852420833, "falsepos": 0.005459184142774021, "fullscore": 0.9999901826541127, "index": 109.67055188709548, "je": 0.9993365368632725, "ke": 0.9999987140934739, "loss": 0.0022958410384406047, "meanscore": 0.9999999999999346, "n_docs": 4599827646, "non_null": 2.1710236221328394e-05, "precision": 0.999423643384457, "prediction_time": 18.642618745958117, "pz": 660, "recall": 0.9999999999767607, "size": 41899789, "time": 227.6170887528208, "we": 358.1411285106272, "weighted_avg": 4.6583388403260315, "yw": 3.6528573235106165e-06, "z8": 5.0839022044724125e-05}, "train_full": {"B7": 670, "HS": 2959932310, "J6": 22.59780230301601, "K4": 670, "KL": 3.652633751016765e-13, "KZ": 0.9999000821670483, "V0": 2.868417007518688, "accuracy": 0.9243586260203316, "auc": 0.9998831608249674, "avg_time": 106.36164646879709, "benchmark": 4.2184629340350295, "c0": 77.84936141858381, "distinct": 524, "entropy": 3.787471176220037, "errors": 350, "exp_cost": 13918234507, "f1-score": 0.9999999522317928, "falsepos": 1.4385148627837907e-07, "fullscore": 0.9999581902176413, "index": 277.6638461726409, "je": 0.0012406209082739261, "ke": 392065, "loss": 1.6082712727127912e-06, "meanscore": 0.9999999997400634, "n_docs": 3893241, "non_null": 0.0, "precision": 0.9999999747195824, "prediction_time": 25.97809785819781, "pz": 0.976791470837094, "recall": 1.0, "size": 31017759, "time": 203.16055425485973, "we": 101.7816611571227, "weighted_avg": 6.43229194037634, "yw": 0.9999994833385513, "z8": 5.640469655989368}}