{"branch": {"B7": 160, "HS": 0.9943808846935025, "J6": 87, "K4": 1.6334587604632915, "KL": 9.061877364724134, "KZ": 0.9964912665529242, "V0": 0.07842226390459489, "accuracy": 0.9682057618670907, "auc": 0.8164931017714185, "avg_time": 14.98097209307408, "benchmark": 0.46142432935846883, "c0": 0.9999474280663719, "distinct": 202, "entropy": 4.543083743346358, "errors": -100, "exp_cost": 3293553, "f1-score": 0.9936186450639548, "falsepos": 0.0997540806636894, "fullscore": 0.9955788656043573, "index": 14.760064554748189, "je": 104, "ke": 0.9995058271235745, "loss": 0.09943916573290201, "meanscore": 0.1201038775976701, "n_docs": 108, "non_null": 0.18113324311042311, "precision": 0.9999999901426944, "prediction_time": 8.01925628276458, "recall": 0.9524796691969537, "size": 14973363, "time": 8.85077828056231, "we": 0.00021404100429944783, "weighted_avg": 4.51276923038111, "yw": 16.09594010611737, "z8": 72.1924448740909}, "classifier": {"B7": 254, "HS": 0.992600814185969, "J6": 739299, "K4": 334, "KL": 0.1779769161302387, "KZ": 5.7482265119907385, "V0": 85, "accuracy": 0.9999887774183472, "auc": 0.4542759499699564, "avg_time": 31.194809866517925, "benchmark": 1.9225350730583048, "c0": 3.1567884490751696, "distinct": 200, "entropy": 2.2045494887860975, "errors": 340, "exp_cost": 1486227479, "f1-score": 0.9337006639706735, "falsepos": 0.010212868223392402, "fullscore": 0.9653271494731043, "index": 5.761718562196662, "je": 0.7916893537349735, "ke": 3.103689257091331, "loss": 0.024800115133375322, "meanscore": 0.28253531860062997, "n_docs": 2308, "non_null": 0.008913364899975518, "precision": 0.9999096538201037, "prediction_time": 6.22596314744393, "pz": 6679094, "recall": 0.8886461222335772, "size": 46071, "time": 3.496186031877407, "weighted_avg": 0.5948276110991736, "yw": 1.3603569183594264, "z8": 0.6147319654355884}, "reports": {"B7": 145, "HS": 106.15456378434891, "J6": 0.007652551463819712, "K4": 82.40328834095861, "KL": 9.810329300849476, "KZ": 16, "V0": 186, "accuracy": 0.4473853383225979, "auc": 0.9951169914740756, "avg_time": 4.782863229645515, "benchmark": 0.6918669092094065, "c0": 25.49857200089339, "entropy": 2.0156044159480135, "errors": 394, "exp_cost": 3019, "f1-score": 0.9999906706587328, "falsepos": 0.01117255815601581, "fullscore": 0.2987744405936803, "index": 78.31857942095647, "je": 1.36695271491755, "ke": 102644, "loss": 0.0928785445353324, "meanscore": 0.9989744680141281, "n_docs": 28640, "non_null": 0.0038225394432747084, "precision": 0.8394227534311585, "prediction_time": 34.00624387619348, "pz": 10.26762079692152, "recall": 0.9986983201009934, "size": 72171, "time": 6.744582756747069, "we": 4.85371788914773, "weighted_avg": 3.3056811365624235, "yw": 3.5743061282690305, "z8": 3.238986614919792}, "results": {"B7": 414, "HS": 538, "J6": 1.5007776202126097, "K4": 4.082992501761877, "KL": 237, "V0": 0.42350650775201526, "accuracy": 0.864618829403261, "auc": 0.9988825517850994, "avg_time": 6.326034104216673, "benchmark": 2.5037655132495, "c0": 28349, "distinct": 8, "entropy": 0.5730876305126177, "errors": 275, "exp_cost": 103073, "f1-score": 0.9649048385552198, "falsepos": 0.004037263195109109, "fullscore": 0.5204519713581054, "index": 4.945872349031128, "je": 0.9763881139057933, "ke": 30.79333061188468, "loss": 0.00012334538529368277, "meanscore": 0.9827074002733123, "n_docs": 277654, "non_null": 0.2625160301037489, "precision": 0.3729961394963783, "prediction_time": 12.30156830702426, "pz": 13.544381356609746, "recall": 0.17606382122593273, "size": 5750584, "time": 2.2147528618919274, "we": -0.11927967572381443, "weighted_avg": 4.777001565777937, "yw": 0.27853942667791826, "z8": 49362}, "train": {"B7": 0.9980618896938029, "HS": 3609236, "K4": 9.888890290013643, "KL": 31.92719219194218, "KZ": 0.9821625752264189, "V0": 172, "accuracy": 0.998633428189444, "auc": 0.9999999995026296, "benchmark": 1.0240145533191742, "c0": 0.6003926858506012, "distinct": 268, "entropy": -0.7714311054827677, "errors": 175, "exp_cost": 1159524, "f1-score": 0.35532874978924683, "falsepos": 0.36718614751841794, "fullscore": 0.955649655148147, "index": 11.358447201241463, "je": 0.47873928421539813, "ke": 0.8700847095133784, "loss": 0.3663623197304827, "meanscore": 0.999982925299181, "n_docs": 2581596, "non_null": 0.06987240693341579, "precision": 0.8179273136576812, "prediction_time": 1.81537888718079, "pz": 480, "recall": 0.999895350975705, "size": 133190, "time": 29.473410939499352, "we": 15.756267395161458, "weighted_avg": 1.910989704139243, "yw": 0.0055857972751161, "z8": 0.08444699432897917}, "train_full": {"B7": 413, "HS": 808349, "J6": 3.0828278313757744, "K4": 356, "KL": 0.0008126305447055948, "KZ": 0.916724304034267, "V0": 0.3353591482388247, "accuracy": 0.3858563324409891, "auc": 0.7770773723073646, "avg_time": 3.1716175075504958, "benchmark": 1.4384082842600585, "c0": 2.585158097723903, "distinct": 256, "entropy": 0.11594862868733129, "errors": 50, "exp_cost": 44728918, "f1-score": 0.9952618893212407, "falsepos": 0.030440991673694517, "fullscore": 0.9583963807603202, "index": 24.50182113267112, "je": 0.3374312596263539, "ke": 7311, "loss": 0.018359492840325564, "meanscore": 0.9932091804177156, "n_docs": 38376, "non_null": 3.7426762800052416e-09, "precision": 0.9994234076694886, "prediction_time": 2.739958909658645, "pz": 0.2900889667135574, "recall": 0.9999999548326912, "size": 133660, "time": 3.70324095683143, "we": 19.078998814849054, "weighted_avg": 3.1191477620158152, "yw": 0.9339676251002447, "z8": 2.5307188127807607}}