{"branch": {"B7": 355, "HS": 0.9999997227543372, "J6": 376, "K4": 4.26587901046185, "KL": 173.8533895243701, "KZ": 0.9999999999472609, "V0": 0.8268377862587764, "accuracy": 0.9999849026193234, "auc": 0.9996233000546249, "avg_time": 117.4121211525026, "benchmark": 3.2266810447139513, "c0": 0.999999999980102, "distinct": 444, "entropy": 7.28225292599103, "errors": 119, "exp_cost": 1653269538, "f1-score": 0.9999998550698254, "falsepos": 1.239455003632095e-06, "fullscore": 0.9999999950601304, "index": 478.20426012379613, "je": 385, "ke": 0.9999999993438796, "loss": 1.3908311408572516e-05, "meanscore": 0.9947189986852836, "n_docs": 16974, "non_null": 1.650763920091336e-05, "precision": 0.9999999999999999, "prediction_time": 40.2305191901922, "recall": 0.9999975595433599, "size": 74614679473, "time": 190.8469690391481, "we": 5.770472988331221e-11, "weighted_avg": 7.74752045561875, "yw": 252.85555508287422, "z8": 2009.8101833881456}, "classifier": {"B7": 474, "HS": 0.9999592321413675, "J6": 67782746, "K4": 586, "KL": 0.000958454657896346, "KZ": 147.80060492838496, "V0": 304, "accuracy": 0.999999999999978, "auc": 0.9985950077537354, "avg_time": 274.99526304780574, "benchmark": 4.7034814902855455, "c0": 6.80413229200908, "distinct": 378, "entropy": 5.330811056792022, "errors": 630, "exp_cost": 222751495036, "f1-score": 0.9995673277203555, "falsepos": 1.1758063411804187e-09, "fullscore": 0.9999176119664788, "index": 38.69464237311893, "je": 0.9991415618797872, "ke": 5.872033045066957, "loss": 5.746464631828374e-05, "meanscore": 0.9945929271881686, "n_docs": 186459, "non_null": 1.6327091292289708e-06, "precision": 0.9999999999999298, "prediction_time": 55.794580088152294, "pz": 2335680465, "recall": 0.9999674959662223, "size": 12043457, "time": 16.495220966292585, "weighted_avg": 3.109067588107073, "yw": 3.8496654181840877, "z8": 0.011724257169890118}, "reports": {"B7": 426, "HS": 1694.8514867433596, "J6": 4.952013066217287e-05, "K4": 780.5516793435625, "KL": 153.6152924206553, "KZ": 215, "V0": 467, "accuracy": 0.9764441049105484, "auc": 0.9999998672890155, "avg_time": 93.24013558404646, "benchmark": 3.93668437746227, "c0": 361.27742029266807, "entropy": 5.079410702772199, "errors": 726, "exp_cost": 451247, "f1-score": 0.99999999999944, "falsepos": 1.5451937086075063e-05, "fullscore": 0.9833768526619837, "index": 905.1922588701469, "je": 7.191908295267795, "ke": 22603760, "loss": 0.00016487490776107006, "meanscore": 0.999999682374532, "n_docs": 2445379, "non_null": 8.65800875438083e-10, "precision": 0.9988907638638677, "prediction_time": 745.7967788427751, "pz": 340.5844505043262, "recall": 0.9999997084249436, "size": 471381619, "time": 160.77682267748418, "we": 8.154844670494294, "weighted_avg": 4.860431823844809, "yw": 6.593490890845362, "z8": 45.16094477041406}, "results": {"B7": 701, "HS": 40433, "J6": 5.40196120684881, "K4": 6.609823482771341, "KL": 541, "V0": 0.0004894648370762367, "accuracy": 0.999346753543691, "auc": 0.9999999997977057, "avg_time": 27.54077898103314, "benchmark": 4.67638772475895, "c0": 3762107, "distinct": 279, "entropy": 3.1944257064872854, "errors": 540, "exp_cost": 27403927, "f1-score": 0.9999858015017513, "falsepos": 7.697157100583496e-08, "fullscore": 0.954555452075061, "index": 40.1491905421568, "je": 0.9999999879683947, "ke": 362.0803421966994, "loss": 1.6564527527407336e-13, "meanscore": 0.9999986454845426, "n_docs": 30852894, "non_null": 1.1599723664268424e-05, "precision": 0.9643063838540351, "prediction_time": 117.94572898567318, "pz": 77.42376651862425, "recall": 0.9222733999683796, "size": 1501622339, "time": 26.558538569151413, "we": 2.8788161968377124, "weighted_avg": 7.229896485211876, "yw": 0.8262875977589272, "z8": 56510182}, "train": {"B7": 0.9999999983753707, "HS": 6060865557, "K4": 47.16714425334739, "KL": 446.34007092951987, "KZ": 0.9999952963313605, "V0": 509, "accuracy": 0.999999989772362, "auc": 1.0, "benchmark": 3.8625866248019736, "c0": 0.017520270246684233, "distinct": 495, "entropy": 2.89878315349659, "errors": 352, "exp_cost": 635606673, "f1-score": 0.9429309532203338, "falsepos": 0.004879687030853397, "fullscore": 0.9999884359237285, "index": 101.25465742145475, "je": 0.9983839831137655, "ke": 0.9999984072580879, "loss": 0.003680920286851297, "meanscore": 0.9999999999997835, "n_docs": 3286010698, "non_null": 3.0451350379157027e-05, "precision": 0.9992859825200822, "prediction_time": 18.920302446463722, "pz": 653, "recall": 0.9999999999689395, "size": 29932242, "time": 224.5603305506588, "we": 305.7067308537964, "weighted_avg": 4.57877482357873, "yw": 6.34515833575211e-06, "z8": 9.04370441990876e-05}, "train_full": {"B7": 667, "HS": 2186634146, "J6": 20.4798450709421, "K4": 660, "KL": 1.2573275753879898e-12, "KZ": 0.9997894833285338, "V0": 2.7492459561576794, "accuracy": 0.9153785093358218, "auc": 0.9998861002916465, "avg_time": 94.5705371893761, "benchmark": 4.004409027744278, "c0": 73.91736305537566, "distinct": 504, "entropy": 3.502600614966754, "errors": 327, "exp_cost": 14943535431, "f1-score": 0.9999997465635114, "falsepos": 2.8898395776355557e-07, "fullscore": 0.9999365091795804, "index": 283.5544968973171, "je": 0.0010798924053738723, "ke": 321825, "loss": 3.3110273136571777e-06, "meanscore": 0.9999999994951395, "n_docs": 3667092, "non_null": 0.0, "precision": 0.9999999774636361, "prediction_time": 21.806210688768477, "pz": 0.9711737268948382, "recall": 1.0, "size": 21963073, "time": 178.025218537931, "we": 96.11167706646117, "weighted_avg": 6.2270039924814915, "yw": 0.9999989384477661, "z8": 5.47269015480702}}