{"branch": {"B7": 446, "HS": 0.9999999998762794, "J6": 520, "K4": 5.167197277715392, "KL": 665.9097055058279, "KZ": 0.9999999999999997, "V0": 0.9800407443697012, "accuracy": 0.9999999945987279, "auc": 0.9999968981888144, "avg_time": 367.19470972616824, "benchmark": 4.618395580689825, "c0": 0.9999999999999987, "distinct": 530, "entropy": 8.490623690890146, "errors": 215, "exp_cost": 53296894680, "f1-score": 0.9999999998383857, "falsepos": 1.2007250749235254e-10, "fullscore": 0.9999999999996644, "index": 2168.820577161503, "je": 507, "ke": 0.9999999999999529, "loss": 5.650829471015584e-09, "meanscore": 0.9999891430469416, "n_docs": 150175, "non_null": 7.637679821925758e-09, "precision": 1.0, "prediction_time": 88.06590831131876, "recall": 0.999999997663624, "size": 4232708513454, "time": 614.3574035097963, "we": 3.3306690738754696e-15, "weighted_avg": 9.3405909261854, "yw": 793.2489492404894, "z8": 11107.43507575523}, "classifier": {"B7": 598, "HS": 0.999999430512936, "J6": 482203633, "K4": 675, "KL": 1.2959026342018731e-05, "KZ": 587.6141450595293, "V0": 400, "accuracy": 1.0, "auc": 0.9999968422224166, "avg_time": 705.9486199962103, "benchmark": 6.377589172396507, "c0": 8.439985467332992, "distinct": 463, "entropy": 6.64832669530059, "errors": 760, "exp_cost": 2182446525868, "f1-score": 0.9999970880751274, "falsepos": 1.1324274851176597e-14, "fullscore": 0.9999979733744861, "index": 84.1632499168557, "je": 0.9999959087003316, "ke": 7.107936854287298, "loss": 1.0849627551934304e-06, "meanscore": 0.9999728932187195, "n_docs": 2044701, "non_null": 1.1914794706413545e-09, "precision": 1.0, "prediction_time": 156.37115482878178, "pz": 26140163175, "recall": 0.9999998996406698, "size": 129277547, "time": 37.32832719477368, "weighted_avg": 4.519003501319529, "yw": 5.009453482477602, "z8": 0.00018604910012842701}, "reports": {"B7": 547, "HS": 5294.455470028345, "J6": 2.4363576667241205e-06, "K4": 2078.768625296028, "KL": 540.6205148956975, "KZ": 310, "V0": 621, "accuracy": 0.9993036247605255, "auc": 0.9999999998902801, "avg_time": 331.6133301627687, "benchmark": 5.255149716494235, "c0": 1204.203128470421, "entropy": 6.573045207129591, "errors": 859, "exp_cost": 3115854, "f1-score": 1.0, "falsepos": 1.6317195872250778e-07, "fullscore": 0.9992327416658342, "index": 2251.8612758967533, "je": 18.464431627365542, "ke": 384219305, "loss": 2.6201657127300493e-06, "meanscore": 0.9999999992142516, "n_docs": 21793733, "non_null": 1.553202011450594e-13, "precision": 0.9999667185340593, "prediction_time": 3390.6834549846158, "pz": 1674.2051055943732, "recall": 0.999999990311193, "size": 22253124456, "time": 607.4945880863356, "we": 9.67705589589822, "weighted_avg": 5.48214358994461, "yw": 7.798476701769946, "z8": 145.82635228888697}, "results": {"B7": 819, "HS": 347395, "J6": 7.145283543398548, "K4": 7.765688346176261, "KL": 667, "V0": 8.899946448703844e-07, "accuracy": 0.9999901550797716, "auc": 0.9999999999999885, "avg_time": 66.18139849237215, "benchmark": 5.641932565271888, "c0": 31897642, "distinct": 397, "entropy": 4.479281094700455, "errors": 640, "exp_cost": 173229675, "f1-score": 0.9999999067902431, "falsepos": 5.853661999566384e-11, "fullscore": 0.9912122047252441, "index": 114.64138287487778, "je": 0.9999999999998905, "ke": 928.8361524907767, "loss": 0.0, "meanscore": 0.9999999990450867, "n_docs": 253279345, "non_null": 2.5678328352540802e-09, "precision": 0.9981337906381305, "prediction_time": 279.7424440028065, "pz": 210.11251693779082, "recall": 0.9923605857464929, "size": 15215028929, "time": 107.38190780218846, "we": 4.12947643122329, "weighted_avg": 8.492379220718714, "yw": 0.9504683839623338, "z8": 1163425198}, "train": {"B7": 0.9999999999999644, "HS": 123074403534, "K4": 105.09380215625555, "KL": 1679.5288147196895, "KZ": 0.9999999878273514, "V0": 675, "accuracy": 0.9999999999981338, "auc": 1.0, "benchmark": 5.3888542525699785, "c0": 0.0009122082060946113, "distinct": 618, "entropy": 4.565633709456568, "errors": 431, "exp_cost": 11143575055, "f1-score": 0.9925382385736222, "falsepos": 0.00022193863971464722, "fullscore": 0.9999998641979104, "index": 273.4966212880698, "je": 0.9999972513054687, "ke": 0.9999999990369184, "loss": 0.00010347960131307232, "meanscore": 1.0, "n_docs": 78835097026, "non_null": 2.2893956941327787e-07, "precision": 0.9999794629360671, "prediction_time": 45.37736155532052, "pz": 736, "recall": 0.9999999999999929, "size": 529673009, "time": 507.7998230893145, "we": 1327.5812804346106, "weighted_avg": 5.841977908848272, "yw": 6.805221020034224e-08, "z8": 1.4832767758488075e-07}, "train_full": {"B7": 781, "HS": 57002564077, "J6": 47.00188432887865, "K4": 794, "KL": 0.0, "KZ": 0.9999981789384342, "V0": 3.9923891351362983, "accuracy": 0.9822351944131464, "auc": 0.9999996081943521, "avg_time": 460.7805606721931, "benchmark": 5.436518045694615, "c0": 272.9118176627979, "distinct": 624, "entropy": 5.128284459849222, "errors": 468, "exp_cost": 154404248543, "f1-score": 0.9999999999594842, "falsepos": 2.399687115683946e-10, "fullscore": 0.9999983028692134, "index": 889.6383299181745, "je": 2.51218246521967e-05, "ke": 1987370, "loss": 2.517041242100504e-09, "meanscore": 0.9999999999999956, "n_docs": 27022480, "non_null": 0.0, "precision": 0.9999999999775917, "prediction_time": 58.89517490176941, "pz": 0.9988612523939593, "recall": 1.0, "size": 344772248, "time": 1017.7473135847256, "we": 208.14310273333135, "weighted_avg": 7.697545460931959, "yw": 0.9999999997277158, "z8": 6.767154245360476}}