{"branch": {"B7": 80, "HS": 0.9575778851030126, "J6": 5, "K4": 0.9068915778952543, "KL": 3.334422894297131, "KZ": 0.9197062404894523, "V0": 0.016221139761466108, "accuracy": 0.8717103319605777, "auc": 0.4349044633075799, "avg_time": 4.692685307311255, "benchmark": -0.5328456854043482, "c0": 0.9986157370489266, "distinct": 136, "entropy": 3.6338383685860705, "errors": -158, "exp_cost": 183325, "f1-score": 0.9426104309362899, "falsepos": 0.4171329284333387, "fullscore": 0.9436976157197717, "index": 5.446976212225614, "je": 5, "ke": 0.9866307316640537, "loss": 0.4611801290455101, "meanscore": 0.006684416623184308, "n_docs": 27, "non_null": 0.5377648985551988, "precision": 0.9999983470728242, "prediction_time": 3.9289771735715866, "recall": 0.7937269992908669, "size": 771339, "time": 3.0418158567252456, "we": 0.00701860201483806, "weighted_avg": 3.381846460323783, "yw": 7.080564814465515, "z8": 21.640249512294048}, "classifier": {"B7": 153, "HS": 0.963417127158968, "J6": 152122, "K4": 254, "KL": 0.49999524073086754, "KZ": 2.035641109576484, "V0": 14, "accuracy": 0.9993712246791232, "auc": 0.1161356621392009, "avg_time": 13.280865803536795, "benchmark": 0.6896939783274526, "c0": 1.8643916209862708, "distinct": 134, "entropy": 1.149774255730558, "errors": 235, "exp_cost": 194373780, "f1-score": 0.7321273348111987, "falsepos": 0.12641741163586007, "fullscore": 0.9038678643899499, "index": 3.2066687831346012, "je": 0.48146371063876886, "ke": 2.0404778565141224, "loss": 0.1071702950796598, "meanscore": 0.034193645096021685, "n_docs": 460, "non_null": 0.09943917288010651, "precision": 0.9956525172137062, "prediction_time": 2.7146221241557456, "pz": 814962, "recall": 0.6199470637001998, "size": 6743, "time": 1.7121809117773907, "weighted_avg": -0.6274998614924578, "yw": 0.5222800773201646, "z8": 0.8950954593293066}, "reports": {"B7": 47, "HS": 45.7372681217744, "J6": 0.0307105565647946, "K4": 38.51366811188252, "KL": 4.226825418623587, "KZ": -61, "V0": 86, "accuracy": 0.1754647156982161, "auc": 0.9421274256227412, "avg_time": 1.8063217491235986, "benchmark": -0.20095675970141247, "c0": 9.935463769440053, "entropy": 1.0783721136877604, "errors": 279, "exp_cost": 704, "f1-score": 0.9993416097500767, "falsepos": 0.053542289799431764, "fullscore": 0.07067687635124664, "index": 39.96710886253966, "je": 0.7132604763815534, "ke": 11754, "loss": 0.33145637395036776, "meanscore": 0.990584067626813, "n_docs": 4785, "non_null": 0.04390379129944744, "precision": 0.6379316294033723, "prediction_time": 12.242390956229878, "pz": 3.1828156620784296, "recall": 0.9891064765508271, "size": 3284, "time": 2.1538341525123132, "we": 3.6056476739367063, "weighted_avg": 2.7761179146594555, "yw": 2.877822493056074, "z8": 1.2350032516594405}, "results": {"B7": 327, "HS": 141, "J6": 0.1878871123891771, "K4": 3.1618164130070032, "KL": 150, "V0": 0.8298554443099883, "accuracy": 0.6017986651991051, "auc": 0.9846505562830629, "avg_time": 3.123775454495712, "benchmark": 1.7752365423621979, "c0": 4314, "distinct": -89, "entropy": -0.44374279296510794, "errors": 204, "exp_cost": 24527, "f1-score": 0.8558290481120788, "falsepos": 0.047247174108942414, "fullscore": 0.3644030948160734, "index": 2.6205564437740225, "je": 0.7513190799414055, "ke": 15.229999229592723, "loss": 0.004158786852129892, "meanscore": 0.8922147396436924, "n_docs": 60108, "non_null": 0.6969663761769251, "precision": 0.07884556156595446, "prediction_time": 4.991453097981952, "pz": 5.6806039611528, "recall": 0.05433428944866259, "size": 991931, "time": 0.8725280205719582, "we": -0.9882476296695198, "weighted_avg": 3.9016448583522427, "yw": 0.12109029291424223, "z8": 3797}, "train": {"B7": 0.9529630721723903, "HS": 340425, "K4": 4.638624984433253, "KL": 11.08920447672444, "KZ": 0.9080617303572622, "V0": 45, "accuracy": 0.9791999530898181, "auc": 0.9999998751209798, "benchmark": -0.05780584103981988, "c0": 0.8323848154947795, "distinct": 186, "entropy": -1.8348589032673301, "errors": 116, "exp_cost": 175171, "f1-score": 0.14790804800527635, "falsepos": 0.6134823276348265, "fullscore": 0.8523467127051129, "index": 4.834926381743971, "je": 0.14957727517635377, "ke": 0.49971458920183065, "loss": 0.6979794736774603, "meanscore": 0.9996901364133738, "n_docs": 203060, "non_null": 0.21300494144367033, "precision": 0.6514008824678064, "prediction_time": 0.839248958707284, "pz": 397, "recall": 0.9969630686541203, "size": 15555, "time": 14.878687916622608, "we": 5.349363565456933, "weighted_avg": 1.1335778336981581, "yw": 0.03958884390304418, "z8": 0.3092697897215049}, "train_full": {"B7": 330, "HS": 60332, "J6": 1.7950100602541414, "K4": 265, "KL": 0.034184487930094765, "KZ": 0.7529284556437095, "V0": -0.3457090605707539, "accuracy": 0.22086203661813053, "auc": 0.42699940870253644, "avg_time": 1.0582646050205808, "benchmark": 0.4805133013416784, "c0": 0.9019176138685745, "distinct": 174, "entropy": -1.0152050727711466, "errors": -43, "exp_cost": 4386862, "f1-score": 0.9379867209262024, "falsepos": 0.20243287971862234, "fullscore": 0.8813173452523373, "index": 9.498419762015406, "je": 0.7028827935931695, "ke": 1610, "loss": 0.17566993035427136, "meanscore": 0.8830627949234678, "n_docs": 4894, "non_null": 9.165161077850925e-07, "precision": 0.9884301432819742, "prediction_time": 1.1697634340002385, "pz": 0.08837315988577987, "recall": 0.9999875410430946, "size": 15287, "time": 1.1369098314344372, "we": 9.72945406639749, "weighted_avg": 2.1758169090371084, "yw": 0.6483925009323721, "z8": 1.4591982161492798}}