{"branch": {"B7": 198, "HS": 0.9988096172078271, "J6": 145, "K4": 1.9242446466259173, "KL": 14.37038293195749, "KZ": 0.9994846852095857, "V0": 0.15712443328918024, "accuracy": 0.987006438553968, "auc": 0.8905954223474537, "avg_time": 20.372635296071696, "benchmark": 0.6402620656185976, "c0": 0.9999930573429169, "distinct": 237, "entropy": 5.01818052156489, "errors": -69, "exp_cost": 12367125, "f1-score": 0.998339755650634, "falsepos": 0.04439849015524544, "fullscore": 0.9989610914409572, "index": 24.53733370957973, "je": 147, "ke": 0.999904840242266, "loss": 0.04308274165286663, "meanscore": 0.2808294402381538, "n_docs": 197, "non_null": 0.07699381600500832, "precision": 0.9999999982991747, "prediction_time": 10.597491125857974, "recall": 0.9847604834252575, "size": 52689481, "time": 13.139207109644525, "we": 2.767089555799629e-05, "weighted_avg": 5.042572033552754, "yw": 22.058545997528864, "z8": 127.73727114746107}, "classifier": {"B7": 299, "HS": 0.9947632897295644, "J6": 1590323, "K4": 369, "KL": 0.11837556865130838, "KZ": 9.09655861235453, "V0": 118, "accuracy": 0.999999146640449, "auc": 0.6659105845940927, "avg_time": 39.11116541230298, "benchmark": 2.359201666201363, "c0": 3.6793917929966087, "distinct": 223, "entropy": 2.6852639535696854, "errors": 393, "exp_cost": 3625456030, "f1-score": 0.9607450477977788, "falsepos": 0.001779097830150289, "fullscore": 0.983533986323786, "index": 8.029682269050243, "je": 0.8334699862741046, "ke": 3.5128167960144987, "loss": 0.009605281712194325, "meanscore": 0.4728264270600664, "n_docs": 4880, "non_null": 0.003155252920137741, "precision": 0.9999923400735501, "prediction_time": 8.53644811460458, "pz": 13611533, "recall": 0.95806584320141, "size": 102696, "time": 3.842684405153243, "weighted_avg": 1.027678082856783, "yw": 1.7296528921606436, "z8": 0.45223742907855724}, "reports": {"B7": 187, "HS": 170.70970090087351, "J6": 0.004147878889119272, "K4": 110.24503709113571, "KL": 16.202876814476127, "KZ": 48, "V0": 233, "accuracy": 0.5811271115075847, "auc": 0.998592791168629, "avg_time": 7.875563829518389, "benchmark": 1.2161159150289431, "c0": 37.1444153185338, "entropy": 2.5693854778295098, "errors": 437, "exp_cost": 5924, "f1-score": 0.9999990850366302, "falsepos": 0.004147909115806758, "fullscore": 0.4465429547938671, "index": 121.8571531323669, "je": 1.7148103100048857, "ke": 153507, "loss": 0.04414996523433756, "meanscore": 0.9996805345576746, "n_docs": 53262, "non_null": 0.000819293120731035, "precision": 0.9221835627476485, "prediction_time": 60.18622817776045, "pz": 17.750095902325146, "recall": 0.9994329301788382, "size": 222147, "time": 10.588031546770736, "we": 5.253001164598384, "weighted_avg": 3.531616449425186, "yw": 4.032324191501428, "z8": 5.229578213216324}, "results": {"B7": 461, "HS": 1053, "J6": 2.0562473545336686, "K4": 4.502712238470895, "KL": 282, "V0": 0.24848355966571656, "accuracy": 0.9263118565727644, "auc": 0.9998405651595813, "avg_time": 8.02214879310034, "benchmark": 2.817415177486265, "c0": 61362, "distinct": 55, "entropy": 0.9048482645847087, "errors": 318, "exp_cost": 238930, "f1-score": 0.9833393930263917, "falsepos": 0.0011297525698185096, "fullscore": 0.6174465385698625, "index": 7.264492728662126, "je": 0.993752008210451, "ke": 42.58380046075238, "loss": 9.921995896444713e-06, "meanscore": 0.9937874191366064, "n_docs": 618070, "non_null": 0.10628685572144225, "precision": 0.47875512127921566, "prediction_time": 16.99246883664372, "pz": 18.27966189369563, "recall": 0.2960184865517402, "size": 9887001, "time": 3.9457718507730304, "we": 0.41881626339160255, "weighted_avg": 5.220217162556274, "yw": 0.3484908126069558, "z8": 111694}, "train": {"B7": 0.9995336511683266, "HS": 10206236, "K4": 11.484951190441139, "KL": 50.835305172823496, "KZ": 0.9937494066006043, "V0": 230, "accuracy": 0.9997720239221847, "auc": 0.9999999999890444, "benchmark": 1.560613100355999, "c0": 0.41530472667118523, "distinct": 316, "entropy": -0.1774290299172814, "errors": 195, "exp_cost": 3913513, "f1-score": 0.5145190270353335, "falsepos": 0.2670172507208953, "fullscore": 0.980753312130974, "index": 15.26607446902555, "je": 0.6916789672552899, "ke": 0.9582569892413119, "loss": 0.2979456910960855, "meanscore": 0.999998754193712, "n_docs": 7242380, "non_null": 0.03814414196639637, "precision": 0.9028632262224667, "prediction_time": 2.583449699534126, "pz": 501, "recall": 0.9999886919055174, "size": 354183, "time": 37.66927737170621, "we": 25.909605008665736, "weighted_avg": 2.3265540088725873, "yw": 0.0037262429960200905, "z8": 0.03276605216035877}, "train_full": {"B7": 452, "HS": 2372497, "J6": 4.158160054705808, "K4": 416, "KL": 8.290800729338077e-05, "KZ": 0.9625665042416027, "V0": 0.8504355680164387, "accuracy": 0.5025559638526191, "auc": 0.8921758425054241, "avg_time": 5.304472718058644, "benchmark": 2.0146276253305033, "c0": 4.263276757841348, "distinct": 297, "entropy": 0.7584721752529748, "errors": 81, "exp_cost": 109397852, "f1-score": 0.9987841836317961, "falsepos": 0.010456765419847969, "fullscore": 0.9835296656892204, "index": 36.75407118405259, "je": 0.1897892571339561, "ke": 11505, "loss": 0.00712486192874795, "meanscore": 0.9987175892741358, "n_docs": 63534, "non_null": 5.779228207103415e-10, "precision": 0.9998750351677514, "prediction_time": 3.97965230514474, "pz": 0.4397189535629461, "recall": 0.9999999966856707, "size": 326215, "time": 6.707088822038804, "we": 24.846501503308726, "weighted_avg": 3.6248355531867023, "yw": 0.9775070227554645, "z8": 2.991641958608793}}