{"branch": {"B7": 408, "HS": 0.9999999972283052, "J6": 459, "K4": 4.817564250970075, "KL": 356.60354926737637, "KZ": 0.999999999999854, "V0": 0.9429036530769753, "accuracy": 0.9999996021375516, "auc": 0.999963930146846, "avg_time": 276.8927823553552, "benchmark": 4.026580731178416, "c0": 0.9999999999994451, "distinct": 488, "entropy": 7.836615480153234, "errors": 165, "exp_cost": 11438884513, "f1-score": 0.9999999948211945, "falsepos": 2.1525109805686782e-08, "fullscore": 0.9999999999725684, "index": 918.5735013718183, "je": 446, "ke": 0.99999999999301, "loss": 2.5104089218519476e-07, "meanscore": 0.9996903124558985, "n_docs": 53785, "non_null": 5.424611050353079e-07, "precision": 1.0, "prediction_time": 54.6154946108284, "recall": 0.9999998826595333, "size": 737975768792, "time": 361.260915395871, "we": 6.233902283270254e-13, "weighted_avg": 8.600086830481013, "yw": 388.762847143825, "z8": 4539.545362248476}, "classifier": {"B7": 540, "HS": 0.9999962057439284, "J6": 222516654, "K4": 631, "KL": 0.00016728082998029858, "KZ": 298.1798693491183, "V0": 345, "accuracy": 0.9999999999999998, "auc": 0.9999177259580291, "avg_time": 403.1636127130153, "benchmark": 5.582776931978326, "c0": 7.731916781604503, "distinct": 432, "entropy": 6.052989779597611, "errors": 694, "exp_cost": 965656506962, "f1-score": 0.9999652507816202, "falsepos": 3.8015146586189985e-12, "fullscore": 0.999990029363242, "index": 56.47609595517228, "je": 0.9999586484673447, "ke": 6.625371049305023, "loss": 4.726760444051514e-06, "meanscore": 0.9996586448385494, "n_docs": 648458, "non_null": 6.339527991450211e-08, "precision": 0.9999999999999999, "prediction_time": 85.92264475791866, "pz": 9556885000, "recall": 0.9999984444271411, "size": 42798688, "time": 19.536959582729594, "weighted_avg": 3.975283155809147, "yw": 4.442123868215823, "z8": 0.0017849694165393837}, "reports": {"B7": 501, "HS": 2965.176159248354, "J6": 1.1751105684632002e-05, "K4": 1231.0040525090915, "KL": 350.15169868062765, "KZ": 270, "V0": 542, "accuracy": 0.995716649075452, "auc": 0.9999999975957546, "avg_time": 192.32488602182696, "benchmark": 4.570630926945584, "c0": 693.9808403760821, "entropy": 5.944142090586172, "errors": 796, "exp_cost": 1191014, "f1-score": 0.9999999999999993, "falsepos": 1.058034658663054e-06, "fullscore": 0.9968386334280073, "index": 1307.8655180079793, "je": 13.347845845416293, "ke": 98234117, "loss": 1.5459954311403123e-05, "meanscore": 0.999999983658894, "n_docs": 8906419, "non_null": 3.287747851743461e-11, "precision": 0.9998073006109569, "prediction_time": 1611.9870405592585, "pz": 789.9828511300425, "recall": 0.999999950688207, "size": 3258258619, "time": 320.4311261894073, "we": 9.022270437525668, "weighted_avg": 5.120366483967808, "yw": 7.059532878776247, "z8": 87.95214806169571}, "results": {"B7": 759, "HS": 115960, "J6": 6.286325572200932, "K4": 7.267525645188544, "KL": 601, "V0": 2.6004461432860282e-05, "accuracy": 0.9999232982883645, "auc": 0.9999999999980482, "avg_time": 49.74261778505831, "benchmark": 5.130601879201261, "c0": 9415790, "distinct": 341, "entropy": 3.940221987491996, "errors": 588, "exp_cost": 80022963, "f1-score": 0.9999988007689918, "falsepos": 2.61847354909861e-09, "fullscore": 0.9829423982845944, "index": 70.83963446604491, "je": 0.9999999999646223, "ke": 608.667462060619, "loss": 2.9976021664879227e-15, "meanscore": 0.9999999763643029, "n_docs": 61194679, "non_null": 2.9442041249438944e-07, "precision": 0.9929211931307438, "prediction_time": 188.6225641008454, "pz": 144.73323813814136, "recall": 0.9754431233201901, "size": 4312992688, "time": 68.21026956625288, "we": 3.617787904421828, "weighted_avg": 8.022359862843793, "yw": 0.9031046229912372, "z8": 275463973}, "train": {"B7": 0.9999999999915162, "HS": 27941103175, "K4": 58.78846033576946, "KL": 1006.0356569943677, "KZ": 0.9999997820191457, "V0": 599, "accuracy": 0.9999999999039016, "auc": 1.0, "benchmark": 4.734859101103813, "c0": 0.0038713935628533758, "distinct": 557, "entropy": 3.663643118800816, "errors": 378, "exp_cost": 3122816289, "f1-score": 0.9875589546969905, "falsepos": 0.0015091261128147293, "fullscore": 0.9999988937249256, "index": 168.69895381021914, "je": 0.9999450010983532, "ke": 0.9999999624718543, "loss": 0.0008743165094398098, "meanscore": 0.9999999999999982, "n_docs": 24319120976, "non_null": 4.751432273963907e-06, "precision": 0.9998570057294104, "prediction_time": 26.11605324927794, "pz": 698, "recall": 0.9999999999996612, "size": 156332302, "time": 316.23402938689975, "we": 736.7456554508319, "weighted_avg": 5.163036804893556, "yw": 5.717844558938978e-07, "z8": 3.0836961431024434e-06}, "train_full": {"B7": 721, "HS": 14106083586, "J6": 33.14357783696455, "K4": 723, "KL": 7.771561172376096e-16, "KZ": 0.9999766095085264, "V0": 3.420227352807171, "accuracy": 0.9659986172496412, "auc": 0.9999935743769529, "avg_time": 213.69206969999783, "benchmark": 4.939877596417119, "c0": 134.74587803089094, "distinct": 564, "entropy": 4.539798516947567, "errors": 398, "exp_cost": 58967110267, "f1-score": 0.999999997263119, "falsepos": 1.1114281273094662e-08, "fullscore": 0.9999876608422916, "index": 529.8941952404873, "je": 0.00023722530995051727, "ke": 882114, "loss": 8.140044982507533e-08, "meanscore": 0.9999999999982998, "n_docs": 10818336, "non_null": 0.0, "precision": 0.9999999988588202, "prediction_time": 40.58311995345145, "pz": 0.994066029525331, "recall": 1.0, "size": 127101120, "time": 415.4538964349496, "we": 139.79688078490875, "weighted_avg": 6.922844201560481, "yw": 0.9999999895179288, "z8": 6.219447138283536}}