{"branch": {"B7": 485, "HS": 0.9999999999923856, "J6": 560, "K4": 5.585448820592101, "KL": 1024.5650292350604, "KZ": 1.0, "V0": 0.9925533467672362, "accuracy": 0.999999999546321, "auc": 0.9999994050478946, "avg_time": 617.8283975360686, "benchmark": 4.836884968293662, "c0": 0.9999999999999999, "distinct": 574, "entropy": 8.863360420333134, "errors": 240, "exp_cost": 124728130104, "f1-score": 0.999999999992588, "falsepos": 4.061417868683748e-12, "fullscore": 0.9999999999999912, "index": 3289.7816246446478, "je": 541, "ke": 0.9999999999999987, "loss": 6.144581510270086e-10, "meanscore": 0.9999995745669155, "n_docs": 354003, "non_null": 7.093406972913385e-10, "precision": 1.0, "prediction_time": 99.37757458045847, "recall": 0.9999999998208671, "size": 13174449041238, "time": 920.3890339916674, "we": 1.1102230246251565e-16, "weighted_avg": 9.828365045732179, "yw": 1009.6811395774328, "z8": 16393.589681752757}, "classifier": {"B7": 622, "HS": 0.9999997194153134, "J6": 725820829, "K4": 711, "KL": 4.220256116460597e-06, "KZ": 900.7958393944893, "V0": 430, "accuracy": 1.0, "auc": 0.9999994753342238, "avg_time": 819.7674298538471, "benchmark": 6.814149201031079, "c0": 8.963763093564445, "distinct": 488, "entropy": 7.050358338084641, "errors": 811, "exp_cost": 3639374422526, "f1-score": 0.999999203731016, "falsepos": 1.1102230246251565e-16, "fullscore": 0.9999996827581072, "index": 114.67282676730497, "je": 0.999998012488988, "ke": 7.488244625838397, "loss": 1.723876316139794e-07, "meanscore": 0.9999964301269066, "n_docs": 4486855, "non_null": 1.208213529224622e-10, "precision": 1.0, "prediction_time": 213.72535382266634, "pz": 58421122814, "recall": 0.9999999804712887, "size": 299695711, "time": 38.22230871180012, "weighted_avg": 4.871752566578843, "yw": 5.308444278441642, "z8": 4.521435232429649e-05}, "reports": {"B7": 593, "HS": 7124.017296920457, "J6": 1.4595924933136217e-06, "K4": 2899.5521265321663, "KL": 956.5489969383832, "KZ": 347, "V0": 676, "accuracy": 0.9998146476529769, "auc": 0.9999999999926878, "avg_time": 535.3357337513081, "benchmark": 5.562472865120211, "c0": 1948.5444675682243, "entropy": 6.96915858423325, "errors": 908, "exp_cost": 6560308, "f1-score": 1.0, "falsepos": 2.584940383965062e-08, "fullscore": 0.9998398488767566, "index": 3117.352887955709, "je": 24.292762734354312, "ke": 823610857, "loss": 1.6705399896732587e-07, "meanscore": 0.9999999999173179, "n_docs": 43640042, "non_null": 1.0436096431476471e-14, "precision": 0.9999874894831251, "prediction_time": 5023.472967501303, "pz": 2596.0588891369107, "recall": 0.9999999990392829, "size": 76102461612, "time": 952.3979407418261, "we": 10.122513075480876, "weighted_avg": 5.728770462838516, "yw": 8.108241740851506, "z8": 230.24888354669923}, "results": {"B7": 873, "HS": 605598, "J6": 7.625559786486695, "K4": 8.149500649477059, "KL": 710, "V0": 8.23718888653957e-08, "accuracy": 0.9999970787765547, "auc": 0.9999999999999992, "avg_time": 72.78995156792095, "benchmark": 5.867814770744334, "c0": 52227106, "distinct": 459, "entropy": 4.897313626525109, "errors": 687, "exp_cost": 423487251, "f1-score": 0.9999999859600159, "falsepos": 4.824918242718468e-12, "fullscore": 0.994765552025533, "index": 174.12107898476916, "je": 0.9999999999999981, "ke": 1298.185526041572, "loss": 0.0, "meanscore": 0.9999999999403667, "n_docs": 458460029, "non_null": 1.9463242129091896e-10, "precision": 0.9995071606172572, "prediction_time": 414.20867007353024, "pz": 296.21800539797306, "recall": 0.9975960831082914, "size": 26003177110, "time": 136.75226065435726, "we": 4.607638415213191, "weighted_avg": 8.835888283233489, "yw": 0.9652203729039361, "z8": 4836686710}, "train": {"B7": 0.9999999999999992, "HS": 352990697478, "K4": 124.2256768011234, "KL": 2641.494016447648, "KZ": 0.9999999986495657, "V0": 715, "accuracy": 0.9999999999998788, "auc": 1.0, "benchmark": 5.738615886953549, "c0": 0.0002667506909050932, "distinct": 636, "entropy": 5.104713349318869, "errors": 462, "exp_cost": 17907127265, "f1-score": 0.9985577760694306, "falsepos": 9.96923882321532e-05, "fullscore": 0.9999999736209354, "index": 363.70173330514547, "je": 0.9999997665303071, "ke": 0.9999999999822775, "loss": 3.2195887097574705e-05, "meanscore": 1.0, "n_docs": 264046786488, "non_null": 4.15469010306424e-08, "precision": 0.9999944695217657, "prediction_time": 60.01670436697628, "pz": 777, "recall": 1.0, "size": 1135002842, "time": 669.2368032222155, "we": 2079.9695752077796, "weighted_avg": 6.2409415049801416, "yw": 1.4874637965789361e-08, "z8": 2.724994541125625e-08}, "train_full": {"B7": 813, "HS": 210204354732, "J6": 65.45899858785825, "K4": 828, "KL": 0.0, "KZ": 0.9999996156447835, "V0": 4.045469546102, "accuracy": 0.9935207214237054, "auc": 0.9999999511805353, "avg_time": 741.8976760792293, "benchmark": 5.712554525592645, "c0": 397.13586433260406, "distinct": 671, "entropy": 5.626248220400288, "errors": 503, "exp_cost": 338526540576, "f1-score": 0.9999999999962429, "falsepos": 9.591216709736727e-12, "fullscore": 0.9999995586324723, "index": 1366.8746076364516, "je": 2.676583647498454e-06, "ke": 3358167, "loss": 1.968998297741109e-10, "meanscore": 1.0, "n_docs": 68176330, "non_null": 0.0, "precision": 0.999999999997647, "prediction_time": 76.92572269847965, "pz": 0.999670624287058, "recall": 1.0, "size": 832896978, "time": 1600.6452423690657, "we": 251.24692639423904, "weighted_avg": 8.020706919892751, "yw": 0.9999999999928685, "z8": 7.093126032595623}}