{"branch": {"B7": 360, "HS": 0.9999998323094663, "J6": 385, "K4": 4.276700760636445, "KL": 187.25356772199345, "KZ": 0.9999999999861772, "V0": 0.8441555246115662, "accuracy": 0.9999916601853056, "auc": 0.9996847173116105, "avg_time": 127.67141624099206, "benchmark": 3.3740468630017606, "c0": 0.9999999999822873, "distinct": 433, "entropy": 7.277458837721103, "errors": 123, "exp_cost": 2628490913, "f1-score": 0.9999998879500909, "falsepos": 9.503651690057069e-07, "fullscore": 0.9999999968407646, "index": 512.8481489170389, "je": 389, "ke": 0.9999999996894997, "loss": 8.371907326720773e-06, "meanscore": 0.9971495834556081, "n_docs": 20481, "non_null": 1.4317709088107478e-05, "precision": 1.0, "prediction_time": 40.899898319048376, "recall": 0.999999184314294, "size": 91138087701, "time": 193.0642359846599, "we": 2.946942689874277e-11, "weighted_avg": 7.892955058236652, "yw": 284.91024433357893, "z8": 2192.2226011979424}, "classifier": {"B7": 494, "HS": 0.9999809535039197, "J6": 99928094, "K4": 587, "KL": 0.0008584979260060077, "KZ": 153.17413450781706, "V0": 308, "accuracy": 0.9999999999999833, "auc": 0.9990473206584941, "avg_time": 279.7696731366867, "benchmark": 4.882538088633811, "c0": 6.92446885322657, "distinct": 383, "entropy": 5.3121939681462065, "errors": 638, "exp_cost": 272349932581, "f1-score": 0.9995849403045399, "falsepos": 5.379146017503444e-10, "fullscore": 0.9998793941958811, "index": 38.75516045626479, "je": 0.9992891393965074, "ke": 6.015155153291924, "loss": 4.038412578710737e-05, "meanscore": 0.9956692434974058, "n_docs": 229237, "non_null": 8.136574551897979e-07, "precision": 0.9999999999999766, "prediction_time": 65.12304730409535, "pz": 2650535781, "recall": 0.9999783940963722, "size": 13390688, "time": 17.12285543757519, "weighted_avg": 3.3104304042774713, "yw": 3.939147814850894, "z8": 0.008906567121659714}, "reports": {"B7": 442, "HS": 1804.4130257337886, "J6": 4.869369407267676e-05, "K4": 792.1243026644258, "KL": 174.51159132984714, "KZ": 223, "V0": 488, "accuracy": 0.982996287894043, "auc": 0.999999904539888, "avg_time": 101.2259228972943, "benchmark": 3.9044818960188, "c0": 400.7979000340797, "entropy": 5.296168610102765, "errors": 732, "exp_cost": 476931, "f1-score": 0.9999999999998108, "falsepos": 1.0826741884906177e-05, "fullscore": 0.9868830178147419, "index": 982.0997728896276, "je": 7.776601184114098, "ke": 30627352, "loss": 9.804880275243733e-05, "meanscore": 0.999999812603247, "n_docs": 2654957, "non_null": 7.515766897725484e-10, "precision": 0.9988795290037048, "prediction_time": 805.0773412578479, "pz": 392.69069952193814, "recall": 0.9999996228672138, "size": 559273143, "time": 165.50026389109877, "we": 8.326776069119475, "weighted_avg": 4.872513020214518, "yw": 6.6357151870955455, "z8": 47.41679389573167}, "results": {"B7": 704, "HS": 51715, "J6": 5.414975815575574, "K4": 6.591206394125524, "KL": 552, "V0": 0.0003653464234888437, "accuracy": 0.9995498926553643, "auc": 0.9999999998969609, "avg_time": 31.775821188014852, "benchmark": 4.692889410291454, "c0": 5370725, "distinct": 289, "entropy": 3.403951693745938, "errors": 539, "exp_cost": 29489954, "f1-score": 0.999988321172626, "falsepos": 3.776263657329082e-08, "fullscore": 0.9537017130465948, "index": 43.956131061153165, "je": 0.9999999924841171, "ke": 403.23549874790086, "loss": 1.9184653865522705e-13, "meanscore": 0.9999993337802484, "n_docs": 27224934, "non_null": 4.625767846100359e-06, "precision": 0.9691020067128318, "prediction_time": 121.79366221610303, "pz": 89.49171974846244, "recall": 0.9236754116336429, "size": 1203100679, "time": 34.972847440282905, "we": 2.8414187089275704, "weighted_avg": 7.378098441250165, "yw": 0.845061622533548, "z8": 54950960}, "train": {"B7": 0.9999999994614306, "HS": 7519155431, "K4": 50.94098906507686, "KL": 499.1601174531032, "KZ": 0.9999967107779243, "V0": 524, "accuracy": 0.9999999923546895, "auc": 1.0, "benchmark": 4.010788580840262, "c0": 0.009837770079773378, "distinct": 509, "entropy": 3.0660714008004177, "errors": 343, "exp_cost": 1046999214, "f1-score": 0.9427427600574707, "falsepos": 0.0050066288500736356, "fullscore": 0.9999928754034758, "index": 100.94932475211674, "je": 0.9991088585590487, "ke": 0.9999988982530515, "loss": 0.003086882758131071, "meanscore": 0.9999999999999194, "n_docs": 4251231369, "non_null": 2.1491493103598103e-05, "precision": 0.9993613910519826, "prediction_time": 18.627002604044804, "pz": 658, "recall": 0.9999999999756993, "size": 38724429, "time": 230.21202392064362, "we": 328.1063901928958, "weighted_avg": 4.631684650043116, "yw": 4.753944690460976e-06, "z8": 6.447415134847034e-05}, "train_full": {"B7": 666, "HS": 3067682705, "J6": 22.485169037327548, "K4": 657, "KL": 5.545564008002657e-13, "KZ": 0.9998854117004207, "V0": 2.966003863488246, "accuracy": 0.920752448684139, "auc": 0.999877452169445, "avg_time": 105.08649806777399, "benchmark": 4.279629701391875, "c0": 75.62622533139387, "distinct": 523, "entropy": 3.6786452674832617, "errors": 344, "exp_cost": 16090038467, "f1-score": 0.9999999018191972, "falsepos": 1.3246050301063406e-07, "fullscore": 0.9999534944836618, "index": 284.5615056928742, "je": 0.0011539459667823104, "ke": 383834, "loss": 1.8430408694758427e-06, "meanscore": 0.9999999996882079, "n_docs": 3793492, "non_null": 0.0, "precision": 0.9999999801245975, "prediction_time": 24.208148483614533, "pz": 0.9753544108251873, "recall": 1.0, "size": 29634984, "time": 198.14902656055287, "we": 103.68893872369938, "weighted_avg": 6.371569167652131, "yw": 0.9999992947510252, "z8": 5.58949667344826}}