{"branch": {"B7": 302, "HS": 0.9999867463661702, "J6": 304, "K4": 3.4953194802205116, "KL": 67.46060721583086, "KZ": 0.9999999492413932, "V0": 0.5851186076340867, "accuracy": 0.9998124377240509, "auc": 0.9955547790933317, "avg_time": 57.379769187593475, "benchmark": 2.3081583169107067, "c0": 0.9999999950994363, "distinct": 356, "entropy": 6.205236776985161, "errors": 46, "exp_cost": 191536498, "f1-score": 0.9999905038455787, "falsepos": 0.00017045839730822632, "fullscore": 0.9999992223441595, "index": 163.39168403724676, "je": 293, "ke": 0.9999997680595987, "loss": 0.0006171196911024524, "meanscore": 0.9386516240311514, "n_docs": 3180, "non_null": 0.0007396651809963295, "precision": 0.9999999999999218, "prediction_time": 23.10181791341508, "recall": 0.9999382436457, "size": 4108862939, "time": 68.78776965783038, "we": 1.410475936047817e-08, "weighted_avg": 6.82435984015612, "yw": 101.0860259714761, "z8": 654.2189146429988}, "classifier": {"B7": 394, "HS": 0.9997487873960795, "J6": 15379288, "K4": 511, "KL": 0.007476635040029489, "KZ": 50.976477864543504, "V0": 233, "accuracy": 0.9999999999589166, "auc": 0.9786159235890679, "avg_time": 129.42614634663576, "benchmark": 3.863352853159872, "c0": 5.625094060694775, "distinct": 327, "entropy": 4.388016628353785, "errors": 530, "exp_cost": 47308270652, "f1-score": 0.9970468204658385, "falsepos": 5.317392359760476e-07, "fullscore": 0.9986009326393428, "index": 19.8937221022959, "je": 0.9909088995932034, "ke": 4.904726760281275, "loss": 0.0004422130652742551, "meanscore": 0.9279946877396172, "n_docs": 41731, "non_null": 4.336294169282606e-05, "precision": 0.9999999998930442, "prediction_time": 26.462326309378625, "pz": 333431595, "recall": 0.9991368726183415, "size": 2321426, "time": 8.384674810480732, "weighted_avg": 2.1409903382306306, "yw": 3.0222742452256752, "z8": 0.06810108548197635}, "reports": {"B7": 338, "HS": 671.4325999043542, "J6": 0.0004166874120868913, "K4": 391.74156580472726, "KL": 70.27388128147958, "KZ": 153, "V0": 387, "accuracy": 0.8889427729438317, "auc": 0.9999911788116793, "avg_time": 32.42676568061274, "benchmark": 2.777716514605523, "c0": 151.90785322116426, "entropy": 4.129133187505848, "errors": 622, "exp_cost": 70524, "f1-score": 0.999999999705464, "falsepos": 0.00019563203581551836, "fullscore": 0.8803538371955504, "index": 393.88555878528285, "je": 4.300442797874135, "ke": 2583269, "loss": 0.0023587126477568887, "meanscore": 0.9999923476301122, "n_docs": 518469, "non_null": 3.099875448553391e-07, "precision": 0.9904695155424603, "prediction_time": 253.47351387718192, "pz": 131.41318026762332, "recall": 0.9999949584280199, "size": 20556739, "time": 55.70993313938246, "we": 7.099454658473833, "weighted_avg": 4.384068165687414, "yw": 5.577370917705379, "z8": 21.20774158667895}, "results": {"B7": 611, "HS": 10757, "J6": 4.129395216111631, "K4": 5.847306588985214, "KL": 447, "V0": 0.011677567523861843, "accuracy": 0.9936930950437397, "auc": 0.999999940433997, "avg_time": 17.567254700303806, "benchmark": 3.9614484110590413, "c0": 870281, "distinct": 193, "entropy": 2.340849788597127, "errors": 464, "exp_cost": 4603066, "f1-score": 0.9995613964278742, "falsepos": 4.3825000545227866e-06, "fullscore": 0.8612770200658342, "index": 22.289644636545756, "je": 0.999994044473834, "ke": 190.94491441471746, "loss": 4.127530539577151e-10, "meanscore": 0.9999390882389259, "n_docs": 6322468, "non_null": 0.0006432639683207064, "precision": 0.8792327450316909, "prediction_time": 56.34798993440188, "pz": 39.30083247057093, "recall": 0.7652748438915243, "size": 164591873, "time": 12.18987471790568, "we": 1.9001388627091873, "weighted_avg": 6.357193815551018, "yw": 0.6872892764873866, "z8": 4655491}, "train": {"B7": 0.9999994322847094, "HS": 543607512, "K4": 26.434826345856113, "KL": 203.76716952852678, "KZ": 0.9999077180375384, "V0": 402, "accuracy": 0.9999991007257023, "auc": 0.9999999999999998, "benchmark": 2.9314402480996677, "c0": 0.06531139281777287, "distinct": 413, "entropy": 1.7002148974973232, "errors": 298, "exp_cost": 101674523, "f1-score": 0.8614809425729189, "falsepos": 0.034527280380085124, "fullscore": 0.9997796133997335, "index": 45.897925611992655, "je": 0.9853179056327618, "ke": 0.9998819827481156, "loss": 0.028472110716570187, "meanscore": 0.9999999998810383, "n_docs": 329056261, "non_null": 0.0007282092070594048, "precision": 0.9940519377437096, "prediction_time": 8.87953880749662, "pz": 597, "recall": 0.9999999898363765, "size": 4916239, "time": 102.91551613630219, "we": 119.02165247351128, "weighted_avg": 3.7276104004060246, "yw": 6.478571409795908e-05, "z8": 0.00124419768701034}, "train_full": {"B7": 586, "HS": 201000085, "J6": 11.308229607696534, "K4": 559, "KL": 2.9138765844649583e-09, "KZ": 0.9979589149272152, "V0": 2.0964245733616487, "accuracy": 0.8128845129280954, "auc": 0.9969328484912219, "avg_time": 31.834171324387935, "benchmark": 3.1986430900388556, "c0": 25.517086605808423, "distinct": 430, "entropy": 2.4142711807418564, "errors": 242, "exp_cost": 1883544642, "f1-score": 0.9999886695067914, "falsepos": 3.207107679892296e-05, "fullscore": 0.9993011537989649, "index": 109.23320688218377, "je": 0.016195192655844903, "ke": 122246, "loss": 0.00014247070158313058, "meanscore": 0.9999995426091264, "n_docs": 717520, "non_null": 9.658940314238862e-15, "precision": 0.9999989162714018, "prediction_time": 12.02685081404763, "pz": 0.8668166596410067, "recall": 0.9999999999999877, "size": 4356440, "time": 49.584992660242186, "we": 58.654009815277504, "weighted_avg": 5.308410054544251, "yw": 0.9998719604032255, "z8": 4.453422612529979}}