{"branch": {"B7": 360, "HS": 0.9999996606597256, "J6": 379, "K4": 4.18501836114459, "KL": 157.11235377934483, "KZ": 0.999999999860243, "V0": 0.8030220779253606, "accuracy": 0.9999904070508532, "auc": 0.9992750355737086, "avg_time": 126.35813204991001, "benchmark": 3.232774416401394, "c0": 0.9999999999014175, "distinct": 437, "entropy": 7.162782865111554, "errors": 102, "exp_cost": 1509883207, "f1-score": 0.9999997902207822, "falsepos": 1.6902021320319705e-06, "fullscore": 0.9999999867937266, "index": 385.26826968468265, "je": 372, "ke": 0.9999999981856185, "loss": 2.7640233048353835e-05, "meanscore": 0.9930414941859277, "n_docs": 11983, "non_null": 2.0049410662692502e-05, "precision": 0.9999999999999998, "prediction_time": 36.069113836808405, "recall": 0.9999967846606626, "size": 54934465576, "time": 171.2922225049068, "we": 1.186639675410106e-10, "weighted_avg": 7.61777547890689, "yw": 183.85001206770198, "z8": 1569.468425173753}, "classifier": {"B7": 457, "HS": 0.9999651043980722, "J6": 55906244, "K4": 567, "KL": 0.001421094261019995, "KZ": 121.95131124562836, "V0": 291, "accuracy": 0.9999999999998872, "auc": 0.9986520794520428, "avg_time": 222.67882108638432, "benchmark": 4.783704915340948, "c0": 6.715435967661604, "distinct": 375, "entropy": 5.227620232028748, "errors": 609, "exp_cost": 216219725541, "f1-score": 0.9995905243721566, "falsepos": 2.5079818222195627e-09, "fullscore": 0.9998805233311012, "index": 36.59740448131795, "je": 0.9990169477338775, "ke": 5.749008058690781, "loss": 4.984211185554699e-05, "meanscore": 0.9913238999382641, "n_docs": 216105, "non_null": 1.7039669084617515e-06, "precision": 0.9999999999997298, "prediction_time": 51.519379987081244, "pz": 1736402238, "recall": 0.9999472955129549, "size": 10783491, "time": 13.885501814319696, "weighted_avg": 2.9977183506486957, "yw": 3.7391991395250606, "z8": 0.01485608152948581}, "reports": {"B7": 412, "HS": 1482.2844799914885, "J6": 6.350308748137579e-05, "K4": 726.1442524270155, "KL": 158.12316351550285, "KZ": 210, "V0": 459, "accuracy": 0.9733015355442776, "auc": 0.9999996959516716, "avg_time": 78.23556050468154, "benchmark": 3.737689089413674, "c0": 320.4281283588444, "entropy": 5.114576679211731, "errors": 706, "exp_cost": 331611, "f1-score": 0.9999999999987106, "falsepos": 1.937249646766226e-05, "fullscore": 0.9771022035269321, "index": 716.9289050538824, "je": 6.706779625137704, "ke": 17250888, "loss": 0.0003521867103393195, "meanscore": 0.9999995303015151, "n_docs": 2108839, "non_null": 4.007680964868143e-09, "precision": 0.9984595673686952, "prediction_time": 633.7996644079146, "pz": 319.3180261269913, "recall": 0.9999994649283481, "size": 314618332, "time": 139.72224787842688, "we": 8.117380954090617, "weighted_avg": 4.7939436235170785, "yw": 6.325833510055739, "z8": 36.87772538785664}, "results": {"B7": 682, "HS": 42658, "J6": 5.255069761857077, "K4": 6.5615041460001295, "KL": 529, "V0": 0.0007227266866330906, "accuracy": 0.9991741401978174, "auc": 0.9999999995902502, "avg_time": 27.647820283261098, "benchmark": 4.570807992959873, "c0": 3904652, "distinct": 250, "entropy": 3.132773131514784, "errors": 525, "exp_cost": 22468959, "f1-score": 0.999975992178793, "falsepos": 1.6156205517869893e-07, "fullscore": 0.942374338076985, "index": 38.55555238407353, "je": 0.999999977993233, "ke": 338.59925362301016, "loss": 8.851808175336373e-13, "meanscore": 0.9999978988367555, "n_docs": 22032291, "non_null": 1.5807148853963504e-05, "precision": 0.9565254075929704, "prediction_time": 97.79544644035248, "pz": 79.55240028763103, "recall": 0.9183033032521464, "size": 910206898, "time": 27.470421813671283, "we": 2.73748767231574, "weighted_avg": 7.036416325746934, "yw": 0.8124200001958901, "z8": 33846381}, "train": {"B7": 0.9999999972076874, "HS": 4081736058, "K4": 39.6568581185703, "KL": 372.02685363978475, "KZ": 0.9999943914683492, "V0": 500, "accuracy": 0.9999999738257379, "auc": 1.0, "benchmark": 3.77935247898804, "c0": 0.017094047804478096, "distinct": 477, "entropy": 2.7118467103353483, "errors": 340, "exp_cost": 609021252, "f1-score": 0.9553853816354522, "falsepos": 0.007736134130889916, "fullscore": 0.9999720376548815, "index": 89.46628737237623, "je": 0.9984859151823722, "ke": 0.9999944443621694, "loss": 0.003532664922816675, "meanscore": 0.9999999999999014, "n_docs": 3059723033, "non_null": 9.049451211051718e-05, "precision": 0.9989840048202568, "prediction_time": 16.742542041184922, "pz": 653, "recall": 0.9999999999686129, "size": 21705948, "time": 194.44942263802216, "we": 301.27369495946124, "weighted_avg": 4.52370907686506, "yw": 1.0077932523722133e-05, "z8": 8.06387038656542e-05}, "train_full": {"B7": 657, "HS": 1435547187, "J6": 20.29759309682851, "K4": 641, "KL": 3.1080693574381257e-12, "KZ": 0.9996466718902013, "V0": 2.6969316420114975, "accuracy": 0.9189448531405939, "auc": 0.9998278823462255, "avg_time": 82.50258093287079, "benchmark": 3.995511177385603, "c0": 61.70886707817232, "distinct": 499, "entropy": 3.503864900959538, "errors": 312, "exp_cost": 7783610232, "f1-score": 0.9999998173423857, "falsepos": 6.303765389681359e-07, "fullscore": 0.9999278430586052, "index": 270.63969280564277, "je": 0.0016243727108160577, "ke": 341273, "loss": 4.677518210538523e-06, "meanscore": 0.9999999989509222, "n_docs": 3403742, "non_null": 0.0, "precision": 0.9999999621670663, "prediction_time": 24.443229132874215, "pz": 0.9637630374037838, "recall": 1.0, "size": 23445470, "time": 147.25142684125515, "we": 95.86404812861572, "weighted_avg": 6.010965592996634, "yw": 0.9999979859188467, "z8": 5.328074475299505}}