{"branch": {"B7": 271, "HS": 0.9999699351519156, "J6": 248, "K4": 2.968394775409082, "KL": 49.000126970984795, "KZ": 0.9999995395385934, "V0": 0.48326321905882424, "accuracy": 0.9996029141325212, "auc": 0.9873225718281698, "avg_time": 48.126181379501425, "benchmark": 2.1789592090393093, "c0": 0.9999999776029412, "distinct": 344, "entropy": 6.058207994922356, "errors": 31, "exp_cost": 130630196, "f1-score": 0.9999632511628251, "falsepos": 0.0007184337703465271, "fullscore": 0.999991744080029, "index": 108.22640019856956, "je": 266, "ke": 0.9999994344587575, "loss": 0.002022687338673279, "meanscore": 0.8579200646651064, "n_docs": 1248, "non_null": 0.002497280840439098, "precision": 0.9999999999996816, "prediction_time": 21.13249052711465, "recall": 0.9995716796646199, "size": 1561687345, "time": 50.949856069364884, "we": 1.000337500611792e-07, "weighted_avg": 6.367337024338868, "yw": 73.49864901373329, "z8": 479.9198269745864}, "classifier": {"B7": 387, "HS": 0.9994648317561206, "J6": 10337065, "K4": 467, "KL": 0.016569784326573078, "KZ": 35.27707497913619, "V0": 211, "accuracy": 0.999999999508798, "auc": 0.9546356949986596, "avg_time": 87.28695865381948, "benchmark": 3.6426378524475687, "c0": 5.139806003348053, "distinct": 304, "entropy": 3.863770304622898, "errors": 510, "exp_cost": 28541043938, "f1-score": 0.9960830502477479, "falsepos": 6.339285282375151e-06, "fullscore": 0.998698373021544, "index": 15.651140266593755, "je": 0.9855691010108438, "ke": 4.641935778119837, "loss": 0.0008480199371488917, "meanscore": 0.8621037752627816, "n_docs": 34026, "non_null": 7.204464282795087e-05, "precision": 0.9999999984615444, "prediction_time": 21.04018996351652, "pz": 146209872, "recall": 0.9974648592124775, "size": 1085042, "time": 8.71218007891185, "weighted_avg": 1.9170287259915173, "yw": 2.7154817850631945, "z8": 0.1367367300885679}, "reports": {"B7": 305, "HS": 488.7290502051194, "J6": 0.0005504340566533372, "K4": 291.50872316339303, "KL": 48.38797107335013, "KZ": 131, "V0": 352, "accuracy": 0.8844553531932661, "auc": 0.9999788088572364, "avg_time": 26.25422640929658, "benchmark": 2.479312170700473, "c0": 111.2627378044571, "entropy": 3.8320669228457698, "errors": 568, "exp_cost": 46415, "f1-score": 0.9999999983850242, "falsepos": 0.00041305128528501545, "fullscore": 0.8246585485783129, "index": 301.9953660442786, "je": 3.5698168497308713, "ke": 2646960, "loss": 0.004641083374139154, "meanscore": 0.9999791022736724, "n_docs": 355459, "non_null": 3.2475039097867864e-06, "precision": 0.9835283431626258, "prediction_time": 193.03645037305716, "pz": 79.18650447482717, "recall": 0.9999873646385876, "size": 7633997, "time": 37.768940312203405, "we": 6.913351655523982, "weighted_avg": 4.16545233713953, "yw": 5.343558130356246, "z8": 14.454981194683928}, "results": {"B7": 569, "HS": 9133, "J6": 3.639385207043587, "K4": 5.419867454145178, "KL": 410, "V0": 0.024261712482841924, "accuracy": 0.9874847407264011, "auc": 0.9999997182200225, "avg_time": 16.23806894926942, "benchmark": 3.8157388209387393, "c0": 442834, "distinct": 157, "entropy": 2.1745084741218523, "errors": 421, "exp_cost": 3225570, "f1-score": 0.9992762599659022, "falsepos": 1.751852461673309e-05, "fullscore": 0.8358958257365084, "index": 14.777258669591898, "je": 0.9999722288948074, "ke": 124.62543414339284, "loss": 1.031000018691941e-08, "meanscore": 0.9998140044262196, "n_docs": 3684977, "non_null": 0.003643943457329102, "precision": 0.8256585842243358, "prediction_time": 41.85476462347618, "pz": 35.69287953373238, "recall": 0.6649102643650626, "size": 108712720, "time": 10.21700957583158, "we": 1.6113004925611167, "weighted_avg": 6.163184288285649, "yw": 0.5934850813412769, "z8": 2026631}, "train": {"B7": 0.9999985967847198, "HS": 213880794, "K4": 23.57734444639906, "KL": 149.8035786867118, "KZ": 0.9996411191212005, "V0": 369, "accuracy": 0.9999964227710073, "auc": 0.9999999999999987, "benchmark": 2.6941304504471066, "c0": 0.1285298830418593, "distinct": 386, "entropy": 1.3848684477689814, "errors": 265, "exp_cost": 50021786, "f1-score": 0.7546465563280483, "falsepos": 0.05647344805360288, "fullscore": 0.9988791515092441, "index": 31.8321839276264, "je": 0.9567267774819996, "ke": 0.9987317702921719, "loss": 0.044056901670773474, "meanscore": 0.9999999993160471, "n_docs": 124492697, "non_null": 0.003321203842579279, "precision": 0.9901051643042045, "prediction_time": 6.868667859644618, "pz": 583, "recall": 0.9999999321057702, "size": 2536949, "time": 93.29119205497528, "we": 76.35864180333988, "weighted_avg": 3.4013832879230046, "yw": 0.0001972715608185016, "z8": 0.003557499446398271}, "train_full": {"B7": 553, "HS": 67079861, "J6": 9.363030808647714, "K4": 521, "KL": 4.457380442524084e-08, "KZ": 0.9957000044222646, "V0": 1.9209025324325681, "accuracy": 0.7836884409806472, "auc": 0.9904352007251284, "avg_time": 21.987807279109028, "benchmark": 3.0010093372624427, "c0": 16.6059493358958, "distinct": 406, "entropy": 2.1329903597716107, "errors": 220, "exp_cost": 932776820, "f1-score": 0.999982425039252, "falsepos": 9.121516689558629e-05, "fullscore": 0.9984101913443763, "index": 90.31752050543015, "je": 0.03585173551971965, "ke": 59979, "loss": 0.0004269433854480198, "meanscore": 0.9999959421120037, "n_docs": 356317, "non_null": 1.7752466163756253e-13, "precision": 0.9999978640531063, "prediction_time": 9.342640751924002, "pz": 0.7895919401662062, "recall": 0.9999999999996433, "size": 2160160, "time": 30.86207766335507, "we": 48.76489189285878, "weighted_avg": 4.932109775438045, "yw": 0.9996094049595262, "z8": 4.12520722111078}}