{"branch": {"B7": 321, "HS": 0.9999959848065355, "J6": 308, "K4": 3.4207937169936216, "KL": 81.64758144180189, "KZ": 0.9999999801437865, "V0": 0.6601633715336428, "accuracy": 0.999868104893231, "auc": 0.9965769555308033, "avg_time": 66.38931897580402, "benchmark": 2.538306161979771, "c0": 0.9999999987407597, "distinct": 390, "entropy": 6.638945556124038, "errors": 59, "exp_cost": 505704009, "f1-score": 0.9999959772469045, "falsepos": 6.445007269251235e-05, "fullscore": 0.9999993587399593, "index": 191.5946028402623, "je": 320, "ke": 0.9999999651749971, "loss": 0.0003400520589159628, "meanscore": 0.9511077674983962, "n_docs": 4854, "non_null": 0.00048474295810663204, "precision": 0.999999999999982, "prediction_time": 27.43940946704019, "recall": 0.9999516402209698, "size": 7401292334, "time": 92.27185710628923, "we": 4.361982441913881e-09, "weighted_avg": 7.001234082153996, "yw": 109.40109782657285, "z8": 891.2506297508468}, "classifier": {"B7": 424, "HS": 0.9998473219746782, "J6": 24454511, "K4": 514, "KL": 0.006704010755257062, "KZ": 62.04933014454078, "V0": 249, "accuracy": 0.9999999999828324, "auc": 0.988397031192306, "avg_time": 129.5725658901022, "benchmark": 4.097538595223399, "c0": 5.844752944774545, "distinct": 333, "entropy": 4.509029609352898, "errors": 551, "exp_cost": 56805443792, "f1-score": 0.9982374435233778, "falsepos": 2.635596121347561e-07, "fullscore": 0.9995468818651565, "index": 23.02370811059616, "je": 0.9955594930684097, "ke": 5.224186430250355, "loss": 0.00023591719384608023, "meanscore": 0.9603568223230479, "n_docs": 84563, "non_null": 1.6540196496550585e-05, "precision": 0.9999999999697474, "prediction_time": 33.43028295332275, "pz": 492770757, "recall": 0.9995059384816389, "size": 3223513, "time": 11.512659070267663, "weighted_avg": 2.381200604208508, "yw": 3.1764528699960337, "z8": 0.056687891355718945}, "reports": {"B7": 354, "HS": 763.24374948292, "J6": 0.0002441236575174699, "K4": 439.5431080892233, "KL": 75.53696387847934, "KZ": 171, "V0": 397, "accuracy": 0.9461516770913666, "auc": 0.9999958304020701, "avg_time": 45.774662057178304, "benchmark": 3.0734300252938365, "c0": 173.0532994869643, "entropy": 4.228695669459143, "errors": 629, "exp_cost": 119908, "f1-score": 0.9999999999439377, "falsepos": 0.00011689822762017688, "fullscore": 0.9251478312726349, "index": 474.2215090510504, "je": 4.395673243876437, "ke": 7410443, "loss": 0.0018257909205695588, "meanscore": 0.9999957833061851, "n_docs": 874019, "non_null": 1.3277126242883242e-07, "precision": 0.9936454327191923, "prediction_time": 335.92422140597597, "pz": 135.69014943966005, "recall": 0.9999956929620298, "size": 46222272, "time": 70.41377678169756, "we": 7.368140313115843, "weighted_avg": 4.474273625237467, "yw": 5.670433094143808, "z8": 21.53162680023611}, "results": {"B7": 627, "HS": 18811, "J6": 4.346143182723264, "K4": 5.960281175752852, "KL": 465, "V0": 0.006122907773336128, "accuracy": 0.9959933240638266, "auc": 0.9999999883201269, "avg_time": 19.467260362794125, "benchmark": 4.123866817864705, "c0": 1188361, "distinct": 195, "entropy": 2.618750325752601, "errors": 471, "exp_cost": 6795785, "f1-score": 0.9998405418341081, "falsepos": 2.1034038762968166e-06, "fullscore": 0.8983780865795223, "index": 22.408698494639538, "je": 0.9999983680471113, "ke": 197.54994187295466, "loss": 1.1869050187129915e-10, "meanscore": 0.9999771677080078, "n_docs": 6407312, "non_null": 0.0004446910223715461, "precision": 0.8891433801010311, "prediction_time": 55.073038704549504, "pz": 57.4249758668987, "recall": 0.781860995812006, "size": 257046714, "time": 14.519542977539885, "we": 1.968901234434506, "weighted_avg": 6.710845209266237, "yw": 0.7173297281313417, "z8": 8901453}, "train": {"B7": 0.9999999137123833, "HS": 837862598, "K4": 31.885489241386715, "KL": 216.52405665912315, "KZ": 0.9999385513841841, "V0": 434, "accuracy": 0.999999688946454, "auc": 1.0, "benchmark": 3.1760437343019756, "c0": 0.05799933112955413, "distinct": 422, "entropy": 2.0433989455001, "errors": 292, "exp_cost": 132681637, "f1-score": 0.8633486663120306, "falsepos": 0.024818229420559668, "fullscore": 0.9997299644338353, "index": 48.54630320222793, "je": 0.9868987987247111, "ke": 0.9998779215796207, "loss": 0.024575843175007273, "meanscore": 0.9999999999376067, "n_docs": 457825308, "non_null": 0.0004663666830241331, "precision": 0.9966756843221853, "prediction_time": 10.69054118343779, "pz": 599, "recall": 0.9999999987901008, "size": 7303357, "time": 139.6679059631472, "we": 142.82348734413247, "weighted_avg": 3.8597290397814312, "yw": 5.452375171655088e-05, "z8": 0.000820241921217546}, "train_full": {"B7": 600, "HS": 264459392, "J6": 12.842553756313402, "K4": 578, "KL": 7.852217764892089e-10, "KZ": 0.9985607395551922, "V0": 2.167206172621717, "accuracy": 0.858945898596382, "auc": 0.9982893054141792, "avg_time": 40.4346285545929, "benchmark": 3.3375004419617587, "c0": 31.099504895893737, "distinct": 442, "entropy": 2.7897991490276004, "errors": 254, "exp_cost": 2655495492, "f1-score": 0.9999963021780847, "falsepos": 1.1069143738384746e-05, "fullscore": 0.9995474006364096, "index": 166.20466605142767, "je": 0.009579401611468974, "ke": 129994, "loss": 8.392043598315357e-05, "meanscore": 0.9999999016857621, "n_docs": 809746, "non_null": 1.1102230246251565e-15, "precision": 0.9999996213070811, "prediction_time": 13.195940720549403, "pz": 0.8946989569184316, "recall": 0.9999999999999963, "size": 5561938, "time": 66.97209735692248, "we": 66.00546555566625, "weighted_avg": 5.418044354128407, "yw": 0.999955462528597, "z8": 4.756523109648796}}