{"branch": {"B7": 263, "HS": 0.999907141818859, "J6": 252, "K4": 3.036964308691542, "KL": 39.401186912406295, "KZ": 0.9999974410460528, "V0": 0.4027427050242385, "accuracy": 0.999038816267446, "auc": 0.9842501273337182, "avg_time": 34.63987153976458, "benchmark": 1.763799745113684, "c0": 0.9999999156786714, "distinct": 318, "entropy": 5.838345416801844, "errors": 10, "exp_cost": 95583473, "f1-score": 0.9999498702527039, "falsepos": 0.0014515132656793828, "fullscore": 0.9999881858664457, "index": 92.22453450008385, "je": 237, "ke": 0.9999982568263647, "loss": 0.003343834028312953, "meanscore": 0.7687329007885016, "n_docs": 1646, "non_null": 0.004722330823909937, "precision": 0.9999999999979946, "prediction_time": 17.661179092521706, "recall": 0.9992029712040131, "size": 951279277, "time": 41.88698945104874, "we": 2.6387558393903277e-07, "weighted_avg": 6.125396064708617, "yw": 55.9518743380026, "z8": 355.84775557831875}, "classifier": {"B7": 370, "HS": 0.9993004177912794, "J6": 7706205, "K4": 464, "KL": 0.023501262626127395, "KZ": 28.297001587212414, "V0": 195, "accuracy": 0.9999999984182653, "auc": 0.9132906699572577, "avg_time": 87.69333373865186, "benchmark": 3.282607479705584, "c0": 4.947285299042254, "distinct": 287, "entropy": 3.8439303702510568, "errors": 474, "exp_cost": 19653037714, "f1-score": 0.9898272043117926, "falsepos": 1.241653919425989e-05, "fullscore": 0.9964017973187036, "index": 15.646797912913087, "je": 0.9740692577810283, "ke": 4.405615291878325, "loss": 0.0013636237190723932, "meanscore": 0.8091160708754469, "n_docs": 23855, "non_null": 0.00048516171506851613, "precision": 0.9999999925628235, "prediction_time": 18.486352398799, "pz": 96796219, "recall": 0.9957116848333746, "size": 798738, "time": 6.296207400249657, "weighted_avg": 1.7856512115868937, "yw": 2.600364444735173, "z8": 0.15692601066912792}, "reports": {"B7": 285, "HS": 415.6880330174442, "J6": 0.0007835006954514112, "K4": 259.06135476819577, "KL": 44.38875751320364, "KZ": 113, "V0": 329, "accuracy": 0.8035660441106909, "auc": 0.9999206529485976, "avg_time": 21.849387603736172, "benchmark": 2.3179616306264483, "c0": 95.39655428702076, "entropy": 3.696667111670718, "errors": 550, "exp_cost": 31596, "f1-score": 0.9999999932950124, "falsepos": 0.0005381529985628575, "fullscore": 0.7656611006667484, "index": 253.16769621138627, "je": 2.8471172265482423, "ke": 1288229, "loss": 0.008921384549698264, "meanscore": 0.9999741926737538, "n_docs": 234183, "non_null": 6.081269462998584e-06, "precision": 0.9744056998382408, "prediction_time": 156.42046092662858, "pz": 62.87844193536885, "recall": 0.9999679743550467, "size": 7025772, "time": 33.2930915984563, "we": 6.524174030051528, "weighted_avg": 4.0745812445406635, "yw": 5.041107798501559, "z8": 11.417580972269276}, "results": {"B7": 563, "HS": 4790, "J6": 3.4246786071928113, "K4": 5.424196147702804, "KL": 397, "V0": 0.041511652127319554, "accuracy": 0.9821677847518488, "auc": 0.999999331612866, "avg_time": 14.148420688142567, "benchmark": 3.6243993605750537, "c0": 338161, "distinct": 136, "entropy": 1.8509363237929246, "errors": 420, "exp_cost": 1724538, "f1-score": 0.9982551106287698, "falsepos": 4.4786252495043755e-05, "fullscore": 0.7860875745415682, "index": 14.791303097801185, "je": 0.9999106121757677, "ke": 123.52769983687516, "loss": 1.207765021327134e-08, "meanscore": 0.9995269026539804, "n_docs": 2463169, "non_null": 0.008151687018780551, "precision": 0.7603777844350786, "prediction_time": 31.418355595747776, "pz": 30.862457489469808, "recall": 0.6292234125461134, "size": 68959348, "time": 9.174988932959865, "we": 1.3737018414306756, "weighted_avg": 6.045150630204796, "yw": 0.5615194379380666, "z8": 1366457}, "train": {"B7": 0.9999934363472205, "HS": 133633774, "K4": 19.17563730130516, "KL": 107.36761680901779, "KZ": 0.9995919644674561, "V0": 347, "accuracy": 0.9999936236469333, "auc": 0.9999999999999682, "benchmark": 2.4751729648554512, "c0": 0.16734203210054766, "distinct": 366, "entropy": 1.1516705298880672, "errors": 260, "exp_cost": 35356033, "f1-score": 0.7784559602072978, "falsepos": 0.07702592813570552, "fullscore": 0.9987303600705999, "index": 28.99812274675037, "je": 0.9417822877594729, "ke": 0.9985723723196942, "loss": 0.06526433974841073, "meanscore": 0.9999999980199527, "n_docs": 97212835, "non_null": 0.0026944287989306703, "precision": 0.9817881499634686, "prediction_time": 5.984363704394881, "pz": 552, "recall": 0.9999999405398923, "size": 1806224, "time": 76.041940689427, "we": 70.93698402310343, "weighted_avg": 3.286739859204716, "yw": 0.0003227162442380749, "z8": 0.004925318097611098}, "train_full": {"B7": 546, "HS": 43309946, "J6": 7.722203678440987, "K4": 510, "KL": 1.97148949943049e-07, "KZ": 0.992177037056131, "V0": 1.7724008812704737, "accuracy": 0.7301261941976862, "auc": 0.989947270197655, "avg_time": 17.114989588854332, "benchmark": 2.8508919380416415, "c0": 13.758462115567749, "distinct": 385, "entropy": 1.9389662372458916, "errors": 185, "exp_cost": 633074141, "f1-score": 0.9999429477137484, "falsepos": 0.0003120130954159528, "fullscore": 0.9970380442144199, "index": 84.28047312391993, "je": 0.036437089032678616, "ke": 54597, "loss": 0.0007293350165518131, "meanscore": 0.9999917329765129, "n_docs": 277576, "non_null": 3.7991831902672857e-13, "precision": 0.9999886764833732, "prediction_time": 8.541222631776748, "pz": 0.7519867105145632, "recall": 0.9999999999983807, "size": 1692143, "time": 26.655549310938113, "we": 41.52734300333674, "weighted_avg": 4.728136740053557, "yw": 0.9990085624767354, "z8": 3.886071369789313}}