{"branch": {"B7": 262, "HS": 0.9999065012678345, "J6": 251, "K4": 3.0609330652720796, "KL": 41.001687477143825, "KZ": 0.9999973333289366, "V0": 0.4045679332134355, "accuracy": 0.9989739323025917, "auc": 0.9839684022584181, "avg_time": 34.88109719112329, "benchmark": 1.7505120362519653, "c0": 0.9999999092302305, "distinct": 316, "entropy": 5.857232550215109, "errors": 8, "exp_cost": 93737495, "f1-score": 0.99995385106043, "falsepos": 0.0015146076319756396, "fullscore": 0.9999877927197293, "index": 91.4923464300653, "je": 236, "ke": 0.9999978846471843, "loss": 0.0034649829614314953, "meanscore": 0.7707391414583956, "n_docs": 1695, "non_null": 0.004492254944768237, "precision": 0.999999999998102, "prediction_time": 17.724502665339386, "recall": 0.9992202657886174, "size": 957840856, "time": 42.3589790777914, "we": 2.782919963362218e-07, "weighted_avg": 6.161983845368036, "yw": 55.94432281676286, "z8": 349.95237951217433}, "classifier": {"B7": 371, "HS": 0.9992331219068225, "J6": 7450618, "K4": 463, "KL": 0.023275978746403192, "KZ": 28.635329378976948, "V0": 194, "accuracy": 0.999999998219725, "auc": 0.9156689868323571, "avg_time": 87.72143407385184, "benchmark": 3.2829358237486477, "c0": 4.955348518371822, "distinct": 287, "entropy": 3.8207801881832113, "errors": 473, "exp_cost": 20127737964, "f1-score": 0.9900155959926886, "falsepos": 1.2716189585759707e-05, "fullscore": 0.9965691697853458, "index": 15.761254427028307, "je": 0.9737999014644764, "ke": 4.409824317104979, "loss": 0.0013227240347033487, "meanscore": 0.806364279825138, "n_docs": 24543, "non_null": 0.0004601542704955053, "precision": 0.9999999914454711, "prediction_time": 18.246210357848092, "pz": 92749224, "recall": 0.995544169454977, "size": 795726, "time": 6.252623635331857, "weighted_avg": 1.7563664942149277, "yw": 2.5917190356730906, "z8": 0.15371355711665635}, "reports": {"B7": 285, "HS": 413.8538794339967, "J6": 0.0008039750400159473, "K4": 263.05018042482504, "KL": 44.19976541742754, "KZ": 115, "V0": 329, "accuracy": 0.7992603082072048, "auc": 0.9999251162482191, "avg_time": 21.79422308705423, "benchmark": 2.3342739080168364, "c0": 97.0587867894473, "entropy": 3.699565253053577, "errors": 549, "exp_cost": 31163, "f1-score": 0.9999999937546108, "falsepos": 0.0005670197339472383, "fullscore": 0.7614321699386213, "index": 249.30838749952025, "je": 2.856148038505967, "ke": 1295028, "loss": 0.008036131908808697, "meanscore": 0.9999763216939972, "n_docs": 244700, "non_null": 5.77061994322392e-06, "precision": 0.9743956734163366, "prediction_time": 156.64555635496936, "pz": 63.13587360655118, "recall": 0.999965955558796, "size": 7169513, "time": 33.35011280670503, "we": 6.519880565889703, "weighted_avg": 4.087456652644472, "yw": 5.037114022276369, "z8": 11.312926977232719}, "results": {"B7": 562, "HS": 4594, "J6": 3.4329936760141444, "K4": 5.41709429270771, "KL": 397, "V0": 0.04119073119450123, "accuracy": 0.9816892125631985, "auc": 0.9999992632253154, "avg_time": 13.901318138935151, "benchmark": 3.6113191603691677, "c0": 337750, "distinct": 140, "entropy": 1.8539416257449794, "errors": 421, "exp_cost": 1717183, "f1-score": 0.9982833901121748, "falsepos": 4.254198308450974e-05, "fullscore": 0.7862568067609357, "index": 14.962603430564727, "je": 0.9999109031848052, "ke": 120.92239577974074, "loss": 1.2555786188528373e-08, "meanscore": 0.9995272450719898, "n_docs": 2393650, "non_null": 0.008115916682309932, "precision": 0.764392221225654, "prediction_time": 31.996077747956807, "pz": 30.775808739459848, "recall": 0.633954509582977, "size": 68757893, "time": 9.33483687062518, "we": 1.371552976900285, "weighted_avg": 6.06083790445202, "yw": 0.5679273602702811, "z8": 1384175}, "train": {"B7": 0.999993543019192, "HS": 130555344, "K4": 19.26725068558026, "KL": 107.90874887930546, "KZ": 0.9995606177055681, "V0": 347, "accuracy": 0.9999935577514438, "auc": 0.9999999999999685, "benchmark": 2.5013958350881627, "c0": 0.16905632037777385, "distinct": 364, "entropy": 1.1395544453756987, "errors": 258, "exp_cost": 36734945, "f1-score": 0.7753061090842701, "falsepos": 0.07960596541490328, "fullscore": 0.9987001704370689, "index": 29.215691645789633, "je": 0.9439283322140701, "ke": 0.9986661882241054, "loss": 0.06621329767711281, "meanscore": 0.9999999980264421, "n_docs": 93815580, "non_null": 0.002670235979142066, "precision": 0.9825692646016574, "prediction_time": 5.817116744971288, "pz": 553, "recall": 0.9999999423887355, "size": 1740334, "time": 74.81100087802865, "we": 70.59777649924892, "weighted_avg": 3.2963330679901244, "yw": 0.00031903451250459014, "z8": 0.005128729429923706}, "train_full": {"B7": 544, "HS": 44097018, "J6": 7.439804811555132, "K4": 512, "KL": 1.953627577488959e-07, "KZ": 0.9929533465203532, "V0": 1.775413945927697, "accuracy": 0.7269785129235921, "auc": 0.9898738617955336, "avg_time": 17.49029409036019, "benchmark": 2.8729990208700853, "c0": 13.766939786309115, "distinct": 385, "entropy": 1.9196852764865673, "errors": 184, "exp_cost": 626917228, "f1-score": 0.9999436986000598, "falsepos": 0.0003305410130786113, "fullscore": 0.9968664834216878, "index": 83.69255984947175, "je": 0.038162056146060275, "ke": 55900, "loss": 0.0006946468059526589, "meanscore": 0.999991753676909, "n_docs": 294943, "non_null": 2.964295475749168e-13, "precision": 0.9999877552362815, "prediction_time": 8.518142654165263, "pz": 0.7498872452189556, "recall": 0.9999999999984402, "size": 1688591, "time": 26.558523830847076, "we": 43.17924125944425, "weighted_avg": 4.723886877541895, "yw": 0.9990402555946869, "z8": 3.8852787986277213}}