{"branch": {"B7": 334, "HS": 0.9999962852811246, "J6": 334, "K4": 3.721636406614431, "KL": 96.38236223203423, "KZ": 0.9999999956346708, "V0": 0.6821329497991742, "accuracy": 0.9999491454222497, "auc": 0.9977199689069836, "avg_time": 75.02144298393107, "benchmark": 2.6784957670456655, "c0": 0.9999999992666404, "distinct": 403, "entropy": 6.708943395675892, "errors": 78, "exp_cost": 710296942, "f1-score": 0.999998352866961, "falsepos": 2.8367967586540033e-05, "fullscore": 0.9999997677469256, "index": 252.92034672863923, "je": 331, "ke": 0.9999999856913327, "loss": 0.00014913365360369468, "meanscore": 0.9693473571596785, "n_docs": 8122, "non_null": 0.0002218440965788826, "precision": 0.9999999999999974, "prediction_time": 29.565702297235596, "recall": 0.9999814651276991, "size": 13642825714, "time": 112.26712452291777, "we": 2.2619207618035375e-09, "weighted_avg": 7.189575554899909, "yw": 140.90433686277095, "z8": 1001.6937762005945}, "classifier": {"B7": 436, "HS": 0.9998918261270056, "J6": 39057678, "K4": 531, "KL": 0.0042308639457055985, "KZ": 77.24431696331416, "V0": 261, "accuracy": 0.9999999999966717, "auc": 0.9947389612370279, "avg_time": 179.10636749366878, "benchmark": 4.346703451461239, "c0": 6.112939774881738, "distinct": 343, "entropy": 4.730142990468382, "errors": 565, "exp_cost": 91504746306, "f1-score": 0.998878240864377, "falsepos": 6.490679571591329e-08, "fullscore": 0.9996714243177133, "index": 26.72579528008883, "je": 0.9975313444470406, "ke": 5.371316357824286, "loss": 0.0002298003676806104, "meanscore": 0.9713495668868113, "n_docs": 119342, "non_null": 7.772352710988528e-06, "precision": 0.9999999999917779, "prediction_time": 38.9090806516082, "pz": 668019664, "recall": 0.9997986177065004, "size": 4792066, "time": 12.337056902663205, "weighted_avg": 2.6582258528692853, "yw": 3.360155118993941, "z8": 0.03919533091387617}, "reports": {"B7": 370, "HS": 991.6092217754496, "J6": 0.0001589990988382084, "K4": 506.9397239444603, "KL": 93.01273902282249, "KZ": 178, "V0": 412, "accuracy": 0.9552808859070606, "auc": 0.9999977302276963, "avg_time": 47.540442808671294, "benchmark": 3.3305129497276376, "c0": 215.84036768954812, "entropy": 4.524060672658816, "errors": 650, "exp_cost": 170563, "f1-score": 0.9999999999805669, "falsepos": 7.761272081263648e-05, "fullscore": 0.9484139769178898, "index": 560.4362493972868, "je": 4.898750334266281, "ke": 11296457, "loss": 0.0006768228527729292, "meanscore": 0.9999966167069938, "n_docs": 968268, "non_null": 2.98255722341878e-08, "precision": 0.9958415030733919, "prediction_time": 379.81332172164855, "pz": 175.3347494454869, "recall": 0.9999978671995242, "size": 77077327, "time": 87.29436114406711, "we": 7.477867953601465, "weighted_avg": 4.5464480512899765, "yw": 5.9295848378207605, "z8": 24.681411454654544}, "results": {"B7": 651, "HS": 23616, "J6": 4.586183029853984, "K4": 6.124682177979553, "KL": 491, "V0": 0.003581529687633589, "accuracy": 0.997250943084042, "auc": 0.9999999959150134, "avg_time": 22.20776549737975, "benchmark": 4.339456682690067, "c0": 1825495, "distinct": 221, "entropy": 2.8622577651262033, "errors": 492, "exp_cost": 11605506, "f1-score": 0.9999097801616178, "falsepos": 7.299366362456539e-07, "fullscore": 0.9145620895376076, "index": 27.372642026487114, "je": 0.9999994842499924, "ke": 245.00240189079275, "loss": 1.7492118864481654e-11, "meanscore": 0.9999886709881458, "n_docs": 9678339, "non_null": 0.00017476308278996378, "precision": 0.9105469018507764, "prediction_time": 63.43160486736415, "pz": 66.3462435088749, "recall": 0.8525351490761154, "size": 539208612, "time": 16.149418279929716, "we": 2.210659115191198, "weighted_avg": 6.727034479520574, "yw": 0.7509017394690933, "z8": 13505345}, "train": {"B7": 0.9999999694327213, "HS": 1494361193, "K4": 34.44811568304328, "KL": 252.38237663489386, "KZ": 0.9999679672200269, "V0": 453, "accuracy": 0.9999998909717144, "auc": 1.0, "benchmark": 3.3426057139069867, "c0": 0.038930650071375306, "distinct": 447, "entropy": 2.2701579973185746, "errors": 304, "exp_cost": 195656177, "f1-score": 0.8935787066068306, "falsepos": 0.014530710683263504, "fullscore": 0.9999002652375791, "index": 65.49221724237576, "je": 0.9925697301359993, "ke": 0.9999598516525461, "loss": 0.01427958222165715, "meanscore": 0.9999999999935667, "n_docs": 858538421, "non_null": 0.00018257618051586988, "precision": 0.9972597931416757, "prediction_time": 11.983599847525467, "pz": 610, "recall": 0.9999999996586069, "size": 8834556, "time": 156.22197758508608, "we": 175.82503649632088, "weighted_avg": 4.096111072563874, "yw": 3.296946540842782e-05, "z8": 0.0004705565246099219}, "train_full": {"B7": 616, "HS": 471911317, "J6": 14.809488290716747, "K4": 601, "KL": 1.4632151046356512e-10, "KZ": 0.9988929820511688, "V0": 2.310676792798057, "accuracy": 0.8654960657224013, "auc": 0.9991140847378479, "avg_time": 49.78552223581652, "benchmark": 3.448904718461293, "c0": 41.69307543115104, "distinct": 462, "entropy": 2.994817437752401, "errors": 277, "exp_cost": 3628514793, "f1-score": 0.9999984024078228, "falsepos": 4.831061062970932e-06, "fullscore": 0.9997331471155986, "index": 189.7005279942127, "je": 0.005935229964804112, "ke": 173091, "loss": 3.263145439347248e-05, "meanscore": 0.9999999708794477, "n_docs": 1308701, "non_null": 2.220446049250313e-16, "precision": 0.9999996986871738, "prediction_time": 17.00800406744049, "pz": 0.9166584848866701, "recall": 0.9999999999999994, "size": 8495513, "time": 86.51581169733447, "we": 72.27293736187313, "weighted_avg": 5.602382880807369, "yw": 0.999980647009119, "z8": 4.924889083043206}}