{"branch": {"B7": 362, "HS": 0.999999897724527, "J6": 396, "K4": 4.25292300171275, "KL": 205.64576567565746, "KZ": 0.9999999999902321, "V0": 0.8595298441296902, "accuracy": 0.9999942901550474, "auc": 0.999781536858463, "avg_time": 152.85700695967145, "benchmark": 3.4953059874784813, "c0": 0.9999999999891297, "distinct": 449, "entropy": 7.513731145274398, "errors": 118, "exp_cost": 3197979560, "f1-score": 0.9999999038805115, "falsepos": 5.874100861280596e-07, "fullscore": 0.9999999969862654, "index": 548.1257628997529, "je": 397, "ke": 0.9999999997838924, "loss": 5.076783201496404e-06, "meanscore": 0.9979161166578974, "n_docs": 19562, "non_null": 8.419540118542734e-06, "precision": 1.0, "prediction_time": 44.347652404354676, "recall": 0.9999983963629762, "size": 115426108524, "time": 216.7744524542643, "we": 1.2736034449289946e-11, "weighted_avg": 7.966785354002482, "yw": 256.9431652163448, "z8": 2429.098152691785}, "classifier": {"B7": 497, "HS": 0.9999777038632284, "J6": 93973211, "K4": 584, "KL": 0.0005682546140765021, "KZ": 157.52228997568898, "V0": 311, "accuracy": 0.9999999999999858, "auc": 0.9992921050958052, "avg_time": 300.58999594139783, "benchmark": 5.0472637430571154, "c0": 7.008584157347598, "distinct": 394, "entropy": 5.418399077879297, "errors": 649, "exp_cost": 355995296871, "f1-score": 0.9997282888985344, "falsepos": 2.4007462684494385e-10, "fullscore": 0.9999092113399954, "index": 39.986998782858684, "je": 0.9995141368980426, "ke": 6.061044776666935, "loss": 2.6517456225727543e-05, "meanscore": 0.9965451304965895, "n_docs": 289334, "non_null": 9.266304954458349e-07, "precision": 0.9999999999999886, "prediction_time": 64.38654591365793, "pz": 3401860657, "recall": 0.9999814381653548, "size": 16130983, "time": 18.533267887233553, "weighted_avg": 3.3955996079079362, "yw": 4.015139487482168, "z8": 0.008963978420857499}, "reports": {"B7": 442, "HS": 1908.2326924483361, "J6": 4.3015715913252706e-05, "K4": 845.6637228462761, "KL": 170.88247731596704, "KZ": 228, "V0": 498, "accuracy": 0.9869454701787641, "auc": 0.999999956445656, "avg_time": 114.80558639258096, "benchmark": 4.049445991575876, "c0": 426.4085034732437, "entropy": 5.21223929555838, "errors": 741, "exp_cost": 518056, "f1-score": 0.9999999999999092, "falsepos": 9.267808284363355e-06, "fullscore": 0.988198604707294, "index": 962.7134727290093, "je": 8.700346973026843, "ke": 27882627, "loss": 7.02965746361972e-05, "meanscore": 0.9999999032898162, "n_docs": 2831712, "non_null": 3.926461378256363e-10, "precision": 0.9992633091545331, "prediction_time": 868.6747060226994, "pz": 463.8891449587379, "recall": 0.9999996048113495, "size": 693929569, "time": 166.00464987671424, "we": 8.396716750447514, "weighted_avg": 4.890610439657916, "yw": 6.587670879168142, "z8": 52.33025018463615}, "results": {"B7": 707, "HS": 64713, "J6": 5.5551327118695655, "K4": 6.697411503858615, "KL": 550, "V0": 0.00023698339600441987, "accuracy": 0.9996660139952265, "auc": 0.9999999999349803, "avg_time": 35.24162884581619, "benchmark": 4.773821607301729, "c0": 5231896, "distinct": 299, "entropy": 3.428630666687382, "errors": 547, "exp_cost": 28142897, "f1-score": 0.9999911618859105, "falsepos": 3.929237535338359e-08, "fullscore": 0.9518994125459694, "index": 50.94345772048953, "je": 0.9999999962305834, "ke": 359.8384162237234, "loss": 2.0394796962364126e-13, "meanscore": 0.9999994715649465, "n_docs": 30236267, "non_null": 5.4516571785789836e-06, "precision": 0.9794938408768055, "prediction_time": 114.6007660480492, "pz": 97.76568489040213, "recall": 0.9387967807142479, "size": 1419858874, "time": 32.37113238982089, "we": 3.0341232160125196, "weighted_avg": 7.476647359245582, "yw": 0.8550623805684572, "z8": 85038340}, "train": {"B7": 0.9999999998102869, "HS": 8259853985, "K4": 57.10083095169155, "KL": 536.0210006412206, "KZ": 0.9999978432290848, "V0": 534, "accuracy": 0.999999995908021, "auc": 1.0, "benchmark": 4.1093374988356794, "c0": 0.014077270315740464, "distinct": 520, "entropy": 3.0261385256860396, "errors": 354, "exp_cost": 863012411, "f1-score": 0.9573766449028907, "falsepos": 0.005277895238257835, "fullscore": 0.9999881122445688, "index": 114.22888821502829, "je": 0.9994253985383157, "ke": 0.999998940317785, "loss": 0.002825257621202004, "meanscore": 0.9999999999998559, "n_docs": 5009116832, "non_null": 2.3416514035590197e-05, "precision": 0.999454187124488, "prediction_time": 19.361437861064065, "pz": 664, "recall": 0.9999999999787599, "size": 45628001, "time": 228.20371711686667, "we": 364.26983533871464, "weighted_avg": 4.684726879306419, "yw": 2.8001124557919255e-06, "z8": 4.321111784222342e-05}, "train_full": {"B7": 677, "HS": 2833655999, "J6": 22.879532304283725, "K4": 676, "KL": 2.4924506902834764e-13, "KZ": 0.9998971592056254, "V0": 2.8820745489438604, "accuracy": 0.9276174088517708, "auc": 0.999902529234302, "avg_time": 114.113619164013, "benchmark": 4.202324778422506, "c0": 83.90200291611033, "distinct": 520, "entropy": 3.7783754965334344, "errors": 351, "exp_cost": 13985669195, "f1-score": 0.9999999600767202, "falsepos": 1.7844553046320044e-07, "fullscore": 0.9999320254098225, "index": 282.01309676306346, "je": 0.001185894052086356, "ke": 384048, "loss": 1.3630992600210945e-06, "meanscore": 0.9999999998079816, "n_docs": 4410041, "non_null": 0.0, "precision": 0.9999999818575075, "prediction_time": 25.97341226660003, "pz": 0.9790148662368495, "recall": 1.0, "size": 33491653, "time": 206.45414055736765, "we": 108.23557697619172, "weighted_avg": 6.464419777317678, "yw": 0.9999996277884098, "z8": 5.676308195008886}}