{"branch": {"B7": 150, "HS": 0.9902403414720021, "J6": 67, "K4": 1.388913574044035, "KL": 6.899129649461503, "KZ": 0.9935293538881322, "V0": 0.055870468221107306, "accuracy": 0.9503365057989313, "auc": 0.7044352136762815, "avg_time": 9.794889978563642, "benchmark": 0.057590117684540726, "c0": 0.9999030636451192, "distinct": 183, "entropy": 4.407510168100349, "errors": -111, "exp_cost": 1258785, "f1-score": 0.9896050916802517, "falsepos": 0.17728057056770963, "fullscore": 0.9893503434861846, "index": 11.638712017203083, "je": 81, "ke": 0.998385541472395, "loss": 0.17982127714949425, "meanscore": 0.08497622199114452, "n_docs": 62, "non_null": 0.22782799075278348, "precision": 0.9999999451974791, "prediction_time": 6.92114423127965, "recall": 0.9382483507618454, "size": 6324682, "time": 7.471160410832982, "we": 0.0006796355393774434, "weighted_avg": 4.219476469944989, "yw": 12.820598537661255, "z8": 54.22100487217605}, "classifier": {"B7": 229, "HS": 0.9821768420179269, "J6": 460858, "K4": 314, "KL": 0.2525323460824911, "KZ": 4.259715037020148, "V0": 69, "accuracy": 0.9999710560366545, "auc": 0.28188119046563376, "avg_time": 23.885920087929815, "benchmark": 1.4774144675502623, "c0": 2.7547563025986563, "distinct": 179, "entropy": 1.9783251373590665, "errors": 307, "exp_cost": 922829757, "f1-score": 0.9175860602949548, "falsepos": 0.02456251899019335, "fullscore": 0.9507624199132874, "index": 4.951739019329077, "je": 0.6936346077055214, "ke": 2.82460410313322, "loss": 0.03374519666957343, "meanscore": 0.17770262913344315, "n_docs": 1239, "non_null": 0.011459246752635877, "precision": 0.9997984022384776, "prediction_time": 4.553036641433037, "pz": 3804026, "recall": 0.8464678109021531, "size": 27179, "time": 2.627012065169792, "weighted_avg": 0.19074924637702573, "yw": 1.1676826176245043, "z8": 0.6951230447217329}, "reports": {"B7": 116, "HS": 89.68590993169325, "J6": 0.010404139019057346, "K4": 67.20103319413495, "KL": 8.502358406928579, "KZ": -6, "V0": 175, "accuracy": 0.34439849118598165, "auc": 0.9902318484852031, "avg_time": 4.0117068946518115, "benchmark": 0.47919013512277137, "c0": 19.82789273421817, "entropy": 1.9023461820806475, "errors": 356, "exp_cost": 1880, "f1-score": 0.9999624245249397, "falsepos": 0.017316916375024638, "fullscore": 0.22508393500005786, "index": 70.09240548643854, "je": 1.040976761067069, "ke": 37869, "loss": 0.11758692758363187, "meanscore": 0.9966412268719336, "n_docs": 14219, "non_null": 0.007278960109424748, "precision": 0.806441012313857, "prediction_time": 26.86912237829255, "pz": 8.873338723533776, "recall": 0.997122162544787, "size": 44671, "time": 5.170576310574376, "we": 4.565939661553092, "weighted_avg": 3.187040163655159, "yw": 3.3978976765980895, "z8": 2.6019340611392106}, "results": {"B7": 392, "HS": 361, "J6": 1.1105167170148276, "K4": 3.9247586827439624, "KL": 213, "V0": 0.5506737889232486, "accuracy": 0.798707120345013, "auc": 0.9979538421746676, "avg_time": 4.736119200909326, "benchmark": 2.3701988330515813, "c0": 14960, "distinct": -7, "entropy": 0.28537278492270024, "errors": 261, "exp_cost": 100749, "f1-score": 0.9419201975298089, "falsepos": 0.009272552091091346, "fullscore": 0.46217030500093503, "index": 3.8018887964401937, "je": 0.946848789984085, "ke": 27.645954980251528, "loss": 0.0002486643128658539, "meanscore": 0.9679360245312438, "n_docs": 201488, "non_null": 0.3500538626536627, "precision": 0.22407007780690913, "prediction_time": 10.29434110206302, "pz": 9.845759019184957, "recall": 0.13854081764659248, "size": 2978056, "time": 2.048483290649102, "we": -0.38595907391280015, "weighted_avg": 4.589427106352507, "yw": 0.21499753669044364, "z8": 19965}, "train": {"B7": 0.993917280920365, "HS": 1865635, "K4": 6.971843149444672, "KL": 25.004871489146108, "KZ": 0.9715237662774789, "V0": 141, "accuracy": 0.9975534462802013, "auc": 0.9999999978198368, "benchmark": 0.7361041265256353, "c0": 0.6352709026202207, "distinct": 248, "entropy": -1.0419792765695997, "errors": 159, "exp_cost": 934642, "f1-score": 0.3225170780627099, "falsepos": 0.44935108943965163, "fullscore": 0.9406091607222422, "index": 8.81974034314735, "je": 0.45404284532182737, "ke": 0.8108821053129507, "loss": 0.46307773117343853, "meanscore": 0.9999810892049797, "n_docs": 1162657, "non_null": 0.10193915049018465, "precision": 0.7934456914109859, "prediction_time": 1.5585963045026296, "pz": 444, "recall": 0.9996502199171667, "size": 78105, "time": 22.101416136023403, "we": 12.04156641701803, "weighted_avg": 1.7599432306190863, "yw": 0.012480761879234747, "z8": 0.11869303216498195}, "train_full": {"B7": 391, "HS": 403183, "J6": 2.8451683287719605, "K4": 337, "KL": 0.0024362775709856344, "KZ": 0.8748343080256268, "V0": 0.32649545745441344, "accuracy": 0.3555105480611137, "auc": 0.7276971099350493, "avg_time": 2.3689553602676385, "benchmark": 1.3570188980776714, "c0": 2.0541330563496856, "distinct": 256, "entropy": -0.2299256347479159, "errors": 20, "exp_cost": 27818851, "f1-score": 0.9895021329483042, "falsepos": 0.044803609572184544, "fullscore": 0.9562960689759978, "index": 15.423393839968835, "je": 0.4260512748276828, "ke": 4179, "loss": 0.04215112553681222, "meanscore": 0.9854072921999143, "n_docs": 21111, "non_null": 9.722105898113398e-09, "precision": 0.9986762171542076, "prediction_time": 1.954314444394733, "pz": 0.211357879570506, "recall": 0.9999998103231623, "size": 80427, "time": 2.8853317512022163, "we": 15.888076221295762, "weighted_avg": 2.941268028825837, "yw": 0.8869669468642004, "z8": 2.2317971925814173}}