{"branch": {"B7": 65, "HS": 0.950388095787994, "J6": -2, "K4": 0.9100522734886358, "KL": 3.163967726766414, "KZ": 0.9021141950862668, "V0": 0.013171306243192793, "accuracy": 0.8656711797815301, "auc": 0.3540925520781045, "avg_time": 3.7760702344453887, "benchmark": -0.7299560172128747, "c0": 0.9973710338131635, "distinct": 125, "entropy": 3.63075530283671, "errors": -169, "exp_cost": 130113, "f1-score": 0.9145170218072194, "falsepos": 0.4390687992659751, "fullscore": 0.9399789238139409, "index": 5.085985918026628, "je": -12, "ke": 0.9801804232333237, "loss": 0.5195550118838717, "meanscore": 0.004282552252241445, "n_docs": 26, "non_null": 0.6180959808674389, "precision": 0.9999962444528949, "prediction_time": 2.850039195423013, "recall": 0.727264035044193, "size": 529729, "time": 2.3549770942676647, "we": 0.011470859407558875, "weighted_avg": 3.2498884073237493, "yw": 6.230246399568688, "z8": 18.878145376851357}, "classifier": {"B7": 148, "HS": 0.9482959418894883, "J6": 111123, "K4": 246, "KL": 0.590380939368714, "KZ": 1.7221875773852646, "V0": 9, "accuracy": 0.9992145528784627, "auc": 0.08784417880962059, "avg_time": 11.253531439317292, "benchmark": 0.6780535832619877, "c0": 1.809353106373777, "distinct": 121, "entropy": 1.0292402364002786, "errors": 223, "exp_cost": 101048265, "f1-score": 0.6925942697157368, "falsepos": 0.17884316331164085, "fullscore": 0.8926725239112673, "index": 3.375760168229737, "je": 0.40933336515019714, "ke": 2.046344163900723, "loss": 0.15169012149831052, "meanscore": 0.026732870329622183, "n_docs": 416, "non_null": 0.12946204248821513, "precision": 0.9942287524638022, "prediction_time": 2.9558010019596854, "pz": 548372, "recall": 0.5514453356709177, "size": 4394, "time": 1.907538711669144, "weighted_avg": -0.597782179888768, "yw": 0.3259883051336304, "z8": 0.9219798908181225}, "reports": {"B7": 23, "HS": 38.15840452822966, "J6": 0.04471235492649894, "K4": 36.63272210366816, "KL": 3.4652550928738193, "KZ": -74, "V0": 76, "accuracy": 0.1569406543986216, "auc": 0.9310292588168805, "avg_time": 1.7515859463116774, "benchmark": -0.43284482803767305, "c0": 9.306115862619336, "entropy": 1.1801062419339474, "errors": 265, "exp_cost": 842, "f1-score": 0.9989611126910408, "falsepos": 0.04612471435623888, "fullscore": 0.07978882424622707, "index": 32.649477597658766, "je": 0.6884983471038832, "ke": 7895, "loss": 0.3920571182916941, "meanscore": 0.9908449098666063, "n_docs": 3422, "non_null": 0.04641008557232029, "precision": 0.5653853602916576, "prediction_time": 10.821258498854368, "pz": 2.8559059980521924, "recall": 0.9895330377802938, "size": 3233, "time": 1.8297438900987517, "we": 3.4420375773601504, "weighted_avg": 2.5514420509048477, "yw": 2.866139366713883, "z8": 1.1238306838181735}, "results": {"B7": 317, "HS": 130, "J6": 0.07279130870258127, "K4": 3.137579037306683, "KL": 138, "V0": 0.8776867699216759, "accuracy": 0.5651626708083672, "auc": 0.9803597483880744, "avg_time": 2.8690559905009123, "benchmark": 1.820887043051177, "c0": 4377, "distinct": -89, "entropy": -0.5997982583878169, "errors": 200, "exp_cost": 20754, "f1-score": 0.7993077764397165, "falsepos": 0.0672895514134011, "fullscore": 0.3409478265417992, "index": 2.4844351265246196, "je": 0.6997282594359662, "ke": 14.060529426171875, "loss": 0.006751945979324381, "meanscore": 0.8800569650395904, "n_docs": 44800, "non_null": 0.7653683153761037, "precision": 0.055361092845528204, "prediction_time": 4.2264462497941375, "pz": 4.478761785173476, "recall": 0.02929451984467707, "size": 738298, "time": 0.7567825401092898, "we": -0.9730239646205805, "weighted_avg": 3.662293824228531, "yw": 0.13252535109427027, "z8": 2253}, "train": {"B7": 0.9344889582051354, "HS": 260065, "K4": 4.104501041606855, "KL": 9.826149377173513, "KZ": 0.8831987329140663, "V0": 21, "accuracy": 0.9664651223371662, "auc": 0.9999997748636087, "benchmark": -0.1254473803214357, "c0": 0.8879259650272843, "distinct": 158, "entropy": -1.993565575007916, "errors": 106, "exp_cost": 131014, "f1-score": 0.12038653237822838, "falsepos": 0.6576121815863698, "fullscore": 0.8150269822496874, "index": 4.332905370493832, "je": 0.13853397628345243, "ke": 0.41873452290844315, "loss": 0.7197414212956031, "meanscore": 0.9996797753799517, "n_docs": 114485, "non_null": 0.27976092310723977, "precision": 0.6469319495038437, "prediction_time": 0.6728761385208907, "pz": 368, "recall": 0.9955291911905512, "size": 11722, "time": 11.819393536624343, "we": 4.700995533034209, "weighted_avg": 1.0601242355624059, "yw": 0.04442058259333892, "z8": 0.3306324291737489}, "train_full": {"B7": 313, "HS": 36324, "J6": 1.5488906388215389, "K4": 235, "KL": 0.059203146198587575, "KZ": 0.7649273343298059, "V0": -0.39967031751486254, "accuracy": 0.1792917612580815, "auc": 0.34562770788198416, "avg_time": 0.9901131348123628, "benchmark": 0.45216284397219536, "c0": 0.7699698758745736, "distinct": 160, "entropy": -1.1669515895704667, "errors": -65, "exp_cost": 3697712, "f1-score": 0.9069523743316341, "falsepos": 0.24145682509184085, "fullscore": 0.8026926011412472, "index": 8.410549625943297, "je": 0.7330695521995169, "ke": 1144, "loss": 0.24138794126701968, "meanscore": 0.8539970232094061, "n_docs": 2977, "non_null": 1.9779484689008697e-06, "precision": 0.9794572281940852, "prediction_time": 1.065165022508365, "pz": 0.08757261304620767, "recall": 0.999983716472307, "size": 10106, "time": 0.9992721971646849, "we": 8.4496155421065, "weighted_avg": 2.1336328015974235, "yw": 0.5731718694110249, "z8": 1.5078809479509139}}