{"branch": {"B7": 135, "HS": 0.9839813938926901, "J6": 66, "K4": 1.3725991276433782, "KL": 5.780329607213457, "KZ": 0.9858803287192655, "V0": 0.04367441896289792, "accuracy": 0.926011875925664, "auc": 0.6513336824835945, "avg_time": 9.2938892890585, "benchmark": -0.030702934697536682, "c0": 0.9998350255077718, "distinct": 185, "entropy": 4.182956801636668, "errors": -109, "exp_cost": 937027, "f1-score": 0.9854633495262531, "falsepos": 0.22935557129341033, "fullscore": 0.985543722757793, "index": 10.059638844256273, "je": 70, "ke": 0.9972422457004582, "loss": 0.23047907656062117, "meanscore": 0.04614265792518002, "n_docs": 37, "non_null": 0.27542695843387643, "precision": 0.9999999247024507, "prediction_time": 6.2548996241820065, "recall": 0.9255328827506941, "size": 4008935, "time": 6.390255471299477, "we": 0.0009002244263250914, "weighted_avg": 4.052600470188434, "yw": 10.405350280780029, "z8": 44.70326942446865}, "classifier": {"B7": 220, "HS": 0.9764038899689768, "J6": 482404, "K4": 313, "KL": 0.3036202466654556, "KZ": 3.886531444481853, "V0": 62, "accuracy": 0.9999544987925358, "auc": 0.24425009884282306, "avg_time": 20.92161940779154, "benchmark": 1.3083846497575287, "c0": 2.5928329194217756, "distinct": 167, "entropy": 1.798906073386604, "errors": 289, "exp_cost": 788270019, "f1-score": 0.8894404012260619, "falsepos": 0.03062417257817096, "fullscore": 0.9531812582560735, "index": 4.46774496699074, "je": 0.649900927960785, "ke": 2.6253772752143623, "loss": 0.05092862147136157, "meanscore": 0.12800294967109427, "n_docs": 1034, "non_null": 0.02604366657220214, "precision": 0.9995246046643382, "prediction_time": 4.3963369553006615, "pz": 2847748, "recall": 0.8181105996789895, "size": 21151, "time": 2.420249800251799, "weighted_avg": 0.06933437056246816, "yw": 1.0178489474596206, "z8": 0.7573532309573399}, "reports": {"B7": 105, "HS": 79.32340038598052, "J6": 0.014874088014569242, "K4": 57.48640141210243, "KL": 7.174737364389022, "KZ": -19, "V0": 146, "accuracy": 0.26502988578467623, "auc": 0.9878948626400981, "avg_time": 3.381422608538687, "benchmark": 0.395309646817703, "c0": 17.57263594759559, "entropy": 1.8090013060717554, "errors": 338, "exp_cost": 1480, "f1-score": 0.9999314595249373, "falsepos": 0.0234487223969696, "fullscore": 0.18650532597492941, "index": 56.052953239553815, "je": 0.9087207553230365, "ke": 31054, "loss": 0.1622033601662496, "meanscore": 0.995673517293271, "n_docs": 11739, "non_null": 0.010072240599843463, "precision": 0.7588162104553159, "prediction_time": 21.77314393260071, "pz": 6.892811206931522, "recall": 0.997327754765688, "size": 28919, "time": 4.292031910924202, "we": 4.326431833346465, "weighted_avg": 3.0677064204645945, "yw": 3.4255281616093267, "z8": 2.2505945736648605}, "results": {"B7": 383, "HS": 310, "J6": 0.9630572601610832, "K4": 3.731779600637944, "KL": 204, "V0": 0.620956516662752, "accuracy": 0.7531726255538667, "auc": 0.9975829485481724, "avg_time": 4.915617073707451, "benchmark": 2.285280151165679, "c0": 13711, "distinct": -26, "entropy": 0.04907859134213988, "errors": 257, "exp_cost": 70707, "f1-score": 0.9273048938216352, "falsepos": 0.012014847569594478, "fullscore": 0.468640807403198, "index": 3.793358848305568, "je": 0.9218838612180809, "ke": 27.308732914129255, "loss": 0.00040563149928474207, "meanscore": 0.9526058007991416, "n_docs": 202042, "non_null": 0.415207806375535, "precision": 0.21173098697022152, "prediction_time": 8.127990315301473, "pz": 7.9733898232761256, "recall": 0.14103748980566327, "size": 3289076, "time": 1.6843623112085149, "we": -0.55863873808849, "weighted_avg": 4.442006132436334, "yw": 0.19533103981253175, "z8": 12730}, "train": {"B7": 0.9906314165339407, "HS": 1389260, "K4": 6.99840144678261, "KL": 20.171593547140358, "KZ": 0.9660421500191461, "V0": 125, "accuracy": 0.9961376637775615, "auc": 0.999999993895793, "benchmark": 0.5837371031955839, "c0": 0.6715620583855166, "distinct": 229, "entropy": -1.2317966880702516, "errors": 140, "exp_cost": 728652, "f1-score": 0.24453932529590516, "falsepos": 0.43635621333825003, "fullscore": 0.9405846358410238, "index": 7.555840110234375, "je": 0.34841634060639093, "ke": 0.7718218385419799, "loss": 0.49821579098780255, "meanscore": 0.9999704740002909, "n_docs": 728958, "non_null": 0.14166219719935358, "precision": 0.7686467148349598, "prediction_time": 1.4340635556891228, "pz": 434, "recall": 0.9994947419776374, "size": 48050, "time": 20.61246753079652, "we": 9.822467179638721, "weighted_avg": 1.6572042290877564, "yw": 0.01738377904186683, "z8": 0.16270998350629617}, "train_full": {"B7": 383, "HS": 317927, "J6": 2.4841842864954073, "K4": 319, "KL": 0.004145139241912954, "KZ": 0.8695186513079762, "V0": 0.21358769280082818, "accuracy": 0.3313405351357085, "auc": 0.6802396832802308, "avg_time": 2.0326324584527766, "benchmark": 1.1701788479367932, "c0": 1.8033404952253915, "distinct": 228, "entropy": -0.3051458728110201, "errors": 10, "exp_cost": 16529722, "f1-score": 0.9834866432544049, "falsepos": 0.07941544890720875, "fullscore": 0.9364650803994088, "index": 14.390546252179101, "je": 0.47714315274266916, "ke": 3568, "loss": 0.06087587184679588, "meanscore": 0.9757124803073216, "n_docs": 14807, "non_null": 2.018402744941028e-08, "precision": 0.998379374385918, "prediction_time": 1.8672600839294173, "pz": 0.17365199332748926, "recall": 0.9999993677894198, "size": 55904, "time": 2.258292023227018, "we": 14.476993623112525, "weighted_avg": 2.7263247166191897, "yw": 0.8504286026472716, "z8": 2.108630831701074}}