{"branch": {"B7": 490, "HS": 0.9999999999891576, "J6": 553, "K4": 5.5096573686230474, "KL": 899.4999332038446, "KZ": 1.0, "V0": 0.9909792645761227, "accuracy": 0.999999996985034, "auc": 0.9999994651504805, "avg_time": 561.9448786995305, "benchmark": 4.570804891236837, "c0": 0.9999999999999992, "distinct": 561, "entropy": 8.738908135892514, "errors": 225, "exp_cost": 79067229127, "f1-score": 0.9999999999770764, "falsepos": 1.0185852161725961e-11, "fullscore": 0.9999999999999668, "index": 2740.741786080349, "je": 536, "ke": 0.9999999999999973, "loss": 1.0412294360051533e-09, "meanscore": 0.9999987635853077, "n_docs": 207497, "non_null": 1.6548664660831491e-09, "precision": 1.0, "prediction_time": 91.31457938906065, "recall": 0.9999999995805441, "size": 10403790118198, "time": 917.5913860032019, "we": 2.220446049250313e-16, "weighted_avg": 9.747568105746591, "yw": 956.8176317054656, "z8": 14067.464582235583}, "classifier": {"B7": 612, "HS": 0.9999997442168493, "J6": 678744962, "K4": 695, "KL": 3.2549148415439433e-06, "KZ": 747.7154619550972, "V0": 415, "accuracy": 1.0, "auc": 0.9999990451610673, "avg_time": 727.2008783424111, "benchmark": 6.627084571339106, "c0": 8.870131282379045, "distinct": 478, "entropy": 6.942760083969602, "errors": 798, "exp_cost": 4473787039542, "f1-score": 0.9999978641167679, "falsepos": 3.3306690738754696e-16, "fullscore": 0.9999994622387304, "index": 107.50646440815005, "je": 0.9999979153253022, "ke": 7.4861986432419245, "loss": 2.3015535854931102e-07, "meanscore": 0.9999953172986427, "n_docs": 2952975, "non_null": 6.242062422501249e-10, "precision": 1.0, "prediction_time": 172.08654171825523, "pz": 49359833484, "recall": 0.9999999754065653, "size": 242907021, "time": 38.942374553379665, "weighted_avg": 4.557737086587593, "yw": 5.190331337765687, "z8": 7.938731553203127e-05}, "reports": {"B7": 582, "HS": 6691.835041826419, "J6": 1.2846708572489263e-06, "K4": 2707.0796786162696, "KL": 786.5782554013276, "KZ": 332, "V0": 662, "accuracy": 0.9997898976328904, "auc": 0.9999999999891149, "avg_time": 462.9870659363881, "benchmark": 5.44832610729893, "c0": 1690.5264706340308, "entropy": 6.690747883922368, "errors": 903, "exp_cost": 6002136, "f1-score": 1.0, "falsepos": 4.402551112558939e-08, "fullscore": 0.9997351446616476, "index": 2696.74161066408, "je": 22.443291434180384, "ke": 887190615, "loss": 4.5792369351982387e-07, "meanscore": 0.9999999997820783, "n_docs": 35715022, "non_null": 4.929390229335695e-14, "precision": 0.9999780214657823, "prediction_time": 4610.251343329043, "pz": 2272.7325931581704, "recall": 0.9999999990964075, "size": 31255138229, "time": 820.7731340106275, "we": 9.939654291695996, "weighted_avg": 5.669378974273255, "yw": 7.885520079956408, "z8": 184.96229347430565}, "results": {"B7": 859, "HS": 547497, "J6": 7.4658070019995515, "K4": 7.942313499159084, "KL": 691, "V0": 1.6989490758678727e-07, "accuracy": 0.9999965400476281, "auc": 0.999999999999999, "avg_time": 70.70625963095812, "benchmark": 5.800102419422048, "c0": 37637481, "distinct": 438, "entropy": 4.795235461547262, "errors": 669, "exp_cost": 320117497, "f1-score": 0.9999999823401537, "falsepos": 1.3513190566527555e-11, "fullscore": 0.9937367717023997, "index": 158.7532348609795, "je": 0.9999999999999918, "ke": 1267.7114864191878, "loss": 0.0, "meanscore": 0.9999999998430031, "n_docs": 363010521, "non_null": 4.3476322542090884e-10, "precision": 0.9996066232758662, "prediction_time": 439.05579999627423, "pz": 231.5641849043782, "recall": 0.9968082616554917, "size": 21821323467, "time": 125.54562482160838, "we": 4.436541158813338, "weighted_avg": 8.722991386617847, "yw": 0.9635087374726754, "z8": 3560659358}, "train": {"B7": 0.9999999999999974, "HS": 251984402199, "K4": 120.77374151820285, "KL": 2174.448517944596, "KZ": 0.9999999972383097, "V0": 709, "accuracy": 0.9999999999998284, "auc": 1.0, "benchmark": 5.633038404683019, "c0": 0.00046315434196964045, "distinct": 645, "entropy": 4.889406265380169, "errors": 450, "exp_cost": 13427213465, "f1-score": 0.9975085217350637, "falsepos": 0.00014554637497588008, "fullscore": 0.9999999547754213, "index": 287.1769819582622, "je": 0.9999996667293899, "ke": 0.9999999999532344, "loss": 5.300038442590527e-05, "meanscore": 1.0, "n_docs": 241194367371, "non_null": 8.954229535618197e-08, "precision": 0.9999954211742514, "prediction_time": 54.85192479692318, "pz": 764, "recall": 0.9999999999999991, "size": 1144701604, "time": 669.1679386816564, "we": 1914.87782146582, "weighted_avg": 6.082074424696876, "yw": 1.6462647689508003e-08, "z8": 2.8782573768815212e-08}, "train_full": {"B7": 805, "HS": 128731760654, "J6": 63.357062984734405, "K4": 825, "KL": 0.0, "KZ": 0.9999993265984201, "V0": 4.049988740324342, "accuracy": 0.9901871470614904, "auc": 0.9999999123294397, "avg_time": 623.7602954996435, "benchmark": 5.579706990297755, "c0": 350.0796966147674, "distinct": 663, "entropy": 5.498419961038013, "errors": 482, "exp_cost": 288390461781, "f1-score": 0.9999999999961773, "falsepos": 2.1885493417528323e-11, "fullscore": 0.9999995011749885, "index": 1150.6091094106496, "je": 4.941600634023047e-06, "ke": 3165709, "loss": 8.133621554051729e-10, "meanscore": 0.9999999999999998, "n_docs": 40978417, "non_null": 0.0, "precision": 0.9999999999983642, "prediction_time": 71.77660501023915, "pz": 0.9995513722095637, "recall": 1.0, "size": 849779003, "time": 1354.5017958149315, "we": 237.56648025710757, "weighted_avg": 7.975938912920208, "yw": 0.999999999979911, "z8": 7.036469789454752}}