{"branch": {"B7": 124, "HS": 0.9772088053560795, "J6": 35, "K4": 1.3795323235006745, "KL": 4.800312406050871, "KZ": 0.9810285600450992, "V0": 0.03259592192698091, "accuracy": 0.9192949367275605, "auc": 0.5759535167441994, "avg_time": 6.953864758421875, "benchmark": -0.2058521457322788, "c0": 0.9995464574035894, "distinct": 148, "entropy": 3.849240608767535, "errors": -138, "exp_cost": 761585, "f1-score": 0.978156182986257, "falsepos": 0.2691070555762445, "fullscore": 0.978925217340361, "index": 8.862791938829442, "je": 41, "ke": 0.9956385123944038, "loss": 0.3081331850121489, "meanscore": 0.036465335870195015, "n_docs": 42, "non_null": 0.3775446963787722, "precision": 0.9999998883490584, "prediction_time": 5.4138860481193625, "recall": 0.8758995714296289, "size": 2182397, "time": 4.764945749156204, "we": 0.002742516985442811, "weighted_avg": 3.834487223909178, "yw": 9.112714543092801, "z8": 32.1787427966448}, "classifier": {"B7": 203, "HS": 0.9656584281619864, "J6": 309565, "K4": 295, "KL": 0.3926268839644482, "KZ": 3.1632802855440487, "V0": 45, "accuracy": 0.9999296494283492, "auc": 0.21976328055256494, "avg_time": 17.086211634554303, "benchmark": 1.2027628287465952, "c0": 2.3919885043620708, "distinct": 154, "entropy": 1.6669227374578819, "errors": 277, "exp_cost": 501008540, "f1-score": 0.792472072838201, "falsepos": 0.0589961347520469, "fullscore": 0.9151810848090619, "index": 4.0364672981171275, "je": 0.5928185315456063, "ke": 2.3772428730910686, "loss": 0.05262706422589325, "meanscore": 0.08089612849365918, "n_docs": 1158, "non_null": 0.04146102139905894, "precision": 0.9993477970176816, "prediction_time": 4.151674822368607, "pz": 1652559, "recall": 0.7636744866003035, "size": 15496, "time": 2.4993045261426006, "weighted_avg": -0.20218915665429688, "yw": 0.9080151012144284, "z8": 0.7901349922410543}, "reports": {"B7": 91, "HS": 67.02793809473636, "J6": 0.016375174531773173, "K4": 49.51022398835064, "KL": 5.551500065740742, "KZ": -33, "V0": 136, "accuracy": 0.21687045465271781, "auc": 0.9755012828350829, "avg_time": 2.4219686645617906, "benchmark": 0.1989126118570228, "c0": 14.053391986135257, "entropy": 1.5414234944875402, "errors": 326, "exp_cost": 1224, "f1-score": 0.999849375068776, "falsepos": 0.0313272393656715, "fullscore": 0.12713711339218792, "index": 52.8345073543791, "je": 0.8017952501760441, "ke": 18085, "loss": 0.2506975204932803, "meanscore": 0.991466549087469, "n_docs": 7766, "non_null": 0.013149859668703301, "precision": 0.7269646397928001, "prediction_time": 16.85354076473076, "pz": 6.259886319311355, "recall": 0.9944574737184011, "size": 14345, "time": 3.847017035832939, "we": 4.265319341005596, "weighted_avg": 2.9722065981919665, "yw": 3.2209608068820947, "z8": 1.9825852170903835}, "results": {"B7": 356, "HS": 309, "J6": 0.7605166704876298, "K4": 3.566271300362814, "KL": 195, "V0": 0.6908608923020148, "accuracy": 0.7036254178617198, "auc": 0.9963543259027221, "avg_time": 4.776428143241611, "benchmark": 2.1308394577895804, "c0": 10324, "distinct": -61, "entropy": -0.16205415862188477, "errors": 239, "exp_cost": 47619, "f1-score": 0.9043128282666693, "falsepos": 0.021686919638966518, "fullscore": 0.39162408987890945, "index": 2.9126276355649616, "je": 0.8876349242701951, "ke": 24.974424284311254, "loss": 0.0005072964779806455, "meanscore": 0.9337989284332928, "n_docs": 120220, "non_null": 0.527297989994087, "precision": 0.15539484063637238, "prediction_time": 7.0872641441688105, "pz": 7.826791571025282, "recall": 0.08046921284889519, "size": 1252892, "time": 1.3325709811917719, "we": -0.5921218367203326, "weighted_avg": 4.228693709843589, "yw": 0.16590049255610168, "z8": 7887}, "train": {"B7": 0.9873249578791987, "HS": 970463, "K4": 6.322570645591095, "KL": 17.531912127616252, "KZ": 0.946029767119845, "V0": 102, "accuracy": 0.9914822352007788, "auc": 0.9999999822305631, "benchmark": 0.3697016168045286, "c0": 0.7561435534215366, "distinct": 207, "entropy": -1.3516168233143453, "errors": 134, "exp_cost": 520473, "f1-score": 0.20715530916169533, "falsepos": 0.5445203867750166, "fullscore": 0.9303652161446705, "index": 6.100344952422538, "je": 0.2918943174862815, "ke": 0.6957033205876941, "loss": 0.5219873711289202, "meanscore": 0.9999536225421566, "n_docs": 587978, "non_null": 0.14486370711802132, "precision": 0.7548927916624611, "prediction_time": 1.12416228125525, "pz": 428, "recall": 0.9995157858391701, "size": 30641, "time": 17.637090079726356, "we": 7.6968760103065, "weighted_avg": 1.4739010433080346, "yw": 0.026143745573344646, "z8": 0.2158149578346048}, "train_full": {"B7": 369, "HS": 219250, "J6": 2.328090015273535, "K4": 294, "KL": 0.008843834270448103, "KZ": 0.7878425931187931, "V0": 0.11030983070931571, "accuracy": 0.3066267886658056, "auc": 0.6293133653005349, "avg_time": 1.6499694852835367, "benchmark": 0.9259844325380407, "c0": 1.5049831787173205, "distinct": 221, "entropy": -0.5330528155788381, "errors": -9, "exp_cost": 14025674, "f1-score": 0.9776891077738845, "falsepos": 0.07821815909448193, "fullscore": 0.9340697817966168, "index": 11.853796929874347, "je": 0.5083314820122429, "ke": 3589, "loss": 0.10660556708174984, "meanscore": 0.960425706327533, "n_docs": 9059, "non_null": 8.649836991114768e-08, "precision": 0.9953547102775993, "prediction_time": 1.556132919343096, "pz": 0.13472341498988927, "recall": 0.9999983801699657, "size": 32405, "time": 1.8098522493400144, "we": 12.78638643051466, "weighted_avg": 2.6761678386626873, "yw": 0.7876865206624306, "z8": 1.8382309656529536}}