{"branch": {"B7": 270, "HS": 0.9998892628586877, "J6": 238, "K4": 3.0488003788505154, "KL": 38.02849316679301, "KZ": 0.9999971110324534, "V0": 0.38646504622706035, "accuracy": 0.9985563686770098, "auc": 0.9829337313154435, "avg_time": 35.92129652262894, "benchmark": 1.6714824120950034, "c0": 0.9999998628887791, "distinct": 316, "entropy": 5.82046588115086, "errors": 12, "exp_cost": 81642172, "f1-score": 0.9999463885832189, "falsepos": 0.0013956025288525131, "fullscore": 0.9999856128128722, "index": 85.11164176795596, "je": 232, "ke": 0.999998687261903, "loss": 0.0035210896314264994, "meanscore": 0.7608816285091228, "n_docs": 1360, "non_null": 0.005058673020435611, "precision": 0.9999999999972888, "prediction_time": 16.664169045434438, "recall": 0.9990343475836455, "size": 906382951, "time": 42.28050271211695, "we": 3.4313633401339416e-07, "weighted_avg": 6.100181544483158, "yw": 57.368517822048126, "z8": 325.0268870682788}, "classifier": {"B7": 366, "HS": 0.999175992189554, "J6": 7446605, "K4": 464, "KL": 0.02534598984347347, "KZ": 27.12368251776086, "V0": 190, "accuracy": 0.9999999977371906, "auc": 0.9188672830231133, "avg_time": 89.1314209715881, "benchmark": 3.209444093084201, "c0": 4.939067169672485, "distinct": 285, "entropy": 3.7952207135153815, "errors": 479, "exp_cost": 18172736973, "f1-score": 0.9899909502124942, "falsepos": 1.4816758424407439e-05, "fullscore": 0.9961307311365315, "index": 15.185561435592248, "je": 0.9660416040465546, "ke": 4.414469211241964, "loss": 0.0015765921848549524, "meanscore": 0.8138498306083217, "n_docs": 20376, "non_null": 0.000474731979708487, "precision": 0.9999999871325838, "prediction_time": 16.954494762077328, "pz": 98789847, "recall": 0.995621355179162, "size": 766887, "time": 6.816673760662342, "weighted_avg": 1.8280737615350862, "yw": 2.5778388102527354, "z8": 0.16088020632073563}, "reports": {"B7": 282, "HS": 412.7480236157648, "J6": 0.0008471844984875299, "K4": 252.73949764289284, "KL": 38.76157915837902, "KZ": 109, "V0": 327, "accuracy": 0.819299011601198, "auc": 0.9999292712116421, "avg_time": 21.462202359798052, "benchmark": 2.2592652381184286, "c0": 90.4411061911609, "entropy": 3.6912091354701952, "errors": 553, "exp_cost": 36133, "f1-score": 0.9999999919571657, "falsepos": 0.00058323576728192, "fullscore": 0.7710051643644277, "index": 265.36695981002146, "je": 2.78144203297261, "ke": 980099, "loss": 0.012173015317677671, "meanscore": 0.9999620392650155, "n_docs": 213739, "non_null": 8.758661835472914e-06, "precision": 0.9740414260976376, "prediction_time": 145.78643959263056, "pz": 61.29292487365694, "recall": 0.9999650894532147, "size": 5936305, "time": 32.22592005531301, "we": 6.431856697032847, "weighted_avg": 4.055525039315616, "yw": 4.981963157598404, "z8": 11.792225541692705}, "results": {"B7": 562, "HS": 4346, "J6": 3.3659822146847915, "K4": 5.435666166106313, "KL": 391, "V0": 0.04475887892286401, "accuracy": 0.9811409691785103, "auc": 0.99999892837163, "avg_time": 13.898836438781876, "benchmark": 3.645199178511551, "c0": 317485, "distinct": 126, "entropy": 1.813360392779381, "errors": 418, "exp_cost": 1869772, "f1-score": 0.9985550282309419, "falsepos": 4.724262638711174e-05, "fullscore": 0.7789264911117022, "index": 14.537370573212174, "je": 0.9998900948057063, "ke": 124.68819832655227, "loss": 1.9098518100335582e-08, "meanscore": 0.9994784864606895, "n_docs": 2341376, "non_null": 0.008839369680341047, "precision": 0.7502634389232167, "prediction_time": 31.402322812632377, "pz": 29.893615235919267, "recall": 0.6424118616695953, "size": 71591124, "time": 8.581826226312943, "we": 1.3464007468056656, "weighted_avg": 5.925794092502721, "yw": 0.5514571505813515, "z8": 1169067}, "train": {"B7": 0.9999910750106911, "HS": 124779368, "K4": 20.76076204710186, "KL": 110.89066557627685, "KZ": 0.9995672649267973, "V0": 346, "accuracy": 0.9999938975632695, "auc": 0.9999999999999837, "benchmark": 2.4531499488812294, "c0": 0.176733538240329, "distinct": 370, "entropy": 1.1164597931666422, "errors": 258, "exp_cost": 30296737, "f1-score": 0.7426088922147983, "falsepos": 0.07890594939597495, "fullscore": 0.9987002974185923, "index": 30.254763554905256, "je": 0.9394969844808212, "ke": 0.9985309760554053, "loss": 0.06825472363422591, "meanscore": 0.9999999966151503, "n_docs": 99898664, "non_null": 0.00370735857614779, "precision": 0.9773433674119016, "prediction_time": 5.688347453347032, "pz": 558, "recall": 0.9999998945379288, "size": 1725494, "time": 80.6044597389115, "we": 69.98522817974478, "weighted_avg": 3.259549228542113, "yw": 0.0003720348938982543, "z8": 0.00505065462384402}, "train_full": {"B7": 543, "HS": 38962271, "J6": 7.464903721813828, "K4": 509, "KL": 2.6750155923682684e-07, "KZ": 0.9911861949070884, "V0": 1.700116293704982, "accuracy": 0.7152110620497503, "auc": 0.9877871459465566, "avg_time": 16.578583327252392, "benchmark": 2.8115121178089235, "c0": 13.218365704486764, "distinct": 384, "entropy": 1.8646304872737034, "errors": 181, "exp_cost": 676092203, "f1-score": 0.9999344675280389, "falsepos": 0.00041501494100926184, "fullscore": 0.9965400055956518, "index": 78.70305257926094, "je": 0.04005014539642415, "ke": 52405, "loss": 0.0006294117560458057, "meanscore": 0.9999904265068729, "n_docs": 304661, "non_null": 3.113065361048939e-13, "precision": 0.9999882004422307, "prediction_time": 7.736548849128087, "pz": 0.7438014731334661, "recall": 0.9999999999981827, "size": 1579118, "time": 25.733319261181947, "we": 40.88534790776875, "weighted_avg": 4.65007654621448, "yw": 0.9989142192490107, "z8": 3.903600535527801}}