{"branch": {"B7": 65, "HS": 0.950590133565759, "J6": -2, "K4": 0.9112836812913983, "KL": 3.1804306850276296, "KZ": 0.9027573972260025, "V0": 0.013147561265288377, "accuracy": 0.8654357157095758, "auc": 0.3535749036365805, "avg_time": 3.778581863384565, "benchmark": -0.7347652833157041, "c0": 0.9973684160286563, "distinct": 125, "entropy": 3.6344236785909168, "errors": -169, "exp_cost": 130550, "f1-score": 0.9144263748201684, "falsepos": 0.4410547889370011, "fullscore": 0.9402851179911019, "index": 5.0811207016957445, "je": -13, "ke": 0.9801362485185897, "loss": 0.5195781270018337, "meanscore": 0.004255579419625455, "n_docs": 26, "non_null": 0.6181674635559361, "precision": 0.9999963155292108, "prediction_time": 2.82302522209705, "recall": 0.7280330168967364, "size": 526855, "time": 2.3642106395453064, "we": 0.011465586998187227, "weighted_avg": 3.2475574652314796, "yw": 6.196686567197342, "z8": 18.86194134638512}, "classifier": {"B7": 148, "HS": 0.9478897374203873, "J6": 111024, "K4": 246, "KL": 0.5901371274460336, "KZ": 1.7172418435607872, "V0": 9, "accuracy": 0.9992142343952265, "auc": 0.08856808235350633, "avg_time": 11.270553001209642, "benchmark": 0.6767699157144466, "c0": 1.8102956029661867, "distinct": 121, "entropy": 1.0297729555316053, "errors": 224, "exp_cost": 101691799, "f1-score": 0.6928541534979413, "falsepos": 0.17780055525249328, "fullscore": 0.8926569352676457, "index": 3.3826807794709315, "je": 0.4085116618360615, "ke": 2.047102426149879, "loss": 0.15354749503278264, "meanscore": 0.02683734847222108, "n_docs": 414, "non_null": 0.12846472216006477, "precision": 0.9941455170423437, "prediction_time": 2.961061530056742, "pz": 552950, "recall": 0.5514826698144877, "size": 4419, "time": 1.903706700438865, "weighted_avg": -0.5973489493998728, "yw": 0.3265765517218645, "z8": 0.9217085308938457}, "reports": {"B7": 23, "HS": 38.064900029488435, "J6": 0.045080714080503737, "K4": 36.63686579973038, "KL": 3.4696664723337194, "KZ": -74, "V0": 76, "accuracy": 0.15707872716048532, "auc": 0.930645572615947, "avg_time": 1.7431775282488708, "benchmark": -0.43150835293797035, "c0": 9.350052917854715, "entropy": 1.1803934738038993, "errors": 265, "exp_cost": 847, "f1-score": 0.9989532569463917, "falsepos": 0.04578926473137068, "fullscore": 0.07951866244971528, "index": 32.80148848103774, "je": 0.6859186519826823, "ke": 7890, "loss": 0.39444191989161304, "meanscore": 0.9908653092894858, "n_docs": 3410, "non_null": 0.04644412677969578, "precision": 0.5634119069563476, "prediction_time": 10.780681748404861, "pz": 2.854454613352888, "recall": 0.9894758503363581, "size": 3184, "time": 1.824809384182539, "we": 3.443888994757289, "weighted_avg": 2.555386911922518, "yw": 2.8625209199665016, "z8": 1.1300373092772276}, "results": {"B7": 317, "HS": 129, "J6": 0.0728138812471914, "K4": 3.135483731506421, "KL": 138, "V0": 0.8774530124596063, "accuracy": 0.5654927564404016, "auc": 0.980563490001388, "avg_time": 2.883682525633142, "benchmark": 1.8284082531508103, "c0": 4339, "distinct": -88, "entropy": -0.598059306928764, "errors": 200, "exp_cost": 20825, "f1-score": 0.7995016376030505, "falsepos": 0.06728982681432305, "fullscore": 0.3409457601791994, "index": 2.4940019772866657, "je": 0.700391448939222, "ke": 14.043489907180929, "loss": 0.0067924504608140035, "meanscore": 0.8799606039571535, "n_docs": 44581, "non_null": 0.7648023557173402, "precision": 0.05490065311119263, "prediction_time": 4.214314304338071, "pz": 4.471294289208597, "recall": 0.028964820551325987, "size": 728812, "time": 0.7573885045500639, "we": -0.9651098672593921, "weighted_avg": 3.6633816084086974, "yw": 0.1326503063057034, "z8": 2257}, "train": {"B7": 0.9345005471786931, "HS": 260016, "K4": 4.101847105832309, "KL": 9.819364008106572, "KZ": 0.8836208446082942, "V0": 22, "accuracy": 0.966485190604454, "auc": 0.9999997724496094, "benchmark": -0.12497816709705196, "c0": 0.8879110011885454, "distinct": 158, "entropy": -1.990683926625186, "errors": 106, "exp_cost": 130377, "f1-score": 0.11971634132810571, "falsepos": 0.6583932196856981, "fullscore": 0.8149493785926679, "index": 4.323503419143388, "je": 0.1380022959580084, "ke": 0.417437994456922, "loss": 0.7184300835160636, "meanscore": 0.9996757456748042, "n_docs": 115202, "non_null": 0.2795866647497569, "precision": 0.6462484762475327, "prediction_time": 0.6743938622331136, "pz": 368, "recall": 0.9955566876077953, "size": 11609, "time": 11.753641931555686, "we": 4.715700041282413, "weighted_avg": 1.0618070431262976, "yw": 0.045256503088595745, "z8": 0.33250105981032585}, "train_full": {"B7": 313, "HS": 36446, "J6": 1.5506920085658311, "K4": 236, "KL": 0.05875819517545333, "KZ": 0.7651161236756541, "V0": -0.3998185507851321, "accuracy": 0.18036075024943954, "auc": 0.34491851036682575, "avg_time": 0.9921279798622541, "benchmark": 0.45527933534404025, "c0": 0.7706289817576201, "distinct": 160, "entropy": -1.1717368259023941, "errors": -64, "exp_cost": 3699446, "f1-score": 0.9074124511397194, "falsepos": 0.24169237137603528, "fullscore": 0.8043405995620851, "index": 8.417314673082068, "je": 0.7333701085865717, "ke": 1147, "loss": 0.2422389257219224, "meanscore": 0.8537999539746806, "n_docs": 2971, "non_null": 2.0489665314427086e-06, "precision": 0.9792848938887818, "prediction_time": 1.0689733449294352, "pz": 0.08740877615622167, "recall": 0.9999831111870419, "size": 10082, "time": 0.9992037817387546, "we": 8.42279657172402, "weighted_avg": 2.1360296931286413, "yw": 0.5731717062855661, "z8": 1.5067954450124266}}