{"branch": {"B7": 112, "HS": 0.974934444528418, "J6": 38, "K4": 1.370961121581641, "KL": 4.673979031421823, "KZ": 0.9765727213820412, "V0": 0.030647185364130913, "accuracy": 0.9085435180611394, "auc": 0.5739475264854942, "avg_time": 6.7821187156000615, "benchmark": -0.209090827719286, "c0": 0.99941464305685, "distinct": 148, "entropy": 3.908165649648913, "errors": -138, "exp_cost": 641974, "f1-score": 0.9737007756029941, "falsepos": 0.273986026924803, "fullscore": 0.9767251745829361, "index": 8.366537689458362, "je": 35, "ke": 0.9937560463472458, "loss": 0.31752436448159005, "meanscore": 0.03033248779446851, "n_docs": 32, "non_null": 0.41334890091073373, "precision": 0.9999998618219644, "prediction_time": 5.096656054869658, "recall": 0.8683725199644822, "size": 1969564, "time": 4.31229003063972, "we": 0.0033578626971201286, "weighted_avg": 3.745051946643053, "yw": 8.175261492813593, "z8": 30.169276169149335}, "classifier": {"B7": 196, "HS": 0.9686736317037303, "J6": 296110, "K4": 292, "KL": 0.393040679024644, "KZ": 2.882288076934572, "V0": 40, "accuracy": 0.9998907365706818, "auc": 0.22287790045939349, "avg_time": 17.236128920404827, "benchmark": 1.215513653081131, "c0": 2.3430355744849596, "distinct": 151, "entropy": 1.633472261604466, "errors": 274, "exp_cost": 408908854, "f1-score": 0.788780841630067, "falsepos": 0.06679230679173465, "fullscore": 0.9082052175450629, "index": 4.030585017935727, "je": 0.6161650366755882, "ke": 2.3451901768746937, "loss": 0.06070853265199705, "meanscore": 0.08078272093394034, "n_docs": 1021, "non_null": 0.043214310951398716, "precision": 0.9991641928426882, "prediction_time": 3.737492624171854, "pz": 1530949, "recall": 0.7394576581020607, "size": 13996, "time": 2.558157271480235, "weighted_avg": -0.22265082110874554, "yw": 0.8636321166388325, "z8": 0.8112674022224758}, "reports": {"B7": 86, "HS": 62.45369268350583, "J6": 0.01765686641412878, "K4": 48.971100733350156, "KL": 5.162409873173858, "KZ": -34, "V0": 130, "accuracy": 0.19117606714878377, "auc": 0.9779864516315706, "avg_time": 2.592543699287592, "benchmark": 0.1692349685268901, "c0": 13.728650476396403, "entropy": 1.4940052937966053, "errors": 323, "exp_cost": 961, "f1-score": 0.9998327714248552, "falsepos": 0.03298621769753973, "fullscore": 0.12217034488656359, "index": 50.81966660745345, "je": 0.8129535391259616, "ke": 20713, "loss": 0.24770387992251475, "meanscore": 0.9929798532185176, "n_docs": 7577, "non_null": 0.01534233103774052, "precision": 0.7065176175432499, "prediction_time": 16.614312163970638, "pz": 5.747326813602028, "recall": 0.9940562223982105, "size": 10041, "time": 3.5276646309788955, "we": 4.275391018819485, "weighted_avg": 2.951135285166675, "yw": 3.1311203873946263, "z8": 1.7687034614394133}, "results": {"B7": 346, "HS": 286, "J6": 0.7473379797869227, "K4": 3.569489825458803, "KL": 189, "V0": 0.7088795830688741, "accuracy": 0.6945537293675854, "auc": 0.9955064665415844, "avg_time": 4.530845186374244, "benchmark": 2.1336367032505508, "c0": 9196, "distinct": -57, "entropy": -0.19784618319562836, "errors": 231, "exp_cost": 49935, "f1-score": 0.8845119366348744, "falsepos": 0.022667968240931535, "fullscore": 0.37917169146614393, "index": 2.8270166945532305, "je": 0.8779802298479799, "ke": 22.8278611067552, "loss": 0.0006245822523180955, "meanscore": 0.9304515318068598, "n_docs": 106385, "non_null": 0.5493175917028468, "precision": 0.15558105130261302, "prediction_time": 7.040854214573065, "pz": 7.363131726213184, "recall": 0.07945474498696892, "size": 1254419, "time": 1.301056729620761, "we": -0.6162486087380956, "weighted_avg": 4.243543616777075, "yw": 0.16574603037857794, "z8": 7729}, "train": {"B7": 0.9868773698877048, "HS": 870537, "K4": 6.306421997158093, "KL": 15.422066261763064, "KZ": 0.938868814973212, "V0": 94, "accuracy": 0.9909200104289485, "auc": 0.999999974102882, "benchmark": 0.31155544731158685, "c0": 0.7730746635538257, "distinct": 198, "entropy": -1.4245763555907516, "errors": 131, "exp_cost": 437003, "f1-score": 0.19009201165234713, "falsepos": 0.5533183084010321, "fullscore": 0.9206303193972227, "index": 6.100894525324526, "je": 0.2619571048967124, "ke": 0.6566177586702704, "loss": 0.5470627584851728, "meanscore": 0.9999351641449122, "n_docs": 568929, "non_null": 0.1715339802262854, "precision": 0.7383774531032372, "prediction_time": 1.048528939146173, "pz": 429, "recall": 0.9993585255069362, "size": 27690, "time": 15.843190692486605, "we": 7.046816975840213, "weighted_avg": 1.4085065229556166, "yw": 0.025562053927646766, "z8": 0.23272015939353863}, "train_full": {"B7": 364, "HS": 185103, "J6": 2.196642978683165, "K4": 288, "KL": 0.010945495841756303, "KZ": 0.7790072432742764, "V0": 0.057104880093582555, "accuracy": 0.2848854825980586, "auc": 0.6138661997383108, "avg_time": 1.5503051264534846, "benchmark": 0.8821130315180742, "c0": 1.38700218031965, "distinct": 212, "entropy": -0.6073635328084281, "errors": -18, "exp_cost": 15512286, "f1-score": 0.9734725337434599, "falsepos": 0.09238847478091272, "fullscore": 0.9240481594953613, "index": 11.250048995439373, "je": 0.5384044941359414, "ke": 3182, "loss": 0.10750962750721382, "meanscore": 0.9526356322274298, "n_docs": 8678, "non_null": 1.5867723113238696e-07, "precision": 0.9945590942216951, "prediction_time": 1.6274593918729048, "pz": 0.13002546555032912, "recall": 0.9999975669940706, "size": 27433, "time": 1.6854299893191953, "we": 12.370417115883843, "weighted_avg": 2.6394740809749706, "yw": 0.7701660372489795, "z8": 1.818517517041299}}