{"branch": {"B7": 65, "HS": 0.9504314961771146, "J6": -3, "K4": 0.9110467211369186, "KL": 3.172810458470086, "KZ": 0.9029221115843632, "V0": 0.013169701246422028, "accuracy": 0.8653127411957935, "auc": 0.3534112258959339, "avg_time": 3.7518645485568825, "benchmark": -0.7304200393488889, "c0": 0.997375319177019, "distinct": 124, "entropy": 3.6322114945418686, "errors": -169, "exp_cost": 129271, "f1-score": 0.9140129826706711, "falsepos": 0.4435175226804833, "fullscore": 0.9388608183912627, "index": 5.0749806667711574, "je": -13, "ke": 0.9802050485331151, "loss": 0.5201100420224621, "meanscore": 0.004334886528429949, "n_docs": 25, "non_null": 0.6173337974194272, "precision": 0.9999962662301847, "prediction_time": 2.840639416022833, "recall": 0.7294449709314763, "size": 525015, "time": 2.3723337486077005, "we": 0.011526451032257912, "weighted_avg": 3.250661042233922, "yw": 6.178988219513867, "z8": 18.832646472460688}, "classifier": {"B7": 148, "HS": 0.9483383080610317, "J6": 108177, "K4": 246, "KL": 0.5900787608996667, "KZ": 1.7159416125003406, "V0": 9, "accuracy": 0.9992118840526792, "auc": 0.08852686950068489, "avg_time": 11.289253511963695, "benchmark": 0.6761615193372342, "c0": 1.8078195240921278, "distinct": 121, "entropy": 1.0315647340930916, "errors": 223, "exp_cost": 101165197, "f1-score": 0.6938361096389312, "falsepos": 0.17669855127935596, "fullscore": 0.8925828848748604, "index": 3.399130355242622, "je": 0.40282439565592815, "ke": 2.0495761395253633, "loss": 0.15208682123941153, "meanscore": 0.02708930897925521, "n_docs": 415, "non_null": 0.12878284559463882, "precision": 0.9941882872001329, "prediction_time": 2.9651917724609214, "pz": 550877, "recall": 0.5526767017097832, "size": 4442, "time": 1.908901842696766, "weighted_avg": -0.604578848621638, "yw": 0.32844672903188654, "z8": 0.9221430579436894}, "reports": {"B7": 24, "HS": 37.8124534341939, "J6": 0.04512881069561858, "K4": 36.55375541823805, "KL": 3.46309182751788, "KZ": -74, "V0": 76, "accuracy": 0.15656025373409632, "auc": 0.9287750395801799, "avg_time": 1.7380543418952235, "benchmark": -0.43350909856109526, "c0": 9.359104943890875, "entropy": 1.1783425997517005, "errors": 265, "exp_cost": 850, "f1-score": 0.998989167147345, "falsepos": 0.04546354423127541, "fullscore": 0.07994253810434004, "index": 32.603441779086396, "je": 0.6858244839938973, "ke": 8093, "loss": 0.3975557256686242, "meanscore": 0.9909846162755728, "n_docs": 3400, "non_null": 0.046718161191033336, "precision": 0.5640066937754575, "prediction_time": 10.758372206259326, "pz": 2.852248300379182, "recall": 0.9895630160082558, "size": 3150, "time": 1.8232026246042072, "we": 3.441605775293612, "weighted_avg": 2.5534050211816495, "yw": 2.862807530615954, "z8": 1.139558008312606}, "results": {"B7": 317, "HS": 130, "J6": 0.0657932082176948, "K4": 3.1352945317366587, "KL": 138, "V0": 0.8773203157027755, "accuracy": 0.5660701290358668, "auc": 0.9806359175816125, "avg_time": 2.8785019181914766, "benchmark": 1.8259493777362217, "c0": 4347, "distinct": -88, "entropy": -0.6013498948336556, "errors": 200, "exp_cost": 20832, "f1-score": 0.7998637166907993, "falsepos": 0.06685632246380835, "fullscore": 0.3430108028243322, "index": 2.49375331595637, "je": 0.7002834720510074, "ke": 14.055333364581323, "loss": 0.006847160811522368, "meanscore": 0.8789286479421259, "n_docs": 44648, "non_null": 0.7659174264660109, "precision": 0.05493853182994435, "prediction_time": 4.207885662261287, "pz": 4.509213092185218, "recall": 0.02920447107262597, "size": 732414, "time": 0.7594196418530621, "we": -0.9618886101707937, "weighted_avg": 3.6656266540134292, "yw": 0.1339622496603255, "z8": 2247}, "train": {"B7": 0.9350570868333503, "HS": 259833, "K4": 4.104262843517076, "KL": 9.79882761307544, "KZ": 0.8830943533016787, "V0": 22, "accuracy": 0.9663356630463256, "auc": 0.999999784170259, "benchmark": -0.12443242688057028, "c0": 0.8870803378043899, "distinct": 159, "entropy": -1.9894194880942082, "errors": 106, "exp_cost": 133973, "f1-score": 0.12045568337383389, "falsepos": 0.6609077904258481, "fullscore": 0.8154076283971814, "index": 4.333249799743164, "je": 0.13835077479473284, "ke": 0.4178808842096631, "loss": 0.7184126537492733, "meanscore": 0.9996807722512059, "n_docs": 113228, "non_null": 0.27836870363502364, "precision": 0.6457076738343082, "prediction_time": 0.6768806330222706, "pz": 369, "recall": 0.9955131606258889, "size": 11472, "time": 11.81984451536711, "we": 4.713588171406975, "weighted_avg": 1.0569321797684461, "yw": 0.04437055776410692, "z8": 0.33325329684826777}, "train_full": {"B7": 313, "HS": 36808, "J6": 1.5565413867418627, "K4": 235, "KL": 0.058568976325153344, "KZ": 0.7658158360970242, "V0": -0.39764731846654916, "accuracy": 0.18126421178601138, "auc": 0.3469679751550697, "avg_time": 0.995189975859977, "benchmark": 0.4670847258925212, "c0": 0.779548570715347, "distinct": 161, "entropy": -1.1728336621118438, "errors": -64, "exp_cost": 3696911, "f1-score": 0.9074857495067985, "falsepos": 0.24098429908716068, "fullscore": 0.8054666795151963, "index": 8.40559533512282, "je": 0.7331516335137365, "ke": 1143, "loss": 0.24029189770555504, "meanscore": 0.8538074570095515, "n_docs": 2925, "non_null": 2.0328403079750146e-06, "precision": 0.9792818808062114, "prediction_time": 1.066908143477771, "pz": 0.08838897007072094, "recall": 0.9999825277866142, "size": 10114, "time": 1.0035897763937447, "we": 8.434400663869193, "weighted_avg": 2.1341859297188783, "yw": 0.5761904578529378, "z8": 1.5070719926664}}