{"branch": {"B7": 156, "HS": 0.9912575268380883, "J6": 71, "K4": 1.4663723991772977, "KL": 7.177156839637999, "KZ": 0.9943966325610674, "V0": 0.05723685911906301, "accuracy": 0.9504392684150127, "auc": 0.7292706195115384, "avg_time": 10.687153604864095, "benchmark": 0.025392920651348266, "c0": 0.9999115391726894, "distinct": 196, "entropy": 4.427531603572851, "errors": -105, "exp_cost": 1590001, "f1-score": 0.9910468190284752, "falsepos": 0.17405408117308863, "fullscore": 0.9916575149169464, "index": 11.927270157645479, "je": 86, "ke": 0.9987514053522074, "loss": 0.1662181930840022, "meanscore": 0.09551342046665023, "n_docs": 61, "non_null": 0.23394654794222614, "precision": 0.999999947011484, "prediction_time": 6.979178501411983, "recall": 0.9239453783232825, "size": 7325611, "time": 7.313249330006947, "we": 0.0005691827913050229, "weighted_avg": 4.27796903591372, "yw": 11.847613553782919, "z8": 57.3508608550124}, "classifier": {"B7": 239, "HS": 0.9865330824569494, "J6": 578270, "K4": 321, "KL": 0.26026260476575236, "KZ": 4.294913932208947, "V0": 72, "accuracy": 0.999976246605228, "auc": 0.3045532628079526, "avg_time": 24.181895388402886, "benchmark": 1.5017773931135505, "c0": 2.8204825110209573, "distinct": 179, "entropy": 2.0608749075156716, "errors": 312, "exp_cost": 1029120330, "f1-score": 0.9140930356749358, "falsepos": 0.021371261504355754, "fullscore": 0.9617487892365497, "index": 5.2486641672764645, "je": 0.6901917751861287, "ke": 2.8300497548365358, "loss": 0.03423649607853463, "meanscore": 0.19215297661424158, "n_docs": 1235, "non_null": 0.010506767347525314, "precision": 0.999833938579443, "prediction_time": 5.169925220836907, "pz": 3823771, "recall": 0.8602560331207529, "size": 29517, "time": 2.689556116021251, "weighted_avg": 0.2735595968064929, "yw": 1.1569702299152822, "z8": 0.6979554077695964}, "reports": {"B7": 124, "HS": 92.3605191292543, "J6": 0.01019586280470941, "K4": 66.34705598285737, "KL": 8.443317653169046, "KZ": -3, "V0": 182, "accuracy": 0.34580852986043253, "auc": 0.9917933561872189, "avg_time": 4.285304279970002, "benchmark": 0.4371970727763882, "c0": 20.664244003147054, "entropy": 1.7962816171875033, "errors": 357, "exp_cost": 2073, "f1-score": 0.99997250423146, "falsepos": 0.016772419101069302, "fullscore": 0.22998380348384795, "index": 69.58764305470636, "je": 1.0537980109730818, "ke": 36331, "loss": 0.11664230928677177, "meanscore": 0.9973346029136416, "n_docs": 15167, "non_null": 0.006523238094639283, "precision": 0.819203875678252, "prediction_time": 27.683759343895897, "pz": 9.423220244928, "recall": 0.9981497033982819, "size": 55608, "time": 5.175532742225321, "we": 4.606584587281921, "weighted_avg": 3.1772197828049786, "yw": 3.4571514858096317, "z8": 2.781551969880823}, "results": {"B7": 393, "HS": 362, "J6": 1.2070276883000337, "K4": 4.012229707733947, "KL": 218, "V0": 0.538246428724422, "accuracy": 0.8189235885487745, "auc": 0.9984425188867107, "avg_time": 5.096093331899701, "benchmark": 2.380615917697917, "c0": 20677, "distinct": -2, "entropy": 0.2388784956674016, "errors": 267, "exp_cost": 101782, "f1-score": 0.9452406820511077, "falsepos": 0.007390394776931153, "fullscore": 0.4912293805532287, "index": 3.9863036957221154, "je": 0.9521551083621965, "ke": 28.90006711906776, "loss": 0.00018148529425887627, "meanscore": 0.9685931789104354, "n_docs": 249345, "non_null": 0.37203703242956365, "precision": 0.24614875302827727, "prediction_time": 9.792501102605154, "pz": 9.61874979712175, "recall": 0.14533675642087912, "size": 3920412, "time": 1.8713073406993965, "we": -0.3339890392596109, "weighted_avg": 4.653466479227004, "yw": 0.23607913008689263, "z8": 25784}, "train": {"B7": 0.9943492257275965, "HS": 1939021, "K4": 7.29118175629631, "KL": 25.94874450417191, "KZ": 0.9744930511846944, "V0": 149, "accuracy": 0.9974422010903248, "auc": 0.9999999967351807, "benchmark": 0.8100157109488209, "c0": 0.6648626695500165, "distinct": 251, "entropy": -1.0249127349595661, "errors": 150, "exp_cost": 734967, "f1-score": 0.3269252865129509, "falsepos": 0.41703484734583973, "fullscore": 0.947081374688377, "index": 9.056322943396102, "je": 0.4782506584820228, "ke": 0.831155562577123, "loss": 0.423718802645323, "meanscore": 0.9999732779811676, "n_docs": 1241350, "non_null": 0.10391129336187843, "precision": 0.798610791892308, "prediction_time": 1.602618794385324, "pz": 449, "recall": 0.9997019371641586, "size": 80372, "time": 22.328033929621874, "we": 13.29014152223159, "weighted_avg": 1.7865566875928316, "yw": 0.012203068973746345, "z8": 0.10650343594794809}, "train_full": {"B7": 397, "HS": 452929, "J6": 2.85693965503582, "K4": 336, "KL": 0.002045593342130392, "KZ": 0.8871396497506143, "V0": 0.2223211982469983, "accuracy": 0.366150287753413, "auc": 0.7509944210913378, "avg_time": 2.561759271982493, "benchmark": 1.2699224663607636, "c0": 2.110450155871981, "distinct": 260, "entropy": -0.07900673043502235, "errors": 17, "exp_cost": 23365950, "f1-score": 0.9900968570852451, "falsepos": 0.04281473300640015, "fullscore": 0.9539042786024043, "index": 15.639250702204508, "je": 0.38136001350428494, "ke": 4682, "loss": 0.037163890158610435, "meanscore": 0.9861073229187836, "n_docs": 20389, "non_null": 9.373448239813342e-09, "precision": 0.9990303227822367, "prediction_time": 2.155790079671045, "pz": 0.22670484873186536, "recall": 0.9999997918390157, "size": 89082, "time": 2.9606646900211713, "we": 16.993459468118548, "weighted_avg": 2.992455349471283, "yw": 0.899339498658892, "z8": 2.302809245776845}}