{"branch": {"B7": 158, "HS": 0.9927126975743713, "J6": 85, "K4": 1.7301980267318486, "KL": 8.167075315715081, "KZ": 0.9956255942996741, "V0": 0.06912992474853846, "accuracy": 0.9542424593226367, "auc": 0.8056658292872624, "avg_time": 14.096776066895792, "benchmark": 0.28923215648376305, "c0": 0.9999375494944849, "distinct": 212, "entropy": 4.31374435733681, "errors": -95, "exp_cost": 3161779, "f1-score": 0.9931585088226169, "falsepos": 0.11992838546433648, "fullscore": 0.9961063554314388, "index": 13.809918723217434, "je": 100, "ke": 0.9994047960031761, "loss": 0.1159117773856353, "meanscore": 0.1098593663647377, "n_docs": 94, "non_null": 0.19151781633625375, "precision": 0.9999999917306236, "prediction_time": 7.773993814229824, "recall": 0.9625169973254479, "size": 11561535, "time": 7.885214910399059, "we": 0.00026061166926649726, "weighted_avg": 4.465719237698338, "yw": 13.501794902996961, "z8": 64.52363097433918}, "classifier": {"B7": 256, "HS": 0.9902093773353813, "J6": 723031, "K4": 344, "KL": 0.18824979673516617, "KZ": 5.245481603555169, "V0": 81, "accuracy": 0.999987927302548, "auc": 0.43468221182773725, "avg_time": 29.90868816364957, "benchmark": 1.9175517287714616, "c0": 3.0787763264932915, "distinct": 189, "entropy": 2.2213001151906555, "errors": 331, "exp_cost": 1341616828, "f1-score": 0.9174949293440796, "falsepos": 0.011797343172137542, "fullscore": 0.9724911194392133, "index": 5.765926735077505, "je": 0.7598390253985267, "ke": 2.950791582560031, "loss": 0.03262907621862243, "meanscore": 0.2453013678811169, "n_docs": 2363, "non_null": 0.01220572030014766, "precision": 0.9998836344207702, "prediction_time": 5.491274452114051, "pz": 5226434, "recall": 0.8757228541003622, "size": 41373, "time": 3.398661930745888, "weighted_avg": 0.5770944645017758, "yw": 1.365056895222589, "z8": 0.6601345372543153}, "reports": {"B7": 145, "HS": 100.31877024631409, "J6": 0.009148979889735398, "K4": 76.1899942576789, "KL": 8.660302330504008, "KZ": 10, "V0": 181, "accuracy": 0.36979345779464234, "auc": 0.9940072489739942, "avg_time": 4.4297632055315335, "benchmark": 0.7526426164606868, "c0": 23.418636961511975, "entropy": 2.1160202469241867, "errors": 383, "exp_cost": 2879, "f1-score": 0.9999879465989228, "falsepos": 0.012203408743635014, "fullscore": 0.2670328191581425, "index": 73.51066340336422, "je": 1.2201917454861233, "ke": 70538, "loss": 0.12391413453192812, "meanscore": 0.998778060507185, "n_docs": 23198, "non_null": 0.00478928640285714, "precision": 0.8244109307420768, "prediction_time": 30.341607889183788, "pz": 10.165182602926635, "recall": 0.997487236012626, "size": 56806, "time": 5.995487422437267, "we": 4.800083905456715, "weighted_avg": 3.2452028218190443, "yw": 3.6241439119817125, "z8": 3.1118402520858077}, "results": {"B7": 404, "HS": 577, "J6": 1.4896502902501534, "K4": 4.099743128166436, "KL": 231, "V0": 0.4577891288875978, "accuracy": 0.8414379627845634, "auc": 0.9988368207969691, "avg_time": 6.54610031186869, "benchmark": 2.472703865223326, "c0": 21231, "distinct": -1, "entropy": 0.3325260900046687, "errors": 276, "exp_cost": 91393, "f1-score": 0.9615851522288636, "falsepos": 0.005137427150082696, "fullscore": 0.5432183295702853, "index": 4.863489563280127, "je": 0.9711099054992696, "ke": 34.48214278422096, "loss": 0.00010239858885308095, "meanscore": 0.9750187122877839, "n_docs": 206519, "non_null": 0.2527177223428083, "precision": 0.34971563387453297, "prediction_time": 10.384211940703564, "pz": 10.881366712977144, "recall": 0.1714749575017011, "size": 7282609, "time": 2.3491944487267093, "we": -0.09133439481903177, "weighted_avg": 4.719639854876807, "yw": 0.2557364711471469, "z8": 31886}, "train": {"B7": 0.9980309616232611, "HS": 2907583, "K4": 9.764071223407969, "KL": 28.46639070559905, "KZ": 0.9801451199173652, "V0": 166, "accuracy": 0.9988339066608094, "auc": 0.9999999995889634, "benchmark": 0.9666528424180426, "c0": 0.5568859535536261, "distinct": 253, "entropy": -0.7266731786236705, "errors": 166, "exp_cost": 1461153, "f1-score": 0.30388030445997327, "falsepos": 0.3458414452134274, "fullscore": 0.9652714733681662, "index": 10.699318165490553, "je": 0.4602615955776909, "ke": 0.8789702354986582, "loss": 0.4465936532770084, "meanscore": 0.9999873930884765, "n_docs": 1982231, "non_null": 0.07877089499637802, "precision": 0.8087008282591255, "prediction_time": 1.690024984462891, "pz": 476, "recall": 0.9998883560181139, "size": 102267, "time": 26.98791518704713, "we": 13.472187462840868, "weighted_avg": 1.8577161979965302, "yw": 0.007631291496395631, "z8": 0.09648744573516854}, "train_full": {"B7": 413, "HS": 858535, "J6": 3.008636245380626, "K4": 357, "KL": 0.0010983790354028855, "KZ": 0.9173278505578731, "V0": 0.43577497921499747, "accuracy": 0.3742848725699838, "auc": 0.7819613543110369, "avg_time": 2.867149587931285, "benchmark": 1.4973399433695511, "c0": 2.3943555919717046, "distinct": 250, "entropy": 0.09849178207304603, "errors": 34, "exp_cost": 30279465, "f1-score": 0.995192759495321, "falsepos": 0.036660488034629735, "fullscore": 0.9642925056571867, "index": 21.188721635683155, "je": 0.3203082136847226, "ke": 6806, "loss": 0.02354132442860679, "meanscore": 0.9907166399043517, "n_docs": 32038, "non_null": 9.5271002198416e-09, "precision": 0.9991182846659644, "prediction_time": 2.707160575387874, "pz": 0.27287131849394797, "recall": 0.9999999013376639, "size": 108256, "time": 3.350737270067716, "we": 17.80052941388856, "weighted_avg": 3.055113270072117, "yw": 0.9235433145103985, "z8": 2.4811182436946284}}