{"branch": {"B7": 229, "HS": 0.9997498187042819, "J6": 199, "K4": 2.6508878588648193, "KL": 27.03555194690557, "KZ": 0.999982797260403, "V0": 0.2971307110900755, "accuracy": 0.9977101415098117, "auc": 0.9556479460835934, "avg_time": 30.691134488512418, "benchmark": 1.67057286063828, "c0": 0.999999713250283, "distinct": 294, "entropy": 5.3963051100821655, "errors": -11, "exp_cost": 40547514, "f1-score": 0.9997313066098038, "falsepos": 0.0052639417065950544, "fullscore": 0.9999410516880143, "index": 56.21061715415163, "je": 213, "ke": 0.9999925224565283, "loss": 0.011887084773123613, "meanscore": 0.6154606305088077, "n_docs": 527, "non_null": 0.014403277270036208, "precision": 0.9999999999769278, "prediction_time": 15.16111592132529, "recall": 0.9972561640959405, "size": 308088280, "time": 28.630790014771147, "we": 1.507625270180668e-06, "weighted_avg": 5.616444857495855, "yw": 42.83151940849636, "z8": 252.95002469275047}, "classifier": {"B7": 339, "HS": 0.9989290233808494, "J6": 3810188, "K4": 436, "KL": 0.050956673217462334, "KZ": 19.40293111097454, "V0": 174, "accuracy": 0.999999981923775, "auc": 0.8333888714792238, "avg_time": 57.42752555900688, "benchmark": 2.9151054263873424, "c0": 4.442356540023607, "distinct": 268, "entropy": 3.302250169462188, "errors": 448, "exp_cost": 9941490873, "f1-score": 0.9839669593724328, "falsepos": 0.00011017490771103589, "fullscore": 0.9938070776047274, "index": 11.559714056228813, "je": 0.9495905894169213, "ke": 4.012750163248885, "loss": 0.002413655437276674, "meanscore": 0.6679150381775348, "n_docs": 14306, "non_null": 0.0008026059550770848, "precision": 0.9999999038406566, "prediction_time": 14.114378419719577, "pz": 48759522, "recall": 0.9894495356016583, "size": 362369, "time": 5.660576028433601, "weighted_avg": 1.393192250148484, "yw": 2.3429776501074953, "z8": 0.28038465386173794}, "reports": {"B7": 253, "HS": 304.6881263534444, "J6": 0.0013289035833614626, "K4": 192.7358265110354, "KL": 28.79679140829987, "KZ": 85, "V0": 288, "accuracy": 0.7315611912341293, "auc": 0.9998113024756499, "avg_time": 14.279917688265968, "benchmark": 1.933463672248982, "c0": 66.3146658367061, "entropy": 3.2270944288557697, "errors": 510, "exp_cost": 18936, "f1-score": 0.9999999446910657, "falsepos": 0.0014987523474179199, "fullscore": 0.648425619289306, "index": 188.96595250510262, "je": 2.3995357239234885, "ke": 719566, "loss": 0.023899189546516375, "meanscore": 0.9999042347628981, "n_docs": 127644, "non_null": 4.3844267241466284e-05, "precision": 0.9590152750462926, "prediction_time": 98.36114071736588, "pz": 39.76455054004432, "recall": 0.999841939050925, "size": 2263452, "time": 21.03690363277414, "we": 6.237199201305298, "weighted_avg": 3.855697985287132, "yw": 4.712684381860529, "z8": 8.082014259602662}, "results": {"B7": 516, "HS": 3267, "J6": 3.019205563839483, "K4": 4.974116796643302, "KL": 357, "V0": 0.09369719980130886, "accuracy": 0.9660731069737508, "auc": 0.9999955197120522, "avg_time": 12.6641847648531, "benchmark": 3.400537416343683, "c0": 201663, "distinct": 94, "entropy": 1.4171424200638623, "errors": 380, "exp_cost": 1145101, "f1-score": 0.996687923144243, "falsepos": 0.00020368562285111302, "fullscore": 0.7244672921242451, "index": 10.13705603645419, "je": 0.9995234785287896, "ke": 93.95122231272565, "loss": 3.520930835776426e-07, "meanscore": 0.9985019364318546, "n_docs": 1310270, "non_null": 0.022699367760139477, "precision": 0.6664186591003971, "prediction_time": 21.373340066163006, "pz": 23.614972595952953, "recall": 0.5068132690983705, "size": 29841039, "time": 5.450904058577968, "we": 0.9621929789412962, "weighted_avg": 5.6980871606805925, "yw": 0.4752362109598152, "z8": 625563}, "train": {"B7": 0.9999663324429023, "HS": 54632004, "K4": 15.614190767307788, "KL": 74.65959492563613, "KZ": 0.9984345289249885, "V0": 303, "accuracy": 0.9999674697823081, "auc": 0.9999999999998516, "benchmark": 2.0656012728900426, "c0": 0.23971256346888536, "distinct": 344, "entropy": 0.723513748317488, "errors": 238, "exp_cost": 11853336, "f1-score": 0.6770276778668689, "falsepos": 0.12869323431634072, "fullscore": 0.9974831121344465, "index": 20.406871783555626, "je": 0.8562143765216756, "ke": 0.9930958216130771, "loss": 0.09719887169691455, "meanscore": 0.9999999747033061, "n_docs": 29653887, "non_null": 0.01167585522036596, "precision": 0.9691563100911684, "prediction_time": 4.928824078990959, "pz": 528, "recall": 0.9999995237345661, "size": 837469, "time": 65.77051443822324, "we": 43.51618595447948, "weighted_avg": 2.908757352561751, "yw": 0.0009798513519502228, "z8": 0.015108029265535894}, "train_full": {"B7": 514, "HS": 17432135, "J6": 6.756433091429124, "K4": 461, "KL": 2.425202668465687e-06, "KZ": 0.9834548329171642, "V0": 1.3435625724550353, "accuracy": 0.6912931355348656, "auc": 0.967731036807752, "avg_time": 11.495666094896098, "benchmark": 2.3579335934944243, "c0": 9.316573262934526, "distinct": 352, "entropy": 1.4682523503917142, "errors": 165, "exp_cost": 255409841, "f1-score": 0.9997437271178893, "falsepos": 0.0009110942415171408, "fullscore": 0.9957149196271312, "index": 61.420141847818535, "je": 0.09385032551485706, "ke": 32966, "loss": 0.002651196360897723, "meanscore": 0.9999284933571889, "n_docs": 155761, "non_null": 5.793365787098992e-12, "precision": 0.9999768239315557, "prediction_time": 6.311169618315722, "pz": 0.6394335342655619, "recall": 0.9999999999677631, "size": 731887, "time": 15.100701571499137, "we": 35.10067866233167, "weighted_avg": 4.284830846466312, "yw": 0.9965445978736927, "z8": 3.5170884099101105}}