{"branch": {"NY": 120, "TO": 38022, "U6": -23, "VL": 0.12860687632030066, "WG": 0.9947711018469391, "accuracy": 0.479763655757652, "auc": 0.33086048168644067, "avg_time": 4.1607837694953895, "benchmark": -0.5205586726871587, "distinct": 111, "entropy": 0.7420244432505873, "errors": 54, "exp_cost": 1966, "f1-score": 0.7142282731512556, "falsepos": 0.21944148292611865, "fullscore": 0.8803733426614142, "index": 4.5486006789231705, "iz": 2.949713980628508, "k6": 6.290911715141404, "l0": 0.4183687526472796, "lo": 0.42886230018317095, "loss": 0.5023445485051637, "lq": 48, "meanscore": 0.4052573497132156, "n_docs": 49658, "non_null": 0.5743406416101077, "pi": 11.51191999723434, "pr": 1.204288993722721, "precision": 0.9608396058066985, "prediction_time": 2.744350254447906, "qu": 4.808184003272542, "recall": 0.7612879772459198, "size": 88836, "time": 3.315111267483023, "weighted_avg": 0.8470162523930536, "x6": 332}, "brand": {"NY": -1.000364009585225, "TO": 0.012855943440521989, "U6": 0.14073441356674754, "VL": 1.6627827951074365, "WG": 3, "accuracy": 0.49209689039838783, "auc": 0.7981429803372444, "avg_time": 0.28891849039854284, "benchmark": 1.634049934774659, "distinct": 88, "entropy": -0.4085286028947662, "errors": 28, "exp_cost": 451, "f1-score": 0.9987954269470468, "falsepos": 0.46764915731444856, "fullscore": 0.7225976004656629, "gq": 0.33236981194559, "index": 0.9051915069675327, "iz": 41455, "k6": 0.28313232817909006, "l0": 0.9754800726595467, "lo": 90, "loss": 0.01286239607981432, "lq": 7737, "meanscore": 0.2621933070544845, "n_docs": 1484, "non_null": 0.017978777802062362, "pi": 0.25492765154756475, "pr": 1.1008036124076506, "precision": 0.6343068456048734, "prediction_time": 4.499462816773022, "qu": 0.9031241660171248, "recall": 0.19297496498274702, "size": 1690, "time": 0.9141233270311188, "weighted_avg": -0.9390857196514473}, "classifier": {"NY": 987, "TO": 4270, "U6": 28236, "VL": 2.005095976612762, "WG": 0.610771172934996, "accuracy": 0.8772891771816005, "auc": 0.9657739754389951, "avg_time": 3.586168891245347, "benchmark": 0.23239127753368893, "distinct": 74, "entropy": 1.7407869674611924, "errors": 71, "exp_cost": 231958, "f1-score": 0.3925872987050266, "falsepos": 0.893366092916952, "fullscore": 0.5786547846680595, "gq": 0.8741576329171795, "index": 2.967280904698742, "iz": -1.1914804493127618, "k6": 0.40048336473661206, "l0": 0.9975979891191888, "lo": 108, "loss": 0.39737698994906845, "lq": 100, "meanscore": 0.8473123091426953, "n_docs": 14474, "non_null": 0.16282864666784524, "pi": 0.2750926120929605, "pr": 0.12886800743104976, "precision": 0.8397028503947398, "prediction_time": 1.3793990535150236, "qu": 0.11624466670971667, "recall": 0.9616768570290194, "size": 640, "time": 0.9707963163763776, "weighted_avg": 0.6682192294139231, "x6": 3.0598275843661047}, "mark": {"NY": 1.3727947330834336, "TO": 0.0932954452588608, "U6": 0.5426226388648405, "VL": 194, "WG": 58, "accuracy": 0.18575833809394843, "auc": 0.9482291435329117, "avg_time": 5.673310841192037, "benchmark": -0.16740313262310796, "distinct": 115, "errors": 44, "exp_cost": 37, "f1-score": 0.1177850821838472, "falsepos": 0.16260743889916807, "fullscore": 0.9253084156103192, "gq": 6.804207562797514, "index": 0.10132773683927361, "iz": 1.9498957611690098, "l0": 3.6896511944264407, "lo": 5.6577040461196155, "loss": 0.06098067399543594, "lq": 0.9154444679088798, "meanscore": 0.9122230261425192, "n_docs": 1599, "non_null": 0.7044915385011479, "pi": 4514, "pr": 883, "precision": 0.3203591617790915, "prediction_time": 24.53435031904577, "qu": 0.9848137863386993, "recall": 0.8818837779097327, "size": 173, "time": 0.1541764268643538, "weighted_avg": 0.9282873939729894, "x6": 0.7793375724218684}, "train": {"NY": 1.8738947641069246, "TO": 0.2760222935753331, "U6": 0.4451740158892427, "VL": 0.34620127788626653, "WG": -0.07328123208974796, "accuracy": 0.9600552943149805, "auc": 0.9891581304277963, "avg_time": 1.60342359914147, "benchmark": 1.7863872002180945, "distinct": 92, "entropy": 1.2358806811824088, "errors": 60, "exp_cost": 177, "f1-score": 0.18501558135989649, "falsepos": 0.2029179440878176, "fullscore": 0.46961726632506606, "gq": 0.981219549872291, "index": 5.262553646871564, "iz": 1.2813945473054895, "k6": 0.043348630553955436, "l0": 0.5463002208371398, "lo": 1595, "loss": 0.45079379639658557, "lq": 69, "meanscore": 0.7769422477158423, "n_docs": 1769, "non_null": 0.17322919579487883, "pi": 0.04086285676575829, "pr": 109, "precision": 0.486338392328082, "prediction_time": 8.763810938860916, "qu": 0.7408837670038975, "recall": 0.1479728913095425, "size": 222, "time": 6.846347764455238, "weighted_avg": -0.3720380475898305, "x6": 0.573567669384899}, "train_full": {"NY": 0.328062586500688, "TO": 8, "U6": 0.10804194471738349, "VL": 4.69122976205955, "WG": 1.5884586733813972, "accuracy": 0.7271544151002104, "auc": 0.8748664702330341, "avg_time": 2.948706387066467, "benchmark": 0.12383165870090265, "distinct": -17, "entropy": -0.09090311304339982, "errors": 8, "exp_cost": 192380, "f1-score": 0.9866213403313796, "falsepos": 0.5111043244465007, "fullscore": 0.47331483040252514, "gq": 1.512251739238286, "index": 0.34041705878526496, "iz": 161, "k6": 0.06931050719126841, "l0": 72, "lo": 0.6427698492837779, "loss": 0.268956967968751, "lq": 2.52384113514816, "meanscore": 0.9163672280124133, "n_docs": 3060, "non_null": 0.6182783901914923, "pi": 0.5092027213824971, "pr": 3.2482066082562118, "precision": 0.8765202237062645, "recall": 0.6246583357982838, "size": 84577, "time": 1.0869319798745656, "weighted_avg": -1.0186341522851743, "x6": 0.2656537195909142}}