{"branch": {"NY": 514, "TO": 21449404, "U6": 236, "VL": 5.764275112896122e-06, "WG": 0.9999999995494022, "accuracy": 0.9993665278219722, "auc": 0.8994673726033682, "avg_time": 185.50042313347018, "benchmark": 2.0271261865674006, "distinct": 485, "entropy": 4.829065049962389, "errors": 437, "exp_cost": 4314935, "f1-score": 0.9999850608242564, "falsepos": 3.5177892316884396e-06, "fullscore": 0.9999746171559152, "index": 110.4129753992546, "iz": 90.22865006458116, "k6": 98.47121868369733, "l0": 0.007179982236440008, "lo": 4.648057846181598, "loss": 0.0023412481871727397, "lq": 334, "meanscore": 0.9960168523765789, "n_docs": 52193606, "non_null": 0.0004579189581740417, "pi": 553.275633060695, "pr": 20.74115949591202, "precision": 0.9999999990710449, "prediction_time": 56.85359259647773, "qu": 110.95298992217124, "recall": 0.9988967772935137, "size": 457818291, "time": 52.83287660734792, "weighted_avg": 4.514203434266378, "x6": 78739}, "brand": {"NY": 2.1895280022128536, "TO": 1.6081384479615934e-07, "U6": 0.9821173172733769, "VL": 29.127341326178303, "WG": 196, "accuracy": 0.9993587125354365, "auc": 0.9998810257081956, "avg_time": 16.336947793799137, "benchmark": 4.19445917783093, "distinct": 376, "entropy": 1.4231820831810635, "errors": 416, "exp_cost": 4398968, "f1-score": 0.9999999107366053, "falsepos": 0.0013426637796698504, "fullscore": 0.9999949611535174, "gq": 2.813566646880482, "index": 40.794202834886775, "iz": 187968430, "k6": 0.9972830742632433, "l0": 0.9999995522044329, "lo": 331, "loss": 9.48638414044467e-07, "lq": 12614804, "meanscore": 0.8838309146785295, "n_docs": 1177342, "non_null": 1.2527069492840326e-08, "pi": 2.972535637528109, "pr": 4.875051053572691, "precision": 0.9985958778663231, "prediction_time": 38.730656099633585, "qu": 0.9999997899102392, "recall": 0.9645602267011377, "size": 3441739, "time": 35.78989842578854, "weighted_avg": 3.0679344491846816}, "classifier": {"NY": 7408968, "TO": 685826, "U6": 170017955, "VL": 59.52595506129435, "WG": 0.0010843283890733524, "accuracy": 0.9978460088589254, "auc": 0.9999999237131925, "avg_time": 87.55203015852511, "benchmark": 3.428577919644515, "distinct": 375, "entropy": 4.868265292172527, "errors": 442, "exp_cost": 2214075999, "f1-score": 0.9541732908172739, "falsepos": 0.05128862427702652, "fullscore": 0.9981184937306264, "gq": 35.672902014351045, "index": 110.08688705897549, "iz": 3.3063356800607346, "k6": 0.0011276075198869417, "l0": 0.9999999972367619, "lo": 403, "loss": 1.273668163304098e-05, "lq": 65024, "meanscore": 0.9999949347925037, "n_docs": 26310031, "non_null": 0.00011929902030061168, "pi": 5.575657436578553, "pr": 1.1304590152860783e-08, "precision": 0.9999756836806836, "prediction_time": 24.210418701433255, "qu": 4.929047110469043e-07, "recall": 0.9999977917158623, "size": 505437, "time": 5.921263717321992, "weighted_avg": 4.001750405863222, "x6": 131.5373513271617}, "mark": {"NY": 30.656551444191734, "TO": 0.9945239797628702, "U6": 0.001647157731124671, "VL": 522, "WG": 432, "accuracy": 0.999800980951307, "auc": 0.9999664423632066, "avg_time": 316.3522299747524, "benchmark": 2.754201448420211, "distinct": 529, "errors": 321, "exp_cost": 23074, "f1-score": 0.9536029171762593, "falsepos": 0.0007108893139258221, "fullscore": 0.9999997197665771, "gq": 317.5755335364609, "index": 0.8268048692701909, "iz": 4.3751306808295825, "l0": 53.83939894826722, "lo": 285.7775571104149, "loss": 2.2177208544027494e-06, "lq": 0.9999953328630464, "meanscore": 0.9999917419599744, "n_docs": 8891001, "non_null": 0.00014555665993376543, "pi": 5448122, "pr": 233997, "precision": 0.9996804971421009, "prediction_time": 459.94257284015686, "qu": 0.999994380616406, "recall": 0.9999131298102921, "size": 457202, "time": 8.16864894290735, "weighted_avg": 4.065554489327974, "x6": 0.9982256095599742}, "train": {"NY": 39.98492200587091, "TO": 3.2504120938591385, "U6": 0.9999977436402145, "VL": 3.919099774918333e-05, "WG": 2.2426629444836825, "accuracy": 0.9999997631076538, "auc": 0.9999999999586042, "avg_time": 118.69073322073822, "benchmark": 4.819311192329502, "distinct": 429, "entropy": 3.200200151448334, "errors": 482, "exp_cost": 32652, "f1-score": 0.9751675863964765, "falsepos": 0.00027999914730747477, "fullscore": 0.9970114136885887, "gq": 0.9999999995272868, "index": 174.9685217094784, "iz": 5.225268162021287, "k6": 6.656950568562081e-08, "l0": 0.9999913303447011, "lo": 7520666, "loss": 2.703195192077512e-05, "lq": 390, "meanscore": 0.9996338530217634, "n_docs": 1258382, "non_null": 3.7563755506120344e-07, "pi": 1.6334311691346137e-05, "pr": 372, "precision": 0.9993795891500112, "prediction_time": 538.114546610082, "qu": 0.9997125750102496, "recall": 0.7933541506360432, "size": 420106, "time": 121.33200360532967, "weighted_avg": 2.0438082328680234, "x6": 14.052234628035789}, "train_full": {"NY": 3.8943695152294002, "TO": 360, "U6": 0.00017362599549997082, "VL": 52.85743966207594, "WG": 5.03233292710027, "accuracy": 0.9998749156239486, "auc": 0.9999949812315554, "avg_time": 126.88810555177692, "benchmark": 2.5767044991388324, "distinct": 290, "entropy": 3.1156859691474685, "errors": 306, "exp_cost": 163656030, "f1-score": 0.9999999829110107, "falsepos": 5.490105565275627e-06, "fullscore": 0.9990706663639048, "gq": 4.97366385041761, "index": 18.596288993909997, "iz": 514, "k6": 0.6579447360998043, "l0": 10227, "lo": 0.04518825773746116, "loss": 9.734838499197984e-06, "lq": 31.73221775975607, "meanscore": 0.9999996002722688, "n_docs": 17808134, "non_null": 0.002126551055485093, "pi": 0.0004141512907409606, "pr": 106.43793685425958, "precision": 0.9999986614595341, "recall": 0.9939903553175276, "size": 559038140, "time": 20.198034903891156, "weighted_avg": 1.6692829491819134, "x6": 2.5461006093012064}}