{"branch": {"NY": 480, "TO": 15347512, "U6": 225, "VL": 1.4910161720060877e-05, "WG": 0.9999999976984859, "accuracy": 0.9988777395327555, "auc": 0.8846470973048659, "avg_time": 156.82078482768316, "benchmark": 1.964185754374725, "distinct": 465, "entropy": 4.629605501616433, "errors": 400, "exp_cost": 3417671, "f1-score": 0.9999788122533131, "falsepos": 7.837259681342523e-06, "fullscore": 0.9999553275716113, "index": 97.48406809474933, "iz": 86.04263945490733, "k6": 91.47917038526091, "l0": 0.010051943052236112, "lo": 4.489278611661217, "loss": 0.003939460051617383, "lq": 309, "meanscore": 0.9925711493582795, "n_docs": 36744774, "non_null": 0.0005979915965957927, "pi": 401.6491240490995, "pr": 18.346923663014913, "precision": 0.9999999978066596, "prediction_time": 54.3030696852041, "qu": 87.71922458764983, "recall": 0.9986939640942928, "size": 217668894, "time": 44.94146642828998, "weighted_avg": 4.284444356850226, "x6": 69989}, "brand": {"NY": 1.9560021841987068, "TO": 3.7598720314946377e-07, "U6": 0.9756646839801241, "VL": 26.47350197356661, "WG": 203, "accuracy": 0.9990605933270164, "auc": 0.9997828445688, "avg_time": 15.219849782985458, "benchmark": 4.126565341258289, "distinct": 368, "entropy": 1.3406680072709722, "errors": 408, "exp_cost": 3153694, "f1-score": 0.9999998556823531, "falsepos": 0.002206571183288486, "fullscore": 0.9999921405740978, "gq": 2.6388592676674034, "index": 34.11723882278078, "iz": 120042717, "k6": 0.9952924128377953, "l0": 0.9999992729050744, "lo": 321, "loss": 9.43800076202983e-07, "lq": 10141770, "meanscore": 0.8576076730311863, "n_docs": 819303, "non_null": 3.0500104331032674e-08, "pi": 2.821118360434113, "pr": 4.656782759287815, "precision": 0.9978812102454865, "prediction_time": 35.155668479084994, "qu": 0.9999995225620294, "recall": 0.9488231026274698, "size": 2747178, "time": 29.99192712046884, "weighted_avg": 2.917336688455998}, "classifier": {"NY": 5390702, "TO": 495908, "U6": 112539506, "VL": 54.8790955684718, "WG": 0.0017869123753500027, "accuracy": 0.9954985747375193, "auc": 0.9999998722191195, "avg_time": 79.77820882209807, "benchmark": 3.2889874756945896, "distinct": 368, "entropy": 4.71680535611435, "errors": 424, "exp_cost": 1866521805, "f1-score": 0.9358323717478514, "falsepos": 0.05863364341056432, "fullscore": 0.9986641447297884, "gq": 28.59415762720477, "index": 85.20850258552896, "iz": 3.1192715493826784, "k6": 0.0015101451519335951, "l0": 0.9999999980268569, "lo": 392, "loss": 2.623738341567261e-05, "lq": 52494, "meanscore": 0.9999912777417398, "n_docs": 20083619, "non_null": 0.00024000901374210404, "pi": 5.339834954143295, "pr": 3.371787693495776e-08, "precision": 0.9999606849255096, "prediction_time": 20.251706019050854, "qu": 9.75074608167148e-07, "recall": 0.9999969228142637, "size": 381219, "time": 5.604541814941527, "weighted_avg": 3.8033015187510992, "x6": 116.72387055257218}, "mark": {"NY": 27.18094782502479, "TO": 0.9911446990448518, "U6": 0.002413798174892401, "VL": 530, "WG": 414, "accuracy": 0.9995784259728997, "auc": 0.999924467023187, "avg_time": 247.76044558842216, "benchmark": 2.685944364877383, "distinct": 522, "errors": 309, "exp_cost": 19767, "f1-score": 0.9509940129165135, "falsepos": 0.0012284175179916312, "fullscore": 0.9999994088818444, "gq": 298.4112651290035, "index": 0.7265740440469624, "iz": 4.260410231503882, "l0": 51.244669059667686, "lo": 232.00801067281165, "loss": 4.923661802935797e-06, "lq": 0.9999910812877357, "meanscore": 0.9999837734327045, "n_docs": 7167677, "non_null": 0.00035800117668904896, "pi": 4417717, "pr": 197056, "precision": 0.9991419867925779, "prediction_time": 393.477150924136, "qu": 0.9999934025928423, "recall": 0.9998559678482124, "size": 325913, "time": 6.750238603286589, "weighted_avg": 4.011022349153806, "x6": 0.9973764606881695}, "train": {"NY": 35.50899725788335, "TO": 2.9755616334474198, "U6": 0.9999945292103908, "VL": 5.760716814851019e-05, "WG": 2.3129878351605746, "accuracy": 0.999999572376389, "auc": 0.9999999998475311, "avg_time": 90.79316178521857, "benchmark": 4.817230278265388, "distinct": 420, "entropy": 3.098549264882563, "errors": 463, "exp_cost": 26194, "f1-score": 0.9732604662435714, "falsepos": 0.0003670550964416375, "fullscore": 0.9959808758173916, "gq": 0.9999999984809482, "index": 140.58039060182733, "iz": 5.055644307258701, "k6": 1.0598529376348864e-07, "l0": 0.9999819324382939, "lo": 7062159, "loss": 6.647761696110255e-05, "lq": 376, "meanscore": 0.9994052995803977, "n_docs": 941409, "non_null": 7.846820879731098e-07, "pi": 3.8495217829392914e-05, "pr": 362, "precision": 0.9990609445006505, "prediction_time": 423.1854709731954, "qu": 0.9995885004187406, "recall": 0.7671217505517463, "size": 243002, "time": 105.68678152272578, "weighted_avg": 1.9141138080313613, "x6": 12.52865465763343}, "train_full": {"NY": 3.709854752009154, "TO": 342, "U6": 0.00022265911570751307, "VL": 50.37213308377898, "WG": 4.801830240340351, "accuracy": 0.9997230569858573, "auc": 0.9999917694518582, "avg_time": 107.71493598587213, "benchmark": 2.4816686542330775, "distinct": 276, "entropy": 2.93964224276931, "errors": 298, "exp_cost": 108713159, "f1-score": 0.9999999785336425, "falsepos": 1.1599124265626592e-05, "fullscore": 0.9980886982485188, "gq": 4.710773533727779, "index": 16.71599546175839, "iz": 499, "k6": 0.5847668798994984, "l0": 8328, "lo": 0.05228371161133971, "loss": 2.380105316190928e-05, "lq": 28.99647541199607, "meanscore": 0.9999994065035693, "n_docs": 11215967, "non_null": 0.003655691468621325, "pi": 0.0003938026228426095, "pr": 100.67169798041786, "precision": 0.9999972286736653, "recall": 0.993974312936754, "size": 393488346, "time": 17.97571739190711, "weighted_avg": 1.5389016070856907, "x6": 2.4565789472234325}}