{"branch": {"NY": 383, "TO": 3936458, "U6": 169, "VL": 0.000344635676999161, "WG": 0.9999998844452458, "accuracy": 0.9892967755996768, "auc": 0.7964216382413836, "avg_time": 63.75952348235268, "benchmark": 1.1871081296233996, "distinct": 391, "entropy": 3.77158793541695, "errors": 317, "exp_cost": 541126, "f1-score": 0.9996019704901008, "falsepos": 0.00021198735550620462, "fullscore": 0.9992684544203954, "index": 46.979401882166385, "iz": 39.31690693091685, "k6": 50.190938986270986, "l0": 0.036830939407791474, "lo": 3.634873036643456, "loss": 0.016138829954923217, "lq": 249, "meanscore": 0.9607984743192017, "n_docs": 9128988, "non_null": 0.006682300527115048, "pi": 179.20610924902877, "pr": 10.240852533633594, "precision": 0.9999995570060449, "prediction_time": 34.10022996143561, "qu": 45.48095171516148, "recall": 0.993080472402728, "size": 43078010, "time": 23.4397957689911, "weighted_avg": 3.4721495115595746, "x6": 19590}, "brand": {"NY": 1.292195673446466, "TO": 3.90574704889346e-06, "U6": 0.8699222239110254, "VL": 12.972173203316876, "WG": 155, "accuracy": 0.990568712561853, "auc": 0.9981955829587499, "avg_time": 6.572854999925653, "benchmark": 3.585587891169023, "distinct": 303, "entropy": 0.9855254482244213, "errors": 325, "exp_cost": 465557, "f1-score": 0.9999967548797417, "falsepos": 0.011403747349862825, "fullscore": 0.9998198987988155, "gq": 1.5827138690955511, "index": 13.224574470521407, "iz": 25399650, "k6": 0.9766930989794458, "l0": 0.9999805549495232, "lo": 262, "loss": 1.369892153302299e-05, "lq": 2340070, "meanscore": 0.7507911907993378, "n_docs": 259599, "non_null": 1.6876160229273296e-06, "pi": 2.3284526234555223, "pr": 3.8438615001983565, "precision": 0.9877253844978625, "prediction_time": 21.06284808305709, "qu": 0.9999450149532971, "recall": 0.8655003171506293, "size": 532022, "time": 14.286047679204747, "weighted_avg": 1.9442731385013625}, "classifier": {"NY": 847420, "TO": 208925, "U6": 18353118, "VL": 28.38697803901578, "WG": 0.01368044572039151, "accuracy": 0.9888669214365161, "auc": 0.9999964533229196, "avg_time": 41.34228315535869, "benchmark": 2.6051155627440004, "distinct": 316, "entropy": 3.954339412475981, "errors": 334, "exp_cost": 264765805, "f1-score": 0.8547100880807277, "falsepos": 0.15908917861599403, "fullscore": 0.9890625114623034, "gq": 11.956096609208775, "index": 37.89426324935497, "iz": 2.092923721831704, "k6": 0.009276448515212476, "l0": 0.9999999372674468, "lo": 331, "loss": 0.000757304662417746, "lq": 14197, "meanscore": 0.9998497498283552, "n_docs": 3465562, "non_null": 0.0016344830564023471, "pi": 2.8174824343804117, "pr": 6.387748667568971e-06, "precision": 0.9994403554685585, "prediction_time": 13.989165529752553, "qu": 5.316485651007952e-05, "recall": 0.9999471308075709, "size": 110011, "time": 4.418229156423172, "weighted_avg": 3.13483265613476, "x6": 50.188329342807}, "mark": {"NY": 15.724484213629674, "TO": 0.9495710089718263, "U6": 0.01126507835894519, "VL": 446, "WG": 330, "accuracy": 0.9880977772705666, "auc": 0.9997962243400342, "avg_time": 132.96859545672677, "benchmark": 1.9321424148331825, "distinct": 420, "errors": 258, "exp_cost": 6476, "f1-score": 0.8502064653464448, "falsepos": 0.003927290079018153, "fullscore": 0.9999854085210125, "gq": 110.93039049026001, "index": 0.46015086856912135, "iz": 3.756657202730209, "l0": 26.67498244286873, "lo": 94.63602699217552, "loss": 6.115228839398412e-05, "lq": 0.9998479403983165, "meanscore": 0.9997068642859445, "n_docs": 1097907, "non_null": 0.004977766532786476, "pi": 857357, "pr": 69741, "precision": 0.9940017254575414, "prediction_time": 207.82340672485563, "qu": 0.9999501599709673, "recall": 0.9994960376481126, "size": 64064, "time": 2.5948595425549854, "weighted_avg": 3.3952181190171102, "x6": 0.9845804189622178}, "train": {"NY": 18.13469516278784, "TO": 2.416878728640903, "U6": 0.9995986711803825, "VL": 0.0010280636483925853, "WG": 1.8438169323171032, "accuracy": 0.9999840223395129, "auc": 0.9999999728645929, "avg_time": 34.883582795514194, "benchmark": 4.0450399701410715, "distinct": 347, "entropy": 2.7348127586970135, "errors": 373, "exp_cost": 10315, "f1-score": 0.9124379352351155, "falsepos": 0.003296359256087733, "fullscore": 0.9821928686992019, "gq": 0.9999997104579923, "index": 61.83291385936223, "iz": 4.1676246384706275, "k6": 7.1128363831052255e-06, "l0": 0.999582547561454, "lo": 1035523, "loss": 0.0016546764188168916, "lq": 311, "meanscore": 0.9959247862213338, "n_docs": 237088, "non_null": 5.911631168886711e-05, "pi": 0.00014924550503292444, "pr": 297, "precision": 0.993316090342239, "prediction_time": 182.29180199540775, "qu": 0.9968955384834947, "recall": 0.6233044736851435, "size": 65844, "time": 67.219465437264, "weighted_avg": 1.2725589560983854, "x6": 5.881360357915461}, "train_full": {"NY": 2.915905494546273, "TO": 258, "U6": 0.0011241142775657575, "VL": 29.742096239943294, "WG": 4.0821779173606805, "accuracy": 0.9969465869541809, "auc": 0.9998019378975531, "avg_time": 53.69136127064757, "benchmark": 1.875078772903761, "distinct": 220, "entropy": 1.9976685551643827, "errors": 239, "exp_cost": 29070311, "f1-score": 0.999998715285967, "falsepos": 0.0005059499475411622, "fullscore": 0.9850308386475034, "gq": 4.2090138418554695, "index": 5.626918026559168, "iz": 420, "k6": 0.4505208718065114, "l0": 3492, "lo": 0.11703693177909735, "loss": 0.00029566902244115845, "lq": 15.12015044507767, "meanscore": 0.9999784485118132, "n_docs": 1728775, "non_null": 0.014249662703321286, "pi": 0.002857081052478838, "pr": 39.62218857161305, "precision": 0.9999240656947638, "recall": 0.9650753127726808, "size": 55881289, "time": 9.85520439770228, "weighted_avg": 0.958748898038545, "x6": 1.8815228400187163}}