{"branch": {"NY": 831, "TO": 5197119898, "U6": 438, "VL": 1.8818280267396403e-12, "WG": 1.0, "accuracy": 0.9999999995977356, "auc": 0.9965288175703708, "avg_time": 5812.17771106201, "benchmark": 4.2258117230533365, "distinct": 822, "entropy": 8.274169474577748, "errors": 785, "exp_cost": 2826550637, "f1-score": 0.9999999999999523, "falsepos": 5.10702591327572e-15, "fullscore": 0.9999999999059173, "index": 1410.118143969171, "iz": 2125.256649619263, "k6": 1005.9102763195899, "l0": 8.80812646941731e-06, "lo": 8.471523800526978, "loss": 1.2714030206417704e-07, "lq": 577, "meanscore": 0.9999998415264694, "n_docs": 26172032195, "non_null": 2.4570456780281802e-11, "pi": 16043.924804150274, "pr": 365.37415881877035, "precision": 1.0, "prediction_time": 1053.319412257368, "qu": 1398.2089011749317, "recall": 0.9999998953164697, "size": 428569293367, "time": 640.4984970333834, "weighted_avg": 7.603554393781527, "x6": 9313653}, "brand": {"NY": 4.966376972285487, "TO": 1.4432899320127035e-15, "U6": 0.999998547697559, "VL": 453.8000488472395, "WG": 388, "accuracy": 0.9999999986958035, "auc": 0.9999999992500433, "avg_time": 611.3044838182834, "benchmark": 6.612696272584562, "distinct": 643, "entropy": 3.4455823025375176, "errors": 785, "exp_cost": 13936898866, "f1-score": 0.9999999999998237, "falsepos": 2.4223652084209846e-08, "fullscore": 0.9999999999999973, "gq": 17.558726814749445, "index": 1225.3182816239728, "iz": 543241466525, "k6": 0.9999999896030604, "l0": 0.9999999999999953, "lo": 514, "loss": 7.492895193195181e-13, "lq": 13337637650, "meanscore": 0.9966202859091646, "n_docs": 606799014, "non_null": 0.0, "pi": 5.5932115287490936, "pr": 8.393632926300878, "precision": 0.9999998609930278, "prediction_time": 265.442033730675, "qu": 0.9999999999999993, "recall": 0.9999834830262075, "size": 2234094199, "time": 783.7789394234117, "weighted_avg": 6.237838642277451}, "classifier": {"NY": 18574642424, "TO": 68389685, "U6": 426720727269, "VL": 1052.5255763729303, "WG": 1.28591592929439e-09, "accuracy": 0.9999737275029177, "auc": 0.9999999999999999, "avg_time": 1536.2693937621686, "benchmark": 6.124723127403981, "distinct": 652, "entropy": 7.2887702372197305, "errors": 736, "exp_cost": 11343699404340, "f1-score": 0.9997783101824853, "falsepos": 4.992899008682272e-06, "fullscore": 0.999999986164028, "gq": 820.174515314959, "index": 1708.3082777074699, "iz": 7.087215180302561, "k6": 1.3563106748826215e-08, "l0": 1.0, "lo": 682, "loss": 1.5543122344752192e-15, "lq": 17624978, "meanscore": 0.9999999999999689, "n_docs": 11882915435, "non_null": 5.960640869773215e-10, "pi": 75.28520034961808, "pr": 0.0, "precision": 0.9999999999947151, "prediction_time": 263.6305417212102, "qu": 1.1102230246251565e-16, "recall": 0.9999999999980933, "size": 134723130, "time": 35.37586387921851, "weighted_avg": 6.703171950426177, "x6": 3336.5008428375763}, "mark": {"NY": 527.0316720724884, "TO": 0.9999999988707611, "U6": 6.054764023488701e-09, "VL": 821, "WG": 755, "accuracy": 0.9999999999997674, "auc": 0.9999999986653733, "avg_time": 10772.179259455417, "benchmark": 5.23266446899039, "distinct": 885, "errors": 585, "exp_cost": 11239676, "f1-score": 0.9999811202092219, "falsepos": 4.0907328313632974e-07, "fullscore": 0.9999999999999998, "gq": 13050.020870809765, "index": 5.6759092354902485, "iz": 6.286864195690212, "l0": 773.9468220237343, "lo": 7430.3225713835145, "loss": 2.5213164889237305e-13, "lq": 0.9999999999992386, "meanscore": 0.9999999999918462, "n_docs": 14131321247, "non_null": 2.142730437526552e-13, "pi": 2300037764, "pr": 25581139, "precision": 0.9999999999862849, "prediction_time": 5800.07833937785, "qu": 0.9999999998483613, "recall": 0.9999999991353713, "size": 908067941, "time": 178.2713259442379, "weighted_avg": 6.992605607576817, "x6": 0.9999995475584456}, "train": {"NY": 581.0906047164956, "TO": 5.286091943130763, "U6": 1.0, "VL": 3.667066650336892e-13, "WG": 4.4429156643571845, "accuracy": 0.9999999999999953, "auc": 1.0, "avg_time": 5366.920747827984, "benchmark": 7.4712438050647245, "distinct": 727, "entropy": 5.030143276726062, "errors": 847, "exp_cost": 6000988, "f1-score": 0.9999982113659074, "falsepos": 7.81024378504469e-09, "fullscore": 0.9999999274287169, "gq": 1.0, "index": 2997.021757897764, "iz": 8.631664825346972, "k6": 0.0, "l0": 0.9999999999999982, "lo": 27865981871, "loss": 4.374278717023117e-14, "lq": 697, "meanscore": 0.9999999983077759, "n_docs": 413794915, "non_null": 0.0, "pi": 4.672922049309136e-10, "pr": 593, "precision": 0.9999999996773874, "prediction_time": 17552.903913408973, "qu": 0.9999999968887883, "recall": 0.9855361522985675, "size": 182905248, "time": 1687.5406165209217, "weighted_avg": 4.030028576453203, "x6": 257.9842624979361}, "train_full": {"NY": 6.953293057205377, "TO": 648, "U6": 9.276432844096405e-09, "VL": 576.5817963252093, "WG": 7.737059652807103, "accuracy": 0.9999999993826236, "auc": 0.999999999999807, "avg_time": 3744.4512213861917, "benchmark": 4.697122468253822, "distinct": 578, "entropy": 5.688777812915806, "errors": 571, "exp_cost": 59078610495, "f1-score": 1.0, "falsepos": 0.0, "fullscore": 0.9999999947027187, "gq": 8.118156978056842, "index": 525.8640300201486, "iz": 796, "k6": 0.9856940970315207, "l0": 919202, "lo": 0.00019958084154936273, "loss": 2.0605739337042905e-13, "lq": 238.9452837134221, "meanscore": 0.9999999999999998, "n_docs": 41356014347, "non_null": 1.3679309018854724e-08, "pi": 5.20375964541131e-11, "pr": 2522.1518719254987, "precision": 0.9999999999999931, "recall": 0.9999978291901828, "size": 1552957646854, "time": 269.95697720637963, "weighted_avg": 4.136589768918992, "x6": 4.421651474354915}}