{"branch": {"NY": 755, "TO": 1576914826, "U6": 404, "VL": 1.7201018387424938e-10, "WG": 1.0, "accuracy": 0.9999999562762416, "auc": 0.9932858981261441, "avg_time": 2671.7010765603063, "benchmark": 3.8247892703090924, "distinct": 739, "entropy": 7.588385995570857, "errors": 706, "exp_cost": 586102236, "f1-score": 0.9999999999933782, "falsepos": 1.2920775560587572e-12, "fullscore": 0.9999999968003304, "index": 861.4236342475186, "iz": 901.8387171023425, "k6": 664.1166185703454, "l0": 8.122414770772579e-05, "lo": 7.6354080421421235, "loss": 1.424067137989482e-06, "lq": 527, "meanscore": 0.9999977114963123, "n_docs": 4806124142, "non_null": 3.4574053620062273e-09, "pi": 7364.102253620329, "pr": 195.46985299469023, "precision": 1.0, "prediction_time": 497.8612209765889, "qu": 811.2587809192715, "recall": 0.9999988740514768, "size": 95163259922, "time": 349.0610166434002, "weighted_avg": 6.9174427178740645, "x6": 2799532}, "brand": {"NY": 4.367345407911781, "TO": 1.3278267374516872e-13, "U6": 0.9999572644934798, "VL": 289.79152241662905, "WG": 350, "accuracy": 0.9999999468234675, "auc": 0.9999999861115816, "avg_time": 262.84629051003833, "benchmark": 5.928193119605792, "distinct": 568, "entropy": 3.070390435777583, "errors": 686, "exp_cost": 2139753787, "f1-score": 0.9999999999923492, "falsepos": 4.806799611678514e-07, "fullscore": 0.9999999999989824, "gq": 11.687934932318974, "index": 574.6463320114591, "iz": 83637818068, "k6": 0.9999994733426977, "l0": 0.9999999999990032, "lo": 475, "loss": 6.676315056353133e-11, "lq": 2354390956, "meanscore": 0.9920308924685414, "n_docs": 126774374, "non_null": 1.887379141862766e-15, "pi": 4.909264732354217, "pr": 7.533949499299162, "precision": 0.9999984474798767, "prediction_time": 155.56159059486433, "qu": 0.9999999999999446, "recall": 0.9999198448527212, "size": 598507213, "time": 375.9489398564374, "weighted_avg": 5.598737025393594}, "classifier": {"NY": 2731433181, "TO": 24995567, "U6": 72321112751, "VL": 530.9379065829922, "WG": 7.277137825667523e-08, "accuracy": 0.9999118024597088, "auc": 0.9999999999999749, "avg_time": 730.2769666938486, "benchmark": 5.530877764994845, "distinct": 583, "entropy": 6.822834685885764, "errors": 681, "exp_cost": 1636555622065, "f1-score": 0.9989122370218233, "falsepos": 7.62117688645203e-05, "fullscore": 0.9999992131048347, "gq": 414.75513155619666, "index": 999.213791684514, "iz": 6.2440293671022475, "k6": 2.8107937333210486e-07, "l0": 0.9999999999999986, "lo": 609, "loss": 1.8719470418204764e-12, "lq": 4875854, "meanscore": 0.9999999999902928, "n_docs": 2696249978, "non_null": 2.1301676866869457e-08, "pi": 41.92728963457294, "pr": 0.0, "precision": 0.999999999641729, "prediction_time": 170.26386851667553, "qu": 4.474198789239381e-14, "recall": 0.9999999999479954, "size": 37159926, "time": 26.38899474180155, "weighted_avg": 6.066538432855114, "x6": 1768.0548884778284}, "mark": {"NY": 267.42587768659666, "TO": 0.9999999224975304, "U6": 4.459113123189695e-08, "VL": 749, "WG": 692, "accuracy": 0.9999999999481813, "auc": 0.9999999622650897, "avg_time": 4596.257798434367, "benchmark": 4.436102383264181, "distinct": 798, "errors": 525, "exp_cost": 2525669, "f1-score": 0.9997756841195116, "falsepos": 4.9862661575250655e-06, "fullscore": 0.999999999999939, "gq": 5305.923029293422, "index": 3.39326656234996, "iz": 5.930760521216457, "l0": 413.96996170821836, "lo": 3634.882132015091, "loss": 9.01978491896216e-12, "lq": 0.9999999999502249, "meanscore": 0.9999999997456233, "n_docs": 1640667157, "non_null": 1.64802171909173e-10, "pi": 613279040, "pr": 9595504, "precision": 0.9999999973811609, "prediction_time": 3425.5238278852116, "qu": 0.9999999975102425, "recall": 0.9999999693449602, "size": 194785563, "time": 79.11436931968802, "weighted_avg": 6.27946136867545, "x6": 0.9999923694046757}, "train": {"NY": 320.0801065398122, "TO": 4.997970636872734, "U6": 0.9999999999999925, "VL": 2.175319924191399e-10, "WG": 3.910735611141617, "accuracy": 0.9999999999979081, "auc": 1.0, "avg_time": 2154.443057085245, "benchmark": 6.923867425771293, "distinct": 652, "entropy": 4.788420353855476, "errors": 769, "exp_cost": 3275085, "f1-score": 0.9999572133899233, "falsepos": 9.192527872237122e-08, "fullscore": 0.9999986845456376, "gq": 1.0, "index": 1558.6123234088416, "iz": 7.780727043188461, "k6": 1.4432899320127035e-15, "l0": 0.9999999999991763, "lo": 3964524005, "loss": 6.935563234833353e-12, "lq": 639, "meanscore": 0.9999998792432576, "n_docs": 105315891, "non_null": 9.43689570931383e-15, "pi": 6.446965183926068e-09, "pr": 549, "precision": 0.9999999780526164, "prediction_time": 7381.625107771083, "qu": 0.99999993830159, "recall": 0.9698484451318796, "size": 37870943, "time": 989.7181937607272, "weighted_avg": 3.5691961412823856, "x6": 130.90134617245806}, "train_full": {"NY": 6.212802274948244, "TO": 607, "U6": 1.8078395014331505e-07, "VL": 307.8897769699713, "WG": 7.202106970418071, "accuracy": 0.9999999890824156, "auc": 0.9999999999876671, "avg_time": 1589.5593735035648, "benchmark": 4.204206823589967, "distinct": 506, "entropy": 5.257446429497968, "errors": 508, "exp_cost": 18329756242, "f1-score": 0.9999999999999961, "falsepos": 1.1879386363489175e-13, "fullscore": 0.9999998207481313, "gq": 7.365628394931874, "index": 248.70907695935276, "iz": 742, "k6": 0.9434290243084668, "l0": 287926, "lo": 0.0008565407383183121, "loss": 1.2581269359657199e-11, "lq": 174.33152395259543, "meanscore": 0.9999999999999505, "n_docs": 6365831567, "non_null": 1.5325175288793957e-06, "pi": 3.4292337858232713e-09, "pr": 1222.4152632022572, "precision": 0.9999999999985221, "recall": 0.9999751434377325, "size": 325907071667, "time": 145.68105954155484, "weighted_avg": 3.621740130358411, "x6": 4.1917882626805705}}