{"branch": {"NY": 758, "TO": 1320026493, "U6": 403, "VL": 2.0645540832475717e-10, "WG": 1.0, "accuracy": 0.9999999435181662, "auc": 0.9927708141645372, "avg_time": 2595.8502090719376, "benchmark": 3.821021286358203, "distinct": 738, "entropy": 7.460092029962218, "errors": 709, "exp_cost": 458820516, "f1-score": 0.9999999999923734, "falsepos": 1.5643042416968456e-12, "fullscore": 0.9999999956747481, "index": 790.8999767908417, "iz": 890.9224230711005, "k6": 650.1939396746337, "l0": 6.192785352787666e-05, "lo": 7.543415077567167, "loss": 1.0598829089936146e-06, "lq": 519, "meanscore": 0.9999967459995911, "n_docs": 4242516903, "non_null": 5.502333033646778e-09, "pi": 6557.7130188801875, "pr": 189.08199884758037, "precision": 1.0, "prediction_time": 464.6047414608959, "qu": 720.9531303407781, "recall": 0.9999984506181361, "size": 74573607284, "time": 338.4252564397283, "weighted_avg": 6.855319443220883, "x6": 2421383}, "brand": {"NY": 4.268662506997596, "TO": 2.717825964282383e-13, "U6": 0.9999656564437261, "VL": 250.7237091718135, "WG": 350, "accuracy": 0.9999999107933164, "auc": 0.9999999794903782, "avg_time": 261.74543485960066, "benchmark": 5.9244076984042, "distinct": 567, "entropy": 3.064732481351674, "errors": 676, "exp_cost": 1949290090, "f1-score": 0.9999999999908152, "falsepos": 6.182552653166695e-07, "fullscore": 0.9999999999985497, "gq": 11.370222893233908, "index": 487.73372051387656, "iz": 77782129826, "k6": 0.9999995322825007, "l0": 0.9999999999989286, "lo": 473, "loss": 9.985590132544075e-11, "lq": 2260909343, "meanscore": 0.9906535017716501, "n_docs": 135715654, "non_null": 3.552713678800501e-15, "pi": 4.932499964935149, "pr": 7.483596771392143, "precision": 0.9999982778793178, "prediction_time": 152.88526943011084, "qu": 0.9999999999999301, "recall": 0.999901758918145, "size": 493532591, "time": 378.7460872998772, "weighted_avg": 5.551559561548538}, "classifier": {"NY": 2552940023, "TO": 19691102, "U6": 65243449045, "VL": 514.9573564925496, "WG": 8.615372126818954e-08, "accuracy": 0.9999099053373427, "auc": 0.9999999999999639, "avg_time": 661.189575030929, "benchmark": 5.499473977605189, "distinct": 583, "entropy": 6.836894310120605, "errors": 667, "exp_cost": 1645979815475, "f1-score": 0.9991328833275701, "falsepos": 6.555532698904187e-05, "fullscore": 0.9999993798088864, "gq": 378.0401571890455, "index": 906.0405094199986, "iz": 6.188646954716851, "k6": 3.5864923608741606e-07, "l0": 0.9999999999999989, "lo": 599, "loss": 2.519873198991718e-12, "lq": 4515529, "meanscore": 0.9999999999876579, "n_docs": 2132520974, "non_null": 1.533448190649267e-08, "pi": 43.42320891419379, "pr": 0.0, "precision": 0.9999999995295225, "prediction_time": 162.37310189199968, "qu": 8.393286066166183e-14, "recall": 0.9999999999423715, "size": 33444581, "time": 25.763621785896976, "weighted_avg": 6.033092850938928, "x6": 1670.9735727711593}, "mark": {"NY": 263.4406449712266, "TO": 0.9999998986962121, "U6": 9.598258432497175e-08, "VL": 752, "WG": 677, "accuracy": 0.999999999889491, "auc": 0.999999958495028, "avg_time": 4278.452774542636, "benchmark": 4.386466846952418, "distinct": 797, "errors": 522, "exp_cost": 2359409, "f1-score": 0.9997750284014995, "falsepos": 7.99480201796321e-06, "fullscore": 0.9999999999999061, "gq": 4683.619046378913, "index": 3.2579847748306947, "iz": 5.88957723468259, "l0": 397.0350375099279, "lo": 3322.578590039834, "loss": 1.3666179299320902e-11, "lq": 0.9999999999190661, "meanscore": 0.9999999996298263, "n_docs": 1817342362, "non_null": 2.2756030393367155e-10, "pi": 533672504, "pr": 9400713, "precision": 0.9999999951054761, "prediction_time": 3353.715183540984, "qu": 0.999999996550083, "recall": 0.99999998230008, "size": 176766410, "time": 80.59845046679986, "weighted_avg": 6.27057628137044, "x6": 0.9999907865156406}, "train": {"NY": 311.5307517418699, "TO": 4.899424393795532, "U6": 0.9999999999999871, "VL": 1.7785284356364173e-10, "WG": 3.942723600845881, "accuracy": 0.9999999999984436, "auc": 1.0, "avg_time": 2059.159629144361, "benchmark": 6.828110667289514, "distinct": 648, "entropy": 4.7634551745285965, "errors": 765, "exp_cost": 2366601, "f1-score": 0.9999435133060623, "falsepos": 1.2342672717213787e-07, "fullscore": 0.9999985691698423, "gq": 1.0, "index": 1518.6368771696552, "iz": 7.729755263482163, "k6": 3.3306690738754696e-15, "l0": 0.9999999999986293, "lo": 3161943495, "loss": 8.97526497567469e-12, "lq": 625, "meanscore": 0.9999999319233202, "n_docs": 98743299, "non_null": 1.3988810110276972e-14, "pi": 5.523797641515671e-09, "pr": 546, "precision": 0.9999999756143388, "prediction_time": 6824.238662154138, "qu": 0.9999999241697877, "recall": 0.9710769645802837, "size": 36165301, "time": 925.2727135558223, "weighted_avg": 3.4224634889579066, "x6": 128.25051473408553}, "train_full": {"NY": 6.180741835571321, "TO": 597, "U6": 1.643383868987769e-07, "VL": 300.3801133036249, "WG": 7.111369559445869, "accuracy": 0.9999999866024177, "auc": 0.9999999999815288, "avg_time": 1629.5459386813745, "benchmark": 4.139591804118295, "distinct": 499, "entropy": 5.13766756697299, "errors": 503, "exp_cost": 16759620269, "f1-score": 0.9999999999999963, "falsepos": 4.5285997174460135e-13, "fullscore": 0.9999998678434074, "gq": 7.356457143992943, "index": 222.48011221615567, "iz": 739, "k6": 0.9480368288295086, "l0": 313835, "lo": 0.0010096850889621534, "loss": 1.500688462385824e-11, "lq": 164.65219587102175, "meanscore": 0.9999999999999301, "n_docs": 5896562487, "non_null": 1.2704089200621382e-06, "pi": 5.646233258715938e-09, "pr": 1068.4118731263309, "precision": 0.9999999999976326, "recall": 0.9999589671125679, "size": 309298316050, "time": 141.01291293742713, "weighted_avg": 3.5174518347873156, "x6": 4.12240521554435}}