{"branch": {"NY": 779, "TO": 2132348454, "U6": 411, "VL": 3.803657389056525e-11, "WG": 1.0, "accuracy": 0.9999999928608232, "auc": 0.9933133623872412, "avg_time": 3285.145343732125, "benchmark": 3.7436552739134856, "distinct": 752, "entropy": 7.685144209841263, "errors": 721, "exp_cost": 795770906, "f1-score": 0.999999999997621, "falsepos": 1.7497114868092467e-13, "fullscore": 0.9999999985304082, "index": 926.4061628766137, "iz": 1211.483963412195, "k6": 703.1035662054143, "l0": 3.707117164686302e-05, "lo": 7.769950157306675, "loss": 4.822255095238148e-07, "lq": 531, "meanscore": 0.999998268305738, "n_docs": 6537069631, "non_null": 1.4863783537322206e-09, "pi": 7905.544575087882, "pr": 194.52028232242554, "precision": 1.0, "prediction_time": 634.0082106156118, "qu": 763.3090924864501, "recall": 0.9999980178928185, "size": 115226159227, "time": 404.5548494421297, "weighted_avg": 7.050859387305898, "x6": 3454148}, "brand": {"NY": 4.457462585334117, "TO": 8.903988657493755e-14, "U6": 0.9999896169545297, "VL": 272.22745750317466, "WG": 365, "accuracy": 0.99999998184306, "auc": 0.9999999921533591, "avg_time": 304.6267138835836, "benchmark": 6.082365518557891, "distinct": 583, "entropy": 3.058037864655547, "errors": 708, "exp_cost": 3601334710, "f1-score": 0.999999999994976, "falsepos": 2.0541137213392346e-07, "fullscore": 0.9999999999997095, "gq": 12.648676060710416, "index": 619.0536640908804, "iz": 100747110213, "k6": 0.9999997728831135, "l0": 0.9999999999997032, "lo": 488, "loss": 1.1342704553385374e-11, "lq": 3369552742, "meanscore": 0.9910306965598425, "n_docs": 203450882, "non_null": 4.440892098500626e-16, "pi": 4.905310167706715, "pr": 7.716950095553789, "precision": 0.9999992072632223, "prediction_time": 190.11681661353578, "qu": 0.999999999999993, "recall": 0.9999348978558961, "size": 746446010, "time": 448.89851560114886, "weighted_avg": 5.779688381536725}, "classifier": {"NY": 4658791570, "TO": 25240830, "U6": 108607266444, "VL": 567.4780900281417, "WG": 2.2777179253807844e-08, "accuracy": 0.9999683402457049, "auc": 0.9999999999999893, "avg_time": 1030.6963287741225, "benchmark": 5.678882378443936, "distinct": 595, "entropy": 6.981428260963986, "errors": 678, "exp_cost": 2461397046533, "f1-score": 0.999634997894998, "falsepos": 5.1502039043915815e-05, "fullscore": 0.9999998073587928, "gq": 495.3616889479689, "index": 1186.340586851759, "iz": 6.485608140596527, "k6": 1.0879034484378991e-07, "l0": 0.9999999999999999, "lo": 625, "loss": 3.33288951992472e-13, "lq": 8062130, "meanscore": 0.999999999996469, "n_docs": 4644208055, "non_null": 3.268451509441661e-09, "pi": 50.90884480275108, "pr": 0.0, "precision": 0.9999999998707103, "prediction_time": 183.02225611151187, "qu": 9.325873406851315e-15, "recall": 0.9999999999646594, "size": 55208848, "time": 25.797415003066813, "weighted_avg": 6.368619044819072, "x6": 1988.006209379434}, "mark": {"NY": 309.00918404487913, "TO": 0.9999999721208396, "U6": 8.661279093935548e-08, "VL": 768, "WG": 690, "accuracy": 0.9999999999778724, "auc": 0.9999999930070814, "avg_time": 5742.1493278312555, "benchmark": 4.825656153521854, "distinct": 810, "errors": 536, "exp_cost": 2973530, "f1-score": 0.9998063058598745, "falsepos": 3.7690806575785274e-06, "fullscore": 0.9999999999999878, "gq": 6425.421846815004, "index": 3.5213082077600513, "iz": 6.026574574409583, "l0": 403.79175100603817, "lo": 4453.406794136297, "loss": 4.561018229765068e-12, "lq": 0.9999999999815191, "meanscore": 0.9999999998835919, "n_docs": 3690621707, "non_null": 3.7347902548390266e-11, "pi": 1105420100, "pr": 11731743, "precision": 0.999999999673338, "prediction_time": 3848.8787055269067, "qu": 0.9999999986318662, "recall": 0.9999999942531811, "size": 246334737, "time": 101.42970682402974, "weighted_avg": 6.392117700755143, "x6": 0.9999948519060002}, "train": {"NY": 369.2879850415707, "TO": 5.076007631990385, "U6": 0.9999999999999984, "VL": 2.1351587164986086e-11, "WG": 4.172182718393998, "accuracy": 0.9999999999998261, "auc": 1.0, "avg_time": 2578.8785336648602, "benchmark": 7.018604417301824, "distinct": 662, "entropy": 4.927267501677547, "errors": 781, "exp_cost": 2628806, "f1-score": 0.9999751489093794, "falsepos": 4.940204390013747e-08, "fullscore": 0.9999992575254906, "gq": 1.0, "index": 2380.988772668053, "iz": 8.06803890209076, "k6": 2.220446049250313e-16, "l0": 0.9999999999996844, "lo": 6175236506, "loss": 2.417621658423741e-12, "lq": 649, "meanscore": 0.9999999621072023, "n_docs": 154253459, "non_null": 1.3322676295501878e-15, "pi": 8.893131231424434e-09, "pr": 548, "precision": 0.9999999909219953, "prediction_time": 9944.402514219571, "qu": 0.9999999561710219, "recall": 0.978857684307605, "size": 62933767, "time": 1056.4368561084789, "weighted_avg": 3.576755677617056, "x6": 145.75072663119346}, "train_full": {"NY": 6.414668088328511, "TO": 603, "U6": 8.366593995390303e-08, "VL": 303.40828512540674, "WG": 7.33485893231333, "accuracy": 0.9999999949241821, "auc": 0.9999999999979154, "avg_time": 2312.4692699088373, "benchmark": 4.455594730637823, "distinct": 533, "entropy": 5.31761405323933, "errors": 516, "exp_cost": 21307216170, "f1-score": 0.9999999999999989, "falsepos": 1.5765166949677223e-14, "fullscore": 0.9999999487879816, "gq": 7.648413278825367, "index": 291.6579519047435, "iz": 746, "k6": 0.9668957255482233, "l0": 360882, "lo": 0.0006432776164895238, "loss": 3.750111332578854e-12, "lq": 172.27867214508296, "meanscore": 0.99999999999997, "n_docs": 9523827666, "non_null": 3.1695415980692587e-07, "pi": 3.5773457529586494e-09, "pr": 1383.4935785115968, "precision": 0.9999999999997381, "recall": 0.9999783136379155, "size": 351922637756, "time": 169.71298754393197, "weighted_avg": 3.574982628989773, "x6": 4.06303788463879}}