{"branch": {"NY": 136, "TO": 57484, "U6": -9, "VL": 0.10596943169977635, "WG": 0.995691255554419, "accuracy": 0.5528951152997764, "auc": 0.3312103962374794, "avg_time": 4.900192517507407, "benchmark": -0.3988466211647423, "distinct": 129, "entropy": 0.9361665360830271, "errors": 56, "exp_cost": 3688, "f1-score": 0.7737850338331481, "falsepos": 0.1811089388196605, "fullscore": 0.9109949192386391, "index": 5.257529978424623, "iz": 3.5419950776891858, "k6": 6.546287686529131, "l0": 0.3532443623795708, "lo": 0.5890975335179002, "loss": 0.43386169311275713, "lq": 54, "meanscore": 0.4144397408186638, "n_docs": 88598, "non_null": 0.5134326228211242, "pi": 14.365671682108122, "pr": 1.2511246776069511, "precision": 0.9729361997339823, "prediction_time": 3.0089861863700804, "qu": 6.4749822236697705, "recall": 0.8399492388044263, "size": 162485, "time": 3.4556103867489316, "weighted_avg": 1.0549858681651167, "x6": 421}, "brand": {"NY": -0.8824815859402829, "TO": 0.007863893865828198, "U6": 0.16190962762741717, "VL": 1.7230907728943805, "WG": 3, "accuracy": 0.5877549945797712, "auc": 0.8140710767918106, "avg_time": 0.34631238924003194, "benchmark": 1.7486590039909795, "distinct": 91, "entropy": -0.48113728725321314, "errors": 45, "exp_cost": 788, "f1-score": 0.9984531152211245, "falsepos": 0.41207049949408714, "fullscore": 0.7934011333838428, "gq": 0.3347169854422113, "index": 0.9518105948500317, "iz": 72644, "k6": 0.3285780807405242, "l0": 0.9792598686123515, "lo": 100, "loss": 0.010886854445849803, "lq": 12856, "meanscore": 0.26133461979723416, "n_docs": 1789, "non_null": 0.012802669656747923, "pi": 0.20575409419400936, "pr": 1.1508136293150946, "precision": 0.6794668571039308, "prediction_time": 4.780353941193336, "qu": 0.9248202612824326, "recall": 0.21677793410161406, "size": 2580, "time": 1.1998160216471523, "weighted_avg": -0.7671325060666347}, "classifier": {"NY": 1682, "TO": 6326, "U6": 42592, "VL": 2.2739456605520987, "WG": 0.5431227338263628, "accuracy": 0.8967734398215346, "auc": 0.9757734660275373, "avg_time": 4.615598565816719, "benchmark": 0.425195926012119, "distinct": 92, "entropy": 1.8152533471850365, "errors": 86, "exp_cost": 324714, "f1-score": 0.3759731816896068, "falsepos": 0.8613535415518161, "fullscore": 0.6222498771806988, "gq": 0.9833925018998572, "index": 3.291219631047168, "iz": -0.8982509646152895, "k6": 0.3392066461045291, "l0": 0.9984400389537633, "lo": 129, "loss": 0.3360161700725057, "lq": 133, "meanscore": 0.8849589479094271, "n_docs": 20623, "non_null": 0.1494507278060575, "pi": 0.30537364581863324, "pr": 0.09375008005509966, "precision": 0.8545469718408719, "prediction_time": 1.6729414379094505, "qu": 0.09936292047554152, "recall": 0.9644879113804048, "size": 973, "time": 1.1140267772993186, "weighted_avg": 0.9192885325565359, "x6": 3.7304455324138304}, "mark": {"NY": 1.6377848035464342, "TO": 0.11643993560742316, "U6": 0.4514983767397638, "VL": 210, "WG": 68, "accuracy": 0.2311061879619482, "auc": 0.956638081244574, "avg_time": 6.834983023876972, "benchmark": -0.01888584151095485, "distinct": 125, "errors": 48, "exp_cost": 63, "f1-score": 0.1929895853220827, "falsepos": 0.14613715735914612, "fullscore": 0.9432560446150201, "gq": 6.409491597133105, "index": 0.113601318709774, "iz": 2.0963225286133422, "l0": 3.5029618534098854, "lo": 6.88901591628, "loss": 0.04449338154034588, "lq": 0.93634067243596, "meanscore": 0.9303275503603214, "n_docs": 2095, "non_null": 0.6235009276396551, "pi": 6944, "pr": 1381, "precision": 0.37234958101535043, "prediction_time": 28.06763165004616, "qu": 0.9879748411970786, "recall": 0.8913443465438424, "size": 330, "time": 0.23896069725226335, "weighted_avg": 1.0435347082809798, "x6": 0.7665991068614577}, "train": {"NY": 2.12662275726509, "TO": 0.4234633871714843, "U6": 0.5982235202092377, "VL": 0.29994629324003175, "WG": -0.02642937301981879, "accuracy": 0.970523052255118, "auc": 0.9935434332556506, "avg_time": 1.7778974544492407, "benchmark": 1.847966282784026, "distinct": 125, "entropy": 1.176623681579751, "errors": 90, "exp_cost": 206, "f1-score": 0.24228590143046713, "falsepos": 0.17942227620563034, "fullscore": 0.534584308608922, "gq": 0.9853148379712611, "index": 5.386363233369527, "iz": 1.4554589215855365, "k6": 0.02684904628957907, "l0": 0.6364710376339988, "lo": 2330, "loss": 0.3931440344871049, "lq": 68, "meanscore": 0.8001139768752152, "n_docs": 2227, "non_null": 0.12361320555919386, "pi": 0.0287153936194372, "pr": 130, "precision": 0.5492273312532108, "prediction_time": 10.120447129242653, "qu": 0.790983739191225, "recall": 0.16807754013315268, "size": 273, "time": 7.957875483191386, "weighted_avg": -0.3020244166003394, "x6": 0.6597999509965592}, "train_full": {"NY": 0.44680752651826106, "TO": 12, "U6": 0.0752142683953212, "VL": 5.307771178319888, "WG": 1.6985295438472712, "accuracy": 0.7671957230136088, "auc": 0.8982434466235557, "avg_time": 3.1078810096118374, "benchmark": 0.2526602051977821, "distinct": 0, "entropy": -0.11823179279462445, "errors": 27, "exp_cost": 211023, "f1-score": 0.9904818384078939, "falsepos": 0.443052391188427, "fullscore": 0.5281267809586576, "gq": 1.573097895064274, "index": 0.4352016322923045, "iz": 179, "k6": 0.06899340783777752, "l0": 85, "lo": 0.6187776876729016, "loss": 0.17329537015971352, "lq": 2.7106185908380365, "meanscore": 0.9503030996822257, "n_docs": 4116, "non_null": 0.5374464967643089, "pi": 0.42296171533042803, "pr": 3.5497919844663826, "precision": 0.9066179551184177, "recall": 0.6386341835670635, "size": 137733, "time": 1.2501954374143602, "weighted_avg": -0.9092130494844561, "x6": 0.3563923305033227}}