{"branch": {"NY": 362, "TO": 2859995, "U6": 162, "VL": 0.000557171975004267, "WG": 0.9999997639772328, "accuracy": 0.9833104634014725, "auc": 0.7776973338337247, "avg_time": 53.05916946863128, "benchmark": 1.119582408147325, "distinct": 368, "entropy": 3.5256730929970037, "errors": 294, "exp_cost": 397430, "f1-score": 0.9993005602344023, "falsepos": 0.00045607956526927396, "fullscore": 0.9989051465200369, "index": 38.528507452673665, "iz": 34.288314444704866, "k6": 38.099030599573766, "l0": 0.0415459990122371, "lo": 3.2899787905954025, "loss": 0.02911746372470847, "lq": 239, "meanscore": 0.9462193130379468, "n_docs": 5797871, "non_null": 0.01135162120792721, "pi": 156.63831394552287, "pr": 8.522573490391673, "precision": 0.9999984228057271, "prediction_time": 26.73577703016948, "qu": 37.5070609230872, "recall": 0.9925371026629517, "size": 26749711, "time": 20.922884654356245, "weighted_avg": 3.263391960640686, "x6": 14792}, "brand": {"NY": 1.1692083089183987, "TO": 1.0506718986613706e-05, "U6": 0.8766599773889919, "VL": 11.46633189110542, "WG": 150, "accuracy": 0.9843714175376496, "auc": 0.9961704825537789, "avg_time": 4.96627003182361, "benchmark": 3.3843338153899025, "distinct": 284, "entropy": 0.8619410370160816, "errors": 291, "exp_cost": 226596, "f1-score": 0.9999956150086421, "falsepos": 0.015137933641284795, "fullscore": 0.9993240056426853, "gq": 1.4467809669530907, "index": 9.808654660659906, "iz": 16154205, "k6": 0.965478804809885, "l0": 0.9999741177558872, "lo": 248, "loss": 3.361752409425378e-05, "lq": 1361423, "meanscore": 0.7295730307021258, "n_docs": 150055, "non_null": 5.175976531601734e-06, "pi": 2.179338649042479, "pr": 3.603178605293817, "precision": 0.9813105014432382, "prediction_time": 19.80633419002573, "qu": 0.999945263791669, "recall": 0.808488821005234, "size": 357331, "time": 10.219375396524551, "weighted_avg": 1.7652414770052687}, "classifier": {"NY": 448308, "TO": 134455, "U6": 11851795, "VL": 21.156351859170915, "WG": 0.023301695825211688, "accuracy": 0.9836338606499817, "auc": 0.9999879904964293, "avg_time": 35.29096384676554, "benchmark": 2.4095599489799664, "distinct": 288, "entropy": 3.7614966241294163, "errors": 312, "exp_cost": 117158160, "f1-score": 0.8474072138830373, "falsepos": 0.22353673530973983, "fullscore": 0.9847584092535833, "gq": 9.686605170888239, "index": 37.99744638385191, "iz": 1.8171390329103525, "k6": 0.014334275571755595, "l0": 0.9999996496393009, "lo": 317, "loss": 0.001450538041956051, "lq": 8719, "meanscore": 0.9996060188146048, "n_docs": 2555315, "non_null": 0.00238787666020035, "pi": 2.0480917634096647, "pr": 3.271773770263664e-05, "precision": 0.99901892223147, "prediction_time": 9.575518099177186, "qu": 0.0001240495565577593, "recall": 0.9998400919472596, "size": 63432, "time": 3.374741178127327, "weighted_avg": 2.894486608696358, "x6": 40.340042303363816}, "mark": {"NY": 12.247301039065416, "TO": 0.9176364827350431, "U6": 0.017748928023383903, "VL": 434, "WG": 304, "accuracy": 0.9853943458485135, "auc": 0.9994531420285082, "avg_time": 87.13592627407722, "benchmark": 1.7193282268060865, "distinct": 399, "errors": 231, "exp_cost": 4338, "f1-score": 0.7710072336341391, "falsepos": 0.010556404833954036, "fullscore": 0.9999596742583743, "gq": 93.00747369567635, "index": 0.39367477621454655, "iz": 3.575459974591144, "l0": 23.616407165638353, "lo": 78.40153193247829, "loss": 0.00022313715214994367, "lq": 0.9996782759164092, "meanscore": 0.9994795889342515, "n_docs": 706249, "non_null": 0.012908513048474735, "pi": 536168, "pr": 54380, "precision": 0.9883015402354196, "prediction_time": 168.2667353058094, "qu": 0.9999075423875727, "recall": 0.9982677754437461, "size": 56602, "time": 1.8710200028013417, "weighted_avg": 3.0977942922998967, "x6": 0.9826173552005831}, "train": {"NY": 14.787983578171303, "TO": 2.215440730926928, "U6": 0.9986330376888426, "VL": 0.0017126280842643116, "WG": 1.6300031287724508, "accuracy": 0.9999693923306436, "auc": 0.9999998688856557, "avg_time": 29.34293373672522, "benchmark": 3.795179499382953, "distinct": 315, "entropy": 2.6301350142572484, "errors": 343, "exp_cost": 6121, "f1-score": 0.8548445033342763, "falsepos": 0.005020688191834877, "fullscore": 0.9714921353580271, "gq": 0.9999991432770216, "index": 43.5591760757015, "iz": 3.847068215742415, "k6": 1.2785887591126865e-05, "l0": 0.9979911854156394, "lo": 579497, "loss": 0.004657435449250791, "lq": 296, "meanscore": 0.9952919663586186, "n_docs": 155523, "non_null": 0.0001581409230255737, "pi": 0.0003467709085234194, "pr": 279, "precision": 0.9856200315631913, "prediction_time": 146.76076733101445, "qu": 0.9950672691602018, "recall": 0.5459493904382352, "size": 41430, "time": 61.19806837564966, "weighted_avg": 1.2053009599700113, "x6": 5.2816719287018925}, "train_full": {"NY": 2.729933217515431, "TO": 228, "U6": 0.0021478596733823796, "VL": 24.691042324502682, "WG": 3.9305989004861646, "accuracy": 0.9952408282703753, "auc": 0.9996640521843337, "avg_time": 35.61976427301408, "benchmark": 1.724337069273075, "distinct": 195, "entropy": 1.9199812166811177, "errors": 214, "exp_cost": 16320683, "f1-score": 0.9999960398931489, "falsepos": 0.0020306943102316177, "fullscore": 0.980859099452647, "gq": 3.9671923775041282, "index": 5.1276805664164495, "iz": 398, "k6": 0.37301017994122543, "l0": 2234, "lo": 0.14095021197872248, "loss": 0.0008388487117156895, "lq": 14.134406547436429, "meanscore": 0.9999503010739552, "n_docs": 1021054, "non_null": 0.030645548556796687, "pi": 0.008774505842369829, "pr": 30.819520710217677, "precision": 0.9997856568803195, "recall": 0.9545063020169651, "size": 30025751, "time": 8.56473476604956, "weighted_avg": 0.8264276489573648, "x6": 1.7869877632137874}}