{"branch": {"NY": 547, "TO": 48856369, "U6": 268, "VL": 1.794795682519279e-06, "WG": 0.9999999999502144, "accuracy": 0.9998901207735204, "auc": 0.9363027854708544, "avg_time": 320.8276741717776, "benchmark": 2.2965492635900064, "distinct": 536, "entropy": 5.3598519976486045, "errors": 491, "exp_cost": 10665688, "f1-score": 0.9999989975007908, "falsepos": 3.133067241201104e-07, "fullscore": 0.9999942235106873, "index": 164.09770802771592, "iz": 158.16299818069672, "k6": 125.32411232712137, "l0": 0.0026713665273260245, "lo": 5.234124344641074, "loss": 0.00041073719537365605, "lq": 362, "meanscore": 0.9983952905142686, "n_docs": 139489397, "non_null": 6.666627411366921e-05, "pi": 931.1950845767841, "pr": 34.30321763599411, "precision": 0.9999999999820577, "prediction_time": 109.10245863414039, "qu": 161.81613079607155, "recall": 0.9997182672918792, "size": 1253898613, "time": 79.1103615687681, "weighted_avg": 4.9623096371493975, "x6": 158780}, "brand": {"NY": 2.6102631026995256, "TO": 1.964785290020643e-08, "U6": 0.9944950749830572, "VL": 48.96751586125749, "WG": 238, "accuracy": 0.9998489855124448, "auc": 0.9999672273035198, "avg_time": 26.321691287431804, "benchmark": 4.542954450226561, "distinct": 405, "entropy": 1.7202034418697327, "errors": 470, "exp_cost": 15880413, "f1-score": 0.9999999670002556, "falsepos": 0.0003564569141091267, "fullscore": 0.9999995130458645, "gq": 4.126364262131459, "index": 58.97164528677475, "iz": 576602073, "k6": 0.9992130070624283, "l0": 0.9999999496357315, "lo": 360, "loss": 1.367364207416344e-07, "lq": 42536111, "meanscore": 0.901899184981143, "n_docs": 3264860, "non_null": 6.692806309160915e-10, "pi": 3.190562480494244, "pr": 5.441836009349114, "precision": 0.9995412619206105, "prediction_time": 52.045612734494334, "qu": 0.9999999862524938, "recall": 0.9828808720094302, "size": 9103038, "time": 61.11536416529543, "weighted_avg": 3.5479066006724755}, "classifier": {"NY": 25880037, "TO": 1334930, "U6": 513230691, "VL": 92.27338665152836, "WG": 0.00023008167839244642, "accuracy": 0.9985444171796181, "auc": 0.999999994939119, "avg_time": 145.42099124706425, "benchmark": 3.8645789114643083, "distinct": 417, "entropy": 5.199225559088056, "errors": 487, "exp_cost": 9047048670, "f1-score": 0.9797065017541721, "falsepos": 0.02314409868205647, "fullscore": 0.9997611300740832, "gq": 53.38369383828077, "index": 163.45421094247848, "iz": 3.849474506682341, "k6": 0.0003259809132611924, "l0": 0.9999999997163455, "lo": 441, "loss": 8.572108992632721e-07, "lq": 155422, "meanscore": 0.9999994407578696, "n_docs": 52562739, "non_null": 2.1584523089313024e-05, "pi": 7.764013958816449, "pr": 3.624265332291543e-10, "precision": 0.9999952443043851, "prediction_time": 32.144690395849665, "qu": 3.809161341905565e-08, "recall": 0.999999261058877, "size": 1181885, "time": 7.979851367430078, "weighted_avg": 4.33451882884702, "x6": 235.2722571257854}, "mark": {"NY": 47.550329483157775, "TO": 0.9988291225957344, "U6": 0.00029953066715071586, "VL": 578, "WG": 487, "accuracy": 0.9999818477915747, "auc": 0.9999868814761224, "avg_time": 482.98581920993223, "benchmark": 3.042959631246865, "distinct": 569, "errors": 358, "exp_cost": 54487, "f1-score": 0.9783124433251436, "falsepos": 0.0003605910604915774, "fullscore": 0.9999999867341612, "gq": 566.3767670368661, "index": 1.0029218967035716, "iz": 4.627335976689488, "l0": 72.61219365277799, "lo": 421.8153565774173, "loss": 3.612198749003426e-07, "lq": 0.9999989721234266, "meanscore": 0.9999987133095848, "n_docs": 28812375, "non_null": 2.0409838356716392e-05, "pi": 14265745, "pr": 438939, "precision": 0.9999119952751201, "prediction_time": 674.7808743088468, "qu": 0.9999982437298642, "recall": 0.9999901623811883, "size": 1376382, "time": 12.683693021837499, "weighted_avg": 4.534669333067316, "x6": 0.9990171071325833}, "train": {"NY": 62.44043147244422, "TO": 3.4534248929270457, "U6": 0.9999998482673849, "VL": 4.296663305258797e-06, "WG": 2.5284482778369117, "accuracy": 0.9999999606044188, "auc": 0.9999999999982618, "avg_time": 214.31209017010613, "benchmark": 5.170348718115168, "distinct": 476, "entropy": 3.4402978252686265, "errors": 530, "exp_cost": 76255, "f1-score": 0.9900814380483605, "falsepos": 8.446542762341469e-05, "fullscore": 0.9991839882351246, "gq": 0.9999999999679062, "index": 255.7907546956269, "iz": 5.6694866868881055, "k6": 2.3904814794306617e-09, "l0": 0.9999993418360482, "lo": 29514417, "loss": 3.2590801775089773e-06, "lq": 443, "meanscore": 0.999808368314871, "n_docs": 2597933, "non_null": 2.7502711996696405e-08, "pi": 7.865177781507526e-06, "pr": 395, "precision": 0.9998875318732083, "prediction_time": 875.7292280208432, "qu": 0.9999202531436245, "recall": 0.8446759200644114, "size": 700876, "time": 191.28451579788103, "weighted_avg": 2.378722377657667, "x6": 23.267750809876986}, "train_full": {"NY": 4.311481842688402, "TO": 402, "U6": 7.657734437449548e-05, "VL": 68.64549175591446, "WG": 5.402671592413534, "accuracy": 0.9999696305283663, "auc": 0.9999995122587353, "avg_time": 202.6517662345557, "benchmark": 2.907154981430953, "distinct": 334, "entropy": 3.509104136443221, "errors": 349, "exp_cost": 361470214, "f1-score": 0.99999999893105, "falsepos": 7.423821606344916e-07, "fullscore": 0.9997089106496857, "gq": 5.404823394879514, "index": 31.331825476620857, "iz": 554, "k6": 0.7506401986276237, "l0": 19751, "lo": 0.028908174792221963, "loss": 1.6284912233155424e-06, "lq": 44.58335694294603, "meanscore": 0.9999999761864068, "n_docs": 51861974, "non_null": 0.0014046983881483843, "pi": 5.703621807018333e-05, "pr": 166.0837047012542, "precision": 0.9999998906450851, "recall": 0.9974930835359744, "size": 2303615684, "time": 30.577890573980433, "weighted_avg": 1.9273022935534492, "x6": 2.7395480729367554}}