{"branch": {"NY": 735, "TO": 1181716855, "U6": 395, "VL": 1.4165835171553454e-10, "WG": 0.9999999999999999, "accuracy": 0.9999999196962882, "auc": 0.989411322964754, "avg_time": 2410.0697984377025, "benchmark": 3.6483559455450383, "distinct": 729, "entropy": 7.3765933521647735, "errors": 694, "exp_cost": 372527957, "f1-score": 0.9999999999757931, "falsepos": 3.743449994431103e-12, "fullscore": 0.9999999945802075, "index": 733.6745459388203, "iz": 760.3481766863675, "k6": 523.7241031239303, "l0": 7.331923941156226e-05, "lo": 7.445041968809552, "loss": 7.963123953569351e-07, "lq": 513, "meanscore": 0.9999968266411541, "n_docs": 3784028932, "non_null": 8.286968666837424e-09, "pi": 5867.400368459506, "pr": 162.4634419355972, "precision": 1.0, "prediction_time": 468.7546881491372, "qu": 640.5750701254212, "recall": 0.9999972656606045, "size": 58898375186, "time": 341.748129358218, "weighted_avg": 6.785170961768381, "x6": 2515191}, "brand": {"NY": 4.1122570642026375, "TO": 4.913847106990943e-13, "U6": 0.9999342928171024, "VL": 223.6398867164628, "WG": 333, "accuracy": 0.999999904254381, "auc": 0.999999970803758, "avg_time": 239.4257944877081, "benchmark": 5.872018295795144, "distinct": 564, "entropy": 2.8637707509524533, "errors": 668, "exp_cost": 1825000857, "f1-score": 0.9999999999861022, "falsepos": 1.260314021922504e-06, "fullscore": 0.999999999996012, "gq": 12.04426053063318, "index": 416.24657415759054, "iz": 66548780813, "k6": 0.9999988132202445, "l0": 0.9999999999973009, "lo": 468, "loss": 6.145195463602704e-11, "lq": 2116750867, "meanscore": 0.984912621708206, "n_docs": 115499444, "non_null": 6.217248937900877e-15, "pi": 4.704644667451748, "pr": 7.369282308427712, "precision": 0.999997814003754, "prediction_time": 150.74905083621533, "qu": 0.9999999999997518, "recall": 0.999880845974949, "size": 418539871, "time": 358.71763097739284, "weighted_avg": 5.3820001055965205}, "classifier": {"NY": 2390161297, "TO": 18716753, "U6": 61317419041, "VL": 464.8135964562399, "WG": 1.253311150417602e-07, "accuracy": 0.9998796602657375, "auc": 0.9999999999999186, "avg_time": 722.5626856417736, "benchmark": 5.490379417246634, "distinct": 570, "entropy": 6.708821604857781, "errors": 647, "exp_cost": 1353331320057, "f1-score": 0.9991613056904545, "falsepos": 8.611074604414348e-05, "fullscore": 0.9999993142557542, "gq": 339.60648644781656, "index": 774.4000105052563, "iz": 6.0720627401911775, "k6": 5.993241144475192e-07, "l0": 0.9999999999999977, "lo": 594, "loss": 3.3373304120232206e-12, "lq": 4381205, "meanscore": 0.99999999997526, "n_docs": 1774163855, "non_null": 2.7029703586478604e-08, "pi": 39.93641584254383, "pr": 0.0, "precision": 0.9999999989905726, "prediction_time": 136.0759765143911, "qu": 1.4943601911454607e-13, "recall": 0.9999999997655071, "size": 32449702, "time": 24.5319066623805, "weighted_avg": 5.942608892904288, "x6": 1570.8840492036168}, "mark": {"NY": 241.2845988788502, "TO": 0.9999997409212796, "U6": 3.671788033621226e-07, "VL": 750, "WG": 666, "accuracy": 0.9999999996360951, "auc": 0.9999999553732869, "avg_time": 4226.142054857146, "benchmark": 4.306567262776511, "distinct": 794, "errors": 511, "exp_cost": 2018662, "f1-score": 0.9996564649274307, "falsepos": 5.378411278900153e-06, "fullscore": 0.999999999999885, "gq": 4837.329659353436, "index": 3.3050076540769946, "iz": 5.81627153772155, "l0": 316.1349675821405, "lo": 3004.415210266136, "loss": 4.1148084939379714e-11, "lq": 0.9999999998687858, "meanscore": 0.9999999989150612, "n_docs": 1529027565, "non_null": 2.4597757164457335e-10, "pi": 435937156, "pr": 7099604, "precision": 0.9999999948502483, "prediction_time": 2938.368789284275, "qu": 0.9999999952180572, "recall": 0.9999999874397669, "size": 111811334, "time": 63.022486696112175, "weighted_avg": 6.159196017790932, "x6": 0.9999879206222413}, "train": {"NY": 290.4548102227927, "TO": 4.861789216513871, "U6": 0.9999999999999883, "VL": 2.872008186827202e-10, "WG": 3.8312502487887645, "accuracy": 0.9999999999986162, "auc": 1.0, "avg_time": 2133.7929806136135, "benchmark": 6.653998980525075, "distinct": 637, "entropy": 4.591788334557953, "errors": 742, "exp_cost": 1622547, "f1-score": 0.9999296298845867, "falsepos": 1.5873532654975264e-07, "fullscore": 0.9999983686908477, "gq": 1.0, "index": 1333.4484836891802, "iz": 7.605800228306531, "k6": 5.440092820663267e-15, "l0": 0.9999999999985039, "lo": 2960333927, "loss": 3.0059732480935963e-11, "lq": 608, "meanscore": 0.9999997494708903, "n_docs": 85878390, "non_null": 2.0539125955565396e-14, "pi": 1.1214328576869548e-08, "pr": 527, "precision": 0.9999999601666173, "prediction_time": 6234.324106538344, "qu": 0.9999998122464575, "recall": 0.9658904586809854, "size": 31453454, "time": 890.6516841851785, "weighted_avg": 3.4367934411625645, "x6": 127.41800936887356}, "train_full": {"NY": 6.093614546002582, "TO": 581, "U6": 3.205481140522437e-07, "VL": 284.5814490500314, "WG": 7.074618473760002, "accuracy": 0.9999999811348155, "auc": 0.9999999999704445, "avg_time": 1388.8629541582477, "benchmark": 4.10177574101908, "distinct": 499, "entropy": 5.154854417294365, "errors": 495, "exp_cost": 13859325760, "f1-score": 0.9999999999999961, "falsepos": 1.6227019727921288e-12, "fullscore": 0.9999998431741653, "gq": 7.329274239633783, "index": 184.70909378905787, "iz": 716, "k6": 0.9416609758093515, "l0": 263994, "lo": 0.0012538403769868367, "loss": 8.208012047816737e-11, "lq": 151.77414892626922, "meanscore": 0.9999999999998491, "n_docs": 4561687738, "non_null": 1.396550311172362e-06, "pi": 6.069029834243622e-09, "pr": 1013.8793486933916, "precision": 0.9999999999984527, "recall": 0.9999458191837058, "size": 174778040984, "time": 127.50980270057697, "weighted_avg": 3.3946178702050145, "x6": 3.963624922903714}}