{"branch": {"NY": 710, "TO": 654963135, "U6": 362, "VL": 2.9413214086559947e-09, "WG": 0.9999999999999983, "accuracy": 0.9999995608564592, "auc": 0.9856704458974215, "avg_time": 1584.1655182880575, "benchmark": 3.3834280287171556, "distinct": 686, "entropy": 6.939221468858193, "errors": 649, "exp_cost": 181144555, "f1-score": 0.9999999996156888, "falsepos": 2.7095881094396645e-11, "fullscore": 0.9999999610137249, "index": 539.1778443769168, "iz": 623.0933789030482, "k6": 446.652651912544, "l0": 0.00026289628955145083, "lo": 6.991807284090152, "loss": 7.64235588412987e-06, "lq": 475, "meanscore": 0.9999758550226268, "n_docs": 1913201205, "non_null": 7.118241518444535e-08, "pi": 3672.922693302569, "pr": 121.32437496362186, "precision": 1.0, "prediction_time": 321.17457913331145, "qu": 453.1797555380437, "recall": 0.9999893613131101, "size": 24705069744, "time": 235.29220052901468, "weighted_avg": 6.374100947388014, "x6": 1326860}, "brand": {"NY": 3.731590104987979, "TO": 3.269606807521086e-12, "U6": 0.9998381756017409, "VL": 189.08694475041779, "WG": 314, "accuracy": 0.9999993956423491, "auc": 0.9999998603036925, "avg_time": 155.71800828481346, "benchmark": 5.697984247129481, "distinct": 538, "entropy": 2.763103487278062, "errors": 634, "exp_cost": 605528948, "f1-score": 0.9999999999510639, "falsepos": 3.941238717719564e-06, "fullscore": 0.9999999999409817, "gq": 8.523179880916905, "index": 283.92351312378605, "iz": 21778360650, "k6": 0.9999934074256409, "l0": 0.9999999999526421, "lo": 445, "loss": 6.463867219252961e-10, "lq": 839880799, "meanscore": 0.981672946913591, "n_docs": 56561588, "non_null": 4.196643033083092e-14, "pi": 4.562871457304662, "pr": 6.976974052886039, "precision": 0.9999912799611008, "prediction_time": 123.2181895534818, "qu": 0.9999999999954242, "recall": 0.9992890682889101, "size": 182941764, "time": 242.61889321740875, "weighted_avg": 5.0413478225178245}, "classifier": {"NY": 887684867, "TO": 9200974, "U6": 24091072946, "VL": 327.1206737163388, "WG": 8.996100107072635e-07, "accuracy": 0.9998196141067472, "auc": 0.9999999999992822, "avg_time": 472.04491000683674, "benchmark": 5.079442952572476, "distinct": 548, "entropy": 6.38384536929521, "errors": 635, "exp_cost": 472795775863, "f1-score": 0.9981954201124064, "falsepos": 0.0004459168211097264, "fullscore": 0.9999955164350851, "gq": 231.18946771642635, "index": 628.5820830118881, "iz": 5.56132164830071, "k6": 2.2549879054034605e-06, "l0": 0.9999999999999838, "lo": 578, "loss": 5.4279802874646066e-11, "lq": 2218809, "meanscore": 0.9999999998077865, "n_docs": 955573521, "non_null": 6.269047103657499e-08, "pi": 30.36421558555973, "pr": 1.2212453270876722e-15, "precision": 0.9999999903492763, "prediction_time": 100.28494652999429, "qu": 3.6090019861489964e-12, "recall": 0.9999999993100142, "size": 16137560, "time": 17.31172014333588, "weighted_avg": 5.6284267022864425, "x6": 990.820883573982}, "mark": {"NY": 174.4423220810174, "TO": 0.9999987221654093, "U6": 3.98042270810528e-07, "VL": 707, "WG": 637, "accuracy": 0.9999999968270177, "auc": 0.9999998454728636, "avg_time": 2667.0641926424696, "benchmark": 4.219514552357747, "distinct": 753, "errors": 490, "exp_cost": 872544, "f1-score": 0.9988288817765045, "falsepos": 2.6675700254719104e-05, "fullscore": 0.9999999999974734, "gq": 2871.9795133254916, "index": 2.4451004338469837, "iz": 5.575130743340446, "l0": 278.79645336912137, "lo": 2085.309977611216, "loss": 1.9179258181623027e-10, "lq": 0.9999999994131514, "meanscore": 0.9999999938304444, "n_docs": 740818719, "non_null": 2.1057727783713176e-09, "pi": 266716215, "pr": 4353857, "precision": 0.999999964587915, "prediction_time": 2216.7380004257225, "qu": 0.9999999821782672, "recall": 0.999999948478101, "size": 46088091, "time": 53.90253308803298, "weighted_avg": 5.8912153298532495, "x6": 0.9999773212337392}, "train": {"NY": 215.85432719304205, "TO": 4.463606906034988, "U6": 0.9999999999984389, "VL": 2.033232804343754e-09, "WG": 3.6688890518257082, "accuracy": 0.9999999999794467, "auc": 1.0, "avg_time": 1163.2383569799615, "benchmark": 6.353217775443052, "distinct": 596, "entropy": 4.452056924499823, "errors": 712, "exp_cost": 1516337, "f1-score": 0.9997847426074705, "falsepos": 8.493176869572849e-07, "fullscore": 0.9999927883139839, "gq": 1.0, "index": 1090.7872869257642, "iz": 7.2792173388239805, "k6": 5.218048215738236e-14, "l0": 0.9999999999735851, "lo": 1017028096, "loss": 3.5007585719171175e-10, "lq": 588, "meanscore": 0.9999979107393773, "n_docs": 37779611, "non_null": 9.637846076770984e-13, "pi": 5.287706117407254e-08, "pr": 510, "precision": 0.9999997378228405, "prediction_time": 4101.493869124416, "qu": 0.9999995201099414, "recall": 0.9538687172546958, "size": 12403770, "time": 600.2794159050418, "weighted_avg": 3.176639578781848, "x6": 84.24408823809243}, "train_full": {"NY": 5.746066579895731, "TO": 543, "U6": 8.131801038091524e-07, "VL": 232.14593157811115, "WG": 6.75250502537801, "accuracy": 0.9999998399134611, "auc": 0.9999999995045945, "avg_time": 1047.3969708392822, "benchmark": 3.9225344212769797, "distinct": 465, "entropy": 4.6005449138854395, "errors": 466, "exp_cost": 5329232493, "f1-score": 0.9999999999998954, "falsepos": 1.5466405933750593e-11, "fullscore": 0.9999972352985196, "gq": 6.867923264311962, "index": 127.9084085626536, "iz": 696, "k6": 0.9303347634991999, "l0": 171829, "lo": 0.0025698080861323858, "loss": 3.183487917723937e-10, "lq": 105.14083520632438, "meanscore": 0.9999999999962268, "n_docs": 1885171770, "non_null": 1.2272322767570287e-05, "pi": 7.278729086124258e-08, "pr": 662.3386280316199, "precision": 0.9999999999765035, "recall": 0.9998688303390214, "size": 87925317810, "time": 94.30516835595782, "weighted_avg": 3.136283035071018, "x6": 3.71722845995396}}