{"branch": {"NY": 514, "TO": 32897418, "U6": 253, "VL": 2.1345217496859803e-06, "WG": 0.9999999997512421, "accuracy": 0.999599710861875, "auc": 0.9142977851960603, "avg_time": 248.29854680958522, "benchmark": 2.126683345246986, "distinct": 507, "entropy": 5.009084133862136, "errors": 460, "exp_cost": 8080460, "f1-score": 0.9999963114878175, "falsepos": 4.919054595875494e-07, "fullscore": 0.9999856082548871, "index": 130.60838755049753, "iz": 115.04891920399356, "k6": 123.64492990107503, "l0": 0.0064712536198687776, "lo": 4.976340295762324, "loss": 0.0016183124332446175, "lq": 346, "meanscore": 0.9966532939448469, "n_docs": 98552843, "non_null": 0.00013360082747082558, "pi": 639.8843724615784, "pr": 27.775673482296458, "precision": 0.9999999998576458, "prediction_time": 79.68894601693984, "qu": 111.57305047599026, "recall": 0.9995926312797827, "size": 556183420, "time": 71.53560461538771, "weighted_avg": 4.864113759675157, "x6": 89271}, "brand": {"NY": 2.517572815169117, "TO": 3.009096638528774e-08, "U6": 0.9822632247564392, "VL": 40.434466796348374, "WG": 233, "accuracy": 0.9997535699795521, "auc": 0.9999663351078878, "avg_time": 23.603891027049773, "benchmark": 4.362680142381552, "distinct": 396, "entropy": 1.7102405034663941, "errors": 462, "exp_cost": 9307314, "f1-score": 0.9999999622417823, "falsepos": 0.0008992886668399702, "fullscore": 0.9999986189905183, "gq": 3.1073151842422724, "index": 61.019607691350515, "iz": 364069529, "k6": 0.9983398316464485, "l0": 0.9999998885198441, "lo": 346, "loss": 3.9678003083132296e-07, "lq": 26883628, "meanscore": 0.9018318828626564, "n_docs": 1944520, "non_null": 4.229421701751335e-09, "pi": 3.1233337968643493, "pr": 5.160706638318471, "precision": 0.9992376116643147, "prediction_time": 44.16472300345668, "qu": 0.999999941714794, "recall": 0.9839823270611152, "size": 7641063, "time": 46.792159122015526, "weighted_avg": 3.334119095700383}, "classifier": {"NY": 15281724, "TO": 1079950, "U6": 308093827, "VL": 71.00649347648235, "WG": 0.0004722051526313553, "accuracy": 0.9974649340020147, "auc": 0.999999979159819, "avg_time": 118.47874321705041, "benchmark": 3.6550270807692353, "distinct": 399, "entropy": 5.069269191544284, "errors": 446, "exp_cost": 5993315632, "f1-score": 0.9707475401886645, "falsepos": 0.030136602029262494, "fullscore": 0.9994638569629515, "gq": 48.44840631962062, "index": 109.0454810704682, "iz": 3.5970751721780627, "k6": 0.00040513867147373706, "l0": 0.9999999996632503, "lo": 442, "loss": 2.1273505134145054e-06, "lq": 101980, "meanscore": 0.9999983923521547, "n_docs": 34282397, "non_null": 5.4768568303775744e-05, "pi": 6.530381723575389, "pr": 8.005326401772095e-10, "precision": 0.9999904687298828, "prediction_time": 29.662065240466777, "qu": 9.29406261951371e-08, "recall": 0.9999991672658779, "size": 792232, "time": 8.34403971680087, "weighted_avg": 4.242341111508609, "x6": 189.86078446028466}, "mark": {"NY": 39.856835211256005, "TO": 0.9983768092052121, "U6": 0.0004204558182855367, "VL": 559, "WG": 451, "accuracy": 0.9999001449122554, "auc": 0.9999779167027975, "avg_time": 429.2060127168562, "benchmark": 2.7019469960938167, "distinct": 568, "errors": 355, "exp_cost": 41414, "f1-score": 0.9711016057826275, "falsepos": 0.0009065429108683354, "fullscore": 0.9999999433540069, "gq": 563.9246981726292, "index": 0.8459988357956723, "iz": 4.566375160629693, "l0": 64.86903088066886, "lo": 365.29023163169455, "loss": 6.61729445905479e-07, "lq": 0.9999984374044065, "meanscore": 0.9999943515063937, "n_docs": 12927120, "non_null": 2.463611460890025e-05, "pi": 8081536, "pr": 385358, "precision": 0.9997946749405143, "prediction_time": 541.8933518289901, "qu": 0.999997404729415, "recall": 0.9999634603759948, "size": 1303253, "time": 8.226786245381357, "weighted_avg": 4.341518456130391, "x6": 0.9988725815007707}, "train": {"NY": 51.17192306894292, "TO": 3.115593270534545, "U6": 0.9999997537633334, "VL": 1.891049366620212e-05, "WG": 2.568409717356869, "accuracy": 0.999999785521615, "auc": 0.9999999999711522, "avg_time": 163.7981706164498, "benchmark": 5.268543498643395, "distinct": 459, "entropy": 3.4806065809263442, "errors": 522, "exp_cost": 64598, "f1-score": 0.9876061981396613, "falsepos": 0.00012822566485382048, "fullscore": 0.9985879221288074, "gq": 0.9999999999452545, "index": 210.13743398442074, "iz": 5.418549729233817, "k6": 1.5535632447161163e-08, "l0": 0.9999981821818523, "lo": 20958716, "loss": 7.404116009634976e-06, "lq": 419, "meanscore": 0.9997812449154924, "n_docs": 2076118, "non_null": 5.540986058871766e-08, "pi": 5.371305325296838e-06, "pr": 388, "precision": 0.9997723532745605, "prediction_time": 808.4249351883349, "qu": 0.9998234537442614, "recall": 0.818083292482137, "size": 586441, "time": 162.8223527946733, "weighted_avg": 2.030558086199424, "x6": 17.120544289811903}, "train_full": {"NY": 4.087790451426664, "TO": 373, "U6": 7.098119860771135e-05, "VL": 67.79801310551555, "WG": 5.130844713626462, "accuracy": 0.9999340926705638, "auc": 0.9999987229064438, "avg_time": 150.72403462896207, "benchmark": 2.634888533790743, "distinct": 313, "entropy": 3.142190311318208, "errors": 324, "exp_cost": 256980101, "f1-score": 0.9999999972604855, "falsepos": 7.039117250196014e-07, "fullscore": 0.9995957220928422, "gq": 5.199160540230403, "index": 24.788154221618427, "iz": 527, "k6": 0.7258992353834802, "l0": 16682, "lo": 0.03234809202512767, "loss": 1.7180510539782645e-06, "lq": 35.24194735723261, "meanscore": 0.9999999538630551, "n_docs": 34124165, "non_null": 0.0010421684362471595, "pi": 6.566855733636245e-05, "pr": 160.1510053558606, "precision": 0.9999997590963433, "recall": 0.9976760944559029, "size": 815568018, "time": 24.570736399990757, "weighted_avg": 1.9336628420480597, "x6": 2.834181812003804}}