{"branch": {"NY": 787, "TO": 2609001703, "U6": 414, "VL": 2.7342128561258505e-11, "WG": 1.0, "accuracy": 0.9999999940775751, "auc": 0.9937093635100827, "avg_time": 3490.3642048837496, "benchmark": 3.777729296388839, "distinct": 758, "entropy": 7.847312621646874, "errors": 729, "exp_cost": 1010380871, "f1-score": 0.9999999999980929, "falsepos": 1.5187850976872141e-13, "fullscore": 0.999999998920441, "index": 1011.2363258281705, "iz": 1239.4402082710021, "k6": 720.0751442814745, "l0": 4.8179967545913804e-05, "lo": 7.867529001901572, "loss": 4.3358207835186846e-07, "lq": 536, "meanscore": 0.9999985567193002, "n_docs": 6454700827, "non_null": 1.3917588193024244e-09, "pi": 7955.973373758103, "pr": 197.0344663979835, "precision": 1.0, "prediction_time": 615.7723087021218, "qu": 827.5924638937083, "recall": 0.9999986005730029, "size": 116925636324, "time": 416.63214434780303, "weighted_avg": 7.08645110453657, "x6": 4135805}, "brand": {"NY": 4.490454164922956, "TO": 4.707345624410664e-14, "U6": 0.9999857950568415, "VL": 314.97791963962277, "WG": 368, "accuracy": 0.9999999899766321, "auc": 0.999999994657689, "avg_time": 334.64410757532386, "benchmark": 6.212418028736581, "distinct": 586, "entropy": 3.068187330295557, "errors": 707, "exp_cost": 3915260354, "f1-score": 0.9999999999959592, "falsepos": 2.1100584146616086e-07, "fullscore": 0.9999999999997478, "gq": 12.822980640246003, "index": 713.7308618255108, "iz": 115371716366, "k6": 0.9999998446472621, "l0": 0.9999999999998411, "lo": 491, "loss": 1.3839485113464889e-11, "lq": 3590250962, "meanscore": 0.9928621637413313, "n_docs": 193566819, "non_null": 3.3306690738754696e-16, "pi": 4.96784920707574, "pr": 7.7283971619967, "precision": 0.9999992850235107, "prediction_time": 194.03061487173295, "qu": 0.9999999999999951, "recall": 0.9999518146412099, "size": 711499782, "time": 478.7445990500346, "weighted_avg": 5.827334912167802}, "classifier": {"NY": 5017678242, "TO": 33032714, "U6": 122031249602, "VL": 585.5766570792125, "WG": 1.8981689664521184e-08, "accuracy": 0.9999673709004004, "auc": 0.9999999999999919, "avg_time": 1009.6596620724705, "benchmark": 5.711889890167978, "distinct": 600, "entropy": 7.066123325453246, "errors": 689, "exp_cost": 3155396360247, "f1-score": 0.9996623465209384, "falsepos": 3.9866941216937235e-05, "fullscore": 0.9999998883995139, "gq": 511.9770296564115, "index": 1152.5480705380946, "iz": 6.549721909497164, "k6": 1.025006337584955e-07, "l0": 0.9999999999999999, "lo": 623, "loss": 2.298161660974074e-13, "lq": 8855061, "meanscore": 0.9999999999970303, "n_docs": 5896695821, "non_null": 2.8768020188252308e-09, "pi": 54.15394993850711, "pr": 0.0, "precision": 0.9999999998768928, "prediction_time": 187.52184393093282, "qu": 7.66053886991358e-15, "recall": 0.999999999970596, "size": 60638774, "time": 26.7106479905138, "weighted_avg": 6.416313770913335, "x6": 2054.9081884733882}, "mark": {"NY": 316.89614614081967, "TO": 0.9999999764875174, "U6": 3.896544020776105e-08, "VL": 778, "WG": 701, "accuracy": 0.9999999999886257, "auc": 0.9999999946868988, "avg_time": 5800.483145565889, "benchmark": 4.753996416230727, "distinct": 820, "errors": 540, "exp_cost": 3116374, "f1-score": 0.9998290467397865, "falsepos": 2.166460430941264e-06, "fullscore": 0.9999999999999901, "gq": 6523.605773323576, "index": 3.5289816653617057, "iz": 6.05308472400487, "l0": 410.83000247104246, "lo": 4431.456980227539, "loss": 3.6917136014835705e-12, "lq": 0.9999999999787298, "meanscore": 0.9999999998793588, "n_docs": 3136611556, "non_null": 3.171818363512102e-11, "pi": 1120995603, "pr": 12333844, "precision": 0.9999999996362472, "prediction_time": 4056.833920461007, "qu": 0.9999999987690564, "recall": 0.999999988313071, "size": 267807552, "time": 95.8581032802897, "weighted_avg": 6.445577909387262, "x6": 0.9999947193610326}, "train": {"NY": 376.9871875664075, "TO": 5.058998653255728, "U6": 0.9999999999999988, "VL": 3.428712869180117e-11, "WG": 4.184845160374234, "accuracy": 0.9999999999997072, "auc": 1.0, "avg_time": 2871.940733092857, "benchmark": 6.967421781287566, "distinct": 664, "entropy": 4.947901916396001, "errors": 785, "exp_cost": 3678097, "f1-score": 0.9999754010655559, "falsepos": 4.647318996298111e-08, "fullscore": 0.9999993533542793, "gq": 1.0, "index": 2497.301073711495, "iz": 8.113556733777548, "k6": 2.220446049250313e-16, "l0": 0.9999999999997422, "lo": 6072141013, "loss": 1.7850165789923267e-12, "lq": 663, "meanscore": 0.9999999367427975, "n_docs": 167779612, "non_null": 8.881784197001252e-16, "pi": 5.837832328658976e-09, "pr": 550, "precision": 0.9999999922617946, "prediction_time": 10277.956036024136, "qu": 0.9999999617732948, "recall": 0.9802495344952862, "size": 73307789, "time": 1051.0392186165316, "weighted_avg": 3.7093500049942705, "x6": 153.76288811957542}, "train_full": {"NY": 6.461861539063159, "TO": 617, "U6": 9.335188866366195e-08, "VL": 313.924777973635, "WG": 7.3178803104040595, "accuracy": 0.9999999962379655, "auc": 0.9999999999983082, "avg_time": 2264.873456912875, "benchmark": 4.461671282502032, "distinct": 532, "entropy": 5.461116168512383, "errors": 524, "exp_cost": 23197443950, "f1-score": 0.9999999999999996, "falsepos": 5.218048215738236e-15, "fullscore": 0.9999999506665399, "gq": 7.71467967412939, "index": 323.52577174609183, "iz": 748, "k6": 0.9589552443794295, "l0": 374227, "lo": 0.0006055727436131697, "loss": 2.684186206636241e-12, "lq": 184.9590649631693, "meanscore": 0.999999999999984, "n_docs": 10617077291, "non_null": 2.177758662291751e-07, "pi": 3.790597502550952e-09, "pr": 1404.6341098379557, "precision": 0.9999999999998478, "recall": 0.9999752908275905, "size": 420129045890, "time": 173.25129562630468, "weighted_avg": 3.659484747958142, "x6": 4.134842644432289}}