{"branch": {"NY": 660, "TO": 254476295, "U6": 337, "VL": 4.391276520188114e-08, "WG": 0.9999999999999636, "accuracy": 0.9999975817609282, "auc": 0.9732168688390128, "avg_time": 912.3093775277707, "benchmark": 3.108540544490666, "distinct": 634, "entropy": 6.32283243580337, "errors": 593, "exp_cost": 72813882, "f1-score": 0.9999999966502178, "falsepos": 1.1363497920413579e-09, "fullscore": 0.9999998369257135, "index": 345.5479880124525, "iz": 367.3691388297249, "k6": 306.7582431358558, "l0": 0.000543180828107892, "lo": 6.472189969054832, "loss": 3.481221050927186e-05, "lq": 434, "meanscore": 0.9999066985971293, "n_docs": 908551369, "non_null": 7.966424250271942e-07, "pi": 2231.6516047275672, "pr": 78.55457547007404, "precision": 0.9999999999999907, "prediction_time": 225.27147971995237, "qu": 331.3962337056818, "recall": 0.9999660438242801, "size": 7694099279, "time": 169.2132352934299, "weighted_avg": 5.851984992167123, "x6": 808759}, "brand": {"NY": 3.4424603347953573, "TO": 6.147060638284074e-11, "U6": 0.9992334829432221, "VL": 110.5861894761354, "WG": 279, "accuracy": 0.9999962147151854, "auc": 0.9999986455651279, "avg_time": 96.12241594487351, "benchmark": 5.315085841091728, "distinct": 503, "entropy": 2.4244674356787543, "errors": 588, "exp_cost": 187216837, "f1-score": 0.9999999997029474, "falsepos": 1.5967428733776323e-05, "fullscore": 0.9999999986814287, "gq": 6.522412175539726, "index": 179.6413442001247, "iz": 7790932059, "k6": 0.9999687752077212, "l0": 0.999999999321494, "lo": 416, "loss": 4.158920541286193e-09, "lq": 347284522, "meanscore": 0.9694227115723377, "n_docs": 22590939, "non_null": 2.6578739209526248e-12, "pi": 4.1610428391415075, "pr": 6.454841908230768, "precision": 0.9999613616436746, "prediction_time": 85.58419396929517, "qu": 0.9999999998767332, "recall": 0.9985344343103493, "size": 106175983, "time": 156.38284154990555, "weighted_avg": 4.574004717629811}, "classifier": {"NY": 307704562, "TO": 5466711, "U6": 5853370457, "VL": 212.73347430005106, "WG": 5.835463074088665e-06, "accuracy": 0.9995484830127384, "auc": 0.9999999999883991, "avg_time": 344.77245217330596, "benchmark": 4.671234738277658, "distinct": 513, "entropy": 5.936781411485922, "errors": 569, "exp_cost": 147367340039, "f1-score": 0.9967213389965061, "falsepos": 0.001808490527603901, "fullscore": 0.999975756611175, "gq": 143.7222043603533, "index": 395.91626436551593, "iz": 4.991165542161344, "k6": 1.189889485542217e-05, "l0": 0.9999999999997897, "lo": 526, "loss": 1.724382525658541e-09, "lq": 1002541, "meanscore": 0.9999999972709925, "n_docs": 436281947, "non_null": 4.731826208637102e-07, "pi": 19.255200934319507, "pr": 6.405986852087153e-14, "precision": 0.9999999316090727, "prediction_time": 89.27617067898262, "qu": 1.0266543171155718e-10, "recall": 0.9999999930440175, "size": 7256789, "time": 16.48914295954424, "weighted_avg": 5.27267707069009, "x6": 625.8397657802183}, "mark": {"NY": 118.58851416191908, "TO": 0.9999806011412435, "U6": 5.823842089913711e-06, "VL": 653, "WG": 568, "accuracy": 0.9999998742706191, "auc": 0.9999995859523252, "avg_time": 1788.3213730916507, "benchmark": 3.906669054338585, "distinct": 705, "errors": 441, "exp_cost": 421578, "f1-score": 0.9964723825867139, "falsepos": 4.9801599310450584e-05, "fullscore": 0.9999999999654746, "gq": 1999.584498681617, "index": 2.0212613086387234, "iz": 5.232402903216805, "l0": 187.29808592490525, "lo": 1256.148280274871, "loss": 4.544962184382939e-09, "lq": 0.9999999946467764, "meanscore": 0.9999999675425129, "n_docs": 265872018, "non_null": 5.476590891895228e-08, "pi": 144042142, "pr": 2054060, "precision": 0.9999996648163874, "prediction_time": 1550.273316234979, "qu": 0.9999999319124878, "recall": 0.9999994597493173, "size": 13995970, "time": 27.562905616374245, "weighted_avg": 5.484866948783284, "x6": 0.999939450438214}, "train": {"NY": 146.46665905690048, "TO": 4.268345644162114, "U6": 0.9999999999539726, "VL": 3.152882910306687e-08, "WG": 3.397241506499574, "accuracy": 0.9999999996196014, "auc": 0.9999999999999996, "avg_time": 686.5665172614869, "benchmark": 5.978481384881598, "distinct": 548, "entropy": 4.029401921621147, "errors": 659, "exp_cost": 394143, "f1-score": 0.9991583103895296, "falsepos": 3.5647209682965197e-06, "fullscore": 0.9999547277545431, "gq": 0.999999999999996, "index": 642.7903432355106, "iz": 6.662793789098253, "k6": 2.768785201112678e-12, "l0": 0.9999999992775351, "lo": 399506014, "loss": 1.130250526504284e-08, "lq": 542, "meanscore": 0.9999985082626315, "n_docs": 18018825, "non_null": 3.733691134044648e-11, "pi": 2.877709581738941e-07, "pr": 475, "precision": 0.9999982778348986, "prediction_time": 2572.1142229725497, "qu": 0.9999976853250326, "recall": 0.9228424077726047, "size": 6410919, "time": 499.7914346484807, "weighted_avg": 3.0359031740074256, "x6": 52.05617869662068}, "train_full": {"NY": 5.299049458847033, "TO": 496, "U6": 4.031222776701426e-06, "VL": 170.26514345444554, "WG": 6.339027938902372, "accuracy": 0.9999986951052217, "auc": 0.9999999930880061, "avg_time": 591.7873821419207, "benchmark": 3.7173304228166906, "distinct": 424, "entropy": 4.3189219803670165, "errors": 428, "exp_cost": 2534094436, "f1-score": 0.9999999999979934, "falsepos": 4.837665823487214e-10, "fullscore": 0.9999903424293498, "gq": 6.444599163323473, "index": 82.30625489766044, "iz": 652, "k6": 0.8559953027820169, "l0": 90514, "lo": 0.006132812602698823, "loss": 3.677176896310641e-09, "lq": 88.78913198357225, "meanscore": 0.9999999999424536, "n_docs": 577232768, "non_null": 5.2074665948476095e-05, "pi": 4.303067380195813e-07, "pr": 434.4801861073424, "precision": 0.9999999990909905, "recall": 0.9997003295954977, "size": 29783176297, "time": 64.41427427040529, "weighted_avg": 2.76961915705064, "x6": 3.469557131988143}}