{"branch": {"NY": 270, "TO": 418698, "U6": 88, "VL": 0.015036245752276023, "WG": 0.9999721657232494, "accuracy": 0.8994502781697706, "auc": 0.5867771300151592, "avg_time": 17.55543784051954, "benchmark": 0.5113576090575828, "distinct": 254, "entropy": 2.31732016427277, "errors": 201, "exp_cost": 46646, "f1-score": 0.9873123118223436, "falsepos": 0.009890747382591103, "fullscore": 0.991225055166238, "index": 15.996470486613758, "iz": 14.71457767886092, "k6": 22.23416985167377, "l0": 0.13869836012904613, "lo": 2.1564812369917203, "loss": 0.15594730921910538, "lq": 148, "meanscore": 0.7692515077627815, "n_docs": 1058343, "non_null": 0.10988692779758769, "pi": 53.31010546921015, "pr": 4.374808693625598, "precision": 0.9997339240267237, "prediction_time": 11.703542851184709, "qu": 15.752401981525653, "recall": 0.961587925900695, "size": 2317654, "time": 8.928289900598726, "weighted_avg": 2.304482680888799, "x6": 3819}, "brand": {"NY": 0.046663109560276306, "TO": 0.00023915278989683486, "U6": 0.6310078059093733, "VL": 5.821053128934026, "WG": 75, "accuracy": 0.8963270229837692, "auc": 0.966547875606528, "avg_time": 1.481014415710478, "benchmark": 2.7235841996999386, "distinct": 206, "entropy": 0.3281602026663074, "errors": 192, "exp_cost": 25668, "f1-score": 0.9998786639121635, "falsepos": 0.0749166873959386, "fullscore": 0.9866300148940972, "gq": 0.7745215666343913, "index": 3.504372411329944, "iz": 1274986, "k6": 0.8423172130461448, "l0": 0.9987328687722059, "lo": 181, "loss": 0.00032318335934589104, "lq": 264935, "meanscore": 0.4822319184546558, "n_docs": 22294, "non_null": 0.00043235111638861845, "pi": 1.3804529829733343, "pr": 2.4978797957384513, "precision": 0.9134772336808827, "prediction_time": 10.158843468288774, "qu": 0.997680010678626, "recall": 0.5098593753514453, "size": 67105, "time": 4.20792745164258, "weighted_avg": 0.6228575243031835}, "classifier": {"NY": 53854, "TO": 29717, "U6": 1029105, "VL": 9.138014749242016, "WG": 0.13393583599172787, "accuracy": 0.9658945513934419, "auc": 0.9996115746780185, "avg_time": 14.460516460048021, "benchmark": 1.4664998418959918, "distinct": 215, "entropy": 2.8460661253427055, "errors": 202, "exp_cost": 10662488, "f1-score": 0.6759135132361971, "falsepos": 0.5200897506210025, "fullscore": 0.9381843939412735, "gq": 3.3438376256457873, "index": 14.13693626174258, "iz": 0.5657505934918106, "k6": 0.08851670830009706, "l0": 0.9999912415353388, "lo": 215, "loss": 0.03255819698941198, "lq": 1343, "meanscore": 0.9937443296733394, "n_docs": 216218, "non_null": 0.015799220737171216, "pi": 0.954649122426303, "pr": 0.002954525749630621, "precision": 0.9884845315139923, "prediction_time": 5.312327509323967, "qu": 0.005675814879913643, "recall": 0.9989036442733277, "size": 10582, "time": 1.9395306960944096, "weighted_avg": 1.9343199424457431, "x6": 14.107730023560995}, "mark": {"NY": 5.437706521123793, "TO": 0.6302822783976615, "U6": 0.10220681238008289, "VL": 361, "WG": 198, "accuracy": 0.8367366823478091, "auc": 0.9958671541756483, "avg_time": 28.913408739621058, "benchmark": 0.929640206583108, "distinct": 270, "errors": 158, "exp_cost": 828, "f1-score": 0.5852793141824146, "falsepos": 0.04320487498102632, "fullscore": 0.9984028806901247, "gq": 27.167575021900355, "index": 0.2320655801583254, "iz": 2.841288901319253, "l0": 10.728029897467755, "lo": 30.38857766836443, "loss": 0.0046965448674229915, "lq": 0.9968631419031659, "meanscore": 0.9943748253419089, "n_docs": 70136, "non_null": 0.12207472072180969, "pi": 87820, "pr": 12003, "precision": 0.871470141270097, "prediction_time": 80.8834553101939, "qu": 0.999195451367001, "recall": 0.9897161500162709, "size": 5248, "time": 0.7701271098013774, "weighted_avg": 2.27985273515063, "x6": 0.9257671904642368}, "train": {"NY": 6.4351141338239195, "TO": 1.3417929819716994, "U6": 0.9664454894364907, "VL": 0.023278670034575955, "WG": 1.0603218797054175, "accuracy": 0.9992997497015105, "auc": 0.9999748934639321, "avg_time": 7.993680134404356, "benchmark": 2.8911639902646153, "distinct": 235, "entropy": 1.9743953425635483, "errors": 242, "exp_cost": 1280, "f1-score": 0.6251197515607323, "falsepos": 0.037608795521739014, "fullscore": 0.8908476277041816, "gq": 0.9997836263028703, "index": 16.49955293156259, "iz": 2.761269795639752, "k6": 0.0008217374402506028, "l0": 0.9537541849041842, "lo": 68111, "loss": 0.06682168410219413, "lq": 198, "meanscore": 0.9708771621034751, "n_docs": 25242, "non_null": 0.005440560421805296, "pi": 0.002166953943740113, "pr": 215, "precision": 0.9109650570910578, "prediction_time": 39.52806129094412, "qu": 0.967453587759489, "recall": 0.3514527136039026, "size": 4937, "time": 27.996173310610754, "weighted_avg": 0.42271643839526923, "x6": 2.0955855185614616}, "train_full": {"NY": 1.6076160293735893, "TO": 124, "U6": 0.011769682969891004, "VL": 13.085964236598697, "WG": 2.9891891186180484, "accuracy": 0.9468965036095889, "auc": 0.9882947807278901, "avg_time": 13.282226251272316, "benchmark": 1.1064092888023662, "distinct": 118, "entropy": 0.9372531047644752, "errors": 143, "exp_cost": 2624471, "f1-score": 0.9997637682090095, "falsepos": 0.034399548036135874, "fullscore": 0.8672101481936422, "gq": 2.9473208477288533, "index": 1.9002467895646327, "iz": 307, "k6": 0.26471866613657086, "l0": 615, "lo": 0.31285726784281165, "loss": 0.022019883787075756, "lq": 7.179908252931166, "meanscore": 0.9987033546815, "n_docs": 88384, "non_null": 0.13188226511970946, "pi": 0.08062804246969102, "pr": 11.255811464175096, "precision": 0.9954567405189177, "recall": 0.869253959128671, "size": 5068979, "time": 3.806193959517081, "weighted_avg": 0.08723266721171719, "x6": 1.3157262541718084}}