{"branch": {"NY": 341, "TO": 1476412, "U6": 136, "VL": 0.0023505809045039072, "WG": 0.9999985208178352, "accuracy": 0.9617788639921405, "auc": 0.7283726729655744, "avg_time": 34.532090298225235, "benchmark": 1.0393430049422103, "distinct": 326, "entropy": 3.057055900273122, "errors": 273, "exp_cost": 191771, "f1-score": 0.9982979481764103, "falsepos": 0.001564764551133857, "fullscore": 0.9977595352136568, "index": 28.084944233189393, "iz": 28.575946372049167, "k6": 31.20118544992978, "l0": 0.0556516573895347, "lo": 2.964785109110362, "loss": 0.043601034818748996, "lq": 193, "meanscore": 0.8779228874934297, "n_docs": 2826740, "non_null": 0.03257887032396489, "pi": 120.2921618194232, "pr": 7.159828233680533, "precision": 0.9999880819307353, "prediction_time": 20.70402740537218, "qu": 29.909237776290016, "recall": 0.9838730410404153, "size": 14315939, "time": 15.318379165328807, "weighted_avg": 2.8490261263443157, "x6": 9379}, "brand": {"NY": 0.7440012755446996, "TO": 2.6197052088949846e-05, "U6": 0.8084951793776725, "VL": 9.34491401301689, "WG": 129, "accuracy": 0.9660099416051826, "auc": 0.9878007660458131, "avg_time": 3.0708644012900184, "benchmark": 3.173695537070278, "distinct": 263, "entropy": 0.6558827355597548, "errors": 270, "exp_cost": 114355, "f1-score": 0.9999854127258315, "falsepos": 0.027097790251932152, "fullscore": 0.9983214829997276, "gq": 1.2157630111178466, "index": 6.739171430380051, "iz": 6638763, "k6": 0.9455001810886765, "l0": 0.999863050988991, "lo": 222, "loss": 9.83872750137671e-05, "lq": 824761, "meanscore": 0.67059992734252, "n_docs": 77503, "non_null": 3.5317940592638486e-05, "pi": 1.9905696888270552, "pr": 3.214795267663038, "precision": 0.9660182023307827, "prediction_time": 16.61618128141305, "qu": 0.9997226113265959, "recall": 0.6970209055617722, "size": 234729, "time": 8.260676356395562, "weighted_avg": 1.3418555209357819}, "classifier": {"NY": 221010, "TO": 101054, "U6": 5017870, "VL": 15.83693908976637, "WG": 0.044397965015182894, "accuracy": 0.9827129865397171, "auc": 0.9999628323246258, "avg_time": 27.986147116558417, "benchmark": 2.0816452690068923, "distinct": 273, "entropy": 3.3391656681674755, "errors": 269, "exp_cost": 46740304, "f1-score": 0.8009570351899266, "falsepos": 0.25693583050914715, "fullscore": 0.9760585474660906, "gq": 6.29222047572879, "index": 26.999834834603387, "iz": 1.3996065672765812, "k6": 0.029486662958222887, "l0": 0.9999984173719705, "lo": 280, "loss": 0.0051545590905803795, "lq": 4168, "meanscore": 0.999176037079421, "n_docs": 1182780, "non_null": 0.004213341186207309, "pi": 1.8424338591394243, "pr": 0.00019685261488289196, "precision": 0.9973117328752884, "prediction_time": 7.556772473145544, "qu": 0.000597673298613266, "recall": 0.9997010262629857, "size": 32282, "time": 2.774286394784942, "weighted_avg": 2.5540611557631334, "x6": 28.085272885033454}, "mark": {"NY": 9.752279259223927, "TO": 0.8455900236056685, "U6": 0.027581874613605617, "VL": 413, "WG": 263, "accuracy": 0.9601398638391854, "auc": 0.9989723300635257, "avg_time": 60.4187262450974, "benchmark": 1.5665092929915128, "distinct": 351, "errors": 199, "exp_cost": 2868, "f1-score": 0.7225573709123514, "falsepos": 0.014731998931001078, "fullscore": 0.9998205844558833, "gq": 69.2367622475667, "index": 0.33239894361892985, "iz": 3.2846122979973615, "l0": 18.536179735971213, "lo": 53.366782641600665, "loss": 0.0008865011468258688, "lq": 0.999315548895724, "meanscore": 0.998531395525776, "n_docs": 326936, "non_null": 0.03284550782756601, "pi": 324418, "pr": 33860, "precision": 0.9704942618147585, "prediction_time": 123.27464665911236, "qu": 0.9997885317330447, "recall": 0.9970898632074527, "size": 27488, "time": 1.3244147979491512, "weighted_avg": 2.8744095392652578, "x6": 0.9652877684940941}, "train": {"NY": 11.217192750510371, "TO": 1.8800205145525286, "U6": 0.9947197947697344, "VL": 0.0043687208449949555, "WG": 1.3098025905164425, "accuracy": 0.9998826788296493, "auc": 0.9999991124224579, "avg_time": 21.91290755355228, "benchmark": 3.555521457873066, "distinct": 288, "entropy": 2.3658013123396127, "errors": 302, "exp_cost": 3736, "f1-score": 0.8027484213833165, "falsepos": 0.01112420650415813, "fullscore": 0.9556613711525722, "gq": 0.9999933193099924, "index": 31.014397265013987, "iz": 3.4343388998042346, "k6": 6.91045401772783e-05, "l0": 0.9932513771866054, "lo": 340164, "loss": 0.015497119231745682, "lq": 265, "meanscore": 0.9921045658861831, "n_docs": 85013, "non_null": 0.0007005641346539138, "pi": 0.0007389712397891657, "pr": 258, "precision": 0.9741251406822361, "prediction_time": 95.15845350177385, "qu": 0.9902407371751718, "recall": 0.4908294967070274, "size": 19615, "time": 48.30028450598352, "weighted_avg": 0.9033801764881247, "x6": 3.6337975690068607}, "train_full": {"NY": 2.3352893510700095, "TO": 182, "U6": 0.003264825068338917, "VL": 22.196709051127183, "WG": 3.589291344498633, "accuracy": 0.9848536958861933, "auc": 0.9983323594950917, "avg_time": 29.400669276968223, "benchmark": 1.5135696865291461, "distinct": 178, "entropy": 1.4673981429831084, "errors": 197, "exp_cost": 8241726, "f1-score": 0.9999717687157759, "falsepos": 0.006377305177632908, "fullscore": 0.9553056391696728, "gq": 3.6435261373350216, "index": 3.715946006362647, "iz": 368, "k6": 0.34045933022982133, "l0": 1692, "lo": 0.2011333041320963, "loss": 0.002643252683422137, "lq": 10.67189037870104, "meanscore": 0.9998320014168278, "n_docs": 395730, "non_null": 0.04763872316988871, "pi": 0.02184511516118537, "pr": 22.93810987908925, "precision": 0.9991678789928031, "recall": 0.9460345756295281, "size": 15212696, "time": 6.552299949643914, "weighted_avg": 0.60142024922298, "x6": 1.5095810741208096}}