{"branch": {"NY": 339, "TO": 1185144, "U6": 132, "VL": 0.0026973409358185263, "WG": 0.9999979303524711, "accuracy": 0.9589945556646459, "auc": 0.7211183246759703, "avg_time": 33.168372322377586, "benchmark": 0.9708575728715148, "distinct": 318, "entropy": 2.915266123879434, "errors": 272, "exp_cost": 161845, "f1-score": 0.9981000667513195, "falsepos": 0.0017403257430330665, "fullscore": 0.9973371514165911, "index": 25.528545676259363, "iz": 28.107249370490127, "k6": 31.666037042739518, "l0": 0.0690627426930388, "lo": 2.914307945310787, "loss": 0.0575685580323414, "lq": 189, "meanscore": 0.8656170818909976, "n_docs": 2821036, "non_null": 0.03856737745324268, "pi": 109.46709824795245, "pr": 7.1647016580818415, "precision": 0.9999856987666761, "prediction_time": 20.074746335934538, "qu": 25.826871075195324, "recall": 0.9824314801174007, "size": 11314140, "time": 14.682953574505856, "weighted_avg": 2.7972870892980306, "x6": 7817}, "brand": {"NY": 0.7604544745802009, "TO": 2.4569482725889102e-05, "U6": 0.7823332010175623, "VL": 9.322245392041978, "WG": 121, "accuracy": 0.9596318650147994, "auc": 0.9886436382425546, "avg_time": 2.8444973424333524, "benchmark": 3.045924523940659, "distinct": 262, "entropy": 0.6371334165855244, "errors": 259, "exp_cost": 100178, "f1-score": 0.9999833093163618, "falsepos": 0.02919762356096922, "fullscore": 0.9981936911500903, "gq": 1.1756570160044422, "index": 6.206410960091045, "iz": 5584077, "k6": 0.9358213909898805, "l0": 0.9998033638170701, "lo": 221, "loss": 0.00011353030458893798, "lq": 789682, "meanscore": 0.6812837857699277, "n_docs": 82244, "non_null": 5.083530771554656e-05, "pi": 1.9259592939770283, "pr": 3.169394554085277, "precision": 0.9639158988796125, "prediction_time": 16.141307800958714, "qu": 0.9996870336080084, "recall": 0.702544512087871, "size": 224926, "time": 7.322905826815768, "weighted_avg": 1.297170289294489}, "classifier": {"NY": 195385, "TO": 82829, "U6": 4296295, "VL": 15.612273507885675, "WG": 0.04866398306176012, "accuracy": 0.9831843662872362, "auc": 0.9999619192531549, "avg_time": 28.29094564771591, "benchmark": 2.04751249400879, "distinct": 268, "entropy": 3.2597157898210654, "errors": 255, "exp_cost": 46925390, "f1-score": 0.7683389602593252, "falsepos": 0.2706459605793121, "fullscore": 0.9737608263661066, "gq": 6.404838699647565, "index": 24.078737595531074, "iz": 1.3159043134029964, "k6": 0.03332181522853661, "l0": 0.9999986834730253, "lo": 279, "loss": 0.006055334351193986, "lq": 4083, "meanscore": 0.9990451402372191, "n_docs": 1034045, "non_null": 0.005585284466144813, "pi": 1.7203117985861547, "pr": 0.00022556771590653835, "precision": 0.9971840892624126, "prediction_time": 7.1900548063262155, "qu": 0.0007623591363425941, "recall": 0.9996587698280697, "size": 32684, "time": 2.7997542843298597, "weighted_avg": 2.5342665663371173, "x6": 27.363748016104168}, "mark": {"NY": 9.558234347751913, "TO": 0.83504332710467, "U6": 0.02701947779165015, "VL": 411, "WG": 250, "accuracy": 0.9585008703602721, "auc": 0.9986870628066167, "avg_time": 55.96546163996572, "benchmark": 1.4506793235942568, "distinct": 343, "errors": 201, "exp_cost": 2568, "f1-score": 0.7223295959928462, "falsepos": 0.01794798737659442, "fullscore": 0.9998114236598972, "gq": 61.548109533931196, "index": 0.33302568577644387, "iz": 3.2528309382063227, "l0": 19.09326014861138, "lo": 53.97468591927521, "loss": 0.0009341116753592837, "lq": 0.9993383592148357, "meanscore": 0.998559258852568, "n_docs": 277782, "non_null": 0.032723472001436105, "pi": 347656, "pr": 31259, "precision": 0.9655755358783396, "prediction_time": 117.16120418124721, "qu": 0.9997871011517717, "recall": 0.9976323104518029, "size": 25857, "time": 1.370103862538782, "weighted_avg": 2.8876186172439953, "x6": 0.965379071171719}, "train": {"NY": 10.952170553630998, "TO": 1.7853509151305245, "U6": 0.9945767693913501, "VL": 0.005267184336228747, "WG": 1.3493530432071432, "accuracy": 0.9998552050819954, "auc": 0.9999988482534847, "avg_time": 19.770819476289315, "benchmark": 3.566247529335572, "distinct": 283, "entropy": 2.3274735854687765, "errors": 301, "exp_cost": 3859, "f1-score": 0.8074742288239045, "falsepos": 0.01265377615523322, "fullscore": 0.9529046164496061, "gq": 0.9999925233340728, "index": 30.12925832945311, "iz": 3.375428496430024, "k6": 6.609151303504923e-05, "l0": 0.9902802227200432, "lo": 275711, "loss": 0.016877034399114255, "lq": 255, "meanscore": 0.9896673356811017, "n_docs": 78462, "non_null": 0.0007374291148511958, "pi": 0.0009746438851805372, "pr": 255, "precision": 0.9727078286077739, "prediction_time": 95.24715312768511, "qu": 0.9896364532962999, "recall": 0.480185720819687, "size": 16490, "time": 46.78974432243626, "weighted_avg": 0.7908269522909621, "x6": 3.4801319776437847}, "train_full": {"NY": 2.299469554843725, "TO": 178, "U6": 0.0033651069216833474, "VL": 21.245290270074413, "WG": 3.503157907670675, "accuracy": 0.9833949611680703, "auc": 0.9977830106430446, "avg_time": 28.870014232028645, "benchmark": 1.5572960414504036, "distinct": 180, "entropy": 1.4275847815884373, "errors": 186, "exp_cost": 7357088, "f1-score": 0.9999755400723287, "falsepos": 0.008085623148186616, "fullscore": 0.9399066980235594, "gq": 3.578554148560444, "index": 3.417190750900032, "iz": 366, "k6": 0.30581509699954795, "l0": 1480, "lo": 0.20002166400073862, "loss": 0.002859956696456223, "lq": 10.563645279906117, "meanscore": 0.9998125056460889, "n_docs": 361473, "non_null": 0.05647206871679, "pi": 0.025747832230232803, "pr": 20.600211087565572, "precision": 0.9991477198538397, "recall": 0.9324897007343242, "size": 13453853, "time": 6.305476712801192, "weighted_avg": 0.6258617057777445, "x6": 1.465545502713587}}