{"branch": {"NY": 787, "TO": 2570839756, "U6": 415, "VL": 2.6894042548519792e-11, "WG": 1.0, "accuracy": 0.9999999941870295, "auc": 0.9937856469879998, "avg_time": 3499.4070074580595, "benchmark": 3.781942682167053, "distinct": 758, "entropy": 7.845216265041313, "errors": 729, "exp_cost": 1030300324, "f1-score": 0.9999999999981364, "falsepos": 1.5509815654013437e-13, "fullscore": 0.9999999989366681, "index": 1007.2966461824499, "iz": 1241.1479090182925, "k6": 714.2725378637888, "l0": 4.678303706528997e-05, "lo": 7.870394296459494, "loss": 4.546104854785682e-07, "lq": 535, "meanscore": 0.9999985698425302, "n_docs": 6487907264, "non_null": 1.2984627817402838e-09, "pi": 7926.033060250596, "pr": 197.12816688927566, "precision": 1.0, "prediction_time": 612.0071426149595, "qu": 824.7383154578719, "recall": 0.9999986079844596, "size": 117249616420, "time": 419.7230114747133, "weighted_avg": 7.090300049420081, "x6": 4118940}, "brand": {"NY": 4.488906013014308, "TO": 4.4853010194856324e-14, "U6": 0.999986168506592, "VL": 311.7636085436602, "WG": 368, "accuracy": 0.9999999899382171, "auc": 0.9999999946518462, "avg_time": 332.7016004167563, "benchmark": 6.214071403484846, "distinct": 585, "entropy": 3.075247004033633, "errors": 708, "exp_cost": 3852342652, "f1-score": 0.9999999999960237, "falsepos": 2.1110681402980447e-07, "fullscore": 0.9999999999997565, "gq": 12.766579217597833, "index": 710.3669097764325, "iz": 117189138904, "k6": 0.9999998504655092, "l0": 0.9999999999998415, "lo": 490, "loss": 1.4523493518936448e-11, "lq": 3603061637, "meanscore": 0.9929780018044811, "n_docs": 190870264, "non_null": 3.3306690738754696e-16, "pi": 4.970714501633663, "pr": 7.729665479973885, "precision": 0.9999992678953069, "prediction_time": 193.26509988632807, "qu": 0.9999999999999951, "recall": 0.9999538822462377, "size": 719416161, "time": 481.2551029113542, "weighted_avg": 5.826088935760381}, "classifier": {"NY": 5101663811, "TO": 32610345, "U6": 122125348131, "VL": 592.2653784429925, "WG": 1.976059316177725e-08, "accuracy": 0.9999676647236483, "auc": 0.9999999999999919, "avg_time": 1005.7970729208802, "benchmark": 5.70865895160451, "distinct": 600, "entropy": 7.063037585356538, "errors": 689, "exp_cost": 3104145296123, "f1-score": 0.9996621171149452, "falsepos": 3.9543273516962074e-05, "fullscore": 0.9999998903587556, "gq": 512.769611731555, "index": 1155.7270123875417, "iz": 6.551865498371672, "k6": 9.745935258820282e-08, "l0": 0.9999999999999999, "lo": 623, "loss": 2.2681856393091948e-13, "lq": 8729493, "meanscore": 0.999999999996981, "n_docs": 5977147456, "non_null": 2.9401734380485323e-09, "pi": 54.22267794201771, "pr": 0.0, "precision": 0.9999999998687583, "prediction_time": 186.68668274882972, "qu": 7.66053886991358e-15, "recall": 0.9999999999693726, "size": 60193441, "time": 26.620487670064364, "weighted_avg": 6.423767102226855, "x6": 2041.3077080637731}, "mark": {"NY": 315.74449999071635, "TO": 0.9999999768279035, "U6": 3.841918516656051e-08, "VL": 778, "WG": 701, "accuracy": 0.9999999999894754, "auc": 0.9999999945653686, "avg_time": 5837.778918913512, "benchmark": 4.746476433969678, "distinct": 819, "errors": 541, "exp_cost": 3113543, "f1-score": 0.9998341527628878, "falsepos": 2.168390965340272e-06, "fullscore": 0.9999999999999902, "gq": 6464.620300387656, "index": 3.563329097792115, "iz": 6.0481573888930384, "l0": 408.31796487040265, "lo": 4414.503844135688, "loss": 3.675060256114193e-12, "lq": 0.9999999999784739, "meanscore": 0.999999999877864, "n_docs": 3101225905, "non_null": 3.0815794360705695e-11, "pi": 1118100563, "pr": 12369916, "precision": 0.9999999996529803, "prediction_time": 4038.4407738151313, "qu": 0.9999999986893301, "recall": 0.9999999878263752, "size": 267115922, "time": 95.55001196525255, "weighted_avg": 6.450412195831714, "x6": 0.9999948358869812}, "train": {"NY": 376.4040056759987, "TO": 5.069299008279126, "U6": 0.9999999999999987, "VL": 3.419209360089326e-11, "WG": 4.192008347069651, "accuracy": 0.9999999999997118, "auc": 1.0, "avg_time": 2865.926427433551, "benchmark": 6.969833532855062, "distinct": 664, "entropy": 4.954311103748815, "errors": 785, "exp_cost": 3662543, "f1-score": 0.9999756052697859, "falsepos": 4.5946910831595744e-08, "fullscore": 0.9999993640198295, "gq": 1.0, "index": 2511.7758958019335, "iz": 8.105996470833833, "k6": 2.220446049250313e-16, "l0": 0.9999999999997361, "lo": 6154933600, "loss": 1.6938672686706013e-12, "lq": 663, "meanscore": 0.9999999338869707, "n_docs": 166095463, "non_null": 7.771561172376096e-16, "pi": 6.199828539443786e-09, "pr": 550, "precision": 0.999999992220033, "prediction_time": 10327.45203295463, "qu": 0.9999999608326684, "recall": 0.9806309660550536, "size": 72927895, "time": 1040.6600012882695, "weighted_avg": 3.716803336307791, "x6": 153.81436982396613}, "train_full": {"NY": 6.461556164615963, "TO": 618, "U6": 9.043638327099757e-08, "VL": 312.7238164146411, "WG": 7.3236597633728495, "accuracy": 0.9999999963618076, "auc": 0.9999999999984102, "avg_time": 2263.9674824796684, "benchmark": 4.469584681815927, "distinct": 532, "entropy": 5.4612168027126415, "errors": 525, "exp_cost": 22884918704, "f1-score": 0.9999999999999996, "falsepos": 5.10702591327572e-15, "fullscore": 0.9999999503624688, "gq": 7.71351580094132, "index": 324.761203403512, "iz": 749, "k6": 0.9593344577934526, "l0": 374515, "lo": 0.0006276997890453107, "loss": 2.6033619704435296e-12, "lq": 185.31846388710582, "meanscore": 0.9999999999999832, "n_docs": 10772229263, "non_null": 2.1880789757844354e-07, "pi": 3.662583125674246e-09, "pr": 1400.1195664114, "precision": 0.9999999999998521, "recall": 0.9999757857844016, "size": 420226408972, "time": 174.15981354486, "weighted_avg": 3.6562566740900095, "x6": 4.130995659996806}}