{"branch": {"NY": 426, "TO": 5094360, "U6": 184, "VL": 0.00019723990602893426, "WG": 0.9999998542193177, "accuracy": 0.9947637020476228, "auc": 0.807589634331948, "avg_time": 74.49130414592624, "benchmark": 1.361600087468872, "distinct": 400, "entropy": 3.9192397377206234, "errors": 357, "exp_cost": 793645, "f1-score": 0.9998010586068673, "falsepos": 8.862030040024393e-05, "fullscore": 0.9996129205486787, "index": 52.22458198541728, "iz": 45.37710821749287, "k6": 59.99853232766725, "l0": 0.024173208329905993, "lo": 3.7806013400966907, "loss": 0.011631484854173202, "lq": 261, "meanscore": 0.9687177206221612, "n_docs": 11658165, "non_null": 0.005741230482632531, "pi": 247.8268195178537, "pr": 12.2252852642313, "precision": 0.9999997797016011, "prediction_time": 31.097515212824938, "qu": 51.920241750689065, "recall": 0.9964651925517745, "size": 86722036, "time": 27.146426248796743, "weighted_avg": 3.6490936579884146, "x6": 33788}, "brand": {"NY": 1.4740422124319505, "TO": 2.168172292149606e-06, "U6": 0.9012941563127721, "VL": 16.99355013062646, "WG": 149, "accuracy": 0.9936952862243672, "auc": 0.9986298363820536, "avg_time": 6.790390551630088, "benchmark": 3.7227240219989945, "distinct": 318, "entropy": 1.0708440973484472, "errors": 351, "exp_cost": 705136, "f1-score": 0.9999985079422183, "falsepos": 0.009375709037769742, "fullscore": 0.9998748963743023, "gq": 1.7638050985235807, "index": 15.686662545026445, "iz": 34937938, "k6": 0.9809932814194628, "l0": 0.9999779832942801, "lo": 272, "loss": 9.426676644497256e-06, "lq": 3166142, "meanscore": 0.7941918673903217, "n_docs": 324527, "non_null": 1.2720634425811284e-06, "pi": 2.371300862727268, "pr": 3.978131501022834, "precision": 0.9910688425485072, "prediction_time": 22.95402413203181, "qu": 0.999982262117435, "recall": 0.8985363083722979, "size": 1027170, "time": 15.846218989506868, "weighted_avg": 2.2319559481711613}, "classifier": {"NY": 1279563, "TO": 259958, "U6": 27823752, "VL": 32.077614407778924, "WG": 0.009098120510305563, "accuracy": 0.9938809970100088, "auc": 0.9999982394425746, "avg_time": 50.80712453803639, "benchmark": 2.7506877740878792, "distinct": 325, "entropy": 4.067179444138057, "errors": 349, "exp_cost": 305116880, "f1-score": 0.9093513838185221, "falsepos": 0.13566289080057647, "fullscore": 0.9936740897640852, "gq": 14.213819725338446, "index": 39.5945575455752, "iz": 2.289972524053307, "k6": 0.0075669755606563305, "l0": 0.999999901613642, "lo": 337, "loss": 0.0003936535731667856, "lq": 18943, "meanscore": 0.9999107710085317, "n_docs": 5509184, "non_null": 0.0006967514296916111, "pi": 3.095671931988397, "pr": 1.3438229466977702e-06, "precision": 0.9995038977216233, "prediction_time": 14.275539735343571, "qu": 2.5550200772439524e-05, "recall": 0.9999754139950129, "size": 146934, "time": 4.827408125834967, "weighted_avg": 3.361841580343861, "x6": 62.02304624540467}, "mark": {"NY": 17.848809699814694, "TO": 0.9678049705320655, "U6": 0.0076795401282304665, "VL": 468, "WG": 344, "accuracy": 0.9949684986052649, "auc": 0.9997930506616042, "avg_time": 138.58027875917935, "benchmark": 2.158610777495965, "distinct": 433, "errors": 266, "exp_cost": 9108, "f1-score": 0.8621203598860406, "falsepos": 0.003971484727289032, "fullscore": 0.999991807809668, "gq": 163.3113471780123, "index": 0.5301761827169371, "iz": 3.8679472255702265, "l0": 30.155610875375956, "lo": 130.11910773496547, "loss": 4.672290426410708e-05, "lq": 0.9999357923655064, "meanscore": 0.9997968525241823, "n_docs": 1583535, "non_null": 0.002277379699258786, "pi": 1151979, "pr": 92908, "precision": 0.9935241837847828, "prediction_time": 239.65324645327635, "qu": 0.9999688598329249, "recall": 0.999599860491154, "size": 110745, "time": 3.2090016023490384, "weighted_avg": 3.483120897804449, "x6": 0.9901517701357465}, "train": {"NY": 20.771674853220556, "TO": 2.340304718826544, "U6": 0.999795679469034, "VL": 0.0005866782089531952, "WG": 1.7421824606121508, "accuracy": 0.9999942865045927, "auc": 0.9999999791122003, "avg_time": 53.312829838706485, "benchmark": 4.0966005126972505, "distinct": 348, "entropy": 2.898750440343493, "errors": 384, "exp_cost": 13368, "f1-score": 0.9186231393911651, "falsepos": 0.0022054659740382565, "fullscore": 0.9865901363205183, "gq": 0.9999999440881012, "index": 71.01596721763596, "iz": 4.274260535064437, "k6": 2.0360652055462225e-06, "l0": 0.9996961638600447, "lo": 1956332, "loss": 0.000970657302560296, "lq": 336, "meanscore": 0.9976096087498407, "n_docs": 302281, "non_null": 2.2113713095683885e-05, "pi": 0.000171744744958513, "pr": 315, "precision": 0.9953800552419142, "prediction_time": 194.0241915322896, "qu": 0.9981312768455656, "recall": 0.6440179531627248, "size": 74076, "time": 72.96549184759598, "weighted_avg": 1.4539159757102955, "x6": 6.664333236041417}, "train_full": {"NY": 3.081947733671093, "TO": 280, "U6": 0.0009968738264511945, "VL": 34.826050542879116, "WG": 4.142678593648179, "accuracy": 0.9981093630696646, "auc": 0.9998519286696936, "avg_time": 54.973806204296665, "benchmark": 1.9675994346806693, "distinct": 229, "entropy": 2.359927393445352, "errors": 247, "exp_cost": 37622080, "f1-score": 0.9999989709956704, "falsepos": 0.0002481255266124638, "fullscore": 0.9920799978928301, "gq": 4.212876394523056, "index": 7.022376992099022, "iz": 441, "k6": 0.44302539731530877, "l0": 4013, "lo": 0.0991827727852651, "loss": 0.0001683668352212564, "lq": 18.344357773639388, "meanscore": 0.9999915936306256, "n_docs": 2580396, "non_null": 0.011626889894542858, "pi": 0.0030362645064273552, "pr": 53.722809377964275, "precision": 0.9999674449328011, "recall": 0.9820545085511796, "size": 107221343, "time": 11.184585069166545, "weighted_avg": 1.0218044254282583, "x6": 2.136211954436297}}