{"branch": {"NY": 800, "TO": 3168757355, "U6": 415, "VL": 8.227085679379798e-12, "WG": 1.0, "accuracy": 0.9999999912251608, "auc": 0.9952093804360496, "avg_time": 4098.636290904343, "benchmark": 3.82226513099602, "distinct": 774, "entropy": 7.988621410937061, "errors": 754, "exp_cost": 1149559226, "f1-score": 0.9999999999984364, "falsepos": 9.692247004977617e-14, "fullscore": 0.9999999995349413, "index": 1118.3363350516256, "iz": 1332.4936468096696, "k6": 793.7411980964797, "l0": 2.565191375369924e-05, "lo": 8.006599242300966, "loss": 1.35544155011047e-07, "lq": 550, "meanscore": 0.9999993273640305, "n_docs": 9009755741, "non_null": 5.796144675329629e-10, "pi": 9116.23768399712, "pr": 251.80957344210586, "precision": 1.0, "prediction_time": 598.5466894272118, "qu": 976.8387282668585, "recall": 0.9999994590916007, "size": 139600107961, "time": 492.6988775249409, "weighted_avg": 7.304605754129854, "x6": 6479551}, "brand": {"NY": 4.559725020662228, "TO": 1.4876988529977098e-14, "U6": 0.9999839518025104, "VL": 379.7371300596825, "WG": 367, "accuracy": 0.9999999910061377, "auc": 0.9999999936737971, "avg_time": 383.42419005507526, "benchmark": 6.284666309921977, "distinct": 600, "entropy": 3.1018838405208653, "errors": 727, "exp_cost": 5872453156, "f1-score": 0.9999999999989514, "falsepos": 2.0852004278815173e-07, "fullscore": 0.9999999999998785, "gq": 14.30167598660701, "index": 668.251354125487, "iz": 184558553397, "k6": 0.9999999001000255, "l0": 0.9999999999999556, "lo": 497, "loss": 1.9656387628685934e-11, "lq": 5387718582, "meanscore": 0.9928218107523404, "n_docs": 281940680, "non_null": 1.1102230246251565e-16, "pi": 5.329906103715156, "pr": 7.953321724793947, "precision": 0.9999995367003575, "prediction_time": 184.0808015988032, "qu": 0.9999999999999922, "recall": 0.9999610152398661, "size": 836509194, "time": 610.5559758046048, "weighted_avg": 5.915909056703677}, "classifier": {"NY": 7463488934, "TO": 37794989, "U6": 198179620444, "VL": 686.1161597222824, "WG": 1.1585251979973066e-08, "accuracy": 0.9999607060501221, "auc": 0.9999999999999969, "avg_time": 975.305611106284, "benchmark": 5.8343300918808465, "distinct": 615, "entropy": 7.1484795003329795, "errors": 714, "exp_cost": 5013757821683, "f1-score": 0.999672830507021, "falsepos": 2.0884589224889893e-05, "fullscore": 0.9999999353035424, "gq": 545.3043013646941, "index": 1119.4606241631627, "iz": 6.664897925670298, "k6": 9.912383436283534e-08, "l0": 0.9999999999999999, "lo": 641, "loss": 5.10702591327572e-14, "lq": 9439115, "meanscore": 0.999999999998937, "n_docs": 4596820627, "non_null": 2.8028450671513383e-09, "pi": 57.10860582364924, "pr": 0.0, "precision": 0.999999999944274, "prediction_time": 236.2155126353897, "qu": 2.886579864025407e-15, "recall": 0.9999999999849458, "size": 65131797, "time": 27.579451891736344, "weighted_avg": 6.491119740210201, "x6": 2259.0428840608342}, "mark": {"NY": 355.69935443062735, "TO": 0.9999999813659904, "U6": 1.302493923827086e-08, "VL": 801, "WG": 731, "accuracy": 0.9999999999956714, "auc": 0.9999999955973854, "avg_time": 6788.698232770943, "benchmark": 4.642128209118698, "distinct": 839, "errors": 541, "exp_cost": 4490110, "f1-score": 0.9999032243910819, "falsepos": 1.0435125799013178e-06, "fullscore": 0.9999999999999937, "gq": 8247.413902721675, "index": 4.237730561009909, "iz": 6.069260810352036, "l0": 519.489094898686, "lo": 4707.368950266121, "loss": 1.078026556911027e-12, "lq": 0.9999999999896615, "meanscore": 0.9999999998757618, "n_docs": 4033235301, "non_null": 6.9677597025474824e-12, "pi": 1281480060, "pr": 13490657, "precision": 0.9999999996720244, "prediction_time": 4648.650638817865, "qu": 0.9999999987995241, "recall": 0.999999995398908, "size": 283622429, "time": 94.09817361767841, "weighted_avg": 6.531182062900796, "x6": 0.9999977933688284}, "train": {"NY": 417.85060518923115, "TO": 5.088112153537747, "U6": 0.9999999999999999, "VL": 1.931466098170631e-11, "WG": 4.184145319033424, "accuracy": 0.9999999999998732, "auc": 1.0, "avg_time": 3849.6053784648475, "benchmark": 6.91935064245056, "distinct": 680, "entropy": 4.9054615426089265, "errors": 794, "exp_cost": 5304775, "f1-score": 0.9999869277641888, "falsepos": 3.1394502886250564e-08, "fullscore": 0.9999997297105117, "gq": 1.0, "index": 2428.9980964943343, "iz": 8.222882307481004, "k6": 1.1102230246251565e-16, "l0": 0.9999999999999616, "lo": 10235242842, "loss": 4.503064587879635e-13, "lq": 669, "meanscore": 0.9999999148117084, "n_docs": 207782174, "non_null": 2.220446049250313e-16, "pi": 1.696930818084752e-09, "pr": 571, "precision": 0.99999999644204, "prediction_time": 9407.922091013193, "qu": 0.9999999756253546, "recall": 0.9790773285900494, "size": 92857905, "time": 1176.503810425703, "weighted_avg": 3.8756913638463137, "x6": 180.94718449117144}, "train_full": {"NY": 6.51796250128498, "TO": 640, "U6": 7.502362908695659e-08, "VL": 378.6620471057945, "WG": 7.3976875953117105, "accuracy": 0.999999997413549, "auc": 0.9999999999985054, "avg_time": 2195.2863884679336, "benchmark": 4.536757301393685, "distinct": 534, "entropy": 5.6420933502594055, "errors": 534, "exp_cost": 26637430252, "f1-score": 0.9999999999999999, "falsepos": 8.770761894538737e-15, "fullscore": 0.9999999433223459, "gq": 7.775884240699571, "index": 326.30867459889794, "iz": 758, "k6": 0.9653263065443609, "l0": 490256, "lo": 0.0005475068009050954, "loss": 8.454348332520567e-13, "lq": 200.4268443101979, "meanscore": 0.999999999999996, "n_docs": 14868685498, "non_null": 2.525489920524038e-07, "pi": 1.0596461486045428e-09, "pr": 1634.7752517836886, "precision": 0.9999999999999513, "recall": 0.9999867974439425, "size": 756030391059, "time": 183.388005810769, "weighted_avg": 3.9233079706849567, "x6": 4.306604585750726}}