{"branch": {"NY": 514, "TO": 21438276, "U6": 237, "VL": 5.794258465030566e-06, "WG": 0.9999999995462083, "accuracy": 0.9993665136900035, "auc": 0.90015675137509, "avg_time": 184.8968275608495, "benchmark": 2.023957461186811, "distinct": 485, "entropy": 4.83435679077667, "errors": 438, "exp_cost": 4358294, "f1-score": 0.9999850649879304, "falsepos": 3.5724878848508723e-06, "fullscore": 0.9999745986905341, "index": 110.51565074979035, "iz": 90.20967862974207, "k6": 98.20433119454609, "l0": 0.007213577657110171, "lo": 4.6462635102811305, "loss": 0.0023588936897244173, "lq": 334, "meanscore": 0.9960494656063269, "n_docs": 52040046, "non_null": 0.0004597880986081382, "pi": 553.2705576687796, "pr": 20.729416347603387, "precision": 0.9999999990780468, "prediction_time": 56.80332785999645, "qu": 110.6570003975754, "recall": 0.9989085337124727, "size": 456389194, "time": 52.776387819175845, "weighted_avg": 4.5108827549610435, "x6": 79655}, "brand": {"NY": 2.187701011765721, "TO": 1.621153808972764e-07, "U6": 0.9820986625006909, "VL": 29.138754243206197, "WG": 196, "accuracy": 0.9993571130712164, "auc": 0.9998810229398167, "avg_time": 16.33412206265498, "benchmark": 4.1953323673899385, "distinct": 376, "entropy": 1.4223791748578436, "errors": 416, "exp_cost": 4394465, "f1-score": 0.9999999102963456, "falsepos": 0.0013457937184303548, "fullscore": 0.9999948414636377, "gq": 2.8089380033765146, "index": 40.79239367581543, "iz": 189864874, "k6": 0.9972844835921247, "l0": 0.9999995525153408, "lo": 331, "loss": 9.341937949880474e-07, "lq": 12546764, "meanscore": 0.8842147208965802, "n_docs": 1176555, "non_null": 1.2264938065165154e-08, "pi": 2.9760490331594793, "pr": 4.876052415620282, "precision": 0.9985961304810975, "prediction_time": 38.75732296972287, "qu": 0.9999997862573372, "recall": 0.9646246960991617, "size": 3471797, "time": 35.82560726797002, "weighted_avg": 3.0659249123051717}, "classifier": {"NY": 7454783, "TO": 684673, "U6": 171251935, "VL": 59.60939572826461, "WG": 0.0010770475611088237, "accuracy": 0.9978789629439673, "auc": 0.999999924867371, "avg_time": 87.40384807693896, "benchmark": 3.4302345238367953, "distinct": 375, "entropy": 4.866806074439553, "errors": 443, "exp_cost": 2199415662, "f1-score": 0.9537950030958406, "falsepos": 0.05126134353952971, "fullscore": 0.9981251349351554, "gq": 35.528585760043036, "index": 110.133737125141, "iz": 3.3077028073764323, "k6": 0.0011454781341114773, "l0": 0.9999999971714144, "lo": 403, "loss": 1.2837519280717302e-05, "lq": 65387, "meanscore": 0.999994960260807, "n_docs": 26153357, "non_null": 0.00011919877438826276, "pi": 5.584458137161603, "pr": 1.1184107306938529e-08, "precision": 0.9999753849039936, "prediction_time": 24.25239519318674, "qu": 4.959977515373026e-07, "recall": 0.9999978066239166, "size": 505055, "time": 5.9317591109900265, "weighted_avg": 4.000646749178953, "x6": 131.6517418812465}, "mark": {"NY": 30.702073970715862, "TO": 0.9945060580677483, "U6": 0.001649293770755178, "VL": 522, "WG": 432, "accuracy": 0.9998022798640965, "auc": 0.9999665988151792, "avg_time": 315.36090615717023, "benchmark": 2.754173820799028, "distinct": 529, "errors": 321, "exp_cost": 23165, "f1-score": 0.9536646769727496, "falsepos": 0.0007119367421227762, "fullscore": 0.9999997139726164, "gq": 317.19629931924055, "index": 0.8261615957572391, "iz": 4.369872137142419, "l0": 53.77748745430342, "lo": 284.5307727502696, "loss": 2.2314530347955497e-06, "lq": 0.999995277134424, "meanscore": 0.9999918313841915, "n_docs": 8929504, "non_null": 0.00014704134775533895, "pi": 5435631, "pr": 232552, "precision": 0.9996802010230751, "prediction_time": 458.4312857683578, "qu": 0.9999943241339586, "recall": 0.9999128535956656, "size": 455312, "time": 8.139500813468421, "weighted_avg": 4.0672985671041095, "x6": 0.9982440000003707}, "train": {"NY": 40.06991054784974, "TO": 3.2483762971757666, "U6": 0.9999977058409948, "VL": 3.862943536669938e-05, "WG": 2.2402627716778696, "accuracy": 0.9999997615356317, "auc": 0.9999999999583745, "avg_time": 118.79630699847874, "benchmark": 4.8190572843955195, "distinct": 429, "entropy": 3.2011111913392187, "errors": 482, "exp_cost": 32741, "f1-score": 0.9751715856451174, "falsepos": 0.00027993134584325396, "fullscore": 0.9969781494544925, "gq": 0.999999999524605, "index": 175.03210878955196, "iz": 5.226885927237346, "k6": 6.621630399550327e-08, "l0": 0.9999912354694123, "lo": 7540909, "loss": 2.700624220675074e-05, "lq": 390, "meanscore": 0.9996330789053958, "n_docs": 1269030, "non_null": 3.8345996344890665e-07, "pi": 1.641752520353812e-05, "pr": 372, "precision": 0.9993856408491494, "prediction_time": 537.6162552778288, "qu": 0.9997120875399363, "recall": 0.7930395690090741, "size": 417635, "time": 121.34416938815903, "weighted_avg": 2.046819691563871, "x6": 14.067825285547464}, "train_full": {"NY": 3.9002798167067834, "TO": 360, "U6": 0.00017325165993797853, "VL": 52.75449642870332, "WG": 5.031484972371561, "accuracy": 0.9998737503393789, "auc": 0.9999949597642664, "avg_time": 126.77646057501572, "benchmark": 2.5790520540061026, "distinct": 290, "entropy": 3.114820316367381, "errors": 306, "exp_cost": 163309393, "f1-score": 0.9999999829831202, "falsepos": 5.390468515109603e-06, "fullscore": 0.9990729447977569, "gq": 4.975813273301261, "index": 18.660865866861414, "iz": 514, "k6": 0.6577143118356618, "l0": 10253, "lo": 0.045274873210697786, "loss": 9.671038062819548e-06, "lq": 31.722801536573453, "meanscore": 0.9999995992695789, "n_docs": 17684822, "non_null": 0.00216350176358715, "pi": 0.000422626238086643, "pr": 106.35979252407988, "precision": 0.9999986719716706, "recall": 0.9939587119668869, "size": 558669697, "time": 20.14048667804434, "weighted_avg": 1.6705422912868135, "x6": 2.545136207257055}}