{"branch": {"NY": 827, "TO": 4900042282, "U6": 439, "VL": 2.2563062529457056e-12, "WG": 1.0, "accuracy": 0.999999998325236, "auc": 0.9968095203906875, "avg_time": 5196.059836752025, "benchmark": 4.263289588252071, "distinct": 816, "entropy": 8.182290408188226, "errors": 778, "exp_cost": 2293629362, "f1-score": 0.9999999999999528, "falsepos": 5.329070518200751e-15, "fullscore": 0.999999999787319, "index": 1301.7577165956916, "iz": 1867.1438748777953, "k6": 1094.827247226669, "l0": 1.0264629837553052e-05, "lo": 8.368560244743625, "loss": 1.0101912950588599e-07, "lq": 576, "meanscore": 0.9999997456855805, "n_docs": 21258780669, "non_null": 3.879296883724237e-11, "pi": 15427.07953042769, "pr": 341.11141445375563, "precision": 1.0, "prediction_time": 977.7800721253205, "qu": 1238.504797633657, "recall": 0.9999998006059743, "size": 370514233246, "time": 622.5376007363041, "weighted_avg": 7.62441910368933, "x6": 7545909}, "brand": {"NY": 4.870063014326987, "TO": 2.886579864025407e-15, "U6": 0.9999983892892157, "VL": 425.34644668568353, "WG": 373, "accuracy": 0.9999999986088419, "auc": 0.9999999989273695, "avg_time": 532.3563767102303, "benchmark": 6.5410933360651216, "distinct": 621, "entropy": 3.261721384255908, "errors": 773, "exp_cost": 12474739530, "f1-score": 0.9999999999990579, "falsepos": 2.6252073515031782e-08, "fullscore": 0.9999999999999959, "gq": 18.328970051945845, "index": 1031.5692866985862, "iz": 375097442287, "k6": 0.9999999883587153, "l0": 0.999999999999986, "lo": 509, "loss": 3.2671643168669107e-12, "lq": 11938348497, "meanscore": 0.9953125988901119, "n_docs": 518486540, "non_null": 0.0, "pi": 5.385143381084706, "pr": 8.328880251841765, "precision": 0.9999998207349123, "prediction_time": 250.2069812647096, "qu": 0.9999999999999994, "recall": 0.9999870049120144, "size": 1998780688, "time": 753.1411668881749, "weighted_avg": 6.193289385467329}, "classifier": {"NY": 16625924342, "TO": 61773747, "U6": 432764675777, "VL": 918.8635277264564, "WG": 2.218401129461256e-09, "accuracy": 0.9999744105632393, "auc": 0.9999999999999998, "avg_time": 1225.1679774533925, "benchmark": 6.11360047578654, "distinct": 644, "entropy": 7.350939140994167, "errors": 734, "exp_cost": 9132900842179, "f1-score": 0.9997533571209751, "falsepos": 1.0376481188956177e-05, "fullscore": 0.9999999758946596, "gq": 796.0685204044128, "index": 1672.3390337033668, "iz": 7.102875398794705, "k6": 2.5615929155620165e-08, "l0": 1.0, "lo": 677, "loss": 3.885780586188048e-15, "lq": 17201337, "meanscore": 0.9999999999999322, "n_docs": 7143498735, "non_null": 8.438962861845312e-10, "pi": 69.91186212620826, "pr": 0.0, "precision": 0.9999999999870457, "prediction_time": 264.2960451966801, "qu": 2.220446049250313e-16, "recall": 0.9999999999989572, "size": 131484874, "time": 37.35921609827203, "weighted_avg": 6.612438419876403, "x6": 3111.7018003908165}, "mark": {"NY": 491.4401311641597, "TO": 0.9999999988734785, "U6": 3.479471266665257e-09, "VL": 822, "WG": 749, "accuracy": 0.9999999999997313, "auc": 0.9999999985764381, "avg_time": 9923.132614471086, "benchmark": 5.011652434674049, "distinct": 863, "errors": 575, "exp_cost": 7760773, "f1-score": 0.9999549045970642, "falsepos": 7.609526179175319e-07, "fullscore": 0.9999999999999997, "gq": 13279.087507610326, "index": 5.072427489349558, "iz": 6.293032766099337, "l0": 628.5622183818269, "lo": 7021.381831111253, "loss": 1.574296248918472e-13, "lq": 0.9999999999983029, "meanscore": 0.9999999999937034, "n_docs": 11428154555, "non_null": 7.490674747145931e-13, "pi": 1958007924, "pr": 22817188, "precision": 0.9999999999764946, "prediction_time": 5887.97955983765, "qu": 0.9999999997878268, "recall": 0.9999999989147983, "size": 706673140, "time": 152.05652208636604, "weighted_avg": 6.84274177826274, "x6": 0.9999985757778158}, "train": {"NY": 542.723135924926, "TO": 5.208256744224339, "U6": 1.0, "VL": 7.164269177906135e-13, "WG": 4.339975054175351, "accuracy": 0.9999999999999906, "auc": 1.0, "avg_time": 5357.521124998711, "benchmark": 7.3223047713451646, "distinct": 707, "entropy": 5.123225987995533, "errors": 831, "exp_cost": 6949250, "f1-score": 0.9999971434242849, "falsepos": 1.0989630983004872e-08, "fullscore": 0.9999999298004736, "gq": 1.0, "index": 3229.5868187502992, "iz": 8.563432735445735, "k6": 0.0, "l0": 0.9999999999999967, "lo": 24942483184, "loss": 5.240252676230739e-14, "lq": 697, "meanscore": 0.9999999963996581, "n_docs": 360301628, "non_null": 0.0, "pi": 4.770750461347006e-10, "pr": 591, "precision": 0.9999999994988582, "prediction_time": 14631.63311876654, "qu": 0.9999999959440926, "recall": 0.9857610379303327, "size": 159260194, "time": 1602.432066861501, "weighted_avg": 3.917617305972655, "x6": 254.22563276372972}, "train_full": {"NY": 6.823458650013786, "TO": 654, "U6": 9.362492447984039e-09, "VL": 522.8582088978554, "WG": 7.659147379327848, "accuracy": 0.9999999992533174, "auc": 0.9999999999997813, "avg_time": 3497.0061037757514, "benchmark": 4.606637453828586, "distinct": 570, "entropy": 5.686588502368613, "errors": 562, "exp_cost": 46118519923, "f1-score": 1.0, "falsepos": 0.0, "fullscore": 0.9999999924211714, "gq": 8.041905257399993, "index": 515.6514470414385, "iz": 793, "k6": 0.9838686512014968, "l0": 764633, "lo": 0.00023832139478330294, "loss": 1.0269562977782698e-13, "lq": 240.3706137327374, "meanscore": 0.9999999999999996, "n_docs": 32628571997, "non_null": 3.9322082034942696e-08, "pi": 8.923350947043218e-11, "pr": 2347.8723100484967, "precision": 0.9999999999999909, "recall": 0.9999973628771963, "size": 1751534109576, "time": 255.0994249211516, "weighted_avg": 4.00619486409509, "x6": 4.4847492648938285}}