{"branch": {"NY": 208, "TO": 141256, "U6": 39, "VL": 0.03928612929593467, "WG": 0.9995295416013215, "accuracy": 0.7752196871767919, "auc": 0.47854163333218974, "avg_time": 9.219607488250354, "benchmark": -0.0002578901961394764, "distinct": 195, "entropy": 1.563229015507738, "errors": 127, "exp_cost": 13009, "f1-score": 0.9354637737698073, "falsepos": 0.06169013145969637, "fullscore": 0.9687217091472596, "index": 8.81018067272058, "iz": 7.474549001488838, "k6": 11.30009098771238, "l0": 0.25777623436681907, "lo": 1.401741730367166, "loss": 0.2628418543341523, "lq": 98, "meanscore": 0.5965600452921179, "n_docs": 282203, "non_null": 0.2720908641732791, "pi": 29.969396934972465, "pr": 2.2417712156694334, "precision": 0.9960720478771267, "prediction_time": 5.833441801331405, "qu": 9.833515908321669, "recall": 0.9177502183328589, "size": 657560, "time": 5.987982714693168, "weighted_avg": 1.6965583920913017, "x6": 1420}, "brand": {"NY": -0.2576648612960267, "TO": 0.0018687979380351827, "U6": 0.40545539243236484, "VL": 3.0027236388610605, "WG": 60, "accuracy": 0.7839162608799412, "auc": 0.921374623897415, "avg_time": 0.7105949526112013, "benchmark": 2.1148871675988614, "distinct": 161, "entropy": -0.0562630623572799, "errors": 118, "exp_cost": 4444, "f1-score": 0.9997850468919608, "falsepos": 0.2084988478758414, "fullscore": 0.9428848300831626, "gq": 0.490909265934515, "index": 1.9279315451051873, "iz": 306255, "k6": 0.6190270256535096, "l0": 0.9948082253351394, "lo": 141, "loss": 0.0029205273557473266, "lq": 61484, "meanscore": 0.38275237448847527, "n_docs": 6636, "non_null": 0.0030804603090945903, "pi": 0.980877102909958, "pr": 1.8305076332600474, "precision": 0.8213343620168669, "prediction_time": 7.077124470684655, "qu": 0.983198303798577, "recall": 0.36040189505188763, "size": 11916, "time": 2.3140408882107906, "weighted_avg": -0.05890586948773496}, "classifier": {"NY": 9325, "TO": 18052, "U6": 203208, "VL": 4.490192011266154, "WG": 0.3106213736679285, "accuracy": 0.9427725779131296, "auc": 0.9962772221487112, "avg_time": 8.109918220351457, "benchmark": 0.9656495238324985, "distinct": 152, "entropy": 2.3284094064521073, "errors": 142, "exp_cost": 1730810, "f1-score": 0.5242369462047813, "falsepos": 0.728530776817998, "fullscore": 0.8124979326866177, "gq": 1.8837774830346445, "index": 6.665956229398966, "iz": -0.1302347083688246, "k6": 0.17614312893588213, "l0": 0.9997628109373895, "lo": 167, "loss": 0.1356768675251241, "lq": 454, "meanscore": 0.9665748282553108, "n_docs": 63109, "non_null": 0.06312426652372172, "pi": 0.5190047727783295, "pr": 0.019077584223406552, "precision": 0.9455059343195285, "prediction_time": 2.9670919761878105, "qu": 0.024875015682847668, "recall": 0.9908624125720831, "size": 3285, "time": 1.4793747517960323, "weighted_avg": 1.43586248101999, "x6": 7.411209864201817}, "mark": {"NY": 2.9806935577472595, "TO": 0.3113470759528788, "U6": 0.23073075557265255, "VL": 272, "WG": 124, "accuracy": 0.5815669420214358, "auc": 0.9871794667114544, "avg_time": 14.007188157447588, "benchmark": 0.41399648586453375, "distinct": 211, "errors": 109, "exp_cost": 193, "f1-score": 0.30680506869905444, "falsepos": 0.07065562811286141, "fullscore": 0.9886709725943206, "gq": 14.342311639399279, "index": 0.16776079037123567, "iz": 2.5105075434835236, "l0": 6.996396381441134, "lo": 13.561714086956853, "loss": 0.018246074089763864, "lq": 0.9787446556582257, "meanscore": 0.974423686092963, "n_docs": 13747, "non_null": 0.31225570928131496, "pi": 20487, "pr": 3563, "precision": 0.6423322417385323, "prediction_time": 47.55066980924023, "qu": 0.9961492247233364, "recall": 0.9534163507958401, "size": 1238, "time": 0.33050695158801563, "weighted_avg": 1.639147109983422, "x6": 0.9000988447799345}, "train": {"NY": 3.7428833055201793, "TO": 0.9960103285735007, "U6": 0.8209471783758057, "VL": 0.09043436958893958, "WG": 0.4014523960478515, "accuracy": 0.9957188167796283, "auc": 0.9992052747934438, "avg_time": 4.571682813906219, "benchmark": 2.5992873734529414, "distinct": 171, "entropy": 1.536699477576205, "errors": 167, "exp_cost": 420, "f1-score": 0.4407678675451249, "falsepos": 0.08731381939898353, "fullscore": 0.7330563912313374, "gq": 0.9986849191206003, "index": 11.048427905026708, "iz": 2.094031794389865, "k6": 0.006163941446816645, "l0": 0.8310940549283559, "lo": 11804, "loss": 0.2063777733213763, "lq": 138, "meanscore": 0.9123058829739525, "n_docs": 7328, "non_null": 0.035952689810142324, "pi": 0.007819027895695774, "pr": 172, "precision": 0.7693332980542491, "prediction_time": 21.195535009675762, "qu": 0.9103042157645207, "recall": 0.2544970202710025, "size": 1125, "time": 15.719556311105439, "weighted_avg": 0.2067945131015767, "x6": 1.1082760145239055}, "train_full": {"NY": 1.030576333217691, "TO": 70, "U6": 0.0322056612291135, "VL": 8.669613712587028, "WG": 2.3405988218182343, "accuracy": 0.88328592458523, "auc": 0.9665929414667699, "avg_time": 6.0608097945226875, "benchmark": 0.6235608016457687, "distinct": 55, "entropy": 0.4981822020838577, "errors": 78, "exp_cost": 725847, "f1-score": 0.9981352617678911, "falsepos": 0.21135039177597215, "fullscore": 0.7050687969081899, "gq": 2.3303394154949846, "index": 0.9181665781079819, "iz": 246, "k6": 0.16796072863066747, "l0": 247, "lo": 0.46981191360826025, "loss": 0.058907529286606586, "lq": 4.596998363005795, "meanscore": 0.9898421081494388, "n_docs": 19394, "non_null": 0.284839658468491, "pi": 0.21901665749488963, "pr": 5.9996258162043254, "precision": 0.9696882205886697, "recall": 0.7430170111217254, "size": 820263, "time": 2.2147168039019305, "weighted_avg": -0.5289236573906657, "x6": 0.8100488685498062}}