{"branch": {"NY": 789, "TO": 3091433182, "U6": 414, "VL": 1.4320322705430044e-11, "WG": 1.0, "accuracy": 0.999999995456171, "auc": 0.9936482780454324, "avg_time": 3747.3487304691716, "benchmark": 3.8547831322833863, "distinct": 767, "entropy": 7.901970986240771, "errors": 732, "exp_cost": 1016823357, "f1-score": 0.9999999999982996, "falsepos": 1.155742168634788e-13, "fullscore": 0.9999999992598887, "index": 1053.0716920526863, "iz": 1252.0882957064803, "k6": 719.5429976022612, "l0": 3.063015876680897e-05, "lo": 7.906369208809043, "loss": 2.2544856426165438e-07, "lq": 545, "meanscore": 0.9999989328660417, "n_docs": 6810325680, "non_null": 8.936102968704063e-10, "pi": 8768.422539284606, "pr": 203.17215998549963, "precision": 1.0, "prediction_time": 617.420014726363, "qu": 921.9430604928657, "recall": 0.9999992760751601, "size": 130546608342, "time": 447.0659892438019, "weighted_avg": 7.155813014819416, "x6": 4812898}, "brand": {"NY": 4.505077679666749, "TO": 3.0309088572266774e-14, "U6": 0.9999857943634812, "VL": 328.3048210574205, "WG": 366, "accuracy": 0.9999999903542484, "auc": 0.999999990836087, "avg_time": 371.78009411503473, "benchmark": 6.2176828541635984, "distinct": 590, "entropy": 3.095688781599945, "errors": 715, "exp_cost": 4358067818, "f1-score": 0.9999999999970491, "falsepos": 2.0666156119730772e-07, "fullscore": 0.9999999999998195, "gq": 12.987321859780279, "index": 640.0036976284304, "iz": 137714308716, "k6": 0.9999999028187236, "l0": 0.9999999999998788, "lo": 493, "loss": 1.6638246336242446e-11, "lq": 3998336358, "meanscore": 0.9930092480168816, "n_docs": 240118833, "non_null": 1.1102230246251565e-16, "pi": 5.058445058879693, "pr": 7.807784983766972, "precision": 0.9999994087672428, "prediction_time": 195.93929207717446, "qu": 0.9999999999999952, "recall": 0.9999608341923487, "size": 701593844, "time": 542.6542828877509, "weighted_avg": 5.843455367091334}, "classifier": {"NY": 5538808070, "TO": 32609024, "U6": 136533643160, "VL": 599.9104552916198, "WG": 1.5633664807168657e-08, "accuracy": 0.9999616117709753, "auc": 0.9999999999999943, "avg_time": 968.9975065598818, "benchmark": 5.751391572378691, "distinct": 603, "entropy": 7.122459996344118, "errors": 705, "exp_cost": 3948483614196, "f1-score": 0.9995349134513388, "falsepos": 3.588897799944313e-05, "fullscore": 0.9999999285916538, "gq": 535.521559116449, "index": 1150.997693876232, "iz": 6.643806506546284, "k6": 1.0169462960618603e-07, "l0": 0.9999999999999998, "lo": 636, "loss": 1.2789769243681803e-13, "lq": 9180166, "meanscore": 0.9999999999978536, "n_docs": 5954698285, "non_null": 4.665032471429242e-09, "pi": 52.95238180553548, "pr": 0.0, "precision": 0.9999999998735165, "prediction_time": 183.47273249074675, "qu": 4.884981308350689e-15, "recall": 0.9999999999708238, "size": 63344996, "time": 27.548883599427246, "weighted_avg": 6.437833902340624, "x6": 2074.595819201286}, "mark": {"NY": 328.7520260975242, "TO": 0.9999999815689457, "U6": 3.252049662894052e-08, "VL": 784, "WG": 716, "accuracy": 0.9999999999958233, "auc": 0.9999999952714987, "avg_time": 5901.242800714642, "benchmark": 4.754530413002227, "distinct": 829, "errors": 534, "exp_cost": 3350440, "f1-score": 0.9998303503579994, "falsepos": 2.303701182482243e-06, "fullscore": 0.9999999999999928, "gq": 7191.615852356012, "index": 3.8067812699324106, "iz": 6.074840549593121, "l0": 395.9883429992577, "lo": 4525.129799564418, "loss": 2.041478097680738e-12, "lq": 0.9999999999809848, "meanscore": 0.9999999998994151, "n_docs": 3237761695, "non_null": 2.1044943565584617e-11, "pi": 1068881930, "pr": 13132700, "precision": 0.9999999996419219, "prediction_time": 4220.164879307093, "qu": 0.9999999983534952, "recall": 0.9999999911308463, "size": 281222307, "time": 97.51707188350211, "weighted_avg": 6.497190732187528, "x6": 0.9999956062969254}, "train": {"NY": 389.7059365889045, "TO": 5.036651758017907, "U6": 0.9999999999999993, "VL": 3.66283670061307e-11, "WG": 4.1157866417054025, "accuracy": 0.999999999999671, "auc": 1.0, "avg_time": 3300.126400272596, "benchmark": 6.916417561293767, "distinct": 665, "entropy": 5.010483018711846, "errors": 785, "exp_cost": 4314634, "f1-score": 0.9999801721785843, "falsepos": 3.966786277231904e-08, "fullscore": 0.999999381137199, "gq": 1.0, "index": 2512.1150021602175, "iz": 8.18549928661794, "k6": 2.220446049250313e-16, "l0": 0.9999999999998898, "lo": 7595783440, "loss": 1.2058132270453825e-12, "lq": 669, "meanscore": 0.9999999102518035, "n_docs": 180781022, "non_null": 5.551115123125783e-16, "pi": 3.8827118187256815e-09, "pr": 553, "precision": 0.9999999943306955, "prediction_time": 10369.714437960794, "qu": 0.9999999634457921, "recall": 0.9793564249496881, "size": 80791083, "time": 1070.9943460468419, "weighted_avg": 3.7684475039853336, "x6": 168.4457393231583}, "train_full": {"NY": 6.526446418845292, "TO": 631, "U6": 7.908331767225718e-08, "VL": 344.27296851589, "WG": 7.347619187271807, "accuracy": 0.9999999969867289, "auc": 0.9999999999983019, "avg_time": 2097.454561314954, "benchmark": 4.446246967988002, "distinct": 532, "entropy": 5.59666919453135, "errors": 524, "exp_cost": 23359883094, "f1-score": 0.9999999999999998, "falsepos": 8.659739592076221e-15, "fullscore": 0.9999999183693727, "gq": 7.7590623089562465, "index": 327.9857627389081, "iz": 747, "k6": 0.96090485364248, "l0": 426867, "lo": 0.0006667821136736585, "loss": 2.6721957979702893e-12, "lq": 199.27562810017048, "meanscore": 0.9999999999999913, "n_docs": 12703222299, "non_null": 1.533322455671282e-07, "pi": 2.4832138567632e-09, "pr": 1528.8592643400689, "precision": 0.9999999999998869, "recall": 0.9999822953582095, "size": 475689417063, "time": 176.2883977747459, "weighted_avg": 3.7979295638644954, "x6": 4.211483991457843}}