{"branch": {"NY": 370, "TO": 3895639, "U6": 165, "VL": 0.0005928790855557198, "WG": 0.9999998260024388, "accuracy": 0.9901501842405283, "auc": 0.7973282203080176, "avg_time": 58.98251169256844, "benchmark": 1.2582812777884314, "distinct": 386, "entropy": 3.6686736019914012, "errors": 319, "exp_cost": 461086, "f1-score": 0.9994172310919135, "falsepos": 0.00041111496005241666, "fullscore": 0.9992874156876673, "index": 44.39077322679633, "iz": 39.38122066040902, "k6": 43.92165119959963, "l0": 0.04264869044834452, "lo": 3.5478211725060533, "loss": 0.019985126279897125, "lq": 245, "meanscore": 0.9557332407125606, "n_docs": 8498836, "non_null": 0.007378684277155156, "pi": 166.3776404049579, "pr": 10.780141881218572, "precision": 0.999999475825399, "prediction_time": 29.13154302555529, "qu": 42.27888948664752, "recall": 0.991290333583226, "size": 34527331, "time": 22.465016556672385, "weighted_avg": 3.49023803849111, "x6": 17093}, "brand": {"NY": 1.269786750299692, "TO": 4.831828209983513e-06, "U6": 0.8720571858933157, "VL": 12.952337486609997, "WG": 166, "accuracy": 0.9873980110365693, "auc": 0.9976505583919258, "avg_time": 5.740370194951196, "benchmark": 3.5100199111248713, "distinct": 310, "entropy": 1.0978425259111995, "errors": 309, "exp_cost": 406954, "f1-score": 0.9999983775084857, "falsepos": 0.013632680662562624, "fullscore": 0.9997183361634581, "gq": 1.4757256811161028, "index": 14.100607027804406, "iz": 19323536, "k6": 0.971995631053761, "l0": 0.9999805003009068, "lo": 257, "loss": 1.0206159282155625e-05, "lq": 2308309, "meanscore": 0.6794431131353629, "n_docs": 225096, "non_null": 1.9825781425453215e-06, "pi": 2.4260174446615914, "pr": 3.84141609362059, "precision": 0.9853653516420668, "prediction_time": 20.97437514419724, "qu": 0.9999428889711663, "recall": 0.8350329457853047, "size": 397134, "time": 13.456919941042914, "weighted_avg": 1.8539859864270178}, "classifier": {"NY": 799965, "TO": 175658, "U6": 16962298, "VL": 23.76729601193132, "WG": 0.016311383329189466, "accuracy": 0.9877370861245593, "auc": 0.999993424516173, "avg_time": 40.17525575497352, "benchmark": 2.4817165009891555, "distinct": 303, "entropy": 3.884510009112162, "errors": 323, "exp_cost": 201999512, "f1-score": 0.8407408513801624, "falsepos": 0.19298378317884224, "fullscore": 0.9880193306736995, "gq": 10.366287929262402, "index": 37.93593028750601, "iz": 2.111989136533946, "k6": 0.011045485539144972, "l0": 0.9999998804925525, "lo": 326, "loss": 0.0010413958973580772, "lq": 11585, "meanscore": 0.9997746233876164, "n_docs": 2008175, "non_null": 0.002195024455787342, "pi": 2.4898948683503495, "pr": 1.2082005102831417e-05, "precision": 0.999326982326789, "prediction_time": 11.546257833131426, "qu": 7.748108460903236e-05, "recall": 0.9999105984898538, "size": 84284, "time": 3.742753643021219, "weighted_avg": 3.061892515681426, "x6": 44.392016969436646}, "mark": {"NY": 14.318269744084812, "TO": 0.9262232815193537, "U6": 0.021783999474470184, "VL": 440, "WG": 329, "accuracy": 0.9852983466275291, "auc": 0.9996658128644236, "avg_time": 109.50603608873996, "benchmark": 1.7010053836126002, "distinct": 424, "errors": 253, "exp_cost": 4783, "f1-score": 0.8451014722582985, "falsepos": 0.005096682225286364, "fullscore": 0.9999718331612828, "gq": 99.45344026907242, "index": 0.47151255701009637, "iz": 3.6716705015563305, "l0": 28.428231436867797, "lo": 88.77711582702369, "loss": 0.00017274405347911248, "lq": 0.99977679620692, "meanscore": 0.9997282338953377, "n_docs": 862239, "non_null": 0.009121520628596502, "pi": 669711, "pr": 62070, "precision": 0.9911623128906211, "prediction_time": 205.82954322303024, "qu": 0.999929604467438, "recall": 0.9992703745135996, "size": 57785, "time": 2.323792057421436, "weighted_avg": 3.2284619574066977, "x6": 0.988832286098409}, "train": {"NY": 16.89019378150448, "TO": 2.438749808941301, "U6": 0.9996036502539161, "VL": 0.001291613076065401, "WG": 1.832932429890454, "accuracy": 0.9999799448439337, "auc": 0.9999999756899735, "avg_time": 31.177502370765986, "benchmark": 4.103891637063294, "distinct": 344, "entropy": 2.5648998676659756, "errors": 369, "exp_cost": 6126, "f1-score": 0.8979189978543061, "falsepos": 0.004151214305902484, "fullscore": 0.9792746837878807, "gq": 0.999999810152346, "index": 64.66774920285133, "iz": 4.129307809384629, "k6": 7.221137263591082e-06, "l0": 0.9992447555263806, "lo": 1032955, "loss": 0.0031564351917895417, "lq": 292, "meanscore": 0.9949849236869022, "n_docs": 191211, "non_null": 7.079063551296283e-05, "pi": 0.00013743467750571003, "pr": 302, "precision": 0.9904831129242695, "prediction_time": 154.8109281030614, "qu": 0.9960959840181431, "recall": 0.5971475679114858, "size": 53405, "time": 59.740213868297815, "weighted_avg": 1.2745632161206157, "x6": 5.430106461402677}, "train_full": {"NY": 2.790943924639285, "TO": 234, "U6": 0.0018870106618906757, "VL": 27.154817803226663, "WG": 4.02834211577597, "accuracy": 0.9964203792337563, "auc": 0.9997750222928193, "avg_time": 44.291289533656915, "benchmark": 1.79697654095879, "distinct": 208, "entropy": 1.9598300826744601, "errors": 228, "exp_cost": 20060263, "f1-score": 0.9999979823495491, "falsepos": 0.0010055745940683591, "fullscore": 0.9808945968905106, "gq": 4.093589475713537, "index": 5.227741863950183, "iz": 405, "k6": 0.44417098508107444, "l0": 3193, "lo": 0.12436007249280345, "loss": 0.0007127000340896306, "lq": 14.23910399815498, "meanscore": 0.9999674725130364, "n_docs": 1586869, "non_null": 0.027395086376137523, "pi": 0.00449466046342073, "pr": 36.232117091404916, "precision": 0.9998840722561049, "recall": 0.9640335745243328, "size": 63255463, "time": 9.426966522795272, "weighted_avg": 0.922094931960485, "x6": 1.7984315808470848}}