{"branch": {"NY": 635, "TO": 186647391, "U6": 316, "VL": 6.555940412766859e-08, "WG": 0.9999999999997551, "accuracy": 0.9999927519190205, "auc": 0.973374282661859, "avg_time": 773.7596073215554, "benchmark": 2.809607975628482, "distinct": 615, "entropy": 6.230324289240848, "errors": 596, "exp_cost": 57137978, "f1-score": 0.9999999781744622, "falsepos": 1.6490325771556513e-09, "fullscore": 0.9999994843503004, "index": 324.6921099822855, "iz": 308.8782374119092, "k6": 287.54352196708805, "l0": 0.0008221602919029625, "lo": 6.223546673103674, "loss": 5.7689368170077415e-05, "lq": 427, "meanscore": 0.9998396029359548, "n_docs": 608017276, "non_null": 2.49110898253857e-06, "pi": 1898.877871745848, "pr": 76.4134954951567, "precision": 0.9999999999999767, "prediction_time": 187.73315585635845, "qu": 271.92124803521375, "recall": 0.9999703463024071, "size": 6287603678, "time": 139.4876167871983, "weighted_avg": 5.708560655662424, "x6": 517520}, "brand": {"NY": 3.238210493854618, "TO": 1.7976520272355856e-10, "U6": 0.9989122987906431, "VL": 112.48072446857415, "WG": 291, "accuracy": 0.999993471205125, "auc": 0.9999978358264797, "avg_time": 69.52594460342745, "benchmark": 5.212563714645176, "distinct": 479, "entropy": 2.289412315985943, "errors": 576, "exp_cost": 136889167, "f1-score": 0.9999999990780866, "falsepos": 4.2893897962192895e-05, "fullscore": 0.9999999961262247, "gq": 6.644569537084151, "index": 143.0405165081346, "iz": 5037991315, "k6": 0.999912264493074, "l0": 0.9999999988231592, "lo": 405, "loss": 7.02971392207985e-09, "lq": 273783167, "meanscore": 0.9472723794002645, "n_docs": 13950806, "non_null": 4.875544412641375e-12, "pi": 4.021401804925371, "pr": 6.272657212967146, "precision": 0.9999356731714111, "prediction_time": 76.65235374326821, "qu": 0.9999999994246668, "recall": 0.9970518885769813, "size": 46040908, "time": 134.0603090232003, "weighted_avg": 4.260721352932949}, "classifier": {"NY": 223754038, "TO": 4474923, "U6": 3780378148, "VL": 199.51554312997635, "WG": 1.3271270975057092e-05, "accuracy": 0.9996678542695546, "auc": 0.9999999999453809, "avg_time": 252.62848932091083, "benchmark": 4.549004160725904, "distinct": 490, "entropy": 5.956757815664651, "errors": 552, "exp_cost": 64812414746, "f1-score": 0.9914228048759589, "falsepos": 0.002926289705121432, "fullscore": 0.9999734872628951, "gq": 118.34202796951698, "index": 320.68136174581525, "iz": 4.846471564858063, "k6": 3.292668869214754e-05, "l0": 0.999999999999123, "lo": 509, "loss": 5.162310801054559e-09, "lq": 717754, "meanscore": 0.9999999922414216, "n_docs": 251100835, "non_null": 2.0455300934196785e-06, "pi": 16.982597091015467, "pr": 4.569677969357144e-13, "precision": 0.999999832269123, "prediction_time": 70.13390499309958, "qu": 4.5422299255193366e-10, "recall": 0.999999988903205, "size": 5195393, "time": 12.93066994394319, "weighted_avg": 5.043158122719346, "x6": 498.93311133044125}, "mark": {"NY": 96.85401257802631, "TO": 0.9999693874863769, "U6": 1.0201350591376723e-05, "VL": 646, "WG": 571, "accuracy": 0.9999996940847824, "auc": 0.9999987512924698, "avg_time": 1314.0911495712314, "benchmark": 3.493981890954388, "distinct": 665, "errors": 432, "exp_cost": 278256, "f1-score": 0.9965191887155816, "falsepos": 9.712979230613872e-05, "fullscore": 0.99999999987766, "gq": 1519.4995337086523, "index": 1.5679057434103199, "iz": 5.1311494384245115, "l0": 169.3973208123318, "lo": 934.8477915527397, "loss": 8.522862859905445e-09, "lq": 0.9999999783875595, "meanscore": 0.9999998793863312, "n_docs": 196831381, "non_null": 1.501190889374726e-07, "pi": 77878689, "pr": 1779186, "precision": 0.9999987866168524, "prediction_time": 1213.9660062008413, "qu": 0.9999998788609735, "recall": 0.9999979734642852, "size": 12103319, "time": 30.252102477732567, "weighted_avg": 5.1892802423416775, "x6": 0.9998616400187195}, "train": {"NY": 125.3541359525029, "TO": 3.94094708897325, "U6": 0.9999999997270625, "VL": 6.482918468719845e-08, "WG": 3.235986746914734, "accuracy": 0.9999999992576438, "auc": 0.9999999999999973, "avg_time": 453.18871943338087, "benchmark": 6.054648438765052, "distinct": 545, "entropy": 4.08311591700934, "errors": 628, "exp_cost": 416208, "f1-score": 0.9990105824383475, "falsepos": 7.630201859232244e-06, "fullscore": 0.9999139102811483, "gq": 0.9999999999999827, "index": 529.5074145988616, "iz": 6.573147160574017, "k6": 9.50794998288984e-12, "l0": 0.9999999979345456, "lo": 316609260, "loss": 3.2592231469230626e-08, "lq": 521, "meanscore": 0.9999928303502444, "n_docs": 11515495, "non_null": 1.302091767740876e-10, "pi": 5.269110836536584e-07, "pr": 465, "precision": 0.9999954334940961, "prediction_time": 2182.3057722863523, "qu": 0.9999923805978996, "recall": 0.9166546072258273, "size": 3520800, "time": 355.919477718544, "weighted_avg": 2.6950849510517747, "x6": 45.3120393361663}, "train_full": {"NY": 5.0563709208774075, "TO": 470, "U6": 4.730714381229184e-06, "VL": 135.08337606006106, "WG": 6.143892902640587, "accuracy": 0.9999975646214305, "auc": 0.9999999819606444, "avg_time": 456.8255567645795, "benchmark": 3.472458379274702, "distinct": 414, "entropy": 4.066960798731007, "errors": 417, "exp_cost": 1682048342, "f1-score": 0.9999999999865515, "falsepos": 2.808574040003009e-09, "fullscore": 0.9999702662120589, "gq": 6.199344393166565, "index": 67.37376089761983, "iz": 619, "k6": 0.877424853606226, "l0": 67152, "lo": 0.00808101022412755, "loss": 2.2580148639761433e-08, "lq": 68.03005587174462, "meanscore": 0.9999999998936914, "n_docs": 371514144, "non_null": 5.74817796361593e-05, "pi": 1.859975511941947e-06, "pr": 403.237675474568, "precision": 0.9999999980914988, "recall": 0.9996406774502629, "size": 11581958858, "time": 55.33968750610789, "weighted_avg": 2.5918273800534783, "x6": 3.464785595374397}}