{"branch": {"NY": 518, "TO": 27714873, "U6": 238, "VL": 6.4056211118712625e-06, "WG": 0.9999999996003122, "accuracy": 0.9996618031878736, "auc": 0.9189879982779866, "avg_time": 215.02545644025855, "benchmark": 2.0853033844239492, "distinct": 493, "entropy": 4.929314081448221, "errors": 468, "exp_cost": 5033877, "f1-score": 0.9999890558319292, "falsepos": 1.2249821086385282e-06, "fullscore": 0.9999772657690387, "index": 118.8546450688567, "iz": 95.90407768202819, "k6": 96.74570450157923, "l0": 0.004890941878153088, "lo": 4.788419497759857, "loss": 0.001070908240017765, "lq": 340, "meanscore": 0.9968226446842294, "n_docs": 60646001, "non_null": 0.0003202169194908011, "pi": 575.8981389535586, "pr": 27.10438249499848, "precision": 0.9999999995919275, "prediction_time": 69.61881837306824, "qu": 117.22700133666666, "recall": 0.9993340506264572, "size": 486346517, "time": 63.00787223734983, "weighted_avg": 4.670689532233485, "x6": 90462}, "brand": {"NY": 2.2326054929225356, "TO": 1.1895475326983984e-07, "U6": 0.9831620795837809, "VL": 38.30599149215214, "WG": 197, "accuracy": 0.9995102416799113, "auc": 0.9999143873231727, "avg_time": 19.139850123174345, "benchmark": 4.378184126464184, "distinct": 378, "entropy": 1.5895085353147453, "errors": 437, "exp_cost": 6865461, "f1-score": 0.9999999238539914, "falsepos": 0.001283761092342739, "fullscore": 0.9999975607353639, "gq": 3.1239796629308647, "index": 38.0218156381537, "iz": 274842638, "k6": 0.997457323614855, "l0": 0.999999638155129, "lo": 336, "loss": 7.258929366482647e-07, "lq": 19759365, "meanscore": 0.8545999499312076, "n_docs": 1686084, "non_null": 4.678196496854525e-09, "pi": 3.1036592225109585, "pr": 5.08584405807873, "precision": 0.9989325740958502, "prediction_time": 39.39818787165834, "qu": 0.9999997991699962, "recall": 0.9741381347244128, "size": 4788800, "time": 44.664766139875546, "weighted_avg": 3.17901100604094}, "classifier": {"NY": 11171205, "TO": 872147, "U6": 258717049, "VL": 62.254331538178235, "WG": 0.0007308494999870296, "accuracy": 0.9979711064075325, "auc": 0.9999999646312713, "avg_time": 118.74963173041232, "benchmark": 3.509611229537532, "distinct": 383, "entropy": 4.810193886301027, "errors": 450, "exp_cost": 3112931907, "f1-score": 0.9567846419527866, "falsepos": 0.03198349267482303, "fullscore": 0.9989176159471819, "gq": 40.462698270309765, "index": 99.921349537794, "iz": 3.478860180842348, "k6": 0.0008573460812399958, "l0": 0.999999999037624, "lo": 420, "loss": 5.999230684450296e-06, "lq": 82745, "meanscore": 0.9999970265828275, "n_docs": 22568426, "non_null": 0.00013871544787424916, "pi": 6.249630508725522, "pr": 2.537898335930322e-09, "precision": 0.9999775253557665, "prediction_time": 27.78762186085429, "qu": 2.2002673250032245e-07, "recall": 0.99999709724181, "size": 642804, "time": 7.012293225308681, "weighted_avg": 4.150261483801912, "x6": 151.74307272662472}, "mark": {"NY": 34.379394057816306, "TO": 0.9970521252857617, "U6": 0.0009062976438306558, "VL": 539, "WG": 454, "accuracy": 0.9997666907613759, "auc": 0.9999796049907196, "avg_time": 385.7030155274852, "benchmark": 2.79034662974854, "distinct": 540, "errors": 330, "exp_cost": 32330, "f1-score": 0.9496596245109639, "falsepos": 0.0006749017227937193, "fullscore": 0.999999876877911, "gq": 437.60885675001896, "index": 0.8251703555462838, "iz": 4.502273608402576, "l0": 58.972822289133575, "lo": 323.2714854505153, "loss": 8.331940980488284e-07, "lq": 0.9999977870477085, "meanscore": 0.9999906232877847, "n_docs": 12662509, "non_null": 4.679285369413311e-05, "pi": 6322583, "pr": 277782, "precision": 0.9996837040551949, "prediction_time": 529.2127937861145, "qu": 0.9999950453949352, "recall": 0.9999623496673966, "size": 778316, "time": 7.2976923434321455, "weighted_avg": 4.148952788341204, "x6": 0.9981437586423352}, "train": {"NY": 45.32542798615805, "TO": 3.1826474944986725, "U6": 0.999998723293196, "VL": 1.9661551226901608e-05, "WG": 2.4205900689246302, "accuracy": 0.9999998179855591, "auc": 0.9999999999627912, "avg_time": 135.15301392560187, "benchmark": 4.9470866668403515, "distinct": 430, "entropy": 3.4065641395698507, "errors": 491, "exp_cost": 67358, "f1-score": 0.9847389627423265, "falsepos": 0.0001980557984853082, "fullscore": 0.998421837338198, "gq": 0.9999999998641402, "index": 176.71408843593576, "iz": 5.348457762777697, "k6": 3.7316566281475616e-08, "l0": 0.9999975265247253, "lo": 12360461, "loss": 9.746224162165973e-06, "lq": 418, "meanscore": 0.9995933827224874, "n_docs": 1551426, "non_null": 2.1678134998204257e-07, "pi": 1.0090443668953064e-05, "pr": 372, "precision": 0.999604222516455, "prediction_time": 601.2568340628621, "qu": 0.9997687156041292, "recall": 0.822094790138549, "size": 493441, "time": 133.80381487664553, "weighted_avg": 2.076448581314495, "x6": 15.10144165297676}, "train_full": {"NY": 3.947807833823464, "TO": 385, "U6": 0.00019888425980973956, "VL": 63.02890252026891, "WG": 5.026941284183262, "accuracy": 0.9999072724811995, "auc": 0.9999967010596846, "avg_time": 154.26317851204868, "benchmark": 2.5937553999004064, "distinct": 296, "entropy": 3.219349717085584, "errors": 314, "exp_cost": 233834313, "f1-score": 0.999999988300559, "falsepos": 4.145174145708808e-06, "fullscore": 0.9990121833403606, "gq": 5.144719222555064, "index": 18.51400348964511, "iz": 519, "k6": 0.6495947816260258, "l0": 11771, "lo": 0.04469163158171652, "loss": 5.240880236456746e-06, "lq": 32.91773624054475, "meanscore": 0.9999998473445384, "n_docs": 23943129, "non_null": 0.002420595197616726, "pi": 0.00018577693867483092, "pr": 125.22992004430661, "precision": 0.999999183222255, "recall": 0.9952562412010553, "size": 901430973, "time": 21.71892874700071, "weighted_avg": 1.6666055625056582, "x6": 2.501745697740395}}