{"branch": {"NY": 810, "TO": 4612894762, "U6": 435, "VL": 2.570499368914625e-12, "WG": 1.0, "accuracy": 0.9999999985257336, "auc": 0.9961012758771831, "avg_time": 4900.677503949846, "benchmark": 4.165547093401462, "distinct": 804, "entropy": 8.112751344047318, "errors": 753, "exp_cost": 1596852466, "f1-score": 0.9999999999998811, "falsepos": 1.9539925233402755e-14, "fullscore": 0.9999999997997301, "index": 1237.8586855098129, "iz": 1450.947306658719, "k6": 845.6818396172984, "l0": 8.822818344800254e-06, "lo": 8.205449183314574, "loss": 9.753839802506548e-08, "lq": 565, "meanscore": 0.9999996246790048, "n_docs": 14093422150, "non_null": 1.0044898246519551e-10, "pi": 12607.034788856445, "pr": 262.2733124671941, "precision": 1.0, "prediction_time": 769.6948686184738, "qu": 1203.2865211412611, "recall": 0.9999997616982638, "size": 266890558436, "time": 533.924893584469, "weighted_avg": 7.383230602664267, "x6": 8479811}, "brand": {"NY": 4.718664373121672, "TO": 4.884981308350689e-15, "U6": 0.999994661245766, "VL": 372.63609717841774, "WG": 385, "accuracy": 0.9999999953652663, "auc": 0.999999996978628, "avg_time": 502.1825636900841, "benchmark": 6.356639181721921, "distinct": 622, "entropy": 3.220054964167109, "errors": 751, "exp_cost": 9591138661, "f1-score": 0.9999999999996066, "falsepos": 6.63388505239837e-08, "fullscore": 0.9999999999999871, "gq": 16.200925069306034, "index": 901.7167198667797, "iz": 306977881890, "k6": 0.9999999775927261, "l0": 0.9999999999999853, "lo": 502, "loss": 3.72168962314845e-12, "lq": 10024596925, "meanscore": 0.9937971573508683, "n_docs": 460930903, "non_null": 0.0, "pi": 5.476402936949124, "pr": 8.09263215716514, "precision": 0.99999977106147, "prediction_time": 216.82293236951983, "qu": 0.9999999999999981, "recall": 0.9999841817861401, "size": 1757150487, "time": 676.029895106073, "weighted_avg": 6.031700303369071}, "classifier": {"NY": 12187482942, "TO": 48176752, "U6": 273208494454, "VL": 792.7621412897554, "WG": 3.6358682731219005e-09, "accuracy": 0.999969034132816, "auc": 0.9999999999999996, "avg_time": 1221.42229363704, "benchmark": 5.976840929089282, "distinct": 630, "entropy": 7.197566790472204, "errors": 718, "exp_cost": 8220687093117, "f1-score": 0.9996084023544911, "falsepos": 1.2651612768088683e-05, "fullscore": 0.9999999776796267, "gq": 714.6892444481643, "index": 1335.7238357650067, "iz": 6.840800507978717, "k6": 3.132611747780345e-08, "l0": 1.0, "lo": 668, "loss": 1.84297022087776e-14, "lq": 12745583, "meanscore": 0.9999999999998128, "n_docs": 7159784470, "non_null": 1.4419581084723632e-09, "pi": 63.91308380761445, "pr": 0.0, "precision": 0.9999999999789145, "prediction_time": 246.64907372231596, "qu": 4.440892098500626e-16, "recall": 0.9999999999934951, "size": 92244504, "time": 37.41843071122235, "weighted_avg": 6.5943393501599035, "x6": 2870.6594676858153}, "mark": {"NY": 442.6694660273996, "TO": 0.9999999977395602, "U6": 1.2995628906331547e-08, "VL": 811, "WG": 740, "accuracy": 0.999999999999286, "auc": 0.9999999977435383, "avg_time": 9369.484791391165, "benchmark": 4.983588483818537, "distinct": 866, "errors": 554, "exp_cost": 6520634, "f1-score": 0.999942383332161, "falsepos": 2.1104047729370023e-06, "fullscore": 0.9999999999999988, "gq": 10216.633636605584, "index": 4.5819879471290275, "iz": 6.17683610754767, "l0": 640.1021761179262, "lo": 5664.652347087984, "loss": 4.978240042419202e-13, "lq": 0.9999999999964495, "meanscore": 0.9999999999860897, "n_docs": 7104760961, "non_null": 3.640865386955738e-12, "pi": 1621184865, "pr": 22734401, "precision": 0.9999999999177738, "prediction_time": 5013.50466153955, "qu": 0.999999999566714, "recall": 0.99999999925633, "size": 729534536, "time": 153.8338686013049, "weighted_avg": 6.789922959304517, "x6": 0.9999990935253844}, "train": {"NY": 493.5800781333074, "TO": 5.2525455708291355, "U6": 1.0, "VL": 3.022471162239526e-12, "WG": 4.281418373618391, "accuracy": 0.9999999999999826, "auc": 1.0, "avg_time": 4397.570088670535, "benchmark": 7.277069429124451, "distinct": 692, "entropy": 5.1534482688214975, "errors": 815, "exp_cost": 5160393, "f1-score": 0.999995137765183, "falsepos": 1.646470881855322e-08, "fullscore": 0.9999998337713557, "gq": 1.0, "index": 2973.8918660681256, "iz": 8.352409792317008, "k6": 0.0, "l0": 0.9999999999999976, "lo": 18627829014, "loss": 1.4366285938649526e-13, "lq": 683, "meanscore": 0.9999999796023166, "n_docs": 296147699, "non_null": 1.1102230246251565e-16, "pi": 1.4479571985859252e-09, "pr": 583, "precision": 0.9999999990415871, "prediction_time": 12992.76996156211, "qu": 0.9999999876935434, "recall": 0.9835119959460832, "size": 137319145, "time": 1621.036919869093, "weighted_avg": 3.8478730001687067, "x6": 209.56397031228406}, "train_full": {"NY": 6.7370838277317, "TO": 646, "U6": 2.6267309660710225e-08, "VL": 465.61880167424624, "WG": 7.562510760100119, "accuracy": 0.9999999987735002, "auc": 0.9999999999995166, "avg_time": 3030.4148155776084, "benchmark": 4.574423911057899, "distinct": 553, "entropy": 5.713339564049965, "errors": 547, "exp_cost": 44062556792, "f1-score": 1.0, "falsepos": 4.440892098500626e-16, "fullscore": 0.9999999761644072, "gq": 7.948828913296059, "index": 403.88847991812185, "iz": 770, "k6": 0.9762710658622524, "l0": 710394, "lo": 0.00034187821960574016, "loss": 4.745093207247919e-13, "lq": 238.887976815418, "meanscore": 0.9999999999999991, "n_docs": 23774380646, "non_null": 5.648580236883305e-08, "pi": 1.212834277453112e-10, "pr": 1978.556765364699, "precision": 0.9999999999999865, "recall": 0.9999953938660634, "size": 909441898626, "time": 222.1491689024725, "weighted_avg": 4.054736802255675, "x6": 4.3903037635945585}}