{"branch": {"NY": 813, "TO": 3218380982, "U6": 419, "VL": 1.1956768908305548e-11, "WG": 1.0, "accuracy": 0.9999999936614999, "auc": 0.995917353779569, "avg_time": 4116.629981322653, "benchmark": 3.850638370232425, "distinct": 780, "entropy": 8.027929280404317, "errors": 764, "exp_cost": 1290914813, "f1-score": 0.9999999999989345, "falsepos": 9.459100169806334e-14, "fullscore": 0.9999999996308369, "index": 1172.1214359800026, "iz": 1321.9894272774848, "k6": 897.457828654472, "l0": 2.2237607154140804e-05, "lo": 8.062527637412852, "loss": 1.68041490611337e-07, "lq": 553, "meanscore": 0.9999994511558573, "n_docs": 10287323400, "non_null": 5.055876828308214e-10, "pi": 9344.721384740671, "pr": 280.60473247408356, "precision": 1.0, "prediction_time": 653.4360370122531, "qu": 1058.1738305786853, "recall": 0.9999996404435099, "size": 149991400139, "time": 498.6839155518478, "weighted_avg": 7.3402463709477805, "x6": 5826082}, "brand": {"NY": 4.560103964528485, "TO": 1.1324274851176597e-14, "U6": 0.9999827950082286, "VL": 410.0833055941104, "WG": 376, "accuracy": 0.999999992947838, "auc": 0.9999999943528912, "avg_time": 424.4229126488302, "benchmark": 6.310062960736478, "distinct": 595, "entropy": 3.206881188733892, "errors": 730, "exp_cost": 5946830204, "f1-score": 0.9999999999979061, "falsepos": 2.0597052208248812e-07, "fullscore": 0.9999999999999187, "gq": 13.987578185753394, "index": 742.3118121685841, "iz": 223709781386, "k6": 0.9999999043476111, "l0": 0.99999999999997, "lo": 498, "loss": 2.0116686094695524e-11, "lq": 5420222521, "meanscore": 0.9946868412135191, "n_docs": 305538453, "non_null": 1.1102230246251565e-16, "pi": 5.280136230455223, "pr": 8.02882905669664, "precision": 0.9999995958417439, "prediction_time": 203.9010917745626, "qu": 0.999999999999991, "recall": 0.999967837616444, "size": 998431737, "time": 627.932421267848, "weighted_avg": 6.014471728857087}, "classifier": {"NY": 7719135509, "TO": 42035179, "U6": 183343006914, "VL": 748.921911660422, "WG": 9.232488884514112e-09, "accuracy": 0.999960482426188, "auc": 0.999999999999998, "avg_time": 946.4737928599764, "benchmark": 5.835220628653105, "distinct": 620, "entropy": 7.2436949411156055, "errors": 726, "exp_cost": 5516779573181, "f1-score": 0.9996886696817474, "falsepos": 1.5895257931552997e-05, "fullscore": 0.9999999401630066, "gq": 562.4905625989826, "index": 1108.6553031493445, "iz": 6.787053460255293, "k6": 7.372278387762776e-08, "l0": 1.0, "lo": 644, "loss": 4.118927421359331e-14, "lq": 10664287, "meanscore": 0.9999999999992875, "n_docs": 4796743383, "non_null": 2.5315112228696535e-09, "pi": 58.500422733748074, "pr": 0.0, "precision": 0.9999999999664559, "prediction_time": 212.14358054681773, "qu": 1.6653345369377348e-15, "recall": 0.9999999999939809, "size": 73864202, "time": 29.145106893651672, "weighted_avg": 6.525929735876926, "x6": 2416.115321465729}, "mark": {"NY": 374.75313068681595, "TO": 0.9999999844098285, "U6": 6.5232066415177314e-09, "VL": 798, "WG": 739, "accuracy": 0.9999999999960211, "auc": 0.999999996548187, "avg_time": 7537.441109820813, "benchmark": 4.660574106465248, "distinct": 834, "errors": 546, "exp_cost": 5382113, "f1-score": 0.999940683388358, "falsepos": 1.0006126942574411e-06, "fullscore": 0.9999999999999961, "gq": 8068.70841918747, "index": 4.426907078211988, "iz": 6.073593440560719, "l0": 489.923422243881, "lo": 4816.481518178354, "loss": 1.876832023128827e-12, "lq": 0.9999999999894549, "meanscore": 0.9999999998949628, "n_docs": 4292788224, "non_null": 5.910161249289558e-12, "pi": 1384447593, "pr": 15071297, "precision": 0.9999999998256293, "prediction_time": 4977.358415418515, "qu": 0.9999999990512375, "recall": 0.9999999958244525, "size": 352594254, "time": 103.52882748260905, "weighted_avg": 6.585748335253303, "x6": 0.9999963993100632}, "train": {"NY": 430.00804972687337, "TO": 5.169796011512864, "U6": 1.0, "VL": 1.557520779016386e-11, "WG": 4.250913483542933, "accuracy": 0.999999999999837, "auc": 1.0, "avg_time": 3828.0688122310353, "benchmark": 7.02226862787366, "distinct": 691, "entropy": 4.9073359989816785, "errors": 807, "exp_cost": 4477981, "f1-score": 0.9999891273088938, "falsepos": 2.597506987278564e-08, "fullscore": 0.9999996731133576, "gq": 1.0, "index": 2357.8318243929193, "iz": 8.207694081787093, "k6": 1.1102230246251565e-16, "l0": 0.999999999999982, "lo": 10357439819, "loss": 7.450706718259426e-13, "lq": 670, "meanscore": 0.99999994095808, "n_docs": 248780216, "non_null": 1.1102230246251565e-16, "pi": 1.0588185883619872e-09, "pr": 574, "precision": 0.9999999972310174, "prediction_time": 10642.54453219006, "qu": 0.9999999860657242, "recall": 0.9794287775902036, "size": 108961989, "time": 1293.1778118117368, "weighted_avg": 3.917821509593967, "x6": 181.05607726227882}, "train_full": {"NY": 6.557991353315137, "TO": 632, "U6": 4.125010455435785e-08, "VL": 389.5197574101194, "WG": 7.4443683124043645, "accuracy": 0.9999999976255858, "auc": 0.9999999999988144, "avg_time": 2366.0208275069135, "benchmark": 4.570730557911222, "distinct": 544, "entropy": 5.62580757720136, "errors": 539, "exp_cost": 32653319469, "f1-score": 0.9999999999999999, "falsepos": 7.66053886991358e-15, "fullscore": 0.9999999516515912, "gq": 7.838815810718677, "index": 328.66957756765373, "iz": 772, "k6": 0.9659495265170679, "l0": 544413, "lo": 0.0004712842624639002, "loss": 3.645972412869014e-13, "lq": 207.8582194348798, "meanscore": 0.9999999999999973, "n_docs": 17175442078, "non_null": 1.6091154042552347e-07, "pi": 5.633089550372006e-10, "pr": 1690.1225633453198, "precision": 0.9999999999999563, "recall": 0.9999878178699199, "size": 914360153340, "time": 188.2674319084982, "weighted_avg": 3.9857922353723794, "x6": 4.381692456592504}}