{"branch": {"NY": 97, "TO": 27600, "U6": -27, "VL": 0.15214678995199116, "WG": 0.9954110845946814, "accuracy": 0.4410558810812992, "auc": 0.3148285551535528, "avg_time": 3.891944153516609, "benchmark": -0.6692839671249697, "distinct": 97, "entropy": 0.4785485992520891, "errors": 34, "exp_cost": 1971, "f1-score": 0.6907902562994057, "falsepos": 0.24015994170409805, "fullscore": 0.8768742642735097, "index": 3.9615376968980947, "iz": 2.9462665118891533, "k6": 5.875369349300901, "l0": 0.36115681758332885, "lo": 0.2837666808865167, "loss": 0.4905082589368608, "lq": 34, "meanscore": 0.34920396207200133, "n_docs": 45614, "non_null": 0.5838588747945086, "pi": 11.657129378654867, "pr": 1.1600538710903698, "precision": 0.9561232393362382, "prediction_time": 2.878181122340917, "qu": 4.378270687344616, "recall": 0.7557271594692568, "size": 94666, "time": 3.159119741341459, "weighted_avg": 0.7639882819092948, "x6": 243}, "brand": {"NY": -1.0887077041129505, "TO": 0.017346147744791263, "U6": 0.14856598670733495, "VL": 1.3206884333512479, "WG": -12, "accuracy": 0.4916081729392901, "auc": 0.7350907170914766, "avg_time": 0.2977521158824665, "benchmark": 1.5525330001138375, "distinct": 82, "entropy": -0.4592751674671264, "errors": 16, "exp_cost": 386, "f1-score": 0.9985907635414861, "falsepos": 0.4696509617380058, "fullscore": 0.7097295180519617, "gq": 0.3430071318060687, "index": 0.8177923956813918, "iz": 29400, "k6": 0.3017395120091958, "l0": 0.9634883427028306, "lo": 86, "loss": 0.011375020311332529, "lq": 7048, "meanscore": 0.2725965004484284, "n_docs": 1123, "non_null": 0.028129681374737814, "pi": 0.2862240048058967, "pr": 0.9765946707067572, "precision": 0.6033454712268246, "prediction_time": 4.280112551824791, "qu": 0.8932550402982274, "recall": 0.1660342116920015, "size": 1816, "time": 0.9044975307735506, "weighted_avg": -0.9833957406146927}, "classifier": {"NY": 809, "TO": 4444, "U6": 21508, "VL": 1.8378359050870188, "WG": 0.6369001813029883, "accuracy": 0.8451564678901351, "auc": 0.9627783996969308, "avg_time": 3.7555112979011698, "benchmark": 0.1457351290661404, "distinct": 71, "entropy": 1.5720647861433723, "errors": 50, "exp_cost": 153047, "f1-score": 0.33229271354848616, "falsepos": 0.9035366323270954, "fullscore": 0.6064691013826434, "gq": 0.8114120834464198, "index": 3.1555519060995403, "iz": -1.2693854573270316, "k6": 0.4436152998965701, "l0": 0.9962086953148281, "lo": 94, "loss": 0.43649712240335137, "lq": 84, "meanscore": 0.835602700045001, "n_docs": 14772, "non_null": 0.19878806975909968, "pi": 0.25458618333638305, "pr": 0.18359515787547342, "precision": 0.8381034559695104, "prediction_time": 1.3897587664660982, "qu": 0.14542441135374395, "recall": 0.9586992315533528, "size": 560, "time": 0.9306701462667768, "weighted_avg": 0.48222993421477417, "x6": 2.7494380339953692}, "mark": {"NY": 1.3199846874320251, "TO": 0.08369780986451936, "U6": 0.6313009863121246, "VL": 201, "WG": 36, "accuracy": 0.18521977784097365, "auc": 0.9520169921462642, "avg_time": 5.59532306666869, "benchmark": -0.22585782573966173, "distinct": 117, "errors": 24, "exp_cost": 33, "f1-score": 0.11970518340529795, "falsepos": 0.1572769380732224, "fullscore": 0.9176189462571913, "gq": 5.928287692442934, "index": 0.10371605184227206, "iz": 1.8695553393054134, "l0": 3.469664445521016, "lo": 5.58898664147363, "loss": 0.07216506785464194, "lq": 0.9212608688599389, "meanscore": 0.9074788503704849, "n_docs": 1648, "non_null": 0.7132916843436374, "pi": 3356, "pr": 806, "precision": 0.3360025114216958, "prediction_time": 23.591349270883146, "qu": 0.9820981546659358, "recall": 0.8434657298180289, "size": 149, "time": 0.1336788928934832, "weighted_avg": 0.8537453212776223, "x6": 0.7657358605317829}, "train": {"NY": 1.7844670696790583, "TO": 0.3306280863879812, "U6": 0.4174111664834309, "VL": 0.33281634691133144, "WG": -0.22139969651870528, "accuracy": 0.9625380231829022, "auc": 0.9880995376695549, "avg_time": 1.594025656549608, "benchmark": 1.7967070343874636, "distinct": 81, "entropy": 1.1825204160945435, "errors": 49, "exp_cost": 109, "f1-score": 0.18015523537501715, "falsepos": 0.23177189932101505, "fullscore": 0.4592298805990512, "gq": 0.9682339983903621, "index": 4.419773716065465, "iz": 1.179619480356446, "k6": 0.06253840752165585, "l0": 0.47322153572297365, "lo": 1285, "loss": 0.49569018302469636, "lq": 50, "meanscore": 0.7111106495000317, "n_docs": 1489, "non_null": 0.18601314182362172, "pi": 0.034453062707709314, "pr": 103, "precision": 0.46943813421503905, "prediction_time": 8.181956732219374, "qu": 0.7248170534618826, "recall": 0.13616663785371202, "size": 229, "time": 6.9021862115058585, "weighted_avg": -0.5693388515757664, "x6": 0.5826345787677103}, "train_full": {"NY": 0.24952920245206733, "TO": 3, "U6": 0.10462105209309691, "VL": 4.018957371181342, "WG": 1.615614578721976, "accuracy": 0.6911467328486618, "auc": 0.8408621589600046, "avg_time": 2.6418132071601854, "benchmark": -0.03549774358398794, "distinct": -28, "entropy": -0.15001454217334448, "errors": -3, "exp_cost": 163038, "f1-score": 0.9794235081726569, "falsepos": 0.5521275520043181, "fullscore": 0.3733562955321208, "gq": 1.522331836758715, "index": 0.3452756442473121, "iz": 154, "k6": 0.07430609569381386, "l0": 64, "lo": 0.663173556520125, "loss": 0.3301136969338545, "lq": 2.4860247092654437, "meanscore": 0.9109390935102277, "n_docs": 2467, "non_null": 0.603756500282215, "pi": 0.48262074440751623, "pr": 2.8315648186487437, "precision": 0.8511596004384874, "recall": 0.5876726778460521, "size": 74600, "time": 1.025637436501951, "weighted_avg": -1.1108099762689432, "x6": 0.24056051949773233}}