{"branch": {"NY": 225, "TO": 241707, "U6": 56, "VL": 0.02946344823934277, "WG": 0.9997674958582645, "accuracy": 0.8318609557458343, "auc": 0.5362631771274705, "avg_time": 11.937522025555808, "benchmark": 0.31280373500154, "distinct": 225, "entropy": 1.9551809424777638, "errors": 150, "exp_cost": 24711, "f1-score": 0.9589753379146735, "falsepos": 0.03306821886328182, "fullscore": 0.980157759898928, "index": 12.209430195173649, "iz": 9.377669811052058, "k6": 16.553880019076374, "l0": 0.18721894777164028, "lo": 1.7332228828020873, "loss": 0.21813234764544542, "lq": 113, "meanscore": 0.638587979716123, "n_docs": 482060, "non_null": 0.18182166448428483, "pi": 40.913036301229084, "pr": 3.0536511191863944, "precision": 0.9987746179148836, "prediction_time": 8.90566165097743, "qu": 11.180389694130909, "recall": 0.9348931983190394, "size": 1398942, "time": 7.170171759764694, "weighted_avg": 1.9358557246905965, "x6": 2200}, "brand": {"NY": -0.09958763664047199, "TO": 0.0006001165048765689, "U6": 0.4289876271726111, "VL": 4.085964363229836, "WG": 77, "accuracy": 0.8430141806930315, "auc": 0.9424695312144578, "avg_time": 1.0160515875981737, "benchmark": 2.4247361698046443, "distinct": 181, "entropy": 0.05650962446261304, "errors": 152, "exp_cost": 10029, "f1-score": 0.9997906564496489, "falsepos": 0.1629767661222743, "fullscore": 0.9711208547240251, "gq": 0.5680359860662672, "index": 2.324083609470355, "iz": 639507, "k6": 0.686180119177183, "l0": 0.9972707733110515, "lo": 157, "loss": 0.0008327259860329006, "lq": 115452, "meanscore": 0.41139424302011485, "n_docs": 10844, "non_null": 0.0011420625595049971, "pi": 1.1308136782317648, "pr": 2.128198243431253, "precision": 0.8686456923083438, "prediction_time": 8.864116129279525, "qu": 0.9878193714255059, "recall": 0.45994071717599716, "size": 20236, "time": 3.0370505748030308, "weighted_avg": 0.1719934396652057}, "classifier": {"NY": 21496, "TO": 17544, "U6": 392918, "VL": 6.55379954822394, "WG": 0.21833486749405207, "accuracy": 0.9481274982784738, "auc": 0.9987919955838012, "avg_time": 9.323247347298858, "benchmark": 1.2110719481766263, "distinct": 186, "entropy": 2.645958788953549, "errors": 170, "exp_cost": 3119810, "f1-score": 0.5838325426508956, "falsepos": 0.6218665559793516, "fullscore": 0.8549719028631125, "gq": 2.3257209156038616, "index": 7.445611754166707, "iz": 0.11856750947025962, "k6": 0.13235994580662647, "l0": 0.9999266968968525, "lo": 183, "loss": 0.07789149973486031, "lq": 733, "meanscore": 0.9847131161271067, "n_docs": 117775, "non_null": 0.04008349243766596, "pi": 0.7286456229770956, "pr": 0.007265420044178628, "precision": 0.9717198858780566, "prediction_time": 3.4564275869406096, "qu": 0.015343687282637353, "recall": 0.9970926906290181, "size": 5685, "time": 1.885571915040825, "weighted_avg": 1.7691785316180284, "x6": 9.533930001592452}, "mark": {"NY": 4.054589356919491, "TO": 0.4313873646250393, "U6": 0.1672620439211614, "VL": 301, "WG": 161, "accuracy": 0.6448344784824565, "auc": 0.9907308074937433, "avg_time": 20.763101475169307, "benchmark": 0.5329490076816208, "distinct": 242, "errors": 127, "exp_cost": 411, "f1-score": 0.41623893230893017, "falsepos": 0.06750103512282402, "fullscore": 0.9953263924056716, "gq": 20.061001169677187, "index": 0.19356677679146617, "iz": 2.6538007918641764, "l0": 8.608566606844178, "lo": 17.764563486784866, "loss": 0.0077778903308621805, "lq": 0.9903403896475282, "meanscore": 0.9882938888367798, "n_docs": 24847, "non_null": 0.24563203004692524, "pi": 47643, "pr": 7206, "precision": 0.7451298698474552, "prediction_time": 60.02854069938145, "qu": 0.9982014873277338, "recall": 0.9775199049243418, "size": 2541, "time": 0.4899430434638047, "weighted_avg": 1.9005945283397925, "x6": 0.8999365527465393}, "train": {"NY": 4.793857250765209, "TO": 1.0917109577920139, "U6": 0.8989279013259472, "VL": 0.05967417806658237, "WG": 0.6085544369003172, "accuracy": 0.9976415614901752, "auc": 0.9998830459970709, "avg_time": 6.823190935891414, "benchmark": 2.8089550625933954, "distinct": 197, "entropy": 1.622965758097714, "errors": 202, "exp_cost": 971, "f1-score": 0.5464395577793814, "falsepos": 0.06369761349942527, "fullscore": 0.8068461522101883, "gq": 0.9996046290441425, "index": 14.09692807029472, "iz": 2.4787327000192767, "k6": 0.002622740387485001, "l0": 0.9270260215202932, "lo": 26763, "loss": 0.11272547246268494, "lq": 154, "meanscore": 0.9479981259850488, "n_docs": 12448, "non_null": 0.01894421505471411, "pi": 0.004922126895056, "pr": 187, "precision": 0.8514189004927771, "prediction_time": 27.752883925410707, "qu": 0.9398596356749762, "recall": 0.307654619969984, "size": 1965, "time": 17.342081862594647, "weighted_avg": 0.28737183722367454, "x6": 1.3050141238957518}, "train_full": {"NY": 1.2791239523541642, "TO": 110, "U6": 0.020496460402083194, "VL": 10.8124998515831, "WG": 2.5182911610695387, "accuracy": 0.9189139951712508, "auc": 0.9787758506989774, "avg_time": 9.145762772533773, "benchmark": 0.8660699904715969, "distinct": 84, "entropy": 0.7039755743794781, "errors": 116, "exp_cost": 1098751, "f1-score": 0.9989578517803042, "falsepos": 0.12726885255829123, "fullscore": 0.7942063266112256, "gq": 2.5738245609669517, "index": 1.1613133026420135, "iz": 272, "k6": 0.20596122234939152, "l0": 395, "lo": 0.39285552571018034, "loss": 0.033762476797415175, "lq": 5.445102384224825, "meanscore": 0.99532880062456, "n_docs": 36328, "non_null": 0.21866697316224837, "pi": 0.10825743195845583, "pr": 8.173496920124633, "precision": 0.9879104456416112, "recall": 0.811717794620145, "size": 2167740, "time": 2.7339276457881203, "weighted_avg": -0.19676476044464264, "x6": 1.0120935376189137}}