{"branch": {"NY": 689, "TO": 477637448, "U6": 358, "VL": 6.621152737196212e-09, "WG": 0.9999999999999908, "accuracy": 0.9999994023765774, "auc": 0.9843229024411023, "avg_time": 1332.9196550941701, "benchmark": 3.260126142309381, "distinct": 669, "entropy": 6.779364132884687, "errors": 627, "exp_cost": 122648596, "f1-score": 0.9999999993321262, "falsepos": 2.3905311063998624e-10, "fullscore": 0.9999999093038696, "index": 471.9152053067734, "iz": 477.6903309859187, "k6": 390.979629463594, "l0": 0.0002872921055917521, "lo": 6.750222204863626, "loss": 8.441896301336627e-06, "lq": 462, "meanscore": 0.999966906277316, "n_docs": 1516528015, "non_null": 2.4072230753180435e-07, "pi": 3024.8189214248596, "pr": 92.06006609191284, "precision": 0.9999999999999996, "prediction_time": 257.3532505531578, "qu": 395.64789006548506, "recall": 0.9999799812405545, "size": 13961188764, "time": 218.481225109574, "weighted_avg": 6.164647923743721, "x6": 794011}, "brand": {"NY": 3.7641403125376502, "TO": 1.0166756325702409e-11, "U6": 0.9996290073416016, "VL": 139.58521467902466, "WG": 301, "accuracy": 0.9999987400976011, "auc": 0.9999996918703409, "avg_time": 119.16699683082706, "benchmark": 5.483260381397204, "distinct": 517, "entropy": 2.4898858287455714, "errors": 610, "exp_cost": 371568000, "f1-score": 0.9999999998933538, "falsepos": 7.734497164180176e-06, "fullscore": 0.9999999997850597, "gq": 8.306250944244985, "index": 266.06931062959507, "iz": 16900690498, "k6": 0.9999896228900929, "l0": 0.9999999999101077, "lo": 435, "loss": 1.9677559581765536e-09, "lq": 569484976, "meanscore": 0.9771589578073515, "n_docs": 37477400, "non_null": 2.533528942194607e-13, "pi": 4.407212557863018, "pr": 6.751586372713826, "precision": 0.9999850788587257, "prediction_time": 103.51026107377639, "qu": 0.9999999999918662, "recall": 0.9993817915187426, "size": 135329515, "time": 211.13226216176028, "weighted_avg": 4.816565349713045}, "classifier": {"NY": 573276425, "TO": 9608740, "U6": 14895856712, "VL": 272.3999587229835, "WG": 1.8573506723740252e-06, "accuracy": 0.9997893649865479, "auc": 0.9999999999970164, "avg_time": 376.53773468665486, "benchmark": 4.975878473960008, "distinct": 527, "entropy": 6.345980953978609, "errors": 603, "exp_cost": 266673134486, "f1-score": 0.9978900156167878, "falsepos": 0.0007654027972298083, "fullscore": 0.9999950941491528, "gq": 202.35606118533266, "index": 520.0677732728414, "iz": 5.391527873463128, "k6": 5.28685831446829e-06, "l0": 0.9999999999999538, "lo": 564, "loss": 3.051496832995326e-10, "lq": 1639261, "meanscore": 0.9999999992578514, "n_docs": 766298851, "non_null": 1.611433191328615e-07, "pi": 23.406182223720975, "pr": 3.3306690738754696e-15, "precision": 0.999999977114034, "prediction_time": 89.18512162843719, "qu": 1.1056267013032084e-11, "recall": 0.9999999986833135, "size": 11776115, "time": 18.288555442983736, "weighted_avg": 5.448468553393963, "x6": 873.481684113749}, "mark": {"NY": 147.82115895705294, "TO": 0.9999949725631625, "U6": 1.468700603912687e-06, "VL": 693, "WG": 608, "accuracy": 0.9999999909135587, "auc": 0.9999996770766748, "avg_time": 2129.9565587102898, "benchmark": 4.169114681458779, "distinct": 727, "errors": 465, "exp_cost": 684610, "f1-score": 0.9981939271657357, "falsepos": 1.6925341788431858e-05, "fullscore": 0.9999999999916312, "gq": 2675.026749757965, "index": 2.280677476516243, "iz": 5.4235372805797315, "l0": 229.81937817114215, "lo": 1601.6883377397191, "loss": 5.61560353773416e-10, "lq": 0.9999999977023125, "meanscore": 0.999999992426531, "n_docs": 377834096, "non_null": 1.6325733431798994e-08, "pi": 156923272, "pr": 3094967, "precision": 0.9999998672179587, "prediction_time": 1868.079563723226, "qu": 0.9999999633265803, "recall": 0.9999998079910521, "size": 31299418, "time": 34.350435368738445, "weighted_avg": 5.666417722187721, "x6": 0.9999659399740688}, "train": {"NY": 182.21415463944504, "TO": 4.457951881761517, "U6": 0.9999999999966287, "VL": 1.2804445725933533e-08, "WG": 3.5286124229322766, "accuracy": 0.9999999998396847, "auc": 1.0, "avg_time": 958.1419283890863, "benchmark": 6.270843225550519, "distinct": 581, "entropy": 4.286929883689008, "errors": 676, "exp_cost": 818968, "f1-score": 0.9995519738298738, "falsepos": 1.329505192271263e-06, "fullscore": 0.9999829510514482, "gq": 0.9999999999999998, "index": 744.7573670847893, "iz": 6.98083946674537, "k6": 3.114175584073564e-13, "l0": 0.9999999998685603, "lo": 773419066, "loss": 1.3511328722515259e-09, "lq": 551, "meanscore": 0.9999975911477246, "n_docs": 27004178, "non_null": 3.339772902677396e-12, "pi": 1.426321574182765e-07, "pr": 499, "precision": 0.9999993526758176, "prediction_time": 3951.702184282448, "qu": 0.9999986912350505, "recall": 0.9420283424136553, "size": 9136802, "time": 559.0126354471231, "weighted_avg": 3.0499312713037385, "x6": 74.62693821164393}, "train_full": {"NY": 5.586937098280752, "TO": 531, "U6": 1.1392380904196031e-06, "VL": 183.53742693873446, "WG": 6.564860574306818, "accuracy": 0.9999997180827109, "auc": 0.9999999989547523, "avg_time": 817.0541114131395, "benchmark": 3.7581392510943963, "distinct": 448, "entropy": 4.615898961600337, "errors": 453, "exp_cost": 4947341658, "f1-score": 0.999999999999727, "falsepos": 4.5050740915542065e-11, "fullscore": 0.9999973200831462, "gq": 6.670678652292451, "index": 111.62594621738468, "iz": 668, "k6": 0.8969373221147815, "l0": 122612, "lo": 0.004239750733733949, "loss": 9.988383453674032e-10, "lq": 104.56747410459658, "meanscore": 0.9999999999838822, "n_docs": 1134546590, "non_null": 1.630247450212785e-05, "pi": 2.475442485438961e-07, "pr": 576.1767835069054, "precision": 0.99999999991771, "recall": 0.9998385031084955, "size": 41217128026, "time": 81.22000698809907, "weighted_avg": 3.0125919343959078, "x6": 3.6466323040536492}}