{"branch": {"NY": 154, "TO": 100348, "U6": 14, "VL": 0.06763291320690357, "WG": 0.9989469634777086, "accuracy": 0.6308351063877258, "auc": 0.4281586148189706, "avg_time": 7.331712948199237, "benchmark": -0.19764120406317792, "distinct": 162, "entropy": 1.3056404742288121, "errors": 93, "exp_cost": 7043, "f1-score": 0.8732537066015343, "falsepos": 0.09020454499537955, "fullscore": 0.9473560330111936, "index": 7.054151080001694, "iz": 5.3148171836355775, "k6": 10.7493501115482, "l0": 0.31144346384493327, "lo": 1.0951041785983304, "loss": 0.31525701205829937, "lq": 80, "meanscore": 0.5081426257135402, "n_docs": 175246, "non_null": 0.3346465842892288, "pi": 22.894113661187706, "pr": 2.0639708300733375, "precision": 0.9930997310158642, "prediction_time": 5.494191362128562, "qu": 7.174062952581162, "recall": 0.8688557488639325, "size": 449018, "time": 4.574944883160664, "weighted_avg": 1.343461462959488, "x6": 858}, "brand": {"NY": -0.5600995605411915, "TO": 0.003445853166127444, "U6": 0.2737448029672194, "VL": 2.6516563517867717, "WG": 11, "accuracy": 0.7050980610689619, "auc": 0.8877630927024536, "avg_time": 0.5837252220988728, "benchmark": 2.0436247781917256, "distinct": 135, "entropy": -0.1317085353655027, "errors": 90, "exp_cost": 1917, "f1-score": 0.9994920881234711, "falsepos": 0.28667697828824057, "fullscore": 0.8928605177342224, "gq": 0.48982909546819897, "index": 1.4097136257565805, "iz": 155285, "k6": 0.489470132428411, "l0": 0.9843157775195588, "lo": 123, "loss": 0.0024700841753225733, "lq": 28573, "meanscore": 0.38013818972832303, "n_docs": 4166, "non_null": 0.0057129119834784525, "pi": 0.7342791258534318, "pr": 1.6605451310463697, "precision": 0.7652094183017281, "prediction_time": 6.0776708001106945, "qu": 0.9631028445886133, "recall": 0.31276749327278, "size": 7266, "time": 1.6630940759280575, "weighted_avg": -0.3736617282348403}, "classifier": {"NY": 4087, "TO": 9733, "U6": 100127, "VL": 3.3259210513914415, "WG": 0.40775284066805817, "accuracy": 0.8984470277227301, "auc": 0.992368277980281, "avg_time": 6.343269249712946, "benchmark": 0.7005834595882405, "distinct": 128, "entropy": 2.095790179097804, "errors": 111, "exp_cost": 760376, "f1-score": 0.46688466956126784, "falsepos": 0.7503304765501877, "fullscore": 0.7746025798636892, "gq": 1.3978485294939909, "index": 5.041201591838302, "iz": -0.5502917899993509, "k6": 0.2722381148805213, "l0": 0.9994157772000175, "lo": 140, "loss": 0.20062374931092775, "lq": 295, "meanscore": 0.9446880838699232, "n_docs": 52980, "non_null": 0.0811343066568242, "pi": 0.4598290085873387, "pr": 0.048228822377094804, "precision": 0.9177498585955354, "prediction_time": 2.417363523909835, "qu": 0.052526611984046956, "recall": 0.9894683934886157, "size": 2135, "time": 1.3820491662810526, "weighted_avg": 1.1215371034955222, "x6": 5.301416732422151}, "mark": {"NY": 2.397276940811217, "TO": 0.22594511614365398, "U6": 0.355221592043409, "VL": 262, "WG": 108, "accuracy": 0.40247298276128385, "auc": 0.9816926444198433, "avg_time": 11.663705495959846, "benchmark": 0.2687608855445164, "distinct": 186, "errors": 91, "exp_cost": 139, "f1-score": 0.311082877195914, "falsepos": 0.10555394108861149, "fullscore": 0.978018600390841, "gq": 10.146721881363277, "index": 0.15093212604975187, "iz": 2.2474382426000035, "l0": 5.606889532750779, "lo": 11.236172344536705, "loss": 0.026740842696727163, "lq": 0.9748822782070456, "meanscore": 0.9666581547755977, "n_docs": 7066, "non_null": 0.4472497211367611, "pi": 13767, "pr": 2548, "precision": 0.5693866079140435, "prediction_time": 38.32869196121359, "qu": 0.9940447350802191, "recall": 0.9386617120538123, "size": 789, "time": 0.3149824040278226, "weighted_avg": 1.4365486171862745, "x6": 0.8441583731506572}, "train": {"NY": 2.9646260069547457, "TO": 0.7438183384459214, "U6": 0.7796174340924809, "VL": 0.147139424308949, "WG": 0.2072109729945701, "accuracy": 0.9892132447550149, "auc": 0.9988552858078743, "avg_time": 2.9603816573807857, "benchmark": 2.1693323446712283, "distinct": 156, "entropy": 1.4272050088863755, "errors": 122, "exp_cost": 353, "f1-score": 0.3565864620239947, "falsepos": 0.13333906616689228, "fullscore": 0.6648182678417507, "gq": 0.9951057434992008, "index": 6.961295333304319, "iz": 1.906808830736307, "k6": 0.012423202442124914, "l0": 0.7785833840082521, "lo": 6116, "loss": 0.2724425270743164, "lq": 120, "meanscore": 0.8919723286974901, "n_docs": 4011, "non_null": 0.054299121599162614, "pi": 0.017471128853226325, "pr": 147, "precision": 0.6956179528798709, "prediction_time": 15.841025313289666, "qu": 0.8581155644916112, "recall": 0.21575599789084965, "size": 598, "time": 11.29605820916038, "weighted_avg": 0.00019346484301879796, "x6": 0.999026238474536}, "train_full": {"NY": 0.8449260302469734, "TO": 57, "U6": 0.05657340990608972, "VL": 6.309278859469186, "WG": 2.1387532481416485, "accuracy": 0.8254632990539206, "auc": 0.9351586456287856, "avg_time": 5.392899507405045, "benchmark": 0.47155760207183517, "distinct": 30, "entropy": 0.352901514711566, "errors": 61, "exp_cost": 448396, "f1-score": 0.9947928032038915, "falsepos": 0.2568539865884294, "fullscore": 0.6269474185398951, "gq": 2.095962837124339, "index": 0.613190278557062, "iz": 211, "k6": 0.13578227172505453, "l0": 158, "lo": 0.5339621335595053, "loss": 0.14348936712792282, "lq": 3.6988768871843356, "meanscore": 0.9765812312975746, "n_docs": 10845, "non_null": 0.4138111488006333, "pi": 0.2291653058833537, "pr": 5.2036839393953676, "precision": 0.9473954501257328, "recall": 0.7230821041662645, "size": 441770, "time": 1.7098557084865813, "weighted_avg": -0.7544109476833927, "x6": 0.6332166752004521}}