{"branch": {"NY": 758, "TO": 1635360594, "U6": 407, "VL": 1.2758338829854665e-10, "WG": 1.0, "accuracy": 0.9999999667842996, "auc": 0.9936025378147024, "avg_time": 2760.6425356987193, "benchmark": 3.795868331900115, "distinct": 740, "entropy": 7.565274417993475, "errors": 709, "exp_cost": 648230209, "f1-score": 0.9999999999945484, "falsepos": 1.106892355551281e-12, "fullscore": 0.9999999978023775, "index": 875.1468506851213, "iz": 932.5997215945978, "k6": 670.133210899942, "l0": 4.920329167934501e-05, "lo": 7.680491810724583, "loss": 8.037280118111667e-07, "lq": 529, "meanscore": 0.9999980989681823, "n_docs": 5518569493, "non_null": 2.5174602402699975e-09, "pi": 7797.520390772685, "pr": 200.88976213833087, "precision": 1.0, "prediction_time": 528.3054145881933, "qu": 842.4234610395479, "recall": 0.9999988233579273, "size": 108557028377, "time": 362.7317630899907, "weighted_avg": 6.97824601896474, "x6": 3313323}, "brand": {"NY": 4.387195503034532, "TO": 1.141309269314661e-13, "U6": 0.9999709894121982, "VL": 295.66075841910293, "WG": 355, "accuracy": 0.9999999582219533, "auc": 0.9999999809520873, "avg_time": 258.4937272410292, "benchmark": 6.0539999184465385, "distinct": 569, "entropy": 3.087286922259833, "errors": 694, "exp_cost": 2316426029, "f1-score": 0.9999999999936975, "falsepos": 3.7265325047997067e-07, "fullscore": 0.9999999999992627, "gq": 11.678051499657785, "index": 625.694727462486, "iz": 85614962150, "k6": 0.999999457400315, "l0": 0.9999999999991263, "lo": 478, "loss": 4.5121351099908225e-11, "lq": 2476949521, "meanscore": 0.9911704031724121, "n_docs": 132293102, "non_null": 6.661338147750939e-16, "pi": 4.909202783955476, "pr": 7.614429590119828, "precision": 0.9999986032587374, "prediction_time": 158.82090268605592, "qu": 0.9999999999999668, "recall": 0.9999382162540331, "size": 700852939, "time": 419.38850964813724, "weighted_avg": 5.666260482486321}, "classifier": {"NY": 2968211208, "TO": 29227855, "U6": 77911922820, "VL": 542.3298127026559, "WG": 5.976433592458363e-08, "accuracy": 0.9999328541011442, "auc": 0.9999999999999796, "avg_time": 802.8152838685448, "benchmark": 5.558768416176057, "distinct": 588, "entropy": 6.841175149796089, "errors": 689, "exp_cost": 1541407800924, "f1-score": 0.9989844791663751, "falsepos": 8.353287117379704e-05, "fullscore": 0.9999991942908735, "gq": 423.0703159390829, "index": 1077.8654013287746, "iz": 6.2766784677684235, "k6": 2.1343023770548086e-07, "l0": 0.999999999999999, "lo": 624, "loss": 1.4879208976026348e-12, "lq": 5281698, "meanscore": 0.9999999999918041, "n_docs": 2982057703, "non_null": 1.8968063120183842e-08, "pi": 40.97964916961833, "pr": 0.0, "precision": 0.9999999997606995, "prediction_time": 178.7378519677381, "qu": 2.6867397195928788e-14, "recall": 0.9999999999526858, "size": 40252950, "time": 26.611582081430587, "weighted_avg": 6.139141148377331, "x6": 1832.1189868831718}, "mark": {"NY": 274.36954604997266, "TO": 0.9999999403901831, "U6": 3.990866481728972e-08, "VL": 748, "WG": 700, "accuracy": 0.9999999999671152, "auc": 0.9999999694704949, "avg_time": 4981.097180547813, "benchmark": 4.566687235009392, "distinct": 797, "errors": 518, "exp_cost": 2649183, "f1-score": 0.9997900160842264, "falsepos": 3.633711444295251e-06, "fullscore": 0.9999999999999565, "gq": 5764.659738128545, "index": 3.4546880668178725, "iz": 5.957228585242089, "l0": 410.2732134743975, "lo": 3905.6512681264567, "loss": 6.472822278169588e-12, "lq": 0.9999999999684471, "meanscore": 0.9999999998267624, "n_docs": 2028710375, "non_null": 1.2595102738544028e-10, "pi": 735024736, "pr": 9983629, "precision": 0.9999999985260754, "prediction_time": 3513.2932947991726, "qu": 0.9999999973724364, "recall": 0.9999999615581461, "size": 210868349, "time": 87.52962787544037, "weighted_avg": 6.271334974244801, "x6": 0.999994198469571}, "train": {"NY": 327.1022752691554, "TO": 5.093007585170594, "U6": 0.9999999999999953, "VL": 1.2014322869902117e-10, "WG": 3.951964795085842, "accuracy": 0.9999999999989145, "auc": 1.0, "avg_time": 2111.5839586384486, "benchmark": 7.042215733688188, "distinct": 657, "entropy": 4.810121946855467, "errors": 774, "exp_cost": 3429838, "f1-score": 0.9999645657313795, "falsepos": 6.905130411904992e-08, "fullscore": 0.999998773511144, "gq": 1.0, "index": 1675.980898024918, "iz": 7.829080598422514, "k6": 6.661338147750939e-16, "l0": 0.9999999999996595, "lo": 4766298152, "loss": 4.75219863460552e-12, "lq": 643, "meanscore": 0.9999998832801646, "n_docs": 112142315, "non_null": 5.551115123125783e-15, "pi": 6.672745245239753e-09, "pr": 551, "precision": 0.9999999811202138, "prediction_time": 7529.615015903528, "qu": 0.9999999460946294, "recall": 0.9699873817066214, "size": 41359390, "time": 1040.2360411819514, "weighted_avg": 3.6140958465165447, "x6": 130.15442504889106}, "train_full": {"NY": 6.254689341764325, "TO": 606, "U6": 1.7976980259959419e-07, "VL": 299.11284599226747, "WG": 7.264790056738419, "accuracy": 0.9999999909441142, "auc": 0.9999999999930532, "avg_time": 1692.4373357292502, "benchmark": 4.282850656019357, "distinct": 512, "entropy": 5.247242702088506, "errors": 503, "exp_cost": 19673859991, "f1-score": 0.9999999999999952, "falsepos": 6.272760089132134e-14, "fullscore": 0.9999997497766634, "gq": 7.403896399395103, "index": 259.8331608532171, "iz": 744, "k6": 0.9538670855102184, "l0": 311880, "lo": 0.0008831101143640385, "loss": 7.650324818087029e-12, "lq": 174.91711509622974, "meanscore": 0.9999999999999425, "n_docs": 7010390503, "non_null": 1.5769828476397407e-06, "pi": 2.701966206331008e-09, "pr": 1328.1022005315963, "precision": 0.9999999999990674, "recall": 0.9999825786878338, "size": 318740283780, "time": 148.87712502600272, "weighted_avg": 3.6421187873354386, "x6": 4.182838813018179}}