{"branch": {"NY": 153, "TO": 100465, "U6": 14, "VL": 0.0675845077728473, "WG": 0.9989502216011821, "accuracy": 0.6315159021354746, "auc": 0.4278501175377355, "avg_time": 7.327528629150548, "benchmark": -0.19759894337321532, "distinct": 162, "entropy": 1.3079188235284653, "errors": 93, "exp_cost": 7073, "f1-score": 0.8733104233049347, "falsepos": 0.09022480153845103, "fullscore": 0.9472038050188845, "index": 7.058046577313992, "iz": 5.318511763807946, "k6": 10.755423883284886, "l0": 0.3119510655587663, "lo": 1.0954530964917024, "loss": 0.31539960409998224, "lq": 80, "meanscore": 0.5084373960623679, "n_docs": 175314, "non_null": 0.33461328471369867, "pi": 22.894251541077676, "pr": 2.066475605243923, "precision": 0.9931114636087893, "prediction_time": 5.488145964190467, "qu": 7.164102336417612, "recall": 0.8687823593077448, "size": 447534, "time": 4.5774379920659145, "weighted_avg": 1.3450431663883937, "x6": 862}, "brand": {"NY": -0.5608365610986815, "TO": 0.0034500136282619165, "U6": 0.27450382859508066, "VL": 2.6550392468134176, "WG": 11, "accuracy": 0.7046096928736771, "auc": 0.8877525475231699, "avg_time": 0.5834041300504013, "benchmark": 2.042507509648209, "distinct": 135, "entropy": -0.13312363091778673, "errors": 90, "exp_cost": 1918, "f1-score": 0.9994932129970879, "falsepos": 0.2868042917851452, "fullscore": 0.8930496754973272, "gq": 0.4892680999288517, "index": 1.409827123676517, "iz": 154877, "k6": 0.4894634116494993, "l0": 0.984316631331043, "lo": 123, "loss": 0.0024631517823621163, "lq": 28493, "meanscore": 0.380830038634683, "n_docs": 4153, "non_null": 0.00574085291688986, "pi": 0.7347498123495133, "pr": 1.6611111440967292, "precision": 0.7648368046637423, "prediction_time": 6.068654015361653, "qu": 0.9631473665720771, "recall": 0.31332787738161, "size": 7240, "time": 1.6636423910498839, "weighted_avg": -0.37185675161968895}, "classifier": {"NY": 4092, "TO": 9717, "U6": 100251, "VL": 3.325506936757695, "WG": 0.4076137633952176, "accuracy": 0.8984480965996585, "auc": 0.9923772030289815, "avg_time": 6.34823329716244, "benchmark": 0.7000170177754819, "distinct": 128, "entropy": 2.0944007938361464, "errors": 110, "exp_cost": 762129, "f1-score": 0.4668253581925182, "falsepos": 0.7501806878307787, "fullscore": 0.7743320894709673, "gq": 1.3986624974331507, "index": 5.045810302242715, "iz": -0.5506878539697553, "k6": 0.2721286817187025, "l0": 0.9994150844789749, "lo": 140, "loss": 0.2007075962704914, "lq": 295, "meanscore": 0.944692910971539, "n_docs": 52867, "non_null": 0.0812201185471022, "pi": 0.45991265614446014, "pr": 0.04827421434483781, "precision": 0.917868550139299, "prediction_time": 2.4189128034053398, "qu": 0.05249734594170263, "recall": 0.9894760905753608, "size": 2140, "time": 1.3848875629804491, "weighted_avg": 1.122119234554051, "x6": 5.303599629683792}, "mark": {"NY": 2.3933430833650893, "TO": 0.22626863268990727, "U6": 0.35534892774929516, "VL": 263, "WG": 107, "accuracy": 0.40272001519000084, "auc": 0.9817174246709988, "avg_time": 11.657100556308837, "benchmark": 0.2679747612251232, "distinct": 186, "errors": 91, "exp_cost": 139, "f1-score": 0.31126993884296295, "falsepos": 0.10578007443611237, "fullscore": 0.9779981811443941, "gq": 10.157136440094629, "index": 0.15097380887657114, "iz": 2.2470766939106617, "l0": 5.6048887729446095, "lo": 11.228006953192136, "loss": 0.026796564897713315, "lq": 0.9749310604412473, "meanscore": 0.9666864911754852, "n_docs": 7074, "non_null": 0.4474643690404816, "pi": 13779, "pr": 2550, "precision": 0.5695893236943281, "prediction_time": 38.270253552927215, "qu": 0.9940451566205128, "recall": 0.9385310811476428, "size": 793, "time": 0.31458375360758156, "weighted_avg": 1.436114016101705, "x6": 0.8442530196459129}, "train": {"NY": 2.9654123145783, "TO": 0.7424032428936373, "U6": 0.7798598242636039, "VL": 0.14693140383104797, "WG": 0.2067149562265857, "accuracy": 0.9892211484291558, "auc": 0.998855565882325, "avg_time": 2.9567191802163766, "benchmark": 2.168427075643801, "distinct": 156, "entropy": 1.4279226171101203, "errors": 122, "exp_cost": 353, "f1-score": 0.3564387890491327, "falsepos": 0.13343801822498647, "fullscore": 0.6646532513120127, "gq": 0.9950813924545914, "index": 6.960428573623975, "iz": 1.9076146054307974, "k6": 0.012461578820513464, "l0": 0.7784198312739778, "lo": 6156, "loss": 0.2723058139295672, "lq": 120, "meanscore": 0.8918808142017394, "n_docs": 4013, "non_null": 0.05428072203924206, "pi": 0.017520642940846543, "pr": 146, "precision": 0.695418137521656, "prediction_time": 15.833747618855414, "qu": 0.8586117164937226, "recall": 0.21526452396736506, "size": 600, "time": 11.305948354406409, "weighted_avg": -0.0012603714903883234, "x6": 0.99756332984958}, "train_full": {"NY": 0.845307811180602, "TO": 57, "U6": 0.056775186782114906, "VL": 6.311110452311943, "WG": 2.139040372336924, "accuracy": 0.8257356512993426, "auc": 0.9352570437425926, "avg_time": 5.394465073987135, "benchmark": 0.47048065121004246, "distinct": 30, "entropy": 0.3531917740388129, "errors": 61, "exp_cost": 449330, "f1-score": 0.994772196854417, "falsepos": 0.25734803568293074, "fullscore": 0.6268000808156029, "gq": 2.0962530964515858, "index": 0.6134330621207442, "iz": 211, "k6": 0.13588510229199746, "l0": 158, "lo": 0.5343899538786953, "loss": 0.14375128331579867, "lq": 3.6999390767168516, "meanscore": 0.9764959474459927, "n_docs": 10852, "non_null": 0.41437138268584806, "pi": 0.22892120476285205, "pr": 5.194089651615913, "precision": 0.947472467350542, "recall": 0.7236842083290773, "size": 440173, "time": 1.7090274812403758, "weighted_avg": -0.7561235909557693, "x6": 0.6329177783315579}}