{"branch": {"NY": 232, "TO": 312202, "U6": 71, "VL": 0.018145457214638783, "WG": 0.9998820221994319, "accuracy": 0.8423882745476554, "auc": 0.5456388635715654, "avg_time": 13.644751935370952, "benchmark": 0.2030341483220709, "distinct": 234, "entropy": 2.0060748592340794, "errors": 166, "exp_cost": 31513, "f1-score": 0.9754588064473413, "falsepos": 0.021312409883218142, "fullscore": 0.9852448070052664, "index": 13.122437232801987, "iz": 10.695836945673308, "k6": 16.661503509439907, "l0": 0.16463169942624334, "lo": 1.985834581047215, "loss": 0.15472450574283902, "lq": 131, "meanscore": 0.7264272119998632, "n_docs": 647922, "non_null": 0.1329496739939795, "pi": 46.47730148644764, "pr": 3.766393324637325, "precision": 0.9992648343694837, "prediction_time": 9.694426557367619, "qu": 14.662266232298172, "recall": 0.946484205604271, "size": 1748835, "time": 7.9800268947401145, "weighted_avg": 2.009056616880435, "x6": 2499}, "brand": {"NY": -0.05291421181510503, "TO": 0.0003296795670421071, "U6": 0.4857770156975064, "VL": 4.130435517503169, "WG": 79, "accuracy": 0.8664217793847909, "auc": 0.9544416884120741, "avg_time": 1.3346360458583288, "benchmark": 2.4628396561399857, "distinct": 196, "entropy": 0.1951392588377714, "errors": 183, "exp_cost": 12611, "f1-score": 0.9998673838395691, "falsepos": 0.12453023327528834, "fullscore": 0.9800179759350706, "gq": 0.700107230741578, "index": 3.103594039926049, "iz": 698867, "k6": 0.7407095447276736, "l0": 0.997396404073704, "lo": 167, "loss": 0.00042642424698713377, "lq": 134748, "meanscore": 0.5109710296734442, "n_docs": 15990, "non_null": 0.0009048302096477112, "pi": 1.206071979058846, "pr": 2.354352463299665, "precision": 0.8893780894638529, "prediction_time": 9.470498196614354, "qu": 0.9939816622342177, "recall": 0.504263105124393, "size": 39660, "time": 3.467236401065143, "weighted_avg": 0.3731625881641329}, "classifier": {"NY": 26793, "TO": 28329, "U6": 639276, "VL": 6.92187979074882, "WG": 0.1829283224208661, "accuracy": 0.9515732071706201, "auc": 0.9991324322881038, "avg_time": 13.189684078138601, "benchmark": 1.3410377594263223, "distinct": 196, "entropy": 2.619423159549952, "errors": 175, "exp_cost": 4907473, "f1-score": 0.6744376667558667, "falsepos": 0.5761054300088195, "fullscore": 0.8917111968554605, "gq": 2.807904127607679, "index": 9.285325261533783, "iz": 0.4131951162935946, "k6": 0.1257497656589852, "l0": 0.9999682103926767, "lo": 214, "loss": 0.06017724779585554, "lq": 1012, "meanscore": 0.9896458393445052, "n_docs": 212928, "non_null": 0.01853030785227483, "pi": 0.8819198543768548, "pr": 0.004306781335054577, "precision": 0.9808514651974588, "prediction_time": 3.9704648547532053, "qu": 0.01026543233296262, "recall": 0.9972193284252602, "size": 7847, "time": 2.0317594093792777, "weighted_avg": 1.8797352718432474, "x6": 11.686871378728645}, "mark": {"NY": 4.642227923641804, "TO": 0.5043707488813692, "U6": 0.18384954351110538, "VL": 331, "WG": 172, "accuracy": 0.7369665618931743, "auc": 0.9930078714642192, "avg_time": 23.78441250210557, "benchmark": 0.8817388322392062, "distinct": 267, "errors": 142, "exp_cost": 462, "f1-score": 0.5096105388346704, "falsepos": 0.03901410370715619, "fullscore": 0.9962223171018487, "gq": 25.808143998345944, "index": 0.22190204687493026, "iz": 2.748611118015703, "l0": 9.412509082895802, "lo": 23.395061018165194, "loss": 0.006755176481888392, "lq": 0.9938626819487213, "meanscore": 0.9875782248886987, "n_docs": 32450, "non_null": 0.15506448569459041, "pi": 73366, "pr": 7923, "precision": 0.8037324169764188, "prediction_time": 62.38411630722491, "qu": 0.9986389398142472, "recall": 0.9870906083844839, "size": 2597, "time": 0.657778953868958, "weighted_avg": 2.107854018072536, "x6": 0.9128903659987446}, "train": {"NY": 5.441676925770801, "TO": 1.2223118488172682, "U6": 0.9485627094994336, "VL": 0.04712037044562045, "WG": 0.803032568541938, "accuracy": 0.9974731595860911, "auc": 0.9999024674057813, "avg_time": 7.163262564909192, "benchmark": 2.857561571961321, "distinct": 215, "entropy": 1.7666077817549992, "errors": 207, "exp_cost": 733, "f1-score": 0.5522766080294937, "falsepos": 0.05283346627729213, "fullscore": 0.8519342798234439, "gq": 0.9997406043969803, "index": 17.918393420365533, "iz": 2.5423746465513366, "k6": 0.0012050341977050127, "l0": 0.936755959024061, "lo": 42376, "loss": 0.09262712110139937, "lq": 184, "meanscore": 0.936870437165516, "n_docs": 16425, "non_null": 0.009941135404373025, "pi": 0.0060064580315120075, "pr": 210, "precision": 0.8810438820636144, "prediction_time": 40.07842639082938, "qu": 0.9521328292879263, "recall": 0.3528142289498798, "size": 2583, "time": 22.067132305593066, "weighted_avg": 0.4840146280843386, "x6": 1.5268820164399473}, "train_full": {"NY": 1.502474916658205, "TO": 103, "U6": 0.020397175121337652, "VL": 10.614149786330362, "WG": 2.6917761214807467, "accuracy": 0.9303170380839285, "auc": 0.9811406048417884, "avg_time": 11.843979002045266, "benchmark": 1.0593211397872182, "distinct": 98, "entropy": 0.7288017324432038, "errors": 118, "exp_cost": 1747793, "f1-score": 0.9994014951944274, "falsepos": 0.07689958208007963, "fullscore": 0.7862808219652824, "gq": 2.649675951476074, "index": 1.3751857246575125, "iz": 286, "k6": 0.18263138369228088, "l0": 459, "lo": 0.37160053302908325, "loss": 0.02857884278725964, "lq": 5.832770664336688, "meanscore": 0.996784791450968, "n_docs": 54441, "non_null": 0.22771301377775566, "pi": 0.07891499453490558, "pr": 10.674306033010827, "precision": 0.9922449145702322, "recall": 0.8728762658981442, "size": 1921889, "time": 3.1408265478786994, "weighted_avg": -0.06291122669794835, "x6": 0.9811955853292014}}