{"branch": {"NY": 517, "TO": 26781289, "U6": 235, "VL": 8.028941369975229e-06, "WG": 0.9999999996684495, "accuracy": 0.9996047853994293, "auc": 0.9164858816535284, "avg_time": 205.53856122314818, "benchmark": 2.002565031633109, "distinct": 493, "entropy": 4.941800173995322, "errors": 467, "exp_cost": 5220371, "f1-score": 0.99998756016936, "falsepos": 1.5930681188658369e-06, "fullscore": 0.999974260866138, "index": 117.0990146611491, "iz": 92.6994448051163, "k6": 93.72234434867363, "l0": 0.006786825283379594, "lo": 4.722080428309156, "loss": 0.0017354846856709738, "lq": 337, "meanscore": 0.996470257683724, "n_docs": 61152388, "non_null": 0.000382512552740355, "pi": 592.2984474330693, "pr": 26.57854923562213, "precision": 0.999999999476516, "prediction_time": 68.92165792610918, "qu": 119.4304394765473, "recall": 0.99925910438046, "size": 518830680, "time": 61.04561776447058, "weighted_avg": 4.60976871192124, "x6": 75358}, "brand": {"NY": 2.2353095251402633, "TO": 1.031335493673069e-07, "U6": 0.9800755824290204, "VL": 33.60704657407414, "WG": 196, "accuracy": 0.9995370801458886, "auc": 0.9999182778925049, "avg_time": 17.30884620494352, "benchmark": 4.255025547181235, "distinct": 375, "entropy": 1.5790319690240358, "errors": 430, "exp_cost": 6330624, "f1-score": 0.999999910997362, "falsepos": 0.0012661304617778146, "fullscore": 0.9999969467560744, "gq": 3.1470825671073643, "index": 42.47792753888398, "iz": 269155002, "k6": 0.9970203469137093, "l0": 0.9999996297066303, "lo": 334, "loss": 7.633988337030218e-07, "lq": 18800544, "meanscore": 0.8649570822388949, "n_docs": 1437071, "non_null": 8.208657642505557e-09, "pi": 3.0594478434699477, "pr": 5.063507810616017, "precision": 0.9987870498410089, "prediction_time": 38.608870119589646, "qu": 0.9999997065673764, "recall": 0.9735367171779488, "size": 4055169, "time": 40.39150807592806, "weighted_avg": 3.1063318049812354}, "classifier": {"NY": 10348459, "TO": 799783, "U6": 240156262, "VL": 60.20054832185081, "WG": 0.0008192695194153554, "accuracy": 0.9981962252827253, "auc": 0.999999956908258, "avg_time": 108.0015143624464, "benchmark": 3.4701314458445376, "distinct": 383, "entropy": 4.805704239709783, "errors": 444, "exp_cost": 2692291264, "f1-score": 0.9621878998981057, "falsepos": 0.03696919162709689, "fullscore": 0.9986989872148909, "gq": 40.572258770853566, "index": 102.92310055274226, "iz": 3.4155717871452933, "k6": 0.0010204371820745628, "l0": 0.999999998160046, "lo": 408, "loss": 6.9547580353601646e-06, "lq": 79100, "meanscore": 0.999996653967184, "n_docs": 23404536, "non_null": 0.0001088081501200433, "pi": 5.853893011285787, "pr": 5.117469115134554e-09, "precision": 0.9999769888338091, "prediction_time": 27.433006667391712, "qu": 3.070873099142446e-07, "recall": 0.9999967136382182, "size": 614486, "time": 6.913089235247474, "weighted_avg": 4.066228517639616, "x6": 145.64697814697078}, "mark": {"NY": 33.52655569963953, "TO": 0.9967805777285902, "U6": 0.0014019139648107082, "VL": 534, "WG": 449, "accuracy": 0.9997895263668635, "auc": 0.9999779449552618, "avg_time": 382.4585066693627, "benchmark": 2.7164415890990545, "distinct": 530, "errors": 331, "exp_cost": 30858, "f1-score": 0.9463475492726778, "falsepos": 0.0007686268515705308, "fullscore": 0.9999998598268045, "gq": 396.61848493918535, "index": 0.7948009650506419, "iz": 4.454795282398859, "l0": 59.71659649377612, "lo": 296.6162646486702, "loss": 9.62218739908316e-07, "lq": 0.9999968800199887, "meanscore": 0.9999907742408647, "n_docs": 10811858, "non_null": 5.927557691154384e-05, "pi": 6852800, "pr": 267438, "precision": 0.9997020990080272, "prediction_time": 506.9079902831055, "qu": 0.999995324879403, "recall": 0.9999348627261248, "size": 717684, "time": 7.590793664785517, "weighted_avg": 4.121121398894685, "x6": 0.9981650427204952}, "train": {"NY": 43.619358321304496, "TO": 3.1989245168954357, "U6": 0.9999982445233521, "VL": 2.64081301899477e-05, "WG": 2.3145312815916137, "accuracy": 0.9999997392738731, "auc": 0.9999999999579843, "avg_time": 139.09192776704515, "benchmark": 4.831784748948132, "distinct": 427, "entropy": 3.3681969903786233, "errors": 488, "exp_cost": 49833, "f1-score": 0.9816878186478888, "falsepos": 0.00024040820523008044, "fullscore": 0.9982822117576591, "gq": 0.9999999997108449, "index": 162.47110016341588, "iz": 5.294124664746589, "k6": 3.9244458793774584e-08, "l0": 0.9999961086571115, "lo": 10720105, "loss": 1.2456989345599467e-05, "lq": 410, "meanscore": 0.9997091820555735, "n_docs": 1424528, "non_null": 3.164147459600031e-07, "pi": 1.269440444373604e-05, "pr": 369, "precision": 0.9995638852551639, "prediction_time": 602.8848520278342, "qu": 0.9997460251385913, "recall": 0.813176591396198, "size": 447925, "time": 134.36582981341394, "weighted_avg": 1.995904717084616, "x6": 14.994475963013862}, "train_full": {"NY": 3.904639514186665, "TO": 379, "U6": 0.0001931484014245921, "VL": 58.02390254875778, "WG": 5.046025488559896, "accuracy": 0.9998946028846208, "auc": 0.9999956515368266, "avg_time": 150.27516444704628, "benchmark": 2.628728891151549, "distinct": 297, "entropy": 3.16418256373979, "errors": 317, "exp_cost": 218548995, "f1-score": 0.9999999832168557, "falsepos": 2.457660109644877e-06, "fullscore": 0.9992731831836993, "gq": 5.102688768704687, "index": 18.808824595505296, "iz": 515, "k6": 0.6811714942631731, "l0": 12228, "lo": 0.04352271873313829, "loss": 7.697628029434966e-06, "lq": 31.805499510516256, "meanscore": 0.9999998009084384, "n_docs": 21677669, "non_null": 0.0028387285208830715, "pi": 0.00021910582180861837, "pr": 113.49976215266821, "precision": 0.9999991418927806, "recall": 0.9942457926397513, "size": 867765255, "time": 20.9014184192507, "weighted_avg": 1.693226829974677, "x6": 2.470955402805918}}