{"branch": {"NY": 141, "TO": 53049, "U6": -13, "VL": 0.09699625554221059, "WG": 0.994698774755682, "accuracy": 0.5741811337433034, "auc": 0.33312241798047537, "avg_time": 4.765238039994351, "benchmark": -0.3849498901279759, "distinct": 126, "entropy": 0.9109365384770692, "errors": 48, "exp_cost": 3415, "f1-score": 0.7475688602356705, "falsepos": 0.17843021029437933, "fullscore": 0.9160636331870349, "index": 5.143065193425317, "iz": 3.2769032997308636, "k6": 6.835778673576101, "l0": 0.3593720181174034, "lo": 0.5334694989471053, "loss": 0.4548320374257614, "lq": 54, "meanscore": 0.41801557946423595, "n_docs": 78879, "non_null": 0.5269931892449744, "pi": 13.639213662633894, "pr": 1.1608126846311868, "precision": 0.9719050098135038, "prediction_time": 2.9873400063724027, "qu": 6.308819731561434, "recall": 0.8335407417280785, "size": 145155, "time": 3.4456980989468575, "weighted_avg": 1.0626852842939865, "x6": 324}, "brand": {"NY": -0.9986545878287912, "TO": 0.00878009960944115, "U6": 0.1472675687331919, "VL": 1.6318976638009428, "WG": 7, "accuracy": 0.5870319710936148, "auc": 0.8042548465581135, "avg_time": 0.34594568003520443, "benchmark": 1.7253725503142991, "distinct": 87, "entropy": -0.5234014378815319, "errors": 38, "exp_cost": 756, "f1-score": 0.9984285299378582, "falsepos": 0.43537813355243304, "fullscore": 0.7716853317753183, "gq": 0.3174107474636793, "index": 0.9740392588776836, "iz": 60338, "k6": 0.3014168238504644, "l0": 0.9738638260544346, "lo": 98, "loss": 0.009571958624500998, "lq": 12325, "meanscore": 0.2357278780487967, "n_docs": 1654, "non_null": 0.013598497273904275, "pi": 0.1905504803172568, "pr": 1.096437538678939, "precision": 0.6704383983029146, "prediction_time": 4.895109941920842, "qu": 0.9152097970889954, "recall": 0.21853324556620757, "size": 2194, "time": 1.1712837300607073, "weighted_avg": -0.743208978583269}, "classifier": {"NY": 1612, "TO": 5677, "U6": 46520, "VL": 2.2122920097528262, "WG": 0.553582400719702, "accuracy": 0.8896544934713615, "auc": 0.9732293901867727, "avg_time": 4.1206740861516895, "benchmark": 0.40074558979014585, "distinct": 85, "entropy": 1.853526380013757, "errors": 91, "exp_cost": 287719, "f1-score": 0.374883520521612, "falsepos": 0.8783997065476095, "fullscore": 0.6212955173106631, "gq": 0.9787995073628017, "index": 3.0946456042782016, "iz": -0.9956846751315404, "k6": 0.34334601688754984, "l0": 0.9981973963505684, "lo": 127, "loss": 0.3396264906219362, "lq": 133, "meanscore": 0.8755580726688885, "n_docs": 16617, "non_null": 0.14999290829916945, "pi": 0.2945777783368044, "pr": 0.09810413028156939, "precision": 0.8292398373674437, "prediction_time": 1.5022729166148052, "qu": 0.1013370649113221, "recall": 0.9677418500970739, "size": 969, "time": 1.1206917034472827, "weighted_avg": 0.8858095344118151, "x6": 3.5280700218904797}, "mark": {"NY": 1.57571061660865, "TO": 0.11754693212932976, "U6": 0.5076913995322032, "VL": 214, "WG": 63, "accuracy": 0.20848311758411897, "auc": 0.9564669656663618, "avg_time": 6.734101267538409, "benchmark": -0.11269431745923705, "distinct": 122, "errors": 44, "exp_cost": 52, "f1-score": 0.1714275024908012, "falsepos": 0.1351989449360793, "fullscore": 0.940887936365723, "gq": 6.4219408978664285, "index": 0.1070579363450422, "iz": 2.0576365763915248, "l0": 3.450106984586633, "lo": 6.58732865041127, "loss": 0.06228103501160542, "lq": 0.9327818054505729, "meanscore": 0.9321676874018113, "n_docs": 1943, "non_null": 0.6569435724120671, "pi": 6353, "pr": 1192, "precision": 0.33525311501933885, "prediction_time": 25.99305158621818, "qu": 0.9870960699338633, "recall": 0.896066851824501, "size": 253, "time": 0.2160430613467072, "weighted_avg": 0.9757832225612724, "x6": 0.7651074981799197}, "train": {"NY": 2.05545763470137, "TO": 0.3433728971222192, "U6": 0.5653030692600416, "VL": 0.311372854891925, "WG": -0.06741952969494075, "accuracy": 0.9621007210681548, "auc": 0.9937058313788991, "avg_time": 1.780717035669547, "benchmark": 1.8822097693718849, "distinct": 117, "entropy": 1.2356458286006544, "errors": 90, "exp_cost": 141, "f1-score": 0.23371808806453853, "falsepos": 0.17986421019460197, "fullscore": 0.5497807774763532, "gq": 0.9847400336211345, "index": 5.593663642082623, "iz": 1.4566583305264706, "k6": 0.031130956605632143, "l0": 0.630875181335685, "lo": 2233, "loss": 0.4457312500191446, "lq": 69, "meanscore": 0.7653465200513695, "n_docs": 1890, "non_null": 0.13422236439874302, "pi": 0.027456823250540663, "pr": 122, "precision": 0.5338976051800751, "prediction_time": 10.931099001955547, "qu": 0.7977926869191637, "recall": 0.15854010424146875, "size": 232, "time": 7.3120321164054145, "weighted_avg": -0.36134938208738043, "x6": 0.6274588759023412}, "train_full": {"NY": 0.3905610109332053, "TO": -3, "U6": 0.0901790868552399, "VL": 5.162822838038808, "WG": 1.694960976318738, "accuracy": 0.7637720331457132, "auc": 0.8964845301166705, "avg_time": 3.0691962741942707, "benchmark": 0.23796863680363808, "distinct": -10, "entropy": -0.15142754307407663, "errors": 22, "exp_cost": 224188, "f1-score": 0.9898395261571837, "falsepos": 0.4408285877838455, "fullscore": 0.5141214365573233, "gq": 1.5526604965430295, "index": 0.40315553912439034, "iz": 183, "k6": 0.06583145403767321, "l0": 80, "lo": 0.6248804526122795, "loss": 0.21183644038203853, "lq": 2.5927807165957324, "meanscore": 0.9452801766175324, "n_docs": 3745, "non_null": 0.5965458204830477, "pi": 0.4287910904047184, "pr": 3.468084943633272, "precision": 0.910841905160942, "recall": 0.6272487799653825, "size": 97649, "time": 1.1954462471238019, "weighted_avg": -1.0141835268613424, "x6": 0.3884960415182449}}