{"branch": {"NY": 808, "TO": 3813762242, "U6": 432, "VL": 6.458389378849461e-12, "WG": 1.0, "accuracy": 0.9999999985605267, "auc": 0.99510007588656, "avg_time": 4824.896868753162, "benchmark": 4.101329417259215, "distinct": 796, "entropy": 8.02112931884433, "errors": 754, "exp_cost": 1475433346, "f1-score": 0.9999999999997773, "falsepos": 3.4861002973229915e-14, "fullscore": 0.9999999996300979, "index": 1237.4884226085303, "iz": 1356.0123069691067, "k6": 857.3118912392328, "l0": 1.1717335480998514e-05, "lo": 8.162830444271183, "loss": 1.5082984128333976e-07, "lq": 562, "meanscore": 0.9999996505874937, "n_docs": 12519590096, "non_null": 1.9648704885355528e-10, "pi": 11672.33808185754, "pr": 271.4841177243687, "precision": 1.0, "prediction_time": 796.594022068116, "qu": 1176.0260282605773, "recall": 0.9999997632149684, "size": 251010763585, "time": 511.78550968034125, "weighted_avg": 7.338295243545534, "x6": 6388591}, "brand": {"NY": 4.729439141449803, "TO": 6.661338147750939e-15, "U6": 0.9999920700937989, "VL": 372.9822585690367, "WG": 386, "accuracy": 0.9999999949325796, "auc": 0.999999995958192, "avg_time": 465.17888332105895, "benchmark": 6.319314949534394, "distinct": 619, "entropy": 3.315213037466878, "errors": 745, "exp_cost": 7787049578, "f1-score": 0.9999999999994097, "falsepos": 1.1351377515733674e-07, "fullscore": 0.9999999999999805, "gq": 15.036096971917123, "index": 917.2185731426192, "iz": 306124715315, "k6": 0.99999995960074, "l0": 0.9999999999999593, "lo": 504, "loss": 3.5963454436682696e-12, "lq": 7039447655, "meanscore": 0.9944386108204182, "n_docs": 424104909, "non_null": 0.0, "pi": 5.348971920161138, "pr": 8.091566011671917, "precision": 0.9999997405144476, "prediction_time": 208.3072747709118, "qu": 0.9999999999999963, "recall": 0.9999832630020266, "size": 1482244364, "time": 645.0885013155121, "weighted_avg": 6.051057155129207}, "classifier": {"NY": 10158916454, "TO": 45713299, "U6": 294907073821, "VL": 806.2542073094647, "WG": 4.419714483283599e-09, "accuracy": 0.9999619590747335, "auc": 0.9999999999999993, "avg_time": 1192.3198537685523, "benchmark": 5.9259107434768685, "distinct": 626, "entropy": 7.226425592152634, "errors": 724, "exp_cost": 7098488589092, "f1-score": 0.9995985388105249, "falsepos": 1.4009137456749698e-05, "fullscore": 0.9999999697064557, "gq": 686.2113410486731, "index": 1224.1825114132866, "iz": 6.859033170006858, "k6": 3.609893739486836e-08, "l0": 1.0, "lo": 664, "loss": 2.353672812205332e-14, "lq": 13235904, "meanscore": 0.9999999999996867, "n_docs": 7857394480, "non_null": 1.685624195779667e-09, "pi": 60.91885035869269, "pr": 0.0, "precision": 0.9999999999555929, "prediction_time": 257.16450105092497, "qu": 5.551115123125783e-16, "recall": 0.999999999992218, "size": 91676024, "time": 34.09716215785517, "weighted_avg": 6.580437396023069, "x6": 2826.3328029848835}, "mark": {"NY": 426.5097199858739, "TO": 0.9999999953404278, "U6": 1.75539729418972e-08, "VL": 814, "WG": 739, "accuracy": 0.9999999999985653, "auc": 0.9999999975453464, "avg_time": 8677.379011668314, "benchmark": 5.007060630904518, "distinct": 863, "errors": 555, "exp_cost": 6610436, "f1-score": 0.9999506683161701, "falsepos": 1.845465297023452e-06, "fullscore": 0.9999999999999991, "gq": 9166.85978405521, "index": 4.724462101250894, "iz": 6.172391682834872, "l0": 529.8500861554319, "lo": 5515.325507869913, "loss": 2.320366121466577e-13, "lq": 0.9999999999957722, "meanscore": 0.9999999999762617, "n_docs": 6670757303, "non_null": 4.069300452158586e-12, "pi": 1621219122, "pr": 20872101, "precision": 0.9999999998588157, "prediction_time": 5055.613555762182, "qu": 0.9999999994628646, "recall": 0.9999999987456067, "size": 614265061, "time": 146.65988214286008, "weighted_avg": 6.758745903518496, "x6": 0.9999986660595683}, "train": {"NY": 478.0674366450246, "TO": 5.273357042603317, "U6": 1.0, "VL": 4.173439371868426e-12, "WG": 4.254917724315094, "accuracy": 0.9999999999999669, "auc": 1.0, "avg_time": 4069.782693862222, "benchmark": 7.267160990028602, "distinct": 696, "entropy": 5.091887462926233, "errors": 816, "exp_cost": 6339465, "f1-score": 0.9999938494709495, "falsepos": 1.523417025861562e-08, "fullscore": 0.9999998737192617, "gq": 1.0, "index": 2631.8848794744213, "iz": 8.28979652989366, "k6": 0.0, "l0": 0.9999999999999967, "lo": 15679238414, "loss": 1.2179146580137967e-13, "lq": 678, "meanscore": 0.9999999808596624, "n_docs": 255808599, "non_null": 1.1102230246251565e-16, "pi": 1.2668839310947533e-09, "pr": 572, "precision": 0.9999999987459512, "prediction_time": 13955.966607237817, "qu": 0.9999999887523654, "recall": 0.9813125774663257, "size": 109182010, "time": 1530.5801591977308, "weighted_avg": 3.8528841602527573, "x6": 202.01295191099675}, "train_full": {"NY": 6.724653526808817, "TO": 655, "U6": 2.5682703630458548e-08, "VL": 445.5510626278194, "WG": 7.519591509460916, "accuracy": 0.9999999986349363, "auc": 0.9999999999993703, "avg_time": 2803.5296028612606, "benchmark": 4.577199112606411, "distinct": 550, "entropy": 5.660670275610571, "errors": 542, "exp_cost": 45194420713, "f1-score": 1.0, "falsepos": 1.2212453270876722e-15, "fullscore": 0.9999999712225658, "gq": 7.975246972775472, "index": 365.34324715187233, "iz": 775, "k6": 0.9749975237330146, "l0": 637419, "lo": 0.00036577428465445205, "loss": 7.980283101005625e-13, "lq": 232.10435635637273, "meanscore": 0.9999999999999988, "n_docs": 22300220406, "non_null": 4.334767944591533e-08, "pi": 1.4270495896084867e-10, "pr": 2006.3416589954297, "precision": 0.9999999999999709, "recall": 0.9999935594960347, "size": 783808208472, "time": 208.00943473419287, "weighted_avg": 3.9221627313260443, "x6": 4.360109552831899}}