{"branch": {"NY": 230, "TO": 225705, "U6": 51, "VL": 0.026535995541987933, "WG": 0.9996906769428706, "accuracy": 0.8364073192089481, "auc": 0.543063756288888, "avg_time": 11.207953847278235, "benchmark": 0.3348045119742239, "distinct": 223, "entropy": 1.9412893668187503, "errors": 156, "exp_cost": 21770, "f1-score": 0.9555607045478534, "falsepos": 0.03148684021728443, "fullscore": 0.9782831348377242, "index": 11.619477314820672, "iz": 9.524857341995766, "k6": 14.683942771494632, "l0": 0.1943162735769013, "lo": 1.6781932016866123, "loss": 0.21553635651612002, "lq": 111, "meanscore": 0.6366683396859754, "n_docs": 467311, "non_null": 0.19554393689733218, "pi": 40.05055350024879, "pr": 3.1692041041407752, "precision": 0.9986434608914959, "prediction_time": 8.427026204090481, "qu": 10.155776563943625, "recall": 0.9259582982203746, "size": 1415514, "time": 6.908230839501124, "weighted_avg": 1.8910290697202834, "x6": 1895}, "brand": {"NY": -0.20572260971457368, "TO": 0.0007043665154370382, "U6": 0.43066966620750213, "VL": 4.143981151455144, "WG": 67, "accuracy": 0.8443808200376386, "auc": 0.9404888406129586, "avg_time": 1.0153030184050313, "benchmark": 2.412909077301981, "distinct": 186, "entropy": 0.12138598938808748, "errors": 145, "exp_cost": 9291, "f1-score": 0.9998661888095277, "falsepos": 0.16520816642941083, "fullscore": 0.9657314618798651, "gq": 0.5779533656000947, "index": 2.1197328529592157, "iz": 603365, "k6": 0.6729709834901115, "l0": 0.9963199015966118, "lo": 156, "loss": 0.0012720638129223305, "lq": 110845, "meanscore": 0.3963547732214616, "n_docs": 10391, "non_null": 0.001260369934620309, "pi": 1.188096435737792, "pr": 2.1502780750135746, "precision": 0.8649408263701949, "prediction_time": 9.038467563483083, "qu": 0.9877419619716005, "recall": 0.428264854113485, "size": 17928, "time": 2.9110452845284454, "weighted_avg": 0.19070471779438997}, "classifier": {"NY": 18811, "TO": 17052, "U6": 407292, "VL": 6.2847464299725155, "WG": 0.22827945444329378, "accuracy": 0.9440812510813477, "auc": 0.9985675954757169, "avg_time": 9.768845857490216, "benchmark": 1.153829193306002, "distinct": 181, "entropy": 2.547072810241465, "errors": 176, "exp_cost": 2832253, "f1-score": 0.5723629185452492, "falsepos": 0.6168633882186592, "fullscore": 0.8510178841648324, "gq": 2.343482271883644, "index": 7.34248128641528, "iz": 0.12279517567233422, "k6": 0.14031273076864748, "l0": 0.9999059522651502, "lo": 180, "loss": 0.07449005972383649, "lq": 718, "meanscore": 0.9819928978348003, "n_docs": 112302, "non_null": 0.04367857904826078, "pi": 0.706197941708192, "pr": 0.008002484497361406, "precision": 0.9616576529853064, "prediction_time": 3.0880936319008754, "qu": 0.01606713690215611, "recall": 0.9955825148869037, "size": 5813, "time": 1.7762058239955136, "weighted_avg": 1.72462565166706, "x6": 9.302650087206707}, "mark": {"NY": 3.834089117743771, "TO": 0.4235147760750667, "U6": 0.1536684863578186, "VL": 300, "WG": 163, "accuracy": 0.6340187107592423, "auc": 0.9909283444653547, "avg_time": 19.11136673614492, "benchmark": 0.5287832863708404, "distinct": 247, "errors": 126, "exp_cost": 375, "f1-score": 0.416243180743477, "falsepos": 0.07027746227541831, "fullscore": 0.9945340037189585, "gq": 18.257020327795022, "index": 0.18183606898032192, "iz": 2.623688097007683, "l0": 9.181375605490665, "lo": 17.544538554583458, "loss": 0.007132147262354782, "lq": 0.9880148438734779, "meanscore": 0.988469248108911, "n_docs": 22997, "non_null": 0.260943023849213, "pi": 42001, "pr": 6177, "precision": 0.7367838792842589, "prediction_time": 56.318663839565076, "qu": 0.9979203605221304, "recall": 0.9781690083838604, "size": 2524, "time": 0.5068740842562893, "weighted_avg": 1.859178799339961, "x6": 0.9187624882841603}, "train": {"NY": 4.6472892704461115, "TO": 1.0097131229427723, "U6": 0.8983658868912092, "VL": 0.06230664710643552, "WG": 0.565583055527193, "accuracy": 0.9970636228510061, "auc": 0.999865741924288, "avg_time": 6.0282168263778315, "benchmark": 2.7044262592013633, "distinct": 200, "entropy": 1.6610117991856566, "errors": 195, "exp_cost": 980, "f1-score": 0.5438179950433253, "falsepos": 0.06540245483719975, "fullscore": 0.8183905054127246, "gq": 0.999662695953608, "index": 12.836559086236791, "iz": 2.4711378450518406, "k6": 0.00276803341945997, "l0": 0.9176391682969144, "lo": 24900, "loss": 0.11698003369453258, "lq": 156, "meanscore": 0.936758993582385, "n_docs": 10850, "non_null": 0.020721381861273813, "pi": 0.005822732147307885, "pr": 185, "precision": 0.8380356119407086, "prediction_time": 27.90742658134682, "qu": 0.9436194327766501, "recall": 0.29684697200697696, "size": 1563, "time": 16.78702697668894, "weighted_avg": 0.23136177674356762, "x6": 1.3164040941358017}, "train_full": {"NY": 1.2424978887623488, "TO": 111, "U6": 0.019915140296668743, "VL": 10.31878499826513, "WG": 2.47729309802186, "accuracy": 0.9117489500516089, "auc": 0.9781232907122753, "avg_time": 9.027418300385191, "benchmark": 0.8448841684379207, "distinct": 84, "entropy": 0.702359187685875, "errors": 113, "exp_cost": 1075488, "f1-score": 0.9986444418136723, "falsepos": 0.13145461747940512, "fullscore": 0.793245793984714, "gq": 2.531594242160431, "index": 1.1448533558002278, "iz": 275, "k6": 0.20558571377310458, "l0": 374, "lo": 0.41019821387997646, "loss": 0.030309610616020333, "lq": 5.249985416133174, "meanscore": 0.9947245202735535, "n_docs": 35627, "non_null": 0.2220290051851017, "pi": 0.12169878268118495, "pr": 7.926838282736287, "precision": 0.9882591131167213, "recall": 0.8035651531938444, "size": 1709498, "time": 2.6587265716882036, "weighted_avg": -0.3209086948337246, "x6": 0.9112865835554615}}