{"branch": {"NY": 480, "TO": 15269748, "U6": 225, "VL": 1.492311091999543e-05, "WG": 0.9999999976679712, "accuracy": 0.9988853016801503, "auc": 0.8845976382307302, "avg_time": 157.1413086354514, "benchmark": 1.9633938415496877, "distinct": 466, "entropy": 4.628870475399114, "errors": 400, "exp_cost": 3430171, "f1-score": 0.9999786378594278, "falsepos": 7.86754044801441e-06, "fullscore": 0.9999556978470494, "index": 97.43088349065707, "iz": 85.54085073592333, "k6": 91.45278724394659, "l0": 0.010022149482337595, "lo": 4.48645902276948, "loss": 0.003969206917315504, "lq": 309, "meanscore": 0.9924773251970518, "n_docs": 36916653, "non_null": 0.0006000620559422076, "pi": 401.91257989563144, "pr": 18.32762691729476, "precision": 0.9999999978419029, "prediction_time": 54.24154125920636, "qu": 88.0796130595058, "recall": 0.9986908313674834, "size": 215931374, "time": 44.85928237595511, "weighted_avg": 4.2868089299572665, "x6": 69782}, "brand": {"NY": 1.955996109008031, "TO": 3.7268797847822555e-07, "U6": 0.975647322151229, "VL": 26.49848939286983, "WG": 203, "accuracy": 0.9990759884244944, "auc": 0.9997839860729812, "avg_time": 15.254402945597803, "benchmark": 4.123719550251473, "distinct": 368, "entropy": 1.3344571984707327, "errors": 408, "exp_cost": 3145003, "f1-score": 0.999999855891038, "falsepos": 0.0022205595534919853, "fullscore": 0.9999920666712325, "gq": 2.639091403303742, "index": 34.040823179973486, "iz": 120272338, "k6": 0.9952889280325892, "l0": 0.9999992701310445, "lo": 320, "loss": 9.48527707600455e-07, "lq": 10075531, "meanscore": 0.857539269907658, "n_docs": 821859, "non_null": 3.0924790728192875e-08, "pi": 2.8231063883864476, "pr": 4.65857018572809, "precision": 0.9978338948323331, "prediction_time": 35.07338754258021, "qu": 0.9999995238635992, "recall": 0.9491683231873103, "size": 2733977, "time": 29.91593791523423, "weighted_avg": 2.918302838565661}, "classifier": {"NY": 5367171, "TO": 489564, "U6": 111099944, "VL": 54.87876216851483, "WG": 0.0017790178051662053, "accuracy": 0.9954855792780478, "auc": 0.9999998714058131, "avg_time": 79.80149449629515, "benchmark": 3.2903401637388545, "distinct": 368, "entropy": 4.7147930354634955, "errors": 425, "exp_cost": 1874403813, "f1-score": 0.9358668498343143, "falsepos": 0.05891829343255972, "fullscore": 0.998665332655373, "gq": 28.596035647667343, "index": 85.231913871281, "iz": 3.1176188500472586, "k6": 0.0015157078544587588, "l0": 0.9999999980519028, "lo": 393, "loss": 2.6339695056165624e-05, "lq": 52415, "meanscore": 0.9999911982766532, "n_docs": 20070285, "non_null": 0.00023648794483754898, "pi": 5.332809622778662, "pr": 3.3420093692448916e-08, "precision": 0.9999594555869391, "prediction_time": 20.274284391394275, "qu": 9.55464375951287e-07, "recall": 0.9999969458500114, "size": 379882, "time": 5.611652214689837, "weighted_avg": 3.8028214720965483, "x6": 116.42813249880956}, "mark": {"NY": 27.263842632444234, "TO": 0.9909987372022955, "U6": 0.002414185074117725, "VL": 530, "WG": 414, "accuracy": 0.9995752525111616, "auc": 0.9999244784264673, "avg_time": 248.30884005092048, "benchmark": 2.687529884650108, "distinct": 523, "errors": 308, "exp_cost": 19793, "f1-score": 0.9510187283746557, "falsepos": 0.0012351537296142467, "fullscore": 0.9999994067056732, "gq": 298.1251380140733, "index": 0.725511700011342, "iz": 4.258442545149522, "l0": 51.149780533071926, "lo": 231.7092333651319, "loss": 4.957041914943616e-06, "lq": 0.9999911131442557, "meanscore": 0.9999836300065356, "n_docs": 7149654, "non_null": 0.0003535673884481616, "pi": 4414668, "pr": 196395, "precision": 0.9991431661233462, "prediction_time": 392.52275996451135, "qu": 0.9999933247758166, "recall": 0.9998563372320244, "size": 325064, "time": 6.759467203030419, "weighted_avg": 4.005173416381292, "x6": 0.9973787111736119}, "train": {"NY": 35.42798515477817, "TO": 2.9720810115553924, "U6": 0.9999944724277277, "VL": 5.684012734308297e-05, "WG": 2.3126021645061945, "accuracy": 0.999999571982495, "auc": 0.9999999998531417, "avg_time": 90.95991945996751, "benchmark": 4.815586718310106, "distinct": 420, "entropy": 3.09956544746686, "errors": 463, "exp_cost": 26166, "f1-score": 0.9734216873943522, "falsepos": 0.0003697492534826541, "fullscore": 0.9959762848538751, "gq": 0.9999999984682493, "index": 140.18456998203544, "iz": 5.053003061462003, "k6": 1.0484948498312718e-07, "l0": 0.9999818286736837, "lo": 7058026, "loss": 6.593879800109725e-05, "lq": 376, "meanscore": 0.9994072785667789, "n_docs": 946214, "non_null": 7.891380642277568e-07, "pi": 3.9447195647746014e-05, "pr": 361, "precision": 0.9990583099289221, "prediction_time": 423.60212451553673, "qu": 0.9995883780382814, "recall": 0.767716036507361, "size": 243975, "time": 105.88037508169258, "weighted_avg": 1.9169370365208536, "x6": 12.568641619613343}, "train_full": {"NY": 3.709003513178701, "TO": 342, "U6": 0.0002221104310874411, "VL": 50.38017221686814, "WG": 4.8006316792048365, "accuracy": 0.9997230231768666, "auc": 0.9999918221485485, "avg_time": 107.710048071546, "benchmark": 2.4837806186595417, "distinct": 276, "entropy": 2.9378118777361926, "errors": 298, "exp_cost": 109903843, "f1-score": 0.9999999784301524, "falsepos": 1.1480047996337284e-05, "fullscore": 0.998089233379594, "gq": 4.709406326856235, "index": 16.659620314693676, "iz": 499, "k6": 0.5862077489248592, "l0": 8290, "lo": 0.05224727970653664, "loss": 2.389918589140727e-05, "lq": 29.051739252143467, "meanscore": 0.9999994095411583, "n_docs": 11310625, "non_null": 0.0036733063909588637, "pi": 0.00039448692353771797, "pr": 100.97872042387326, "precision": 0.9999972137592568, "recall": 0.9940439303429824, "size": 395710262, "time": 17.954185301998884, "weighted_avg": 1.5402546936924297, "x6": 2.4572270814456214}}