{"branch": {"NY": 710, "TO": 655782473, "U6": 362, "VL": 2.971122015082983e-09, "WG": 0.9999999999999984, "accuracy": 0.999999562046953, "auc": 0.9856837615039384, "avg_time": 1582.1795823594448, "benchmark": 3.38265996896591, "distinct": 686, "entropy": 6.93745309637224, "errors": 649, "exp_cost": 181195454, "f1-score": 0.9999999996138342, "falsepos": 2.7050361950387014e-11, "fullscore": 0.9999999611685049, "index": 539.078621955561, "iz": 623.8320296922715, "k6": 447.7912102533459, "l0": 0.0002634995552733832, "lo": 6.992007416684215, "loss": 7.664740032109485e-06, "lq": 475, "meanscore": 0.9999757629153143, "n_docs": 1910400199, "non_null": 7.058530071546443e-08, "pi": 3681.219241318472, "pr": 121.25675431191365, "precision": 1.0, "prediction_time": 320.5985755831503, "qu": 454.0830711261014, "recall": 0.9999893963915484, "size": 24609344123, "time": 235.14728016205024, "weighted_avg": 6.375285702900303, "x6": 1327299}, "brand": {"NY": 3.7326683193129857, "TO": 3.339994947282321e-12, "U6": 0.9998371438672964, "VL": 189.2551262035024, "WG": 314, "accuracy": 0.9999993896510083, "auc": 0.9999998611309486, "avg_time": 155.680010356362, "benchmark": 5.700240540687418, "distinct": 538, "entropy": 2.7642882427903515, "errors": 634, "exp_cost": 603927486, "f1-score": 0.9999999999509663, "falsepos": 3.9300377868700664e-06, "fullscore": 0.9999999999410254, "gq": 8.515867524296137, "index": 283.84625581176215, "iz": 21872981057, "k6": 0.9999934178621153, "l0": 0.9999999999522617, "lo": 445, "loss": 6.48726850016601e-10, "lq": 840078347, "meanscore": 0.981665536022208, "n_docs": 56492360, "non_null": 4.1522341120980855e-14, "pi": 4.562833288673325, "pr": 6.977713602059977, "precision": 0.9999912774348553, "prediction_time": 123.24908988928362, "qu": 0.9999999999954394, "recall": 0.9992845199763991, "size": 182127899, "time": 242.41074134276454, "weighted_avg": 5.04171040848586}, "classifier": {"NY": 887934295, "TO": 9223846, "U6": 24002399651, "VL": 327.1384271333303, "WG": 9.083059500092361e-07, "accuracy": 0.9998199772621675, "auc": 0.9999999999992865, "avg_time": 472.81340906598297, "benchmark": 5.080205863249191, "distinct": 548, "entropy": 6.385179773722706, "errors": 635, "exp_cost": 471041761150, "f1-score": 0.9981989471067096, "falsepos": 0.00044792218550004925, "fullscore": 0.99999553449641, "gq": 231.29003143640765, "index": 629.2042743375633, "iz": 5.558760138360745, "k6": 2.2607367180516036e-06, "l0": 0.9999999999999838, "lo": 578, "loss": 5.454792173509304e-11, "lq": 2211868, "meanscore": 0.999999999807879, "n_docs": 950531971, "non_null": 6.24861329345805e-08, "pi": 30.398651282318014, "pr": 1.2212453270876722e-15, "precision": 0.99999999037873, "prediction_time": 100.1104904922146, "qu": 3.6002312242544576e-12, "recall": 0.9999999993047798, "size": 16188565, "time": 17.313328932068632, "weighted_avg": 5.626140334986844, "x6": 990.9169248445685}, "mark": {"NY": 174.3091994960751, "TO": 0.999998713398543, "U6": 3.978722598052542e-07, "VL": 707, "WG": 637, "accuracy": 0.9999999968568452, "auc": 0.999999845364378, "avg_time": 2662.1944467349335, "benchmark": 4.21973498691207, "distinct": 753, "errors": 490, "exp_cost": 872301, "f1-score": 0.9988255371013091, "falsepos": 2.6806829903858187e-05, "fullscore": 0.9999999999974877, "gq": 2874.630725571857, "index": 2.433213478330262, "iz": 5.575252757663134, "l0": 278.59969316703604, "lo": 2084.6819443920135, "loss": 1.9446178001203407e-10, "lq": 0.9999999994142142, "meanscore": 0.9999999937801206, "n_docs": 741218695, "non_null": 2.1045917231177214e-09, "pi": 267912001, "pr": 4351891, "precision": 0.9999999640563368, "prediction_time": 2219.050405914677, "qu": 0.9999999822641914, "recall": 0.9999999479535622, "size": 45815173, "time": 53.899433564577905, "weighted_avg": 5.8920406717814044, "x6": 0.999977355435646}, "train": {"NY": 215.81460451298813, "TO": 4.463972770466452, "U6": 0.9999999999984416, "VL": 2.057397585630838e-09, "WG": 3.668244222453551, "accuracy": 0.9999999999795031, "auc": 1.0, "avg_time": 1161.3151628903502, "benchmark": 6.354897208760108, "distinct": 596, "entropy": 4.450589353268053, "errors": 712, "exp_cost": 1515940, "f1-score": 0.9997836146788068, "falsepos": 8.416661000376635e-07, "fullscore": 0.9999928232383357, "gq": 1.0, "index": 1091.9251491851223, "iz": 7.280039078166879, "k6": 5.184741524999481e-14, "l0": 0.999999999973362, "lo": 1011992883, "loss": 3.498361600406952e-10, "lq": 588, "meanscore": 0.9999979121795053, "n_docs": 37831631, "non_null": 9.696687897076117e-13, "pi": 5.288814897141947e-08, "pr": 510, "precision": 0.9999997386487869, "prediction_time": 4096.352169004292, "qu": 0.9999995264753346, "recall": 0.9537600978135388, "size": 12387669, "time": 600.9127694921798, "weighted_avg": 3.17714638428091, "x6": 84.33187885045662}, "train_full": {"NY": 5.745934176853883, "TO": 543, "U6": 8.096644104060857e-07, "VL": 231.679294589862, "WG": 6.755342526800885, "accuracy": 0.9999998411546447, "auc": 0.999999999501869, "avg_time": 1046.8131997233247, "benchmark": 3.9210942838052962, "distinct": 465, "entropy": 4.601915395125829, "errors": 466, "exp_cost": 5343656635, "f1-score": 0.999999999999894, "falsepos": 1.5556111954140306e-11, "fullscore": 0.9999972368333913, "gq": 6.867029038220888, "index": 127.79388624690891, "iz": 696, "k6": 0.9301131405757812, "l0": 171655, "lo": 0.002574430762337654, "loss": 3.200717468843095e-10, "lq": 105.1510266138443, "meanscore": 0.9999999999962468, "n_docs": 1888248137, "non_null": 1.2277952201489306e-05, "pi": 7.354709652407365e-08, "pr": 661.9840453081357, "precision": 0.9999999999768161, "recall": 0.9998688009717586, "size": 88203217558, "time": 94.35023619934108, "weighted_avg": 3.136483167665082, "x6": 3.71659898895475}}