{"branch": {"NY": 308, "TO": 984607, "U6": 108, "VL": 0.004750477286108223, "WG": 0.999989844757321, "accuracy": 0.9545276795949902, "auc": 0.6725087575833831, "avg_time": 25.70066490347864, "benchmark": 0.6758575189432507, "distinct": 295, "entropy": 2.7593578081278305, "errors": 247, "exp_cost": 124271, "f1-score": 0.9936220120049704, "falsepos": 0.005280056808541822, "fullscore": 0.995538764602661, "index": 22.560254508791036, "iz": 18.0726269518784, "k6": 27.533590292965346, "l0": 0.0877674925693036, "lo": 2.625266681198663, "loss": 0.06141266349261587, "lq": 183, "meanscore": 0.8564715603160608, "n_docs": 2275386, "non_null": 0.05249802812961002, "pi": 74.78889088171177, "pr": 6.640134113384558, "precision": 0.9999551213096958, "prediction_time": 17.357239610709573, "qu": 20.95677997586218, "recall": 0.9804452776678296, "size": 5716576, "time": 12.255672582163442, "weighted_avg": 2.6166875722881957, "x6": 7919}, "brand": {"NY": 0.5335352590681341, "TO": 4.729280738913211e-05, "U6": 0.6317899953673392, "VL": 7.1288839373814765, "WG": 111, "accuracy": 0.9495075472521239, "auc": 0.9835598693562275, "avg_time": 2.3838116057493277, "benchmark": 3.007396988014126, "distinct": 236, "entropy": 0.6607939101723092, "errors": 233, "exp_cost": 60810, "f1-score": 0.9999633053309382, "falsepos": 0.061931617384787474, "fullscore": 0.9964746113416005, "gq": 0.998409215662394, "index": 5.747650278869989, "iz": 2626980, "k6": 0.8664418338594915, "l0": 0.9995980357769336, "lo": 205, "loss": 0.00014100415800455401, "lq": 535914, "meanscore": 0.5600553446467454, "n_docs": 45115, "non_null": 7.295831494380511e-05, "pi": 1.6383144296160608, "pr": 2.963864093665605, "precision": 0.9493579695664482, "prediction_time": 13.379735341547676, "qu": 0.9987355734537888, "recall": 0.6710033814357219, "size": 110240, "time": 6.301669646949875, "weighted_avg": 1.0961808808873839}, "classifier": {"NY": 119292, "TO": 55048, "U6": 2203116, "VL": 11.914527406731843, "WG": 0.07212464704851906, "accuracy": 0.9757943617416381, "auc": 0.9999012471908094, "avg_time": 21.190421250183125, "benchmark": 1.8231933123415387, "distinct": 247, "entropy": 3.129784477409178, "errors": 252, "exp_cost": 27093739, "f1-score": 0.7432385248538732, "falsepos": 0.41814983607221556, "fullscore": 0.955744806111094, "gq": 4.7488317651798155, "index": 14.82036757407302, "iz": 1.0127200814782438, "k6": 0.054757779787406036, "l0": 0.9999978616944716, "lo": 243, "loss": 0.01465567367663101, "lq": 2604, "meanscore": 0.9978883875658531, "n_docs": 700474, "non_null": 0.007801437324005622, "pi": 1.2598480850230356, "pr": 0.00040387639355576876, "precision": 0.9957337423100137, "prediction_time": 6.036560491809728, "qu": 0.0018234634844691566, "recall": 0.9994610867827725, "size": 20845, "time": 2.8245790024704034, "weighted_avg": 2.439138337212442, "x6": 21.02017234337839}, "mark": {"NY": 7.786699543935151, "TO": 0.7439686975700236, "U6": 0.06404265651193575, "VL": 374, "WG": 247, "accuracy": 0.8836641014062141, "auc": 0.9973109687659677, "avg_time": 46.351598885102604, "benchmark": 1.2884909376914506, "distinct": 321, "errors": 189, "exp_cost": 1274, "f1-score": 0.6909772988777587, "falsepos": 0.01776880206820297, "fullscore": 0.9995946733211173, "gq": 42.472657999034304, "index": 0.31948527902282925, "iz": 3.143337063432532, "l0": 14.452497843781968, "lo": 41.26524699987961, "loss": 0.0017454638425521418, "lq": 0.9987098763469362, "meanscore": 0.9977641106646042, "n_docs": 117922, "non_null": 0.05305614716666984, "pi": 226290, "pr": 18636, "precision": 0.9253438978228075, "prediction_time": 100.62899579269546, "qu": 0.9995891298565717, "recall": 0.9948559588309493, "size": 10497, "time": 1.1388568879798417, "weighted_avg": 2.64555469697559, "x6": 0.9547006838706562}, "train": {"NY": 8.976648013640114, "TO": 1.675088919291598, "U6": 0.9921456634515392, "VL": 0.014419871172941523, "WG": 1.3357750827601977, "accuracy": 0.9996491668579168, "auc": 0.9999962602154477, "avg_time": 12.570137357300016, "benchmark": 3.3715180734508783, "distinct": 271, "entropy": 2.079865427735594, "errors": 272, "exp_cost": 1730, "f1-score": 0.7445648215717535, "falsepos": 0.019893471390539652, "fullscore": 0.9220650482744239, "gq": 0.9999837817203276, "index": 32.41717915923181, "iz": 3.2157294681753457, "k6": 0.00013629307777562882, "l0": 0.9898070805281349, "lo": 162089, "loss": 0.030184575307367068, "lq": 237, "meanscore": 0.9772198215563752, "n_docs": 52709, "non_null": 0.0014784226218286234, "pi": 0.001684625295932607, "pr": 239, "precision": 0.9567360235925619, "prediction_time": 62.82921703365152, "qu": 0.985416004265381, "recall": 0.4389793978180607, "size": 9420, "time": 32.012153807153354, "weighted_avg": 0.8600565126773013, "x6": 2.5099128487994395}, "train_full": {"NY": 2.061996370870961, "TO": 169, "U6": 0.006259405088344883, "VL": 16.191753891882474, "WG": 3.206346480345838, "accuracy": 0.9756104106837341, "auc": 0.9956522708497226, "avg_time": 18.438084831202577, "benchmark": 1.41921772352553, "distinct": 152, "entropy": 1.4170344002043713, "errors": 170, "exp_cost": 4747737, "f1-score": 0.9999417132902066, "falsepos": 0.017378720463226638, "fullscore": 0.9157393806159442, "gq": 3.2927114127598607, "index": 2.5126574991779975, "iz": 351, "k6": 0.32268224943968254, "l0": 1156, "lo": 0.24848485991148472, "loss": 0.004556960112327313, "lq": 9.019563025399087, "meanscore": 0.9996735462636848, "n_docs": 236489, "non_null": 0.08405800203933722, "pi": 0.025225440704495394, "pr": 16.461417081540024, "precision": 0.9984412136101994, "recall": 0.9082623872335301, "size": 10465753, "time": 4.919307631759606, "weighted_avg": 0.5037787162878853, "x6": 1.501787380921755}}