{"branch": {"NY": 614, "TO": 154633509, "U6": 312, "VL": 7.552808778399367e-08, "WG": 0.9999999999995121, "accuracy": 0.9999811014603264, "auc": 0.9675448948430512, "avg_time": 644.3864012502286, "benchmark": 2.704215612648904, "distinct": 602, "entropy": 6.039978252265535, "errors": 576, "exp_cost": 43393682, "f1-score": 0.9999999605115903, "falsepos": 9.890697483250221e-09, "fullscore": 0.9999991664465068, "index": 267.83023958564314, "iz": 244.06687046262172, "k6": 232.37084631500508, "l0": 0.001212269729159443, "lo": 5.9630611371514854, "loss": 0.0001218321349608642, "lq": 417, "meanscore": 0.9997860828089036, "n_docs": 379148794, "non_null": 6.409267919060824e-06, "pi": 1649.8485265673928, "pr": 63.90227070681798, "precision": 0.9999999999998189, "prediction_time": 146.13134135274103, "qu": 241.7311003837611, "recall": 0.9999571849038951, "size": 4212625693, "time": 126.51921974266165, "weighted_avg": 5.652836054510132, "x6": 333390}, "brand": {"NY": 3.1217674408858214, "TO": 8.215108593390141e-10, "U6": 0.9983127504852006, "VL": 94.32179675175446, "WG": 265, "accuracy": 0.9999878947522824, "auc": 0.9999968323380845, "avg_time": 52.73491216403307, "benchmark": 5.021252540834128, "distinct": 466, "entropy": 2.2139108530346845, "errors": 546, "exp_cost": 74819427, "f1-score": 0.9999999987459786, "falsepos": 6.789542527974035e-05, "fullscore": 0.9999999845943623, "gq": 5.69004404994081, "index": 107.4417943903779, "iz": 2777324452, "k6": 0.9998644646482852, "l0": 0.9999999976292668, "lo": 397, "loss": 2.0947419243633192e-08, "lq": 171043966, "meanscore": 0.9395046797263845, "n_docs": 9031534, "non_null": 1.3696599410195631e-11, "pi": 3.8538941163355918, "pr": 6.089086085167209, "precision": 0.9999071366170096, "prediction_time": 73.66771571469216, "qu": 0.9999999994870072, "recall": 0.997010744043699, "size": 35041056, "time": 107.6982484456431, "weighted_avg": 4.086633099354877}, "classifier": {"NY": 128678145, "TO": 3997250, "U6": 2881786438, "VL": 153.76608960717556, "WG": 2.892633512474596e-05, "accuracy": 0.9995047692729023, "auc": 0.9999999997818056, "avg_time": 205.66522185394996, "benchmark": 4.371227268488967, "distinct": 465, "entropy": 5.833544780723218, "errors": 538, "exp_cost": 39560263401, "f1-score": 0.9877065807118841, "falsepos": 0.0056996307779213495, "fullscore": 0.9999473941811962, "gq": 95.92630027783427, "index": 286.80343522848256, "iz": 4.599116333253941, "k6": 5.058363110821418e-05, "l0": 0.9999999999957883, "lo": 498, "loss": 2.1268626748671693e-08, "lq": 510829, "meanscore": 0.9999999739562511, "n_docs": 157049092, "non_null": 6.057776122281311e-06, "pi": 13.384139427065797, "pr": 2.6281199438926706e-12, "precision": 0.9999996328088493, "prediction_time": 52.20135784701035, "qu": 1.010582506566493e-09, "recall": 0.9999999742630331, "size": 3726924, "time": 12.326814644448275, "weighted_avg": 4.88898660269101, "x6": 452.4186013004689}, "mark": {"NY": 81.74218335977984, "TO": 0.9998865139226393, "U6": 2.257712484865504e-05, "VL": 636, "WG": 557, "accuracy": 0.999999334305776, "auc": 0.9999973875444863, "avg_time": 1048.3874808730377, "benchmark": 3.283206402847805, "distinct": 652, "errors": 416, "exp_cost": 164182, "f1-score": 0.9914245809384493, "falsepos": 7.695519453432276e-05, "fullscore": 0.9999999994598184, "gq": 1327.7615583399634, "index": 1.46840716498665, "iz": 4.981364693641146, "l0": 140.189238874659, "lo": 813.5183644302098, "loss": 1.6759571952462693e-08, "lq": 0.9999999332860665, "meanscore": 0.9999998038714919, "n_docs": 110048494, "non_null": 6.921013517846575e-07, "pi": 48880643, "pr": 1110724, "precision": 0.9999951479299849, "prediction_time": 1035.8849462323492, "qu": 0.9999997445775024, "recall": 0.9999973824666565, "size": 5930084, "time": 23.350689542467915, "weighted_avg": 4.972383537166367, "x6": 0.9998347270673508}, "train": {"NY": 103.48234569642182, "TO": 3.9387745357687782, "U6": 0.9999999981853425, "VL": 2.0114301946261293e-07, "WG": 3.0742049402813425, "accuracy": 0.9999999979171388, "auc": 0.9999999999999786, "avg_time": 399.3181981014833, "benchmark": 5.804848307102776, "distinct": 521, "entropy": 3.851828838423927, "errors": 608, "exp_cost": 275614, "f1-score": 0.9981409707040498, "falsepos": 1.3338607913748746e-05, "fullscore": 0.9998730928231817, "gq": 0.9999999999999071, "index": 463.0130018799827, "iz": 6.302212540269227, "k6": 3.661204672766871e-11, "l0": 0.9999999918057033, "lo": 174410727, "loss": 8.549930796686311e-08, "lq": 489, "meanscore": 0.9999598130598781, "n_docs": 8364011, "non_null": 5.70913760711278e-10, "pi": 8.242352345089188e-07, "pr": 454, "precision": 0.9999890707061857, "prediction_time": 1826.0449921691256, "qu": 0.9999840467622867, "recall": 0.8969261933964805, "size": 2655853, "time": 331.6827641316478, "weighted_avg": 2.6605895173264162, "x6": 41.7320844048436}, "train_full": {"NY": 4.887976709425396, "TO": 458, "U6": 8.18615331743544e-06, "VL": 109.72252317665964, "WG": 5.993797918615919, "accuracy": 0.9999966377664631, "auc": 0.9999999650890902, "avg_time": 348.7109094366865, "benchmark": 3.3509463775434805, "distinct": 383, "entropy": 3.963038600416672, "errors": 392, "exp_cost": 1094704612, "f1-score": 0.9999999999557956, "falsepos": 1.9739912371363744e-08, "fullscore": 0.9999586512824179, "gq": 5.981003957007192, "index": 60.51267356486423, "iz": 598, "k6": 0.8506189962629735, "l0": 47136, "lo": 0.011459500234577202, "loss": 5.652836576608422e-08, "lq": 64.8590411768378, "meanscore": 0.9999999995429703, "n_docs": 254671448, "non_null": 0.00014215260087779846, "pi": 4.989898764184986e-06, "pr": 345.3832855345006, "precision": 0.9999999966624896, "recall": 0.9995255721917278, "size": 6395345123, "time": 48.37182227299194, "weighted_avg": 2.4765995709473376, "x6": 3.348317860104126}}