{"branch": {"NY": 661, "TO": 360072283, "U6": 342, "VL": 2.4851549706994547e-08, "WG": 0.9999999999999513, "accuracy": 0.9999983932501315, "auc": 0.9754585476139837, "avg_time": 1020.6491087808138, "benchmark": 3.069047427719651, "distinct": 638, "entropy": 6.580387034395887, "errors": 593, "exp_cost": 91675472, "f1-score": 0.9999999976207326, "falsepos": 6.284442966020265e-10, "fullscore": 0.9999998523597802, "index": 404.7050881454607, "iz": 368.28059959771696, "k6": 324.33198085049753, "l0": 0.0004578579204383981, "lo": 6.535377403769752, "loss": 2.6474808283882822e-05, "lq": 451, "meanscore": 0.9999514909213699, "n_docs": 900706274, "non_null": 3.9523683281750266e-07, "pi": 2781.023241794727, "pr": 82.3596584879182, "precision": 0.9999999999999953, "prediction_time": 257.45756405657966, "qu": 307.8217111279072, "recall": 0.9999693938724921, "size": 12557928591, "time": 183.6404721849006, "weighted_avg": 5.959710787459102, "x6": 751508}, "brand": {"NY": 3.5073274785971265, "TO": 2.921485275919622e-11, "U6": 0.9993752312270875, "VL": 127.82481361652054, "WG": 293, "accuracy": 0.9999976834398082, "auc": 0.9999992609875958, "avg_time": 98.1005576648979, "benchmark": 5.2926386374395875, "distinct": 509, "entropy": 2.4743393541186722, "errors": 588, "exp_cost": 223598056, "f1-score": 0.9999999997934259, "falsepos": 1.554137428416702e-05, "fullscore": 0.9999999990908115, "gq": 6.48957235887033, "index": 184.32084192096812, "iz": 8482725409, "k6": 0.9999832137650223, "l0": 0.9999999996467294, "lo": 422, "loss": 1.9135872886266725e-09, "lq": 378706612, "meanscore": 0.9742711312694323, "n_docs": 24608616, "non_null": 9.444667270486207e-13, "pi": 4.279579409653164, "pr": 6.513311895181864, "precision": 0.9999715691490988, "prediction_time": 88.99575218624342, "qu": 0.9999999999537336, "recall": 0.9990474295357578, "size": 126882714, "time": 175.2031575097098, "weighted_avg": 4.723617339346184}, "classifier": {"NY": 360212374, "TO": 8047267, "U6": 6947957105, "VL": 224.89802339740027, "WG": 4.215973288923536e-06, "accuracy": 0.9996261865543316, "auc": 0.9999999999904927, "avg_time": 392.41185731659795, "benchmark": 4.737370073208903, "distinct": 514, "entropy": 6.0415482419960185, "errors": 593, "exp_cost": 159937664190, "f1-score": 0.996332362646889, "falsepos": 0.001079630155991107, "fullscore": 0.999987791170619, "gq": 155.46047098214098, "index": 381.6235829899014, "iz": 5.070643980850686, "k6": 7.551936166305673e-06, "l0": 0.9999999999995308, "lo": 544, "loss": 1.0688924190205285e-09, "lq": 1199001, "meanscore": 0.9999999981004337, "n_docs": 543656569, "non_null": 5.584960478532963e-07, "pi": 22.43393658983185, "pr": 1.0325074129013956e-14, "precision": 0.9999999660300053, "prediction_time": 94.65747777627536, "qu": 4.323452706955777e-11, "recall": 0.9999999950660874, "size": 8461815, "time": 17.123925075946104, "weighted_avg": 5.433597808935237, "x6": 671.895986860863}, "mark": {"NY": 124.44098982565035, "TO": 0.9999849865892695, "U6": 3.048199201050039e-06, "VL": 669, "WG": 591, "accuracy": 0.9999999628381574, "auc": 0.9999997483604575, "avg_time": 1883.9175626153842, "benchmark": 3.956512522283496, "distinct": 707, "errors": 453, "exp_cost": 467470, "f1-score": 0.9972003073383946, "falsepos": 2.4464875478358294e-05, "fullscore": 0.9999999999741823, "gq": 2085.0943098621324, "index": 2.0441929775056926, "iz": 5.285481161037176, "l0": 195.39313556790142, "lo": 1347.7803619626225, "loss": 3.2444764652694857e-09, "lq": 0.9999999967384055, "meanscore": 0.9999999676907101, "n_docs": 303790125, "non_null": 3.987651875370091e-08, "pi": 138203847, "pr": 2239391, "precision": 0.9999996668895738, "prediction_time": 1724.631663699172, "qu": 0.9999999451418697, "recall": 0.9999993132039708, "size": 16902757, "time": 32.26276513214881, "weighted_avg": 5.526674035863306, "x6": 0.9999392364525663}, "train": {"NY": 158.17642629068663, "TO": 4.272491821834764, "U6": 0.9999999999770834, "VL": 2.416585698217233e-08, "WG": 3.2812990701264466, "accuracy": 0.999999999723236, "auc": 0.9999999999999997, "avg_time": 836.736270112774, "benchmark": 5.95839230404473, "distinct": 559, "entropy": 4.1021137714071045, "errors": 667, "exp_cost": 540538, "f1-score": 0.9993301552509277, "falsepos": 2.179475433128353e-06, "fullscore": 0.999964514065853, "gq": 0.9999999999999993, "index": 759.5052728504269, "iz": 6.762984558549882, "k6": 3.0281332996651145e-12, "l0": 0.9999999997089084, "lo": 404105275, "loss": 6.0139003776882305e-09, "lq": 534, "meanscore": 0.9999976104176294, "n_docs": 21559302, "non_null": 1.3945289367711666e-11, "pi": 1.3521536779137477e-07, "pr": 481, "precision": 0.9999987260738135, "prediction_time": 2782.0460121203037, "qu": 0.9999982054763317, "recall": 0.9341976009887847, "size": 8608605, "time": 504.5711316492489, "weighted_avg": 2.9546378009246097, "x6": 53.60834080436684}, "train_full": {"NY": 5.384643053147991, "TO": 490, "U6": 2.5861491476097953e-06, "VL": 163.5392163754889, "WG": 6.321069470443716, "accuracy": 0.9999991240881545, "auc": 0.9999999973245057, "avg_time": 659.4230137785257, "benchmark": 3.701453050899441, "distinct": 435, "entropy": 4.258869514034863, "errors": 441, "exp_cost": 2999875722, "f1-score": 0.9999999999984694, "falsepos": 4.0038172777201453e-10, "fullscore": 0.9999923015790555, "gq": 6.575071709700971, "index": 91.51827954352008, "iz": 660, "k6": 0.8983493958656765, "l0": 90189, "lo": 0.005448253435715422, "loss": 1.3799776876766146e-09, "lq": 86.65361117259957, "meanscore": 0.999999999966894, "n_docs": 708396967, "non_null": 2.904681064797021e-05, "pi": 2.1877877143250402e-07, "pr": 450.41850117772924, "precision": 0.9999999996065488, "recall": 0.9996626757662023, "size": 30225758512, "time": 68.8640489599418, "weighted_avg": 2.885453484760821, "x6": 3.495963911551457}}