{"branch": {"NY": 369, "TO": 3883847, "U6": 165, "VL": 0.0006240175192053776, "WG": 0.9999998344281928, "accuracy": 0.9900552049529258, "auc": 0.7958666815453561, "avg_time": 59.26775168858306, "benchmark": 1.2449130034573368, "distinct": 385, "entropy": 3.6619508707408177, "errors": 318, "exp_cost": 455437, "f1-score": 0.9994495408998928, "falsepos": 0.0004088169785170237, "fullscore": 0.9993237052003094, "index": 44.352159225959674, "iz": 39.23589711650923, "k6": 44.08075300846178, "l0": 0.04102245320866449, "lo": 3.5428067825648815, "loss": 0.01872739210841312, "lq": 244, "meanscore": 0.9531182188260912, "n_docs": 8414994, "non_null": 0.0078225121315465, "pi": 166.01517797085015, "pr": 10.660740793358999, "precision": 0.9999994673584679, "prediction_time": 28.800876290024576, "qu": 42.29249180137182, "recall": 0.9915585976997687, "size": 34870932, "time": 22.3258635353145, "weighted_avg": 3.4850077936691295, "x6": 17351}, "brand": {"NY": 1.258940889045952, "TO": 5.291189687728348e-06, "U6": 0.8699312429514294, "VL": 12.930375708035053, "WG": 163, "accuracy": 0.9875046873992486, "auc": 0.9977122220483253, "avg_time": 5.727297390520875, "benchmark": 3.5044080328008422, "distinct": 310, "entropy": 1.1051488623350854, "errors": 309, "exp_cost": 418809, "f1-score": 0.9999984357636954, "falsepos": 0.013012713487205452, "fullscore": 0.9997156397781838, "gq": 1.4756634818363403, "index": 14.239376304657798, "iz": 19250733, "k6": 0.9731850688911304, "l0": 0.9999801229715195, "lo": 257, "loss": 1.0865366784074126e-05, "lq": 2144974, "meanscore": 0.6840494433818509, "n_docs": 220982, "non_null": 2.068270488986279e-06, "pi": 2.4080157686906802, "pr": 3.847592826281742, "precision": 0.9859884089780004, "prediction_time": 21.130885689759797, "qu": 0.9999439323727861, "recall": 0.8319278500518286, "size": 411761, "time": 13.520403931540578, "weighted_avg": 1.8472842584727425}, "classifier": {"NY": 787820, "TO": 177096, "U6": 16653454, "VL": 23.857466171979475, "WG": 0.01623851183767866, "accuracy": 0.9876160281647429, "auc": 0.9999937305297679, "avg_time": 40.26999565380233, "benchmark": 2.4805618952635697, "distinct": 304, "entropy": 3.8860707339977396, "errors": 323, "exp_cost": 207047160, "f1-score": 0.842356189625846, "falsepos": 0.19215085352916095, "fullscore": 0.9885484833648096, "gq": 10.470349634241671, "index": 37.79685854077337, "iz": 2.114040005499646, "k6": 0.01131314083488999, "l0": 0.9999998805120235, "lo": 326, "loss": 0.0010406524754967839, "lq": 11805, "meanscore": 0.999760175607743, "n_docs": 2057303, "non_null": 0.0021942422750923507, "pi": 2.534083182673792, "pr": 1.2064641090492323e-05, "precision": 0.9993447527511753, "prediction_time": 11.52628064018829, "qu": 7.921233524998961e-05, "recall": 0.9999135483920983, "size": 85243, "time": 3.7532395521720567, "weighted_avg": 3.0640403908910896, "x6": 44.73360885103626}, "mark": {"NY": 14.42489491166956, "TO": 0.9275437707877976, "U6": 0.021638954240345898, "VL": 440, "WG": 329, "accuracy": 0.9855144136834626, "auc": 0.999704259941449, "avg_time": 111.02293105529826, "benchmark": 1.7129431871550536, "distinct": 424, "errors": 253, "exp_cost": 4809, "f1-score": 0.8454234477966378, "falsepos": 0.005076471836754193, "fullscore": 0.9999731783542628, "gq": 100.52649011369262, "index": 0.4725710159743131, "iz": 3.688721571980088, "l0": 28.764597343257773, "lo": 89.76789528307398, "loss": 0.00015981881053617197, "lq": 0.9997769247435455, "meanscore": 0.9997220481248764, "n_docs": 855921, "non_null": 0.008787508652621234, "pi": 654341, "pr": 61152, "precision": 0.9910498540207884, "prediction_time": 209.09812447556627, "qu": 0.9999331563181377, "recall": 0.999285690903871, "size": 54721, "time": 2.3128324081547142, "weighted_avg": 3.2508196195503287, "x6": 0.9893210506500171}, "train": {"NY": 16.93028062060695, "TO": 2.423499328213232, "U6": 0.9996218090542025, "VL": 0.0013376069619406294, "WG": 1.8222413023158914, "accuracy": 0.9999803633910943, "auc": 0.9999999756395672, "avg_time": 31.408214894711882, "benchmark": 4.108211517320554, "distinct": 345, "entropy": 2.57664464561133, "errors": 368, "exp_cost": 6046, "f1-score": 0.8972615021051682, "falsepos": 0.004193644030906496, "fullscore": 0.9796417789041684, "gq": 0.9999998138070267, "index": 63.41970442376203, "iz": 4.12662772461756, "k6": 7.530660283139312e-06, "l0": 0.9992250786868296, "lo": 1019425, "loss": 0.003278522243152615, "lq": 293, "meanscore": 0.9948839302625948, "n_docs": 200360, "non_null": 6.8500057556653e-05, "pi": 0.00014203825968484018, "pr": 302, "precision": 0.9906160543733376, "prediction_time": 154.08735248165564, "qu": 0.9959401816283705, "recall": 0.5984262905125568, "size": 54645, "time": 59.514043107713874, "weighted_avg": 1.275034085672228, "x6": 5.32488103018928}, "train_full": {"NY": 2.7944045184040562, "TO": 234, "U6": 0.001933460478819815, "VL": 27.381082084984236, "WG": 4.035778571896732, "accuracy": 0.9966159072992076, "auc": 0.9997949329929011, "avg_time": 44.41485945317439, "benchmark": 1.7964702139922588, "distinct": 208, "entropy": 1.9605745919660542, "errors": 229, "exp_cost": 19804354, "f1-score": 0.999997912218826, "falsepos": 0.0009491015396335678, "fullscore": 0.9810545927445522, "gq": 4.084120459909412, "index": 5.234051025094702, "iz": 405, "k6": 0.4334328654501688, "l0": 3161, "lo": 0.12255771810536342, "loss": 0.0007401635847714694, "lq": 14.309884429627745, "meanscore": 0.9999656885705549, "n_docs": 1620863, "non_null": 0.02595381686472442, "pi": 0.004499028159089757, "pr": 36.86738331855301, "precision": 0.9998880559866169, "recall": 0.9632485959236372, "size": 62860066, "time": 9.375229442060832, "weighted_avg": 0.905250901181178, "x6": 1.7941540777363258}}