{"branch": {"NY": 597, "TO": 96169316, "U6": 292, "VL": 1.765129005182331e-07, "WG": 0.9999999999947301, "accuracy": 0.9999699233169357, "auc": 0.9603455865753691, "avg_time": 516.1667741415257, "benchmark": 2.4485955686077223, "distinct": 575, "entropy": 5.747705425450555, "errors": 525, "exp_cost": 23986393, "f1-score": 0.9999997474258641, "falsepos": 1.59706268210158e-08, "fullscore": 0.9999987479014336, "index": 224.60795676127282, "iz": 199.62347527454187, "k6": 169.82496115903896, "l0": 0.0015689049524292287, "lo": 5.694085544820921, "loss": 0.00015164709835724377, "lq": 403, "meanscore": 0.9995222887862376, "n_docs": 298425984, "non_null": 1.0837144101216722e-05, "pi": 1394.7120873781582, "pr": 42.35244588033351, "precision": 0.9999999999993854, "prediction_time": 149.3689904001871, "qu": 194.9585070246345, "recall": 0.9998358668442657, "size": 3153481348, "time": 115.24123876026381, "weighted_avg": 5.409446009542469, "x6": 321841}, "brand": {"NY": 2.9920949743551803, "TO": 1.7652209693963528e-09, "U6": 0.9953160677966082, "VL": 61.11874251272614, "WG": 273, "accuracy": 0.999965216909235, "auc": 0.9999937401664077, "avg_time": 41.687716726880645, "benchmark": 4.790870226986988, "distinct": 436, "entropy": 1.9694897013430834, "errors": 519, "exp_cost": 39023296, "f1-score": 0.9999999944139178, "falsepos": 0.00019145831400668722, "fullscore": 0.9999999493773363, "gq": 4.643601536283388, "index": 118.79027063429156, "iz": 1792792359, "k6": 0.9997119672179702, "l0": 0.9999999938367605, "lo": 386, "loss": 2.062960924309465e-08, "lq": 84055589, "meanscore": 0.951832340395927, "n_docs": 7357384, "non_null": 8.453460154100867e-11, "pi": 3.6146853476849237, "pr": 5.822491665708856, "precision": 0.9998502196131505, "prediction_time": 62.925848316873825, "qu": 0.9999999975313216, "recall": 0.9943117722831013, "size": 20211369, "time": 89.77208988376121, "weighted_avg": 4.07921277274459}, "classifier": {"NY": 62766554, "TO": 2377865, "U6": 1736444534, "VL": 127.703561205335, "WG": 5.1963131968091325e-05, "accuracy": 0.999319625686613, "auc": 0.9999999994157713, "avg_time": 218.95114364639468, "benchmark": 4.2329207327330565, "distinct": 448, "entropy": 5.5839156164985955, "errors": 521, "exp_cost": 25042478608, "f1-score": 0.9877966304405669, "falsepos": 0.0067990066292662465, "fullscore": 0.9999306512988255, "gq": 90.71729237305456, "index": 192.89372778888742, "iz": 4.4399485859730214, "k6": 6.798252264117455e-05, "l0": 0.9999999999601674, "lo": 497, "loss": 6.722194834107853e-08, "lq": 332253, "meanscore": 0.9999999113730116, "n_docs": 132936103, "non_null": 7.735178821799416e-06, "pi": 11.793990900324086, "pr": 5.346834086594754e-12, "precision": 0.9999991617140509, "prediction_time": 48.17292403559525, "qu": 2.27970686772494e-09, "recall": 0.9999998679396118, "size": 2498187, "time": 10.788583917955572, "weighted_avg": 4.762633168388047, "x6": 357.5245035980025}, "mark": {"NY": 68.07570776820903, "TO": 0.9998386335178029, "U6": 0.00012601182180804749, "VL": 625, "WG": 511, "accuracy": 0.9999952157486013, "auc": 0.9999965942530791, "avg_time": 847.3856430208372, "benchmark": 3.4847363454597216, "distinct": 616, "errors": 392, "exp_cost": 129087, "f1-score": 0.9911431729522457, "falsepos": 0.0002448799918894906, "fullscore": 0.999999998574742, "gq": 943.0721884079547, "index": 1.1713244486720273, "iz": 4.944790333160846, "l0": 103.07488085686886, "lo": 644.9937595271902, "loss": 5.284196302746125e-08, "lq": 0.999999846346043, "meanscore": 0.9999994098521542, "n_docs": 54648839, "non_null": 1.190145177853985e-06, "pi": 24931168, "pr": 940087, "precision": 0.9999834233995285, "prediction_time": 973.5969837936734, "qu": 0.9999994839215169, "recall": 0.9999975365244166, "size": 5455872, "time": 15.190101408749438, "weighted_avg": 4.895596682977541, "x6": 0.9995850513090999}, "train": {"NY": 88.1998231965142, "TO": 3.616693111442169, "U6": 0.9999999969653227, "VL": 1.1617303671274115e-06, "WG": 2.773211470373327, "accuracy": 0.9999999928543744, "auc": 0.9999999999998622, "avg_time": 369.3161490847742, "benchmark": 5.641992343899308, "distinct": 520, "entropy": 3.888370917038988, "errors": 585, "exp_cost": 134987, "f1-score": 0.9966563458447234, "falsepos": 2.1029012975959382e-05, "fullscore": 0.9998038894986282, "gq": 0.9999999999996246, "index": 370.90223039731734, "iz": 6.160557012511146, "k6": 2.849921409975309e-10, "l0": 0.9999999566696738, "lo": 66826572, "loss": 3.0865491063014616e-07, "lq": 493, "meanscore": 0.999965614558421, "n_docs": 5778793, "non_null": 1.0586126419909192e-09, "pi": 1.3940282532765025e-06, "pr": 426, "precision": 0.9999759201000336, "prediction_time": 1346.0370180866978, "qu": 0.9999805431358169, "recall": 0.8984941403506096, "size": 1834169, "time": 245.60515224774656, "weighted_avg": 2.5690354033630003, "x6": 31.549487029361458}, "train_full": {"NY": 4.7727447580166835, "TO": 441, "U6": 2.7286771285606193e-05, "VL": 94.14456086688705, "WG": 5.7227106246345345, "accuracy": 0.9999943069988734, "auc": 0.9999999443999146, "avg_time": 343.0827383642799, "benchmark": 3.0692490031046504, "distinct": 372, "entropy": 3.8254514721783854, "errors": 374, "exp_cost": 844740519, "f1-score": 0.9999999998996962, "falsepos": 1.3684477662145866e-08, "fullscore": 0.9999555445738546, "gq": 5.85306018040155, "index": 41.36093629068096, "iz": 596, "k6": 0.7963081375910864, "l0": 37192, "lo": 0.01606079042633546, "loss": 2.0635148789693858e-07, "lq": 54.21062590630774, "meanscore": 0.9999999972462658, "n_docs": 144804106, "non_null": 0.00029090665008668637, "pi": 6.478689216549149e-06, "pr": 257.4924495913382, "precision": 0.9999999896998155, "recall": 0.9987906839437168, "size": 5405386916, "time": 40.660031608418144, "weighted_avg": 2.3026068817355654, "x6": 2.9746431235737827}}