{"branch": {"NY": 817, "TO": 4927775351, "U6": 435, "VL": 2.190692072190359e-12, "WG": 1.0, "accuracy": 0.999999997797076, "auc": 0.9967990062914183, "avg_time": 4850.3347039695855, "benchmark": 4.219597366524345, "distinct": 808, "entropy": 8.136627601274341, "errors": 767, "exp_cost": 1709652826, "f1-score": 0.9999999999999314, "falsepos": 9.658940314238862e-15, "fullscore": 0.9999999998245221, "index": 1266.1365630577432, "iz": 1640.2424368158777, "k6": 967.2430298847074, "l0": 8.105069343344873e-06, "lo": 8.239906019524938, "loss": 7.02565360333196e-08, "lq": 570, "meanscore": 0.9999995992930152, "n_docs": 16145028277, "non_null": 8.397260664594342e-11, "pi": 13649.946276037641, "pr": 288.42866040925287, "precision": 1.0, "prediction_time": 810.5035522338402, "qu": 1213.0896581530365, "recall": 0.9999997838296506, "size": 294026212837, "time": 568.7755504107428, "weighted_avg": 7.499117913448337, "x6": 8694356}, "brand": {"NY": 4.853333823269984, "TO": 2.886579864025407e-15, "U6": 0.9999964066568496, "VL": 394.92144090253714, "WG": 379, "accuracy": 0.9999999964240902, "auc": 0.9999999973739707, "avg_time": 527.51571012112, "benchmark": 6.3752713855882, "distinct": 615, "entropy": 3.176875197558633, "errors": 758, "exp_cost": 11007509014, "f1-score": 0.9999999999992016, "falsepos": 4.0158324665640066e-08, "fullscore": 0.9999999999999927, "gq": 17.513510776166154, "index": 856.0030017478839, "iz": 301972509785, "k6": 0.9999999837450813, "l0": 0.9999999999999925, "lo": 504, "loss": 5.940803404769213e-12, "lq": 10971255911, "meanscore": 0.993766167777431, "n_docs": 488810897, "non_null": 0.0, "pi": 5.473518210597315, "pr": 8.154870824267876, "precision": 0.9999997726541804, "prediction_time": 250.0485189501864, "qu": 0.999999999999999, "recall": 0.9999855162842382, "size": 1728993185, "time": 727.5119784692728, "weighted_avg": 6.065157480180385}, "classifier": {"NY": 14674599724, "TO": 49110573, "U6": 299983684677, "VL": 819.006341319521, "WG": 3.2896272372795465e-09, "accuracy": 0.9999710328397922, "auc": 0.9999999999999997, "avg_time": 1151.5925828460245, "benchmark": 6.0415418087213615, "distinct": 636, "entropy": 7.277931053987397, "errors": 728, "exp_cost": 8508301570595, "f1-score": 0.99967613071155, "falsepos": 1.2625805221211372e-05, "fullscore": 0.9999999805984955, "gq": 754.4633699782441, "index": 1423.6268718408812, "iz": 6.94446593595095, "k6": 3.970104844874811e-08, "l0": 1.0, "lo": 671, "loss": 9.547918011776346e-15, "lq": 13710536, "meanscore": 0.9999999999998789, "n_docs": 6048655071, "non_null": 1.4993977170973949e-09, "pi": 67.32751439430042, "pr": 0.0, "precision": 0.99999999998846, "prediction_time": 228.4771279463436, "qu": 4.440892098500626e-16, "recall": 0.9999999999976836, "size": 104801626, "time": 37.986492444241335, "weighted_avg": 6.595789420090511, "x6": 2899.404524128611}, "mark": {"NY": 462.532397210666, "TO": 0.9999999983593231, "U6": 5.0426539610626264e-09, "VL": 814, "WG": 745, "accuracy": 0.999999999999684, "auc": 0.9999999982738698, "avg_time": 9586.42654994518, "benchmark": 4.918006739469621, "distinct": 859, "errors": 557, "exp_cost": 6620918, "f1-score": 0.999939362972877, "falsepos": 1.8880243569663335e-06, "fullscore": 0.9999999999999991, "gq": 11513.513473709812, "index": 4.640002461314195, "iz": 6.233975737622732, "l0": 656.2968268399785, "lo": 6065.258649611359, "loss": 6.996625501187737e-13, "lq": 0.9999999999967951, "meanscore": 0.9999999999905513, "n_docs": 7979099870, "non_null": 2.3706592244820968e-12, "pi": 1883710803, "pr": 22151395, "precision": 0.9999999999644079, "prediction_time": 5399.536152486578, "qu": 0.9999999996629472, "recall": 0.9999999987170096, "size": 700286280, "time": 142.9286824532127, "weighted_avg": 6.8064277136053315, "x6": 0.9999985468984172}, "train": {"NY": 512.8514359750213, "TO": 5.188589208685942, "U6": 1.0, "VL": 2.1826984664130578e-12, "WG": 4.284916773490052, "accuracy": 0.999999999999985, "auc": 1.0, "avg_time": 4921.746480397626, "benchmark": 7.223687134409479, "distinct": 697, "entropy": 5.136307556431631, "errors": 816, "exp_cost": 5053874, "f1-score": 0.999995663434574, "falsepos": 1.561303997199559e-08, "fullscore": 0.9999998535798058, "gq": 1.0, "index": 3255.028382961488, "iz": 8.434461220376077, "k6": 0.0, "l0": 0.999999999999997, "lo": 20155729887, "loss": 1.8451906669270102e-13, "lq": 690, "meanscore": 0.9999999944485589, "n_docs": 346299058, "non_null": 1.1102230246251565e-16, "pi": 8.850180588382273e-10, "pr": 590, "precision": 0.9999999992649926, "prediction_time": 12506.068506379424, "qu": 0.9999999917993041, "recall": 0.9846381708508869, "size": 161924514, "time": 1585.298313777904, "weighted_avg": 3.834795466549741, "x6": 225.56189931048976}, "train_full": {"NY": 6.758978441785862, "TO": 643, "U6": 1.920433001512123e-08, "VL": 481.7639404078434, "WG": 7.567296442954145, "accuracy": 0.9999999989523222, "auc": 0.9999999999996534, "avg_time": 3130.383850636732, "benchmark": 4.585061852559798, "distinct": 563, "entropy": 5.740576757388321, "errors": 554, "exp_cost": 43768476412, "f1-score": 1.0, "falsepos": 2.220446049250313e-16, "fullscore": 0.9999999779414784, "gq": 7.963446150579258, "index": 442.2121247228607, "iz": 778, "k6": 0.9780704432833335, "l0": 723284, "lo": 0.0003236590137145612, "loss": 1.716404796070492e-13, "lq": 244.8717798245429, "meanscore": 0.9999999999999993, "n_docs": 26229991449, "non_null": 6.949908337716693e-08, "pi": 1.5123280405759942e-10, "pr": 2116.04622984468, "precision": 0.9999999999999736, "recall": 0.9999961372101843, "size": 1312869392831, "time": 238.33900331972285, "weighted_avg": 4.113509596039201, "x6": 4.480780443286484}}