{"branch": {"NY": 754, "TO": 2091038612, "U6": 408, "VL": 8.563805220518361e-11, "WG": 1.0, "accuracy": 0.9999999878455293, "auc": 0.9925476433089448, "avg_time": 2911.6174096628156, "benchmark": 3.827071764684569, "distinct": 746, "entropy": 7.632675548857552, "errors": 702, "exp_cost": 725007047, "f1-score": 0.999999999995808, "falsepos": 3.5704772471945034e-13, "fullscore": 0.999999998371041, "index": 913.6776334443344, "iz": 1126.0498111911963, "k6": 661.7770028431466, "l0": 4.284470841053878e-05, "lo": 7.767336903267849, "loss": 4.983430206273454e-07, "lq": 531, "meanscore": 0.9999982574062298, "n_docs": 6024850708, "non_null": 1.6230052857224564e-09, "pi": 8303.812356601518, "pr": 186.1807852676793, "precision": 1.0, "prediction_time": 650.4756909269038, "qu": 815.1812371200967, "recall": 0.9999986176819647, "size": 129021406876, "time": 385.9796721057977, "weighted_avg": 6.946756107746595, "x6": 4026278}, "brand": {"NY": 4.3441121758608, "TO": 6.117328865684613e-14, "U6": 0.9999816306761764, "VL": 287.15736423031456, "WG": 350, "accuracy": 0.9999999774239117, "auc": 0.9999999838024571, "avg_time": 294.81400494421496, "benchmark": 6.1259511848158485, "distinct": 579, "entropy": 3.0276432355017455, "errors": 709, "exp_cost": 3060822327, "f1-score": 0.9999999999925047, "falsepos": 2.5748194354413556e-07, "fullscore": 0.9999999999995933, "gq": 12.840596477475886, "index": 597.4522162040724, "iz": 87054734392, "k6": 0.9999996693132553, "l0": 0.9999999999989282, "lo": 483, "loss": 1.1645573394503117e-11, "lq": 3272930929, "meanscore": 0.9901072793698887, "n_docs": 156376033, "non_null": 4.440892098500626e-16, "pi": 4.813101786682309, "pr": 7.585247252393723, "precision": 0.9999989080296003, "prediction_time": 181.51108620930128, "qu": 0.9999999999999796, "recall": 0.9999204498058546, "size": 709710456, "time": 451.50585533404654, "weighted_avg": 5.653776268987977}, "classifier": {"NY": 3922062272, "TO": 28848715, "U6": 87455899475, "VL": 540.6590726878486, "WG": 3.729944830777043e-08, "accuracy": 0.9999453150039918, "auc": 0.9999999999999908, "avg_time": 965.9856102828664, "benchmark": 5.646056962195766, "distinct": 594, "entropy": 6.854135187226413, "errors": 684, "exp_cost": 1937267639695, "f1-score": 0.9991774123780882, "falsepos": 8.114475139298083e-05, "fullscore": 0.9999995625474012, "gq": 443.01881987786453, "index": 1198.838056669926, "iz": 6.391032534828919, "k6": 1.6258504320632028e-07, "l0": 0.9999999999999996, "lo": 629, "loss": 6.012967901369848e-13, "lq": 6806332, "meanscore": 0.9999999999952923, "n_docs": 4538578368, "non_null": 1.320946185767724e-08, "pi": 44.675847416693586, "pr": 0.0, "precision": 0.9999999997820462, "prediction_time": 163.6013908748091, "qu": 2.19824158875781e-14, "recall": 0.9999999999485897, "size": 51872514, "time": 24.998742280634893, "weighted_avg": 6.187754110112251, "x6": 1898.937090453683}, "mark": {"NY": 293.9840550177793, "TO": 0.9999999676470971, "U6": 5.749526477139e-08, "VL": 753, "WG": 697, "accuracy": 0.9999999999828539, "auc": 0.9999999836016833, "avg_time": 5055.437046900834, "benchmark": 4.74909103099076, "distinct": 807, "errors": 521, "exp_cost": 2693734, "f1-score": 0.9997418529613533, "falsepos": 3.1152436090753355e-06, "fullscore": 0.9999999999999858, "gq": 6803.773810748516, "index": 3.496652526891226, "iz": 6.00758191593797, "l0": 372.68080955201884, "lo": 4252.585018018163, "loss": 7.458589301734264e-12, "lq": 0.9999999999779249, "meanscore": 0.9999999998583164, "n_docs": 2569910883, "non_null": 4.59163818078423e-11, "pi": 861691045, "pr": 10823565, "precision": 0.9999999994580913, "prediction_time": 3436.042958669911, "qu": 0.9999999980986047, "recall": 0.9999999813123691, "size": 201818734, "time": 90.44234782956772, "weighted_avg": 6.392556087875396, "x6": 0.9999934910670758}, "train": {"NY": 351.7447886370837, "TO": 5.016965431653675, "U6": 0.999999999999997, "VL": 6.14138739862824e-11, "WG": 3.9861404735016093, "accuracy": 0.9999999999994099, "auc": 1.0, "avg_time": 2444.6775391247334, "benchmark": 6.990830528406223, "distinct": 651, "entropy": 4.852396701487446, "errors": 772, "exp_cost": 3271399, "f1-score": 0.999975463672275, "falsepos": 6.66231202428591e-08, "fullscore": 0.9999990424593934, "gq": 1.0, "index": 2058.9019010374654, "iz": 7.985561765184232, "k6": 3.3306690738754696e-16, "l0": 0.9999999999996945, "lo": 6297974387, "loss": 5.858646900946951e-12, "lq": 655, "meanscore": 0.9999998843170738, "n_docs": 130957069, "non_null": 4.107825191113079e-15, "pi": 1.0853242082831116e-08, "pr": 544, "precision": 0.9999999872682805, "prediction_time": 8989.433231553836, "qu": 0.9999999422749907, "recall": 0.9732560945232407, "size": 48298491, "time": 1002.513687422494, "weighted_avg": 3.626169767885572, "x6": 143.0724531198327}, "train_full": {"NY": 6.3459462947078285, "TO": 604, "U6": 1.3849626412376637e-07, "VL": 326.18683714519847, "WG": 7.335795434523601, "accuracy": 0.9999999920330722, "auc": 0.9999999999945697, "avg_time": 1803.6890674857168, "benchmark": 4.330617050280708, "distinct": 528, "entropy": 5.319042872117183, "errors": 512, "exp_cost": 17838855381, "f1-score": 0.9999999999999976, "falsepos": 2.708944180085382e-14, "fullscore": 0.9999997918370515, "gq": 7.550063530200934, "index": 286.2573980590891, "iz": 740, "k6": 0.9564182090430196, "l0": 344408, "lo": 0.0008132694728921752, "loss": 1.2048362307837124e-11, "lq": 176.21224459587444, "meanscore": 0.9999999999999687, "n_docs": 7584341657, "non_null": 5.107704682538738e-07, "pi": 2.4720199220951145e-09, "pr": 1427.1825737809309, "precision": 0.9999999999996325, "recall": 0.9999841872666427, "size": 276420367002, "time": 162.10167983453917, "weighted_avg": 3.6567495292675316, "x6": 4.144397493674574}}