{"branch": {"NY": 789, "TO": 3109986577, "U6": 416, "VL": 1.483391187662164e-11, "WG": 1.0, "accuracy": 0.9999999955785803, "auc": 0.9937564545280393, "avg_time": 3729.576638804093, "benchmark": 3.8515067174968194, "distinct": 768, "entropy": 7.900168351464493, "errors": 731, "exp_cost": 1021811032, "f1-score": 0.9999999999983273, "falsepos": 1.0624834345662748e-13, "fullscore": 0.9999999992020226, "index": 1053.539670897751, "iz": 1247.9831686701625, "k6": 718.7071097162284, "l0": 2.927810063613201e-05, "lo": 7.905363792952029, "loss": 2.338418838565559e-07, "lq": 545, "meanscore": 0.9999989519244536, "n_docs": 6941009559, "non_null": 9.959841840156969e-10, "pi": 8654.506729611896, "pr": 202.49936357197487, "precision": 1.0, "prediction_time": 620.0113986918365, "qu": 928.239146852799, "recall": 0.999999296049568, "size": 130018752546, "time": 447.27878685501884, "weighted_avg": 7.149962336569674, "x6": 4744206}, "brand": {"NY": 4.497308740500395, "TO": 3.26405569239796e-14, "U6": 0.999985989269809, "VL": 326.67155127808775, "WG": 367, "accuracy": 0.9999999896384891, "auc": 0.9999999911935247, "avg_time": 372.8880718734953, "benchmark": 6.214906602170139, "distinct": 590, "entropy": 3.0892850285674474, "errors": 716, "exp_cost": 4292368618, "f1-score": 0.9999999999972616, "falsepos": 2.1804798400193448e-07, "fullscore": 0.9999999999998235, "gq": 13.136869053897822, "index": 641.2338415584767, "iz": 137669792382, "k6": 0.9999998989102393, "l0": 0.9999999999998893, "lo": 493, "loss": 1.6372125877239796e-11, "lq": 3933960485, "meanscore": 0.9929793770275158, "n_docs": 240182001, "non_null": 1.1102230246251565e-16, "pi": 5.060574861572765, "pr": 7.805918315432843, "precision": 0.9999994128398009, "prediction_time": 197.28550028510418, "qu": 0.999999999999995, "recall": 0.9999577108077432, "size": 702388157, "time": 541.5335168693665, "weighted_avg": 5.847255143099019}, "classifier": {"NY": 5626431598, "TO": 31845320, "U6": 137963054802, "VL": 604.8636131068266, "WG": 1.5597115710086484e-08, "accuracy": 0.9999614054648265, "auc": 0.9999999999999947, "avg_time": 975.5998728704255, "benchmark": 5.74790175423471, "distinct": 603, "entropy": 7.117372433603706, "errors": 706, "exp_cost": 3886620202291, "f1-score": 0.9995376243547107, "falsepos": 3.9918947977723995e-05, "fullscore": 0.9999999292318356, "gq": 530.6382174222518, "index": 1164.2427236652177, "iz": 6.63579902356188, "k6": 1.0015884011060905e-07, "l0": 0.9999999999999998, "lo": 636, "loss": 1.2811973704174306e-13, "lq": 9214471, "meanscore": 0.9999999999977734, "n_docs": 5679011117, "non_null": 4.6457863112081554e-09, "pi": 52.10488767305263, "pr": 0.0, "precision": 0.9999999998766548, "prediction_time": 181.83367677560867, "qu": 4.6629367034256575e-15, "recall": 0.9999999999723759, "size": 64688079, "time": 27.524041192155476, "weighted_avg": 6.425452458261378, "x6": 2083.4359479472264}, "mark": {"NY": 330.3795077685446, "TO": 0.9999999822564531, "U6": 3.108568402687695e-08, "VL": 786, "WG": 716, "accuracy": 0.9999999999957097, "auc": 0.9999999949940922, "avg_time": 5935.469707171273, "benchmark": 4.731898186579289, "distinct": 829, "errors": 533, "exp_cost": 3302868, "f1-score": 0.9998363862988323, "falsepos": 2.5764663057481485e-06, "fullscore": 0.9999999999999929, "gq": 7131.136965006208, "index": 3.7686438654038326, "iz": 6.079590276393313, "l0": 391.0039235645258, "lo": 4563.128966686177, "loss": 2.1436186159462522e-12, "lq": 0.9999999999799425, "meanscore": 0.9999999998922963, "n_docs": 3144002202, "non_null": 2.1969759345097373e-11, "pi": 1021971126, "pr": 13259425, "precision": 0.9999999996391282, "prediction_time": 4244.852920861591, "qu": 0.9999999984696103, "recall": 0.9999999906123797, "size": 276308412, "time": 97.86355561037394, "weighted_avg": 6.4934087726159255, "x6": 0.9999956178986045}, "train": {"NY": 385.7808978374804, "TO": 5.037274560778234, "U6": 0.9999999999999993, "VL": 3.7452041468100106e-11, "WG": 4.121543147074513, "accuracy": 0.999999999999696, "auc": 1.0, "avg_time": 3290.169957269648, "benchmark": 6.92828279914897, "distinct": 665, "entropy": 5.01447097863686, "errors": 784, "exp_cost": 4296069, "f1-score": 0.9999805012496444, "falsepos": 4.15270726694672e-08, "fullscore": 0.9999993833210338, "gq": 1.0, "index": 2512.9269118316774, "iz": 8.183130035266986, "k6": 2.220446049250313e-16, "l0": 0.9999999999998904, "lo": 7529149723, "loss": 1.3066214776813467e-12, "lq": 667, "meanscore": 0.9999999116712371, "n_docs": 181887324, "non_null": 5.551115123125783e-16, "pi": 3.855106900374494e-09, "pr": 553, "precision": 0.9999999939118729, "prediction_time": 10448.45737046727, "qu": 0.9999999643268654, "recall": 0.9796906752101149, "size": 80068822, "time": 1064.8249425310971, "weighted_avg": 3.764177904871733, "x6": 168.1358659294779}, "train_full": {"NY": 6.518868846776431, "TO": 630, "U6": 7.726422979192904e-08, "VL": 340.7559597852278, "WG": 7.3427722235582715, "accuracy": 0.9999999968394903, "auc": 0.9999999999985012, "avg_time": 2115.0593221477543, "benchmark": 4.4333868129737715, "distinct": 532, "entropy": 5.589867292741134, "errors": 525, "exp_cost": 23691815112, "f1-score": 0.9999999999999998, "falsepos": 9.325873406851315e-15, "fullscore": 0.9999999127302932, "gq": 7.762040970617117, "index": 325.00446372628744, "iz": 749, "k6": 0.9593685585492042, "l0": 428873, "lo": 0.000655516802111511, "loss": 2.5579538487363607e-12, "lq": 200.27552716020756, "meanscore": 0.9999999999999909, "n_docs": 12695240778, "non_null": 1.5684964671525137e-07, "pi": 2.431972290217743e-09, "pr": 1542.1409842063579, "precision": 0.9999999999998737, "recall": 0.9999817543064631, "size": 446497625069, "time": 178.42387023780537, "weighted_avg": 3.7891761185633785, "x6": 4.214176040422592}}