{"branch": {"NY": 619, "TO": 132931047, "U6": 297, "VL": 1.0968607622174886e-07, "WG": 0.9999999999987317, "accuracy": 0.9999791357502148, "auc": 0.9643665152088174, "avg_time": 562.1397797886225, "benchmark": 2.52591345486236, "distinct": 589, "entropy": 5.928331917072278, "errors": 546, "exp_cost": 33236490, "f1-score": 0.9999998127788903, "falsepos": 9.680607981898959e-09, "fullscore": 0.9999987320537616, "index": 245.8029960778814, "iz": 214.33755315524797, "k6": 179.9961094290129, "l0": 0.0014440378230379247, "lo": 5.810943916609431, "loss": 0.00019105463440716175, "lq": 409, "meanscore": 0.9996503366190778, "n_docs": 349748880, "non_null": 1.073311500143781e-05, "pi": 1405.2858133312166, "pr": 45.394672703357436, "precision": 0.9999999999997071, "prediction_time": 141.4012931614259, "qu": 206.95901816395843, "recall": 0.9999170103752546, "size": 3102830215, "time": 123.19385198404157, "weighted_avg": 5.491568732095967, "x6": 307685}, "brand": {"NY": 3.0453705948194703, "TO": 1.7715766631454244e-09, "U6": 0.9972567501083532, "VL": 74.83851867046845, "WG": 270, "accuracy": 0.9999820732581708, "auc": 0.9999959475554836, "avg_time": 46.580487864321015, "benchmark": 4.95562048874113, "distinct": 441, "entropy": 2.0148414444970064, "errors": 537, "exp_cost": 43575830, "f1-score": 0.999999995554155, "falsepos": 0.00013460942303789025, "fullscore": 0.999999969877861, "gq": 5.092967923875987, "index": 109.56532633905519, "iz": 2456400978, "k6": 0.9996538961794061, "l0": 0.9999999963760455, "lo": 390, "loss": 2.625698991565173e-08, "lq": 102937103, "meanscore": 0.9506649480226946, "n_docs": 7234626, "non_null": 2.1950774531376283e-11, "pi": 3.6092127317428306, "pr": 5.877081753883382, "precision": 0.999877195604717, "prediction_time": 64.90381291677076, "qu": 0.9999999981916563, "recall": 0.9958324382179435, "size": 21114272, "time": 90.91092617220647, "weighted_avg": 4.116273671270544}, "classifier": {"NY": 75441302, "TO": 3019163, "U6": 2179942562, "VL": 133.8592739113833, "WG": 4.216027396775068e-05, "accuracy": 0.9994835823290752, "auc": 0.9999999994451494, "avg_time": 218.22106284013702, "benchmark": 4.308947025218858, "distinct": 448, "entropy": 5.663184013341442, "errors": 545, "exp_cost": 26119776905, "f1-score": 0.9862739285847906, "falsepos": 0.007194954210721249, "fullscore": 0.9999200264910981, "gq": 92.18011584148931, "index": 237.13779538130197, "iz": 4.482652477137209, "k6": 5.9041589305919295e-05, "l0": 0.9999999999882973, "lo": 490, "loss": 3.649224289414832e-08, "lq": 401422, "meanscore": 0.9999999416007113, "n_docs": 183200282, "non_null": 9.500696425912558e-06, "pi": 11.66945448945208, "pr": 6.743494651573201e-12, "precision": 0.9999992162302813, "prediction_time": 50.33019383144055, "qu": 1.6643763034451808e-09, "recall": 0.9999998920275526, "size": 2990050, "time": 10.937376961716353, "weighted_avg": 4.750284693941606, "x6": 388.1711466471267}, "mark": {"NY": 70.0860372184243, "TO": 0.9998796460451113, "U6": 6.035524201741804e-05, "VL": 622, "WG": 535, "accuracy": 0.9999977726308562, "auc": 0.9999958032613591, "avg_time": 964.238636389918, "benchmark": 3.355695763567011, "distinct": 627, "errors": 401, "exp_cost": 145148, "f1-score": 0.9905604105388243, "falsepos": 0.00016139461653130738, "fullscore": 0.9999999990850541, "gq": 1191.4359024275664, "index": 1.2595545088139217, "iz": 4.9879667741179405, "l0": 109.52694183989975, "lo": 707.8524055348253, "loss": 3.418940197619236e-08, "lq": 0.9999998673803101, "meanscore": 0.9999995150581573, "n_docs": 84463993, "non_null": 7.887238859805024e-07, "pi": 35565616, "pr": 1055132, "precision": 0.9999925535175181, "prediction_time": 1005.557798663803, "qu": 0.9999996476527351, "recall": 0.9999953604417493, "size": 6748920, "time": 18.75778059533769, "weighted_avg": 4.8974423179430495, "x6": 0.9996291655876839}, "train": {"NY": 93.36103471441876, "TO": 3.7944374213228342, "U6": 0.999999998398277, "VL": 4.196318933447074e-07, "WG": 2.922294716533207, "accuracy": 0.9999999972520123, "auc": 0.9999999999999334, "avg_time": 357.43673624965885, "benchmark": 5.8647404239417, "distinct": 520, "entropy": 3.955794415859403, "errors": 596, "exp_cost": 210999, "f1-score": 0.9977693593195152, "falsepos": 1.8307131756545303e-05, "fullscore": 0.9998172573871537, "gq": 0.9999999999995222, "index": 369.8057506298931, "iz": 6.266664402729217, "k6": 7.812572810905749e-11, "l0": 0.9999999861974436, "lo": 101457221, "loss": 1.8503313248263709e-07, "lq": 487, "meanscore": 0.9999402812043676, "n_docs": 6034061, "non_null": 7.417274572318888e-10, "pi": 1.7584947952231644e-06, "pr": 432, "precision": 0.9999796570352775, "prediction_time": 1388.63510930241, "qu": 0.9999850285472562, "recall": 0.8965003408730374, "size": 1938490, "time": 266.3347706771781, "weighted_avg": 2.4940165453165237, "x6": 36.21066707863786}, "train_full": {"NY": 4.868117860039913, "TO": 447, "U6": 1.9336123620927737e-05, "VL": 102.66242139329891, "WG": 5.919894639709198, "accuracy": 0.9999960978329419, "auc": 0.9999999451591073, "avg_time": 321.32366034753136, "benchmark": 3.2105203091587047, "distinct": 373, "entropy": 3.8896842538340968, "errors": 381, "exp_cost": 1006554419, "f1-score": 0.9999999999274156, "falsepos": 2.1305670561133638e-08, "fullscore": 0.9999453768017109, "gq": 5.8936226659217885, "index": 48.031335539659025, "iz": 602, "k6": 0.8460079951181498, "l0": 39795, "lo": 0.013956667940276946, "loss": 2.1250707549214098e-07, "lq": 56.37329379817623, "meanscore": 0.9999999988118863, "n_docs": 181362022, "non_null": 0.0003672767778730712, "pi": 7.936268896613363e-06, "pr": 325.0254082029503, "precision": 0.9999999941447836, "recall": 0.9993285742635624, "size": 6691127774, "time": 42.65468715471454, "weighted_avg": 2.345835179233415, "x6": 3.1654439253144933}}