{"branch": {"NY": 811, "TO": 4570307228, "U6": 434, "VL": 2.4926727348884015e-12, "WG": 1.0, "accuracy": 0.9999999985903187, "auc": 0.9960296076295925, "avg_time": 4913.940956167272, "benchmark": 4.162474629145983, "distinct": 804, "entropy": 8.107827940900219, "errors": 753, "exp_cost": 1625401664, "f1-score": 0.9999999999998785, "falsepos": 1.9095836023552692e-14, "fullscore": 0.9999999998010669, "index": 1235.7174062897475, "iz": 1458.2395314379423, "k6": 845.5802721869843, "l0": 8.881728886578344e-06, "lo": 8.201572555475579, "loss": 1.0058962995884713e-07, "lq": 566, "meanscore": 0.9999996185363155, "n_docs": 14040679170, "non_null": 1.0210665646326333e-10, "pi": 12662.809779940942, "pr": 262.0225038378864, "precision": 1.0, "prediction_time": 778.74061744557, "qu": 1206.9108993701705, "recall": 0.9999997766607287, "size": 272290872328, "time": 536.738224398255, "weighted_avg": 7.391930475542155, "x6": 8393100}, "brand": {"NY": 4.714200612045712, "TO": 4.440892098500626e-15, "U6": 0.999994612674618, "VL": 375.38357603256617, "WG": 385, "accuracy": 0.9999999952170909, "auc": 0.9999999967988825, "avg_time": 498.37031675957456, "benchmark": 6.36201888565144, "distinct": 622, "entropy": 3.2194015640161036, "errors": 751, "exp_cost": 9409947845, "f1-score": 0.9999999999995738, "falsepos": 6.388408835267256e-08, "fullscore": 0.9999999999999882, "gq": 16.151972877097325, "index": 908.4082684094657, "iz": 301638496604, "k6": 0.9999999771280775, "l0": 0.9999999999999847, "lo": 502, "loss": 3.954614413714808e-12, "lq": 9946159556, "meanscore": 0.9938463645440264, "n_docs": 452738842, "non_null": 0.0, "pi": 5.461902980772879, "pr": 8.092047890944936, "precision": 0.9999997728577459, "prediction_time": 215.95797546759545, "qu": 0.9999999999999981, "recall": 0.9999842910248519, "size": 1755316920, "time": 674.0111611366534, "weighted_avg": 6.026832951343048}, "classifier": {"NY": 12256875562, "TO": 48730419, "U6": 278949017645, "VL": 799.4123480237683, "WG": 3.59407137384693e-09, "accuracy": 0.999969240731015, "auc": 0.9999999999999996, "avg_time": 1218.0547690125143, "benchmark": 5.980625218383797, "distinct": 630, "entropy": 7.199124611247075, "errors": 718, "exp_cost": 8098838976476, "f1-score": 0.9996078863076036, "falsepos": 1.3211218627851018e-05, "fullscore": 0.9999999782479957, "gq": 717.4460276921425, "index": 1339.1503113191798, "iz": 6.834332974890308, "k6": 3.277580939986535e-08, "l0": 1.0, "lo": 668, "loss": 1.865174681370263e-14, "lq": 12554458, "meanscore": 0.9999999999998154, "n_docs": 7086571738, "non_null": 1.5003922548828541e-09, "pi": 64.37228414514298, "pr": 0.0, "precision": 0.9999999999791771, "prediction_time": 246.95787344436985, "qu": 4.440892098500626e-16, "recall": 0.9999999999938765, "size": 92380407, "time": 37.39964643323497, "weighted_avg": 6.589632747930289, "x6": 2896.7881694974503}, "mark": {"NY": 438.8390825815641, "TO": 0.9999999976370471, "U6": 1.3590191860757272e-08, "VL": 811, "WG": 740, "accuracy": 0.999999999999265, "auc": 0.9999999978635248, "avg_time": 9364.012116831955, "benchmark": 4.983468375374403, "distinct": 865, "errors": 553, "exp_cost": 6433610, "f1-score": 0.9999403531179658, "falsepos": 2.020787164491722e-06, "fullscore": 0.9999999999999988, "gq": 10221.658358348159, "index": 4.563329398457999, "iz": 6.182091425007469, "l0": 641.1156225164937, "lo": 5676.976146643199, "loss": 4.845013279464183e-13, "lq": 0.9999999999964554, "meanscore": 0.9999999999862316, "n_docs": 7164299253, "non_null": 3.6013414472790828e-12, "pi": 1622854184, "pr": 22405061, "precision": 0.9999999999161366, "prediction_time": 5024.411849259502, "qu": 0.9999999995960447, "recall": 0.9999999992648532, "size": 742106038, "time": 154.07370095710166, "weighted_avg": 6.791780993597288, "x6": 0.9999991124006531}, "train": {"NY": 492.2044500818006, "TO": 5.25158882602729, "U6": 1.0, "VL": 3.0871971645751728e-12, "WG": 4.271744778864684, "accuracy": 0.999999999999984, "auc": 1.0, "avg_time": 4406.39120445667, "benchmark": 7.282032057965996, "distinct": 692, "entropy": 5.147889891469798, "errors": 815, "exp_cost": 5268821, "f1-score": 0.9999950575166823, "falsepos": 1.6277819980814456e-08, "fullscore": 0.9999998331210476, "gq": 1.0, "index": 2978.375156659237, "iz": 8.353916207073542, "k6": 0.0, "l0": 0.9999999999999978, "lo": 18658664859, "loss": 1.3933298959045715e-13, "lq": 683, "meanscore": 0.9999999804334228, "n_docs": 295142028, "non_null": 1.1102230246251565e-16, "pi": 1.4369516687651185e-09, "pr": 584, "precision": 0.9999999990175038, "prediction_time": 13029.46071653508, "qu": 0.9999999876178626, "recall": 0.9836274669700752, "size": 135329881, "time": 1624.7809964876296, "weighted_avg": 3.8448524781275797, "x6": 209.03683274951925}, "train_full": {"NY": 6.749490080698186, "TO": 646, "U6": 2.633427365061891e-08, "VL": 465.44935811464217, "WG": 7.556207984689635, "accuracy": 0.99999999873293, "auc": 0.9999999999995036, "avg_time": 3025.484270079376, "benchmark": 4.573970493150003, "distinct": 552, "entropy": 5.717573925636553, "errors": 547, "exp_cost": 44402742700, "f1-score": 1.0, "falsepos": 4.440892098500626e-16, "fullscore": 0.9999999766660712, "gq": 7.9478868327797025, "index": 407.00686367813694, "iz": 770, "k6": 0.9759143198272417, "l0": 694568, "lo": 0.0003402609084024455, "loss": 5.004885395010206e-13, "lq": 239.1050567598592, "meanscore": 0.9999999999999991, "n_docs": 23350979844, "non_null": 5.8553262349825275e-08, "pi": 1.2167877816438022e-10, "pr": 1983.1265984344157, "precision": 0.9999999999999861, "recall": 0.9999955393711255, "size": 928550646766, "time": 221.73617229741433, "weighted_avg": 4.053244184678561, "x6": 4.39261078042398}}