{"branch": {"NY": 206, "TO": 171922, "U6": 43, "VL": 0.03408937641156551, "WG": 0.9995123005080304, "accuracy": 0.7900738347754801, "auc": 0.49086266268205464, "avg_time": 9.461089770295663, "benchmark": -0.013956395402738006, "distinct": 200, "entropy": 1.7344151451930432, "errors": 124, "exp_cost": 14795, "f1-score": 0.9396446977904835, "falsepos": 0.056225950267322355, "fullscore": 0.9737628921716989, "index": 9.82975377169032, "iz": 7.821071931867706, "k6": 11.669656516525087, "l0": 0.22149525915520862, "lo": 1.4266258442499533, "loss": 0.2676081630618441, "lq": 101, "meanscore": 0.606117413446296, "n_docs": 289975, "non_null": 0.24632389284688827, "pi": 33.71775387974548, "pr": 2.3258820036427994, "precision": 0.996505356537736, "prediction_time": 6.316626903131989, "qu": 9.418651732220937, "recall": 0.9125059227143245, "size": 865734, "time": 6.266781321128569, "weighted_avg": 1.7561458349881827, "x6": 1252}, "brand": {"NY": -0.2332161851104288, "TO": 0.0014352827165001747, "U6": 0.39276950912193376, "VL": 3.249556522722548, "WG": 63, "accuracy": 0.7969761927269681, "auc": 0.918924780510061, "avg_time": 0.7785865302279422, "benchmark": 2.219851474958923, "distinct": 164, "entropy": -0.055789840450902406, "errors": 126, "exp_cost": 5035, "f1-score": 0.9998035005776184, "falsepos": 0.20323747078123766, "fullscore": 0.9471834157901877, "gq": 0.4922357608668223, "index": 1.9805860138435305, "iz": 331559, "k6": 0.6129851893047892, "l0": 0.9953647316217513, "lo": 144, "loss": 0.0023201267526198333, "lq": 63700, "meanscore": 0.36375109245456755, "n_docs": 7039, "non_null": 0.0021193879306606878, "pi": 0.9627192102194235, "pr": 1.9159071631309361, "precision": 0.8325603325151794, "prediction_time": 7.216584008697853, "qu": 0.9856055053168944, "recall": 0.37798930466955943, "size": 13254, "time": 2.318607183417142, "weighted_avg": -0.001953873733574585}, "classifier": {"NY": 10445, "TO": 15725, "U6": 227727, "VL": 4.834695955593333, "WG": 0.29275519159565955, "accuracy": 0.9382476334715674, "auc": 0.9968223434489589, "avg_time": 8.444359963357918, "benchmark": 1.0207919245702584, "distinct": 157, "entropy": 2.384838242589929, "errors": 157, "exp_cost": 1620016, "f1-score": 0.5358772542523064, "falsepos": 0.7091628694840972, "fullscore": 0.8123131021360717, "gq": 1.9569970755865602, "index": 6.675252514573376, "iz": -0.07981827037928924, "k6": 0.16873601853686726, "l0": 0.9997315027715756, "lo": 167, "loss": 0.12273997313898455, "lq": 487, "meanscore": 0.968601102502722, "n_docs": 71969, "non_null": 0.06112906704630383, "pi": 0.5660736355245866, "pr": 0.014854119955211242, "precision": 0.9512446534477746, "prediction_time": 2.994055333728534, "qu": 0.023267168835620522, "recall": 0.9914430421761529, "size": 3737, "time": 1.5418341347448714, "weighted_avg": 1.542026277119438, "x6": 7.9373886413127055}, "mark": {"NY": 3.0724384087805774, "TO": 0.3241985289078924, "U6": 0.20853454126149162, "VL": 274, "WG": 139, "accuracy": 0.5718990763185441, "auc": 0.9860210275315509, "avg_time": 14.299471110067872, "benchmark": 0.34879564245272543, "distinct": 224, "errors": 105, "exp_cost": 201, "f1-score": 0.3151647157262564, "falsepos": 0.07514497167423162, "fullscore": 0.9894530107474072, "gq": 15.686381075229187, "index": 0.17017425241114414, "iz": 2.5558603323682423, "l0": 7.300235662250819, "lo": 14.71429223658534, "loss": 0.01641544103198722, "lq": 0.9803005251568623, "meanscore": 0.9741914541294089, "n_docs": 12702, "non_null": 0.29055419408809535, "pi": 24699, "pr": 3783, "precision": 0.6380192794702091, "prediction_time": 48.75685217474323, "qu": 0.9967205940973609, "recall": 0.9564472384476553, "size": 1288, "time": 0.3615244169403677, "weighted_avg": 1.6295920337584175, "x6": 0.9003351904725212}, "train": {"NY": 3.8767630938283224, "TO": 0.9856096809687281, "U6": 0.8379038825532851, "VL": 0.09728621591979802, "WG": 0.35625938511411287, "accuracy": 0.995059385133161, "auc": 0.9993163414386255, "avg_time": 5.176565327409004, "benchmark": 2.669662952103418, "distinct": 174, "entropy": 1.5572939106022585, "errors": 174, "exp_cost": 492, "f1-score": 0.45608598480885393, "falsepos": 0.08138381690575891, "fullscore": 0.7415614816152583, "gq": 0.9991540475826671, "index": 12.023356658785328, "iz": 2.153986881511075, "k6": 0.004644973756696036, "l0": 0.8641996287392688, "lo": 13814, "loss": 0.1884758046616115, "lq": 131, "meanscore": 0.9297060545688975, "n_docs": 8068, "non_null": 0.03253584688534206, "pi": 0.008037915581636135, "pr": 174, "precision": 0.7774229114179398, "prediction_time": 22.217264832369178, "qu": 0.9171809510009292, "recall": 0.27462294787746366, "size": 1151, "time": 15.82789952491798, "weighted_avg": 0.13861068839398644, "x6": 1.1091944385784072}, "train_full": {"NY": 1.0832018351693737, "TO": 81, "U6": 0.028216029734274284, "VL": 8.402579161474435, "WG": 2.34649129590333, "accuracy": 0.8942361528275158, "auc": 0.9693274081445494, "avg_time": 6.8743913861104895, "benchmark": 0.7034824384626259, "distinct": 55, "entropy": 0.5988879373175211, "errors": 89, "exp_cost": 792789, "f1-score": 0.9979725781962265, "falsepos": 0.200737001157691, "fullscore": 0.7584409892215642, "gq": 2.3179761072662672, "index": 0.9646387087968311, "iz": 251, "k6": 0.17632791573231732, "l0": 275, "lo": 0.45419854897691847, "loss": 0.04868082111266103, "lq": 4.889679615765316, "meanscore": 0.9895370529444728, "n_docs": 22028, "non_null": 0.29194246132357726, "pi": 0.19032526752079426, "pr": 6.617567465019055, "precision": 0.9744994704140398, "recall": 0.7655015454939424, "size": 960784, "time": 2.297468548445013, "weighted_avg": -0.4421681391603415, "x6": 0.7667303151690916}}