{"branch": {"NY": 87, "TO": 24317, "U6": -55, "VL": 0.19906657045201537, "WG": 0.9903125430490862, "accuracy": 0.40159864300025705, "auc": 0.26124067542485374, "avg_time": 2.926670969588468, "benchmark": -1.085806560100324, "distinct": 62, "entropy": 0.3586733833456135, "errors": 0, "exp_cost": 792, "f1-score": 0.6130957169798246, "falsepos": 0.4046939174021409, "fullscore": 0.8000515790655078, "index": 3.175157051536025, "iz": 2.5213048427397267, "k6": 4.81827715812496, "l0": 0.4810635138020417, "lo": 0.0033511105802896124, "loss": 0.6768024097975619, "lq": 5, "meanscore": 0.24754321257223155, "n_docs": 30865, "non_null": 0.6770683981807173, "pi": 9.575575225244178, "pr": 0.792109579905399, "precision": 0.9029927022806667, "prediction_time": 2.263096217421375, "qu": 4.181418816760823, "recall": 0.7395566642726297, "size": 59808, "time": 2.3933839918084034, "weighted_avg": 0.5546795046497006, "x6": 165}, "brand": {"NY": -1.4549445938847305, "TO": 0.023833364277591418, "U6": 0.0907579630078707, "VL": 1.114362072954487, "WG": -60, "accuracy": 0.3525153595158989, "auc": 0.7318131319538977, "avg_time": 0.2674757180948331, "benchmark": 1.3197075893077375, "distinct": 60, "entropy": -0.7015366305099549, "errors": -20, "exp_cost": 214, "f1-score": 0.9976568037350555, "falsepos": 0.5513981250221156, "fullscore": 0.6348658025099465, "gq": 0.2807336048679496, "index": 0.46036455638954604, "iz": 19616, "k6": 0.2504725643170366, "l0": 0.9446892563752975, "lo": 72, "loss": 0.0172970268553434, "lq": 4048, "meanscore": 0.1684512717713238, "n_docs": 742, "non_null": 0.03771385412481121, "pi": 0.04957287711809283, "pr": 0.5733539695614898, "precision": 0.5286115514619957, "prediction_time": 3.4562194359724074, "qu": 0.8577297302951232, "recall": 0.13712131983640663, "size": 930, "time": 0.6842038759070634, "weighted_avg": -1.1969959815991726}, "classifier": {"NY": 424, "TO": 2755, "U6": 13724, "VL": 1.1972736852845942, "WG": 0.7343239246293188, "accuracy": 0.7870041121076898, "auc": 0.92560622237291, "avg_time": 2.791893375914505, "benchmark": -0.0324148097449152, "distinct": 46, "entropy": 1.3168144420572032, "errors": 61, "exp_cost": 83872, "f1-score": 0.21644100389183446, "falsepos": 0.9453655717701209, "fullscore": 0.552776686616225, "gq": 0.615467808686142, "index": 2.5920440609279147, "iz": -1.6534727414837507, "k6": 0.5094834116276225, "l0": 0.9905634277170822, "lo": 91, "loss": 0.5937307616613339, "lq": 59, "meanscore": 0.7783216047989616, "n_docs": 4339, "non_null": 0.2688346143390228, "pi": 0.17733065784128485, "pr": 0.29198204544962136, "precision": 0.8022056964010629, "prediction_time": 1.1010062405939847, "qu": 0.2206189302551702, "recall": 0.9355061840749616, "size": 297, "time": 0.7179256790275068, "weighted_avg": 0.14015380978182446, "x6": 2.0972596665292023}, "mark": {"NY": 0.9413384461205929, "TO": 0.0415199469809191, "U6": 0.6871746913812061, "VL": 176, "WG": 12, "accuracy": 0.11401831603051493, "auc": 0.9358041341122697, "avg_time": 3.795063267097004, "benchmark": -0.47891498950700434, "distinct": 85, "errors": 8, "exp_cost": 24, "f1-score": 0.09702894190851313, "falsepos": 0.2878605930506739, "fullscore": 0.8711557882480443, "gq": 3.8204757190957164, "index": 0.0944863760754195, "iz": 1.7370986874403331, "l0": 3.0216779968787235, "lo": 4.046381126314451, "loss": 0.11104160557536402, "lq": 0.8998967801660466, "meanscore": 0.8618160876910205, "n_docs": 739, "non_null": 0.7851575454492995, "pi": 2475, "pr": 682, "precision": 0.24299820296681335, "prediction_time": 17.586597742278833, "qu": 0.9722414458344383, "recall": 0.8562611542876825, "size": 137, "time": 0.12942807897393804, "weighted_avg": 0.522352367032695, "x6": 0.7433462209295686}, "train": {"NY": 1.4988677439408857, "TO": 0.25404995365884797, "U6": 0.3396038937959496, "VL": 0.5221224035927066, "WG": -0.5845718000623887, "accuracy": 0.9101307021847336, "auc": 0.9539509533898607, "avg_time": 1.0456778779043074, "benchmark": 1.3684685446049099, "distinct": 70, "entropy": 0.9320610826880207, "errors": 27, "exp_cost": 115, "f1-score": 0.12793305817420997, "falsepos": 0.30383506785325, "fullscore": 0.3847143134059704, "gq": 0.9406999108029503, "index": 2.871910445945047, "iz": 0.7768003802066352, "k6": 0.10859913142867872, "l0": 0.35556698772645623, "lo": 692, "loss": 0.5772913488503464, "lq": 26, "meanscore": 0.6665560927092363, "n_docs": 889, "non_null": 0.26126791115808146, "pi": 0.04603385215480882, "pr": 89, "precision": 0.39351399428468703, "prediction_time": 6.934154200492865, "qu": 0.6602455894276991, "recall": 0.12260918088041628, "size": 106, "time": 5.886581719521191, "weighted_avg": -0.5791019594840203, "x6": 0.5423123293075888}, "train_full": {"NY": -0.10347307182636328, "TO": -30, "U6": 0.1638105190499275, "VL": 3.155364280578041, "WG": 1.3759805789155588, "accuracy": 0.6127110482828534, "auc": 0.7454114724223313, "avg_time": 1.6456129380520441, "benchmark": -0.18618834444467863, "distinct": -63, "entropy": -0.46646865699717927, "errors": -18, "exp_cost": 73148, "f1-score": 0.9685974080976629, "falsepos": 0.7514144653212934, "fullscore": 0.36694077930453217, "gq": 1.2700914772249177, "index": 0.2883282583399973, "iz": 141, "k6": 0.03947447965303735, "l0": 42, "lo": 0.6807203606563953, "loss": 0.48261550955363486, "lq": 1.9942234992960202, "meanscore": 0.8674225504294386, "n_docs": 1203, "non_null": 0.736457871528132, "pi": 0.6186568142611395, "pr": 1.834516095303064, "precision": 0.8309830185629821, "recall": 0.5051003477831483, "size": 21676, "time": 0.784353324930536, "weighted_avg": -1.2242645504634684, "x6": 0.20270896588668175}}