{"branch": {"NY": 111, "TO": 31050, "U6": -26, "VL": 0.13931106042066044, "WG": 0.995180961210107, "accuracy": 0.4602898528612121, "auc": 0.32330555421001, "avg_time": 4.027660859233652, "benchmark": -0.5887626866178965, "distinct": 104, "entropy": 0.5779641922794957, "errors": 45, "exp_cost": 1812, "f1-score": 0.7042765182673423, "falsepos": 0.23560578322555648, "fullscore": 0.8790696062226393, "index": 4.165515469400535, "iz": 2.8871004843883004, "k6": 6.097740608306885, "l0": 0.39197717464236415, "lo": 0.3764179869233242, "loss": 0.5260654819141815, "lq": 43, "meanscore": 0.3864736664925065, "n_docs": 45781, "non_null": 0.5793529643852837, "pi": 11.349583387336057, "pr": 1.1852556440381912, "precision": 0.9590168137762443, "prediction_time": 2.779282129275028, "qu": 4.367832761667856, "recall": 0.7453433272906407, "size": 85978, "time": 3.2146677030013677, "weighted_avg": 0.8108451126922626, "x6": 292}, "brand": {"NY": -0.9945270305268095, "TO": 0.01647178087383172, "U6": 0.15658264869093375, "VL": 1.449072785553996, "WG": -4, "accuracy": 0.4780342460941126, "auc": 0.7685830752251236, "avg_time": 0.28623483528699384, "benchmark": 1.508812717226572, "distinct": 85, "entropy": -0.43610304369991304, "errors": 25, "exp_cost": 415, "f1-score": 0.9986742149301857, "falsepos": 0.4651239123819333, "fullscore": 0.7119850762465916, "gq": 0.3366156754710765, "index": 0.7551138647213382, "iz": 35268, "k6": 0.2920848921757704, "l0": 0.9703503098049056, "lo": 88, "loss": 0.012448741302865884, "lq": 7257, "meanscore": 0.2786947593346857, "n_docs": 1384, "non_null": 0.024282500850819955, "pi": 0.27376496546826146, "pr": 1.0687180343321214, "precision": 0.6258480141546614, "prediction_time": 4.409324889306042, "qu": 0.8986480300749826, "recall": 0.18436009291312594, "size": 1746, "time": 0.8677874465971503, "weighted_avg": -0.9647604894342046}, "classifier": {"NY": 907, "TO": 3774, "U6": 25028, "VL": 1.9315788342910207, "WG": 0.624723910585879, "accuracy": 0.8646984406152779, "auc": 0.965012579756594, "avg_time": 3.657005956581298, "benchmark": 0.18271651360610386, "distinct": 74, "entropy": 1.658509124401692, "errors": 56, "exp_cost": 198705, "f1-score": 0.38456136498525967, "falsepos": 0.8944700932415365, "fullscore": 0.5942031244151437, "gq": 0.8792749931473515, "index": 3.0522644739041813, "iz": -1.2233500575309468, "k6": 0.420466010946563, "l0": 0.9972342263560251, "lo": 95, "loss": 0.4177029808339031, "lq": 94, "meanscore": 0.8415294168783569, "n_docs": 13344, "non_null": 0.1680353382621841, "pi": 0.27343972172687264, "pr": 0.155151654016217, "precision": 0.8379272558657676, "prediction_time": 1.3870026099887436, "qu": 0.1294244616058342, "recall": 0.960585262709504, "size": 600, "time": 0.9379263755226834, "weighted_avg": 0.5750205865058831, "x6": 2.898620974988276}, "mark": {"NY": 1.3389418266385502, "TO": 0.08642402493816426, "U6": 0.596621513742375, "VL": 198, "WG": 43, "accuracy": 0.1956701689851692, "auc": 0.9512832951646041, "avg_time": 5.669870057592989, "benchmark": -0.25239049516066486, "distinct": 114, "errors": 35, "exp_cost": 35, "f1-score": 0.11860812083444344, "falsepos": 0.1761247104928233, "fullscore": 0.9193694850982399, "gq": 6.581809072930861, "index": 0.10228839029933715, "iz": 1.906877968289447, "l0": 3.643310717891596, "lo": 5.664739094886604, "loss": 0.06626294520578058, "lq": 0.917642228360442, "meanscore": 0.9064610367447501, "n_docs": 1871, "non_null": 0.7100612842311611, "pi": 3752, "pr": 841, "precision": 0.32874294044863295, "prediction_time": 24.17462033650241, "qu": 0.9843233688405038, "recall": 0.8777649840781271, "size": 159, "time": 0.13702011508526535, "weighted_avg": 0.8906822992453657, "x6": 0.7687263063228996}, "train": {"NY": 1.8323760738591477, "TO": 0.299330051962691, "U6": 0.43298689186277584, "VL": 0.3213167783990928, "WG": -0.11884017210030623, "accuracy": 0.9656015469096345, "auc": 0.9886937237883988, "avg_time": 1.561989014714324, "benchmark": 1.7585818943396436, "distinct": 87, "entropy": 1.2134751803779333, "errors": 54, "exp_cost": 129, "f1-score": 0.17895086548767092, "falsepos": 0.21773984107977173, "fullscore": 0.4644618483400902, "gq": 0.9751444737350478, "index": 4.794252239187975, "iz": 1.23450838561656, "k6": 0.052887334142391884, "l0": 0.4965304531584464, "lo": 1500, "loss": 0.4681568242404529, "lq": 61, "meanscore": 0.7319756768779682, "n_docs": 1625, "non_null": 0.17988425228042404, "pi": 0.03861270039927023, "pr": 107, "precision": 0.4760602984031891, "prediction_time": 8.815114703621978, "qu": 0.7329836054222933, "recall": 0.1459865156323541, "size": 224, "time": 6.88997709009484, "weighted_avg": -0.45081992128762327, "x6": 0.5796010356964179}, "train_full": {"NY": 0.28558449325549984, "TO": 11, "U6": 0.10783728107785528, "VL": 4.381936471879412, "WG": 1.6060971157828894, "accuracy": 0.7094779775040145, "auc": 0.8578535750454308, "avg_time": 2.951497398468612, "benchmark": 0.04356945264634865, "distinct": -22, "entropy": -0.06350003007764599, "errors": 0, "exp_cost": 179816, "f1-score": 0.9841367372114997, "falsepos": 0.5828211529574937, "fullscore": 0.40746473941817957, "gq": 1.5158408013786653, "index": 0.3286177213208852, "iz": 158, "k6": 0.08099332652150004, "l0": 73, "lo": 0.6474746766922435, "loss": 0.3005664847150872, "lq": 2.5507688215340827, "meanscore": 0.9085442448329013, "n_docs": 2775, "non_null": 0.608228601121915, "pi": 0.5045992012097553, "pr": 3.142037559504551, "precision": 0.8698914787080769, "recall": 0.6204041726374606, "size": 84695, "time": 1.062849521746602, "weighted_avg": -1.1163996060298342, "x6": 0.21510923514476266}}