{"branch": {"NY": 427, "TO": 5953173, "U6": 187, "VL": 0.00016573521751217513, "WG": 0.9999999004055946, "accuracy": 0.9951749780380774, "auc": 0.8127671777035586, "avg_time": 79.24865321904326, "benchmark": 1.4305868935269457, "distinct": 403, "entropy": 4.024862072256609, "errors": 358, "exp_cost": 854095, "f1-score": 0.9998204634235878, "falsepos": 7.199715745564994e-05, "fullscore": 0.9996459585095854, "index": 55.880315425449645, "iz": 45.11142511337843, "k6": 61.059736207732364, "l0": 0.02817223307819816, "lo": 3.882052790701236, "loss": 0.007875072535757255, "lq": 270, "meanscore": 0.9745385632072744, "n_docs": 13107808, "non_null": 0.00498548827692491, "pi": 256.7864168769414, "pr": 12.538661651419376, "precision": 0.9999998540285837, "prediction_time": 31.58363725215894, "qu": 52.503743601609855, "recall": 0.9966772932803409, "size": 94111772, "time": 28.04127826580964, "weighted_avg": 3.6984816397341826, "x6": 29547}, "brand": {"NY": 1.5683957767911316, "TO": 2.4158607783153485e-06, "U6": 0.9130960507663555, "VL": 15.831030877807226, "WG": 156, "accuracy": 0.9942396276393636, "auc": 0.9989732090791735, "avg_time": 7.4568766579139885, "benchmark": 3.646077632866473, "distinct": 320, "entropy": 1.0930063999955797, "errors": 348, "exp_cost": 764565, "f1-score": 0.9999986921362616, "falsepos": 0.00865461294390557, "fullscore": 0.9998867160613929, "gq": 1.8521103506574936, "index": 18.034727479392362, "iz": 37382593, "k6": 0.9799759319865062, "l0": 0.9999825699822852, "lo": 274, "loss": 8.791294679677542e-06, "lq": 3353423, "meanscore": 0.7805232283888006, "n_docs": 351733, "non_null": 6.866548160067154e-07, "pi": 2.356919430167644, "pr": 4.041404697835771, "precision": 0.9915871261298599, "prediction_time": 23.444453653704432, "qu": 0.9999866009277962, "recall": 0.8990259202332487, "size": 1091103, "time": 17.54231073119661, "weighted_avg": 2.2959255277416792}, "classifier": {"NY": 1378023, "TO": 299069, "U6": 30515140, "VL": 33.09155142706081, "WG": 0.008337529742629135, "accuracy": 0.9933686826730723, "auc": 0.9999982934667864, "avg_time": 53.035055123518035, "benchmark": 2.793467033071986, "distinct": 326, "entropy": 4.121097142477545, "errors": 362, "exp_cost": 311019509, "f1-score": 0.9127508429570039, "falsepos": 0.13777783054612824, "fullscore": 0.9952709058865414, "gq": 15.620251974148527, "index": 42.51950975146435, "iz": 2.355048620619178, "k6": 0.0064636121113839096, "l0": 0.9999999221815928, "lo": 351, "loss": 0.0003402483024841363, "lq": 19756, "meanscore": 0.999919337584108, "n_docs": 5928805, "non_null": 0.0006474384067186589, "pi": 3.0659209921267236, "pr": 1.3121336946975148e-06, "precision": 0.9995257019143349, "prediction_time": 14.4653490598186, "qu": 1.8914499628541748e-05, "recall": 0.9999767738698759, "size": 153238, "time": 4.893558382690027, "weighted_avg": 3.3486120205550325, "x6": 65.12455807875598}, "mark": {"NY": 18.304851535597056, "TO": 0.9709493140639629, "U6": 0.009312877646700968, "VL": 479, "WG": 357, "accuracy": 0.9948646400814751, "auc": 0.9997850294670568, "avg_time": 144.42028464463831, "benchmark": 2.0934892310499507, "distinct": 442, "errors": 273, "exp_cost": 9563, "f1-score": 0.8699458772123784, "falsepos": 0.0033102588747724315, "fullscore": 0.9999932543121188, "gq": 157.4271262848943, "index": 0.5314444832446032, "iz": 3.913137772757614, "l0": 29.788514451238328, "lo": 134.26465053052632, "loss": 3.8674067918242905e-05, "lq": 0.9999423008815209, "meanscore": 0.9998326585005225, "n_docs": 1865248, "non_null": 0.002090830048372294, "pi": 1384669, "pr": 97084, "precision": 0.9943104599881081, "prediction_time": 243.83713094250226, "qu": 0.9999672065296954, "recall": 0.9996609504969678, "size": 120078, "time": 3.0364447599723756, "weighted_avg": 3.486997435387898, "x6": 0.9914134439037561}, "train": {"NY": 21.2344278757728, "TO": 2.3860449668476544, "U6": 0.999827994083345, "VL": 0.00045594625709777237, "WG": 1.7855847034568386, "accuracy": 0.9999958896095088, "auc": 0.9999999835215697, "avg_time": 53.30343597800937, "benchmark": 4.078794879944826, "distinct": 353, "entropy": 2.9207839885031452, "errors": 389, "exp_cost": 11356, "f1-score": 0.9206959938635071, "falsepos": 0.0018434135538717422, "fullscore": 0.9870396847977869, "gq": 0.9999999455642419, "index": 70.08264456982307, "iz": 4.320557665235902, "k6": 1.301302287703976e-06, "l0": 0.9998091657380541, "lo": 1857805, "loss": 0.0008216472245714534, "lq": 329, "meanscore": 0.9971866177241675, "n_docs": 320692, "non_null": 1.6756629679481883e-05, "pi": 0.0001864028698307374, "pr": 319, "precision": 0.9957187987632777, "prediction_time": 213.22254111694483, "qu": 0.9982763878202158, "recall": 0.645973370957021, "size": 75375, "time": 75.16028534800435, "weighted_avg": 1.3796542659588351, "x6": 7.3119768289773655}, "train_full": {"NY": 3.1239295701555223, "TO": 274, "U6": 0.0008105569054623896, "VL": 37.31339925920044, "WG": 4.208992759187425, "accuracy": 0.9983373840748816, "auc": 0.9998923055002698, "avg_time": 56.6998424435913, "benchmark": 2.0475006963466167, "distinct": 229, "entropy": 2.308702762391657, "errors": 252, "exp_cost": 40281106, "f1-score": 0.999999012493662, "falsepos": 0.00014602004916830502, "fullscore": 0.9923154616287472, "gq": 4.22042659549456, "index": 7.249856362672565, "iz": 443, "k6": 0.4440470952498598, "l0": 4192, "lo": 0.10133630901188018, "loss": 0.00017710745500065794, "lq": 17.941629148821885, "meanscore": 0.9999920231611652, "n_docs": 2842289, "non_null": 0.012295062233094178, "pi": 0.0026595605056249916, "pr": 51.787139365798886, "precision": 0.9999678226908368, "recall": 0.9791974575003811, "size": 104973368, "time": 11.433756143878757, "weighted_avg": 0.9991953211881794, "x6": 2.1567746302033606}}