{"branch": {"NY": 521, "TO": 23368574, "U6": 233, "VL": 7.192942611755626e-06, "WG": 0.9999999996817885, "accuracy": 0.9995555330055558, "auc": 0.9129061226688957, "avg_time": 198.0760814031986, "benchmark": 2.026033174399575, "distinct": 490, "entropy": 4.9014840140112, "errors": 453, "exp_cost": 4757039, "f1-score": 0.9999853145551638, "falsepos": 2.44632489632135e-06, "fullscore": 0.9999690637659655, "index": 113.13565532993566, "iz": 93.25719598827084, "k6": 98.15207099533309, "l0": 0.007101113162572892, "lo": 4.678490863627345, "loss": 0.001868253698502409, "lq": 336, "meanscore": 0.99641805527104, "n_docs": 56943795, "non_null": 0.0004323810358313196, "pi": 574.4941268281258, "pr": 23.292075780343964, "precision": 0.9999999994166888, "prediction_time": 60.88944955310145, "qu": 115.14774844305167, "recall": 0.9991601730495778, "size": 504302178, "time": 57.66970040664221, "weighted_avg": 4.53181840784919, "x6": 82420}, "brand": {"NY": 2.311370293091168, "TO": 1.3202110127341626e-07, "U6": 0.9808152066790619, "VL": 30.712869936282555, "WG": 193, "accuracy": 0.9994120956295642, "auc": 0.9999070737305107, "avg_time": 16.193533397164632, "benchmark": 4.226345620303374, "distinct": 381, "entropy": 1.4658850273959063, "errors": 423, "exp_cost": 5159708, "f1-score": 0.9999999462805704, "falsepos": 0.0013202492713360048, "fullscore": 0.9999962893131509, "gq": 3.075426268884353, "index": 40.360733325685274, "iz": 223279077, "k6": 0.9968987030236673, "l0": 0.9999997324550798, "lo": 332, "loss": 6.863285328950752e-07, "lq": 15323184, "meanscore": 0.878522384699721, "n_docs": 1328978, "non_null": 9.38756872237434e-09, "pi": 3.095365041539182, "pr": 4.97345382908058, "precision": 0.9986870962100023, "prediction_time": 36.87065049003655, "qu": 0.999999725825758, "recall": 0.9682588600524717, "size": 3570533, "time": 37.812512174609964, "weighted_avg": 3.1252082749850265}, "classifier": {"NY": 8434401, "TO": 728179, "U6": 184511648, "VL": 60.64811781760181, "WG": 0.0009280475585715653, "accuracy": 0.9980741347735024, "auc": 0.999999944045872, "avg_time": 96.93266528825596, "benchmark": 3.4686618330678347, "distinct": 377, "entropy": 4.851856379024993, "errors": 448, "exp_cost": 2405791318, "f1-score": 0.9572629145387017, "falsepos": 0.044018933086865664, "fullscore": 0.9984780251654843, "gq": 38.540323913765334, "index": 104.53837250743196, "iz": 3.409366813359123, "k6": 0.0010814296947840862, "l0": 0.9999999975894683, "lo": 406, "loss": 9.096771337757659e-06, "lq": 67720, "meanscore": 0.999995814813785, "n_docs": 27194272, "non_null": 0.00010995068018471166, "pi": 5.601543211064638, "pr": 7.022578740745189e-09, "precision": 0.9999812922110345, "prediction_time": 28.06513069415739, "qu": 3.7587889578638567e-07, "recall": 0.9999973589153721, "size": 526081, "time": 6.3833659433834695, "weighted_avg": 4.025863904978751, "x6": 138.54047669998673}, "mark": {"NY": 31.806258422298743, "TO": 0.9957481940006717, "U6": 0.001908013987311219, "VL": 522, "WG": 440, "accuracy": 0.999778838629899, "auc": 0.9999705737886442, "avg_time": 349.3277519494901, "benchmark": 2.7816189962242146, "distinct": 536, "errors": 325, "exp_cost": 25598, "f1-score": 0.9468956515061133, "falsepos": 0.0006936211577975859, "fullscore": 0.9999997820312706, "gq": 356.9375898628689, "index": 0.8070367235388286, "iz": 4.43426824708618, "l0": 61.900433200222714, "lo": 291.169887908196, "loss": 1.0947631321478468e-06, "lq": 0.9999962871873869, "meanscore": 0.9999917002583959, "n_docs": 9637202, "non_null": 8.743007321743157e-05, "pi": 6070064, "pr": 232477, "precision": 0.9997172980065624, "prediction_time": 492.22404167778495, "qu": 0.999994724944667, "recall": 0.9999488052599759, "size": 549782, "time": 7.94159232793835, "weighted_avg": 4.109132178467246, "x6": 0.9986409488559631}, "train": {"NY": 42.16289601999301, "TO": 3.234935099472296, "U6": 0.9999977075380362, "VL": 3.264159618476814e-05, "WG": 2.2537287658068266, "accuracy": 0.9999997872193669, "auc": 0.9999999999624007, "avg_time": 125.12048809692199, "benchmark": 4.793871621948933, "distinct": 427, "entropy": 3.28104906821438, "errors": 481, "exp_cost": 46926, "f1-score": 0.9798227196606444, "falsepos": 0.0002631132555630522, "fullscore": 0.9975332390908973, "gq": 0.9999999997699599, "index": 168.2644166237955, "iz": 5.287454976545018, "k6": 5.88089128505942e-08, "l0": 0.9999940787362347, "lo": 8737308, "loss": 1.575872520620525e-05, "lq": 401, "meanscore": 0.9994719487123229, "n_docs": 1445959, "non_null": 3.7115852258295945e-07, "pi": 1.775601077458333e-05, "pr": 374, "precision": 0.9994737790864007, "prediction_time": 534.322670614286, "qu": 0.9997633287545011, "recall": 0.8076136416685223, "size": 454663, "time": 125.52980878267766, "weighted_avg": 2.011182165680525, "x6": 14.672329596248149}, "train_full": {"NY": 3.9156725698587778, "TO": 376, "U6": 0.00021441719565484796, "VL": 55.75846564952161, "WG": 5.017574060751252, "accuracy": 0.9998771828335105, "auc": 0.9999954984097201, "avg_time": 139.29819654771168, "benchmark": 2.6055932850785095, "distinct": 298, "entropy": 3.152038607953758, "errors": 313, "exp_cost": 198360144, "f1-score": 0.9999999830758795, "falsepos": 3.816862154559786e-06, "fullscore": 0.9991804576086097, "gq": 5.019042386736847, "index": 18.56333872312539, "iz": 519, "k6": 0.6709500834568699, "l0": 11296, "lo": 0.046405447470559524, "loss": 1.1816508492135114e-05, "lq": 31.147440910267555, "meanscore": 0.999999744392088, "n_docs": 18845604, "non_null": 0.0026157315917022528, "pi": 0.00030703402705278826, "pr": 110.29083315058628, "precision": 0.9999993611000096, "recall": 0.9941208646934694, "size": 780765569, "time": 20.517632994481904, "weighted_avg": 1.7411526673183277, "x6": 2.4981587079249072}}