{"branch": {"NY": 637, "TO": 188001663, "U6": 315, "VL": 7.117130951250772e-08, "WG": 0.999999999999688, "accuracy": 0.9999865130201884, "auc": 0.9672902290288512, "avg_time": 658.7751095161292, "benchmark": 2.8518527238230935, "distinct": 610, "entropy": 6.109664929855354, "errors": 571, "exp_cost": 48085455, "f1-score": 0.9999999751029162, "falsepos": 6.491262971586309e-09, "fullscore": 0.9999990966937318, "index": 286.3563585806059, "iz": 296.0757748884853, "k6": 213.40585693959173, "l0": 0.0010516980160306666, "lo": 6.066912273440939, "loss": 0.000132267382406126, "lq": 418, "meanscore": 0.9998280137120478, "n_docs": 473660376, "non_null": 4.681507826509446e-06, "pi": 1786.1470769898303, "pr": 60.30482782903053, "precision": 0.9999999999999403, "prediction_time": 180.24655087898068, "qu": 233.26446921313203, "recall": 0.9999503748092791, "size": 4500637299, "time": 140.22049789924262, "weighted_avg": 5.651635850426823, "x6": 461076}, "brand": {"NY": 3.204037098654249, "TO": 4.634345129872486e-10, "U6": 0.9988884932131862, "VL": 92.8700415173035, "WG": 271, "accuracy": 0.9999888756042905, "auc": 0.9999973944678304, "avg_time": 59.85029998269912, "benchmark": 5.086803384368681, "distinct": 461, "entropy": 2.224924281955302, "errors": 555, "exp_cost": 79098226, "f1-score": 0.9999999970057629, "falsepos": 4.576919124854584e-05, "fullscore": 0.9999999933577728, "gq": 5.571426018753902, "index": 117.3923380185371, "iz": 4023117505, "k6": 0.999918176563746, "l0": 0.9999999988265361, "lo": 402, "loss": 9.95201920872546e-09, "lq": 180825686, "meanscore": 0.9584264370163825, "n_docs": 10567336, "non_null": 8.31457125372026e-12, "pi": 3.7502382476146505, "pr": 6.073574892423974, "precision": 0.9999233574209347, "prediction_time": 73.75250560379749, "qu": 0.9999999997282911, "recall": 0.9963773793895474, "size": 36859412, "time": 112.16144742340846, "weighted_avg": 4.25348623556921}, "classifier": {"NY": 136037034, "TO": 3951177, "U6": 2836885748, "VL": 157.66049819500142, "WG": 2.1296769458833964e-05, "accuracy": 0.9996174399158559, "auc": 0.9999999998720733, "avg_time": 258.19022511867274, "benchmark": 4.435666330995965, "distinct": 473, "entropy": 5.765564470209565, "errors": 558, "exp_cost": 49741271815, "f1-score": 0.9906297989711318, "falsepos": 0.003560295622841547, "fullscore": 0.9999537422615117, "gq": 105.96278254081075, "index": 325.7420273551802, "iz": 4.664147858974345, "k6": 3.280091030999355e-05, "l0": 0.9999999999978965, "lo": 503, "loss": 1.802974314291106e-08, "lq": 533676, "meanscore": 0.9999999834427807, "n_docs": 241321272, "non_null": 3.31666090180871e-06, "pi": 14.492037723403016, "pr": 1.0073053502424045e-12, "precision": 0.9999997952455426, "prediction_time": 58.028056678770575, "qu": 5.178504292047137e-10, "recall": 0.9999999586195684, "size": 3893612, "time": 11.567230604242647, "weighted_avg": 4.933573825062999, "x6": 470.4598358824303}, "mark": {"NY": 87.56518166069019, "TO": 0.999933975881258, "U6": 2.463161596555352e-05, "VL": 635, "WG": 555, "accuracy": 0.9999996527870745, "auc": 0.9999976137814042, "avg_time": 1054.0177693245487, "benchmark": 3.4697665793567922, "distinct": 647, "errors": 421, "exp_cost": 237827, "f1-score": 0.9929018199630864, "falsepos": 6.525559248471424e-05, "fullscore": 0.9999999997866686, "gq": 1574.8191516889076, "index": 1.500734654351578, "iz": 5.053256519212858, "l0": 126.38557424655488, "lo": 891.7251487768456, "loss": 6.070759228649081e-09, "lq": 0.9999999408677209, "meanscore": 0.9999999106902708, "n_docs": 129303041, "non_null": 5.7017428622963e-07, "pi": 57273031, "pr": 1344545, "precision": 0.9999974796329264, "prediction_time": 1168.5801962680264, "qu": 0.9999998076253764, "recall": 0.9999966792561816, "size": 8645828, "time": 22.073847015479025, "weighted_avg": 5.113150144772514, "x6": 0.9997157900529127}, "train": {"NY": 110.7865108080997, "TO": 4.028812009361785, "U6": 0.99999999947486, "VL": 1.3891470640459147e-07, "WG": 3.1275790406886186, "accuracy": 0.9999999991186794, "auc": 0.9999999999999962, "avg_time": 477.4733087133599, "benchmark": 5.862894710791153, "distinct": 528, "entropy": 3.9704544779276194, "errors": 622, "exp_cost": 413089, "f1-score": 0.9985431476477519, "falsepos": 9.658460393358048e-06, "fullscore": 0.9998696740256092, "gq": 0.9999999999997992, "index": 429.3056822992203, "iz": 6.464569891864331, "k6": 2.1505019986989282e-11, "l0": 0.9999999920570439, "lo": 184384986, "loss": 4.332141068097428e-08, "lq": 503, "meanscore": 0.9999850594654638, "n_docs": 9631893, "non_null": 3.1078095652503634e-10, "pi": 7.589513478789556e-07, "pr": 447, "precision": 0.9999919771560396, "prediction_time": 1664.1996584699623, "qu": 0.9999924171348719, "recall": 0.9092452134326152, "size": 3058448, "time": 323.3209159492065, "weighted_avg": 2.682366023024148, "x6": 43.883341039270945}, "train_full": {"NY": 5.008158557778467, "TO": 476, "U6": 1.0341561659465981e-05, "VL": 118.33404446122555, "WG": 6.029106748140952, "accuracy": 0.9999972551834944, "auc": 0.9999999755900606, "avg_time": 409.05786900897465, "benchmark": 3.4239772601632135, "distinct": 397, "entropy": 3.9746323945320854, "errors": 400, "exp_cost": 1559178215, "f1-score": 0.9999999999712292, "falsepos": 9.071504658564322e-09, "fullscore": 0.9999631273431524, "gq": 6.127890723798633, "index": 68.76939302127846, "iz": 621, "k6": 0.8631911794298477, "l0": 54984, "lo": 0.010123994061857933, "loss": 6.316692180430294e-08, "lq": 66.99069523885305, "meanscore": 0.9999999997244587, "n_docs": 287974716, "non_null": 0.00018528521378136098, "pi": 4.867736975833203e-06, "pr": 368.78197525710715, "precision": 0.9999999955014882, "recall": 0.9995617599623041, "size": 11128741297, "time": 53.021999624067824, "weighted_avg": 2.5890397854868774, "x6": 3.283849272144394}}