{"branch": {"NY": 231, "TO": 228540, "U6": 51, "VL": 0.02646851942462769, "WG": 0.9996907936709598, "accuracy": 0.836571554821303, "auc": 0.5435130091064061, "avg_time": 11.211641854229413, "benchmark": 0.3324334042142557, "distinct": 224, "entropy": 1.9402755531290272, "errors": 155, "exp_cost": 21712, "f1-score": 0.9558158064298672, "falsepos": 0.03135842992120419, "fullscore": 0.9781909609437682, "index": 11.616042870889313, "iz": 9.456890578871345, "k6": 14.680157821296845, "l0": 0.19410528928027626, "lo": 1.6755589376750633, "loss": 0.21562987903592723, "lq": 111, "meanscore": 0.637151857848448, "n_docs": 466967, "non_null": 0.19532604884535298, "pi": 39.76476376240659, "pr": 3.1864278469797322, "precision": 0.9986536881065554, "prediction_time": 8.407068487163686, "qu": 10.163300435132696, "recall": 0.9257999034915412, "size": 1418781, "time": 6.896960151302709, "weighted_avg": 1.8900152560305599, "x6": 1889}, "brand": {"NY": -0.20595219041977142, "TO": 0.0007043002386573072, "U6": 0.42869118938523043, "VL": 4.140140404625107, "WG": 66, "accuracy": 0.8445798215609868, "auc": 0.9412025890708153, "avg_time": 1.0142467707060676, "benchmark": 2.4078713014403474, "distinct": 186, "entropy": 0.11753533278701606, "errors": 145, "exp_cost": 9287, "f1-score": 0.999866202946491, "falsepos": 0.16494037991292165, "fullscore": 0.9659056515303104, "gq": 0.5784068958556422, "index": 2.1224711542831205, "iz": 604741, "k6": 0.671558516674983, "l0": 0.9963310938553593, "lo": 156, "loss": 0.0012624206069787869, "lq": 110795, "meanscore": 0.3960670745568068, "n_docs": 10328, "non_null": 0.001250367636824734, "pi": 1.1875473635904958, "pr": 2.1499585035924533, "precision": 0.8645692509164252, "prediction_time": 9.048606925544695, "qu": 0.987601309904487, "recall": 0.42843092339581557, "size": 17969, "time": 2.9029159933112796, "weighted_avg": 0.19073189096576032}, "classifier": {"NY": 18911, "TO": 16937, "U6": 406474, "VL": 6.299251304312129, "WG": 0.22778310406246394, "accuracy": 0.9441683113797639, "auc": 0.9985687618217196, "avg_time": 9.781914432747643, "benchmark": 1.1587083428494953, "distinct": 181, "entropy": 2.548180169400273, "errors": 176, "exp_cost": 2825246, "f1-score": 0.5716285624999107, "falsepos": 0.6175774711621504, "fullscore": 0.8513279618467604, "gq": 2.342101734734004, "index": 7.347645719056255, "iz": 0.12144767910212484, "k6": 0.14023843710922068, "l0": 0.9999068372313757, "lo": 180, "loss": 0.07422814992579907, "lq": 719, "meanscore": 0.9820498861443034, "n_docs": 112077, "non_null": 0.04380474659962519, "pi": 0.7034413396650888, "pr": 0.007870607893961323, "precision": 0.9615671581683671, "prediction_time": 3.087546312384743, "qu": 0.01624468998952655, "recall": 0.9955731381052992, "size": 5831, "time": 1.7847378366085587, "weighted_avg": 1.725419723835763, "x6": 9.313085809490843}, "mark": {"NY": 3.8327033782577336, "TO": 0.42577389495381385, "U6": 0.15395404491647824, "VL": 300, "WG": 164, "accuracy": 0.6344351189030064, "auc": 0.9909457742504056, "avg_time": 19.15546463267693, "benchmark": 0.5275854553375867, "distinct": 248, "errors": 126, "exp_cost": 372, "f1-score": 0.41624552408019483, "falsepos": 0.0700062847982339, "fullscore": 0.9945061993398051, "gq": 18.2722400301607, "index": 0.181922905634798, "iz": 2.61652679090705, "l0": 9.203546092635591, "lo": 17.510625644761838, "loss": 0.007152853042192597, "lq": 0.9882346468087735, "meanscore": 0.9884583370476785, "n_docs": 22904, "non_null": 0.26138110940423487, "pi": 41966, "pr": 6211, "precision": 0.7362050360988996, "prediction_time": 56.30066887961682, "qu": 0.9979182754969446, "recall": 0.9781310194934386, "size": 2540, "time": 0.5076589346913779, "weighted_avg": 1.8520174932393283, "x6": 0.9182295257626962}, "train": {"NY": 4.647454429929153, "TO": 1.0080803037068797, "U6": 0.8987475688195143, "VL": 0.06227548149459805, "WG": 0.5645073462954493, "accuracy": 0.9970554599808097, "auc": 0.9998653322000686, "avg_time": 6.025894437769993, "benchmark": 2.7093054087448567, "distinct": 200, "entropy": 1.6618862061446218, "errors": 194, "exp_cost": 977, "f1-score": 0.5459830352108473, "falsepos": 0.06582689082248616, "fullscore": 0.817992733586256, "gq": 0.9996636681383644, "index": 12.782867955126166, "iz": 2.468524927756629, "k6": 0.0027535550767736616, "l0": 0.9172910591406973, "lo": 24856, "loss": 0.11651331984509172, "lq": 156, "meanscore": 0.9369444043947375, "n_docs": 10820, "non_null": 0.020435379716268853, "pi": 0.0058258553259643575, "pr": 185, "precision": 0.8379005315964284, "prediction_time": 27.931567313859933, "qu": 0.9431793322474433, "recall": 0.2966043513486555, "size": 1566, "time": 16.821921571777484, "weighted_avg": 0.22775648524636538, "x6": 1.3208323907986554}, "train_full": {"NY": 1.242921005668216, "TO": 111, "U6": 0.019910489911350693, "VL": 10.329004353596481, "WG": 2.475520775603556, "accuracy": 0.9116294125451914, "auc": 0.9781142261174635, "avg_time": 9.005640828495782, "benchmark": 0.8453616090630898, "distinct": 84, "entropy": 0.7045881918175947, "errors": 113, "exp_cost": 1080125, "f1-score": 0.9986514776443022, "falsepos": 0.1316947578833162, "fullscore": 0.7924463047592589, "gq": 2.5340721285945587, "index": 1.1428317450156829, "iz": 275, "k6": 0.20581040275011275, "l0": 373, "lo": 0.410187649203299, "loss": 0.03023369858929481, "lq": 5.248283905864177, "meanscore": 0.9947388050123984, "n_docs": 35469, "non_null": 0.2219310899755209, "pi": 0.12206966800014862, "pr": 7.948467947310957, "precision": 0.9881617374998865, "recall": 0.8038915255197876, "size": 1704146, "time": 2.6588210598684254, "weighted_avg": -0.3219874161034922, "x6": 0.9096575227160055}}