{"branch": {"NY": 777, "TO": 2151412244, "U6": 414, "VL": 4.4406367472049624e-11, "WG": 1.0, "accuracy": 0.99999999271675, "auc": 0.9932784982831497, "avg_time": 3229.9811012964083, "benchmark": 3.7536492990503763, "distinct": 751, "entropy": 7.670030466292201, "errors": 725, "exp_cost": 756601290, "f1-score": 0.9999999999973073, "falsepos": 1.6620038678638593e-13, "fullscore": 0.9999999984997292, "index": 928.9139619897885, "iz": 1260.4646856910408, "k6": 695.5301648207424, "l0": 3.560375892186496e-05, "lo": 7.8088654109848115, "loss": 4.3100968583065224e-07, "lq": 531, "meanscore": 0.9999982371731357, "n_docs": 6508209364, "non_null": 1.4749135246461265e-09, "pi": 7944.630766305706, "pr": 196.33044568395206, "precision": 1.0, "prediction_time": 654.4183780748202, "qu": 761.6560627933659, "recall": 0.9999981122258529, "size": 115037399572, "time": 414.1406537714885, "weighted_avg": 7.04510093285917, "x6": 3449508}, "brand": {"NY": 4.449933908509425, "TO": 9.536815781530095e-14, "U6": 0.9999905845411143, "VL": 267.9689372100199, "WG": 366, "accuracy": 0.9999999798473304, "auc": 0.999999992335932, "avg_time": 309.2966308220036, "benchmark": 6.068462098945693, "distinct": 584, "entropy": 3.0870001441082513, "errors": 708, "exp_cost": 3657014971, "f1-score": 0.9999999999951594, "falsepos": 2.0797912336778523e-07, "fullscore": 0.9999999999997241, "gq": 12.61398954163224, "index": 611.3516137321978, "iz": 97643963555, "k6": 0.9999997932035287, "l0": 0.9999999999996353, "lo": 489, "loss": 1.1324718940386447e-11, "lq": 3473707400, "meanscore": 0.9909075493284463, "n_docs": 200014192, "non_null": 4.440892098500626e-16, "pi": 4.892693406529074, "pr": 7.677854805667701, "precision": 0.9999992344971664, "prediction_time": 188.8384393247793, "qu": 0.9999999999999933, "recall": 0.9999305973653115, "size": 768175489, "time": 452.4637526239972, "weighted_avg": 5.798438003622892}, "classifier": {"NY": 4616501474, "TO": 26299405, "U6": 105023087803, "VL": 565.7722665591318, "WG": 2.49194860302282e-08, "accuracy": 0.9999700267291884, "auc": 0.9999999999999921, "avg_time": 1050.8736559350039, "benchmark": 5.6963739037182615, "distinct": 595, "entropy": 7.002724876307523, "errors": 677, "exp_cost": 2375302668440, "f1-score": 0.9996072534748114, "falsepos": 4.726219644568541e-05, "fullscore": 0.9999998043526738, "gq": 496.97282212412046, "index": 1209.5379187954227, "iz": 6.487915455164965, "k6": 1.1880437800204646e-07, "l0": 0.9999999999999999, "lo": 625, "loss": 3.318456620604593e-13, "lq": 7649856, "meanscore": 0.9999999999968705, "n_docs": 4689068394, "non_null": 3.7858242096788786e-09, "pi": 50.894803587150875, "pr": 0.0, "precision": 0.9999999998875293, "prediction_time": 180.3968308284644, "qu": 1.0880185641326534e-14, "recall": 0.9999999999616621, "size": 57383190, "time": 25.675303287484773, "weighted_avg": 6.3671489754628245, "x6": 2015.4571930136976}, "mark": {"NY": 309.07497573744786, "TO": 0.9999999769276726, "U6": 8.604071166651295e-08, "VL": 769, "WG": 691, "accuracy": 0.9999999999793633, "auc": 0.9999999923215005, "avg_time": 5622.249018008494, "benchmark": 4.8105330458263875, "distinct": 812, "errors": 535, "exp_cost": 2980381, "f1-score": 0.9998062219431495, "falsepos": 3.7401015618998557e-06, "fullscore": 0.9999999999999895, "gq": 6529.323349484841, "index": 3.442534199808865, "iz": 6.038479369970906, "l0": 398.84987071095526, "lo": 4346.195560796601, "loss": 4.990896584899929e-12, "lq": 0.9999999999828807, "meanscore": 0.9999999998891294, "n_docs": 3624234248, "non_null": 3.674838211509268e-11, "pi": 1142945009, "pr": 11775817, "precision": 0.9999999996706682, "prediction_time": 3762.482637170318, "qu": 0.9999999987198112, "recall": 0.9999999936733888, "size": 243844470, "time": 101.60946059756736, "weighted_avg": 6.423600794437327, "x6": 0.9999944699156702}, "train": {"NY": 378.9273565787426, "TO": 5.099247881374238, "U6": 0.9999999999999984, "VL": 2.355715622570642e-11, "WG": 4.179069720287632, "accuracy": 0.9999999999997957, "auc": 1.0, "avg_time": 2484.1879184082945, "benchmark": 7.02738700539081, "distinct": 661, "entropy": 4.925288852269201, "errors": 782, "exp_cost": 2752472, "f1-score": 0.9999721298326584, "falsepos": 4.800487951595045e-08, "fullscore": 0.9999992325328355, "gq": 1.0, "index": 2472.6846350891087, "iz": 8.065976599359056, "k6": 2.220446049250313e-16, "l0": 0.9999999999997058, "lo": 6175381723, "loss": 2.929212428171013e-12, "lq": 650, "meanscore": 0.9999999634864148, "n_docs": 154939915, "non_null": 1.3322676295501878e-15, "pi": 6.463568902326244e-09, "pr": 549, "precision": 0.9999999909972248, "prediction_time": 10078.377013957064, "qu": 0.999999956847639, "recall": 0.9780948007098367, "size": 66218118, "time": 1047.2824162234983, "weighted_avg": 3.574530786372037, "x6": 143.85377063502403}, "train_full": {"NY": 6.436078987813633, "TO": 604, "U6": 8.290100284025215e-08, "VL": 302.8099026607727, "WG": 7.348415442487311, "accuracy": 0.9999999951275034, "auc": 0.999999999997931, "avg_time": 2216.0367688584843, "benchmark": 4.457160967375041, "distinct": 533, "entropy": 5.320988947566178, "errors": 516, "exp_cost": 20809276008, "f1-score": 0.9999999999999989, "falsepos": 2.220446049250313e-14, "fullscore": 0.9999999506046544, "gq": 7.689812373514521, "index": 292.24166428048983, "iz": 748, "k6": 0.9666602472825842, "l0": 365207, "lo": 0.0006460739341275223, "loss": 3.4757752231939776e-12, "lq": 175.81370938460978, "meanscore": 0.9999999999999707, "n_docs": 9357121714, "non_null": 3.2784015835396474e-07, "pi": 3.229153611172819e-09, "pr": 1366.250218578941, "precision": 0.9999999999997158, "recall": 0.9999783545135279, "size": 330423628043, "time": 173.58187686924273, "weighted_avg": 3.600485403955376, "x6": 4.081836922111009}}