{"branch": {"NY": 122, "TO": 41269, "U6": -20, "VL": 0.11870887558666066, "WG": 0.9947877800423042, "accuracy": 0.497182237134725, "auc": 0.3388043587125867, "avg_time": 4.33167293677924, "benchmark": -0.5078503693301893, "distinct": 116, "entropy": 0.7940122196770948, "errors": 56, "exp_cost": 2526, "f1-score": 0.7248195536314795, "falsepos": 0.20542321484079884, "fullscore": 0.8917044769617327, "index": 4.7133992067434125, "iz": 3.105450237287055, "k6": 6.391737534427503, "l0": 0.3726841037998232, "lo": 0.4125460635045267, "loss": 0.44667794536696603, "lq": 48, "meanscore": 0.4066994537959112, "n_docs": 57096, "non_null": 0.55455715825783, "pi": 12.536595483006627, "pr": 1.2331410014625748, "precision": 0.9637724483602196, "prediction_time": 2.825740280558488, "qu": 5.461927434250843, "recall": 0.7914569381428003, "size": 108108, "time": 3.431725450350048, "weighted_avg": 0.8916264146261088, "x6": 296}, "brand": {"NY": -0.9538070086001014, "TO": 0.011039730265764103, "U6": 0.13827691630441835, "VL": 1.6433089368506746, "WG": 6, "accuracy": 0.5354682524085285, "auc": 0.7881677213495332, "avg_time": 0.3075498186239248, "benchmark": 1.6438496412584465, "distinct": 90, "entropy": -0.3981928157119463, "errors": 25, "exp_cost": 488, "f1-score": 0.9989151557431277, "falsepos": 0.4654127038537731, "fullscore": 0.7374135821567723, "gq": 0.3333847133569002, "index": 0.9800579307920014, "iz": 46567, "k6": 0.27881886841588044, "l0": 0.978179561451387, "lo": 93, "loss": 0.011924057992240944, "lq": 8422, "meanscore": 0.26384245872628864, "n_docs": 1406, "non_null": 0.015577059292630424, "pi": 0.24731262861861522, "pr": 1.1118556248155842, "precision": 0.644598272540251, "prediction_time": 4.592560069349238, "qu": 0.9099544867349552, "recall": 0.19312309146917794, "size": 1757, "time": 1.0145707484216293, "weighted_avg": -0.8981713372004467}, "classifier": {"NY": 1067, "TO": 5451, "U6": 31378, "VL": 2.075326187208475, "WG": 0.5977298318855284, "accuracy": 0.8767029306577159, "auc": 0.96628095434625, "avg_time": 3.655417328441767, "benchmark": 0.27769855503034024, "distinct": 75, "entropy": 1.7900657927387424, "errors": 77, "exp_cost": 234698, "f1-score": 0.3689787290236962, "falsepos": 0.9002652440314936, "fullscore": 0.5790064783880897, "gq": 0.9158180580908694, "index": 2.970576241193653, "iz": -1.153340227373006, "k6": 0.38722414625023593, "l0": 0.9973026453404452, "lo": 121, "loss": 0.3798156025410335, "lq": 104, "meanscore": 0.8531052116275932, "n_docs": 18596, "non_null": 0.1785457784193143, "pi": 0.26472017689662486, "pr": 0.11154097308737043, "precision": 0.8480707092389546, "prediction_time": 1.3858294528355788, "qu": 0.10705071878014949, "recall": 0.9629039202041321, "size": 668, "time": 0.995859065284993, "weighted_avg": 0.7341922047359306, "x6": 3.2162509698530357}, "mark": {"NY": 1.407673157036371, "TO": 0.10241240858959244, "U6": 0.5472925672135616, "VL": 194, "WG": 63, "accuracy": 0.1915777550122716, "auc": 0.9467296791765347, "avg_time": 5.763634948481628, "benchmark": -0.0363882291329182, "distinct": 122, "errors": 39, "exp_cost": 39, "f1-score": 0.11951814381012477, "falsepos": 0.13789132800377568, "fullscore": 0.9328292814081156, "gq": 6.568579513681644, "index": 0.10295710359661343, "iz": 1.9799334059024274, "l0": 3.647593067191862, "lo": 5.860353608681249, "loss": 0.05486586817605721, "lq": 0.9180600563956112, "meanscore": 0.9214940047188257, "n_docs": 1558, "non_null": 0.6912892299359907, "pi": 5270, "pr": 928, "precision": 0.32059269221413633, "prediction_time": 25.032235241792925, "qu": 0.9843695151219529, "recall": 0.8562017141047125, "size": 187, "time": 0.16812263743850664, "weighted_avg": 0.9358307542907656, "x6": 0.7968941441237778}, "train": {"NY": 1.9261327769195788, "TO": 0.2766749172718038, "U6": 0.4627439686681229, "VL": 0.3502932677157953, "WG": -0.11070198996046782, "accuracy": 0.9590933300458578, "auc": 0.9898477776924097, "avg_time": 1.7734825894830564, "benchmark": 1.891069769764679, "distinct": 96, "entropy": 1.263375904912667, "errors": 65, "exp_cost": 172, "f1-score": 0.20354817364324823, "falsepos": 0.1933249027765308, "fullscore": 0.4755637143695024, "gq": 0.98485319112683, "index": 5.62144848621956, "iz": 1.335279483772839, "k6": 0.0363349714435075, "l0": 0.5690714934151837, "lo": 1507, "loss": 0.43191263533314794, "lq": 63, "meanscore": 0.7783171095108944, "n_docs": 1911, "non_null": 0.16295253575786495, "pi": 0.041997054666859435, "pr": 110, "precision": 0.4967313581118255, "prediction_time": 9.181474843065903, "qu": 0.7488715229018751, "recall": 0.14497659793094608, "size": 226, "time": 6.884972317929436, "weighted_avg": -0.4378370118313716, "x6": 0.5826102573570118}, "train_full": {"NY": 0.3726031964252962, "TO": 4, "U6": 0.09789964533635453, "VL": 4.751227761908713, "WG": 1.5951331287459756, "accuracy": 0.7421707251275697, "auc": 0.885392569979832, "avg_time": 2.7750410652976067, "benchmark": 0.19104901573669497, "distinct": -16, "entropy": -0.1290730635197323, "errors": 10, "exp_cost": 207215, "f1-score": 0.9867953902593849, "falsepos": 0.4794128955922725, "fullscore": 0.4856200122628534, "gq": 1.5204767736732498, "index": 0.37955751293366513, "iz": 163, "k6": 0.06062658923446124, "l0": 72, "lo": 0.6470383353177263, "loss": 0.24763732088264034, "lq": 2.48278427351996, "meanscore": 0.9288775460159878, "n_docs": 3391, "non_null": 0.623146371988897, "pi": 0.4923349083452446, "pr": 3.1357220052859267, "precision": 0.876630516682801, "recall": 0.6007380286601589, "size": 83964, "time": 1.1172320627707528, "weighted_avg": -0.9601719136361105, "x6": 0.3666888568940914}}