{"branch": {"NY": 584, "TO": 90738556, "U6": 286, "VL": 2.8807694762988945e-07, "WG": 0.9999999999915404, "accuracy": 0.9999616042395596, "auc": 0.9573698986417127, "avg_time": 457.3094484069265, "benchmark": 2.536806196671932, "distinct": 564, "entropy": 5.69003486872293, "errors": 513, "exp_cost": 25154971, "f1-score": 0.9999996628497626, "falsepos": 2.3460543840947423e-08, "fullscore": 0.9999979196879993, "index": 219.0087760464622, "iz": 200.44420256196017, "k6": 165.41315174510194, "l0": 0.0018882489336757846, "lo": 5.646022047255414, "loss": 0.0003368473430690466, "lq": 385, "meanscore": 0.999150581291468, "n_docs": 300372799, "non_null": 1.4578607983595226e-05, "pi": 1129.934778021201, "pr": 40.415740474579, "precision": 0.9999999999981715, "prediction_time": 139.87341603555208, "qu": 197.7284796263086, "recall": 0.9998552904930106, "size": 1942057901, "time": 107.15248564413628, "weighted_avg": 5.333435437008122, "x6": 269226}, "brand": {"NY": 2.8960001653722323, "TO": 3.940263226809293e-09, "U6": 0.9963821380115795, "VL": 66.81877728829231, "WG": 260, "accuracy": 0.9999681171069679, "auc": 0.9999929837884939, "avg_time": 42.61741735450264, "benchmark": 4.847086849356454, "distinct": 434, "entropy": 1.9220122269369488, "errors": 521, "exp_cost": 33199174, "f1-score": 0.9999999922608649, "falsepos": 0.00020697421179405318, "fullscore": 0.9999999302934108, "gq": 4.264203739166091, "index": 101.33160431874373, "iz": 1387520096, "k6": 0.999714014156402, "l0": 0.9999999834164596, "lo": 380, "loss": 2.9850634075678784e-08, "lq": 78753260, "meanscore": 0.9393281842788843, "n_docs": 5487766, "non_null": 6.930800378057711e-11, "pi": 3.6134100546781243, "pr": 5.7378267269418615, "precision": 0.9998097607426492, "prediction_time": 60.34408565104121, "qu": 0.9999999957167939, "recall": 0.9934765775007088, "size": 21496103, "time": 77.28984870144112, "weighted_avg": 3.9868597340773886}, "classifier": {"NY": 53275424, "TO": 2152523, "U6": 1385441265, "VL": 118.75379081587829, "WG": 6.947322683259483e-05, "accuracy": 0.9988919366300444, "auc": 0.9999999991714594, "avg_time": 223.18494962438294, "benchmark": 4.1351104850580995, "distinct": 443, "entropy": 5.412606717178866, "errors": 525, "exp_cost": 26071394010, "f1-score": 0.9890256641773899, "falsepos": 0.010380262573435717, "fullscore": 0.9998658990919892, "gq": 82.40558259625594, "index": 180.11840176654658, "iz": 4.325164337539287, "k6": 8.363493582785875e-05, "l0": 0.9999999999781637, "lo": 471, "loss": 1.1419382883737228e-07, "lq": 297419, "meanscore": 0.9999998847929265, "n_docs": 139412528, "non_null": 6.430050048855662e-06, "pi": 10.096520206990691, "pr": 8.255396366507739e-12, "precision": 0.999998519627805, "prediction_time": 48.499534552361794, "qu": 3.7222078752563448e-09, "recall": 0.9999998390689405, "size": 2236275, "time": 10.142345394480895, "weighted_avg": 4.767461578717622, "x6": 321.6279190357624}, "mark": {"NY": 64.75383564967562, "TO": 0.9998040791021832, "U6": 8.864311137957159e-05, "VL": 608, "WG": 515, "accuracy": 0.9999934934825345, "auc": 0.9999973137191434, "avg_time": 823.5864694022431, "benchmark": 3.316520433433164, "distinct": 618, "errors": 394, "exp_cost": 117217, "f1-score": 0.9897804462712241, "falsepos": 0.0002875903020894688, "fullscore": 0.9999999982494623, "gq": 933.0796851849809, "index": 1.194112936105342, "iz": 4.912410715453536, "l0": 103.1502332094186, "lo": 651.3225673471665, "loss": 6.976987976248239e-08, "lq": 0.9999998667184169, "meanscore": 0.9999994182110243, "n_docs": 66841752, "non_null": 1.3862567160849437e-06, "pi": 24579269, "pr": 869772, "precision": 0.9999826531619644, "prediction_time": 930.4317026396906, "qu": 0.9999994858323575, "recall": 0.9999932734230398, "size": 4641598, "time": 15.977741275815124, "weighted_avg": 4.8847392752931995, "x6": 0.9995892537635523}, "train": {"NY": 82.86328830790426, "TO": 3.60628672498868, "U6": 0.9999999956622365, "VL": 7.527431979958976e-07, "WG": 2.8630301015165456, "accuracy": 0.9999999957272362, "auc": 0.9999999999997946, "avg_time": 319.63453711197684, "benchmark": 5.647205229898783, "distinct": 511, "entropy": 3.825958079570998, "errors": 577, "exp_cost": 165751, "f1-score": 0.9959319746920191, "falsepos": 2.6228810940276404e-05, "fullscore": 0.999774286658693, "gq": 0.9999999999994069, "index": 372.6974290479823, "iz": 6.061317168912226, "k6": 6.305329591782538e-10, "l0": 0.9999999633714759, "lo": 68730455, "loss": 4.841505759634046e-07, "lq": 476, "meanscore": 0.9999118206181152, "n_docs": 5052637, "non_null": 1.8598960149773802e-09, "pi": 1.38095966617513e-06, "pr": 422, "precision": 0.9999699441683314, "prediction_time": 1222.710265815956, "qu": 0.9999759900505187, "recall": 0.8819008606762969, "size": 1807991, "time": 240.60743735325488, "weighted_avg": 2.3989006426091466, "x6": 26.512607464175026}, "train_full": {"NY": 4.683159119198581, "TO": 437, "U6": 2.762715858861675e-05, "VL": 102.82639806463096, "WG": 5.647747834103522, "accuracy": 0.9999911045664428, "auc": 0.9999998928138497, "avg_time": 291.8784873443553, "benchmark": 3.0630753440745466, "distinct": 360, "entropy": 3.787572827648538, "errors": 371, "exp_cost": 720123351, "f1-score": 0.999999999910504, "falsepos": 3.359572664507482e-08, "fullscore": 0.9998830381207502, "gq": 5.846817143266853, "index": 42.22429334267717, "iz": 590, "k6": 0.8002843881272897, "l0": 36427, "lo": 0.01603146691488122, "loss": 2.011865832818316e-07, "lq": 52.495928265738435, "meanscore": 0.9999999967797396, "n_docs": 117813549, "non_null": 0.0002888406971618407, "pi": 7.341363955637448e-06, "pr": 254.76413868994635, "precision": 0.9999999863911612, "recall": 0.9990212546349568, "size": 5281049742, "time": 38.19989428176098, "weighted_avg": 2.1687866146368733, "x6": 3.007326652859026}}