{"branch": {"NY": 371, "TO": 3859053, "U6": 164, "VL": 0.0005813142841601948, "WG": 0.9999998361017547, "accuracy": 0.9902441464306967, "auc": 0.7984379623004003, "avg_time": 59.036186109476134, "benchmark": 1.2230256912069146, "distinct": 385, "entropy": 3.676151122361332, "errors": 321, "exp_cost": 465158, "f1-score": 0.9994546795603463, "falsepos": 0.0003543736199577152, "fullscore": 0.9993292974748491, "index": 45.032869504059256, "iz": 39.00307250421284, "k6": 45.1585050619846, "l0": 0.04024570932528915, "lo": 3.5413751241608074, "loss": 0.01815320465530823, "lq": 244, "meanscore": 0.9545880294481677, "n_docs": 8490819, "non_null": 0.008095508204408075, "pi": 167.51398538674775, "pr": 10.71226311458484, "precision": 0.9999994544275299, "prediction_time": 28.702710593189078, "qu": 42.158772314773174, "recall": 0.9914735049242898, "size": 35554150, "time": 22.58108785385851, "weighted_avg": 3.4916621419959184, "x6": 17168}, "brand": {"NY": 1.2713871263794772, "TO": 5.72695350209429e-06, "U6": 0.8716445955614168, "VL": 13.112169981744405, "WG": 163, "accuracy": 0.9879842696290476, "auc": 0.9978291311891685, "avg_time": 5.748013394658437, "benchmark": 3.529273615909192, "distinct": 310, "entropy": 1.0957093027701688, "errors": 310, "exp_cost": 440725, "f1-score": 0.9999983748237513, "falsepos": 0.012654908753328975, "fullscore": 0.999729347720662, "gq": 1.5093287359258007, "index": 14.009346755632164, "iz": 18868640, "k6": 0.9740389308344466, "l0": 0.9999797797151049, "lo": 259, "loss": 1.050351004772132e-05, "lq": 2215257, "meanscore": 0.6881679241058691, "n_docs": 221300, "non_null": 2.1260016495050493e-06, "pi": 2.4068582424355993, "pr": 3.854595764939922, "precision": 0.9860393697665824, "prediction_time": 21.237718847043695, "qu": 0.9999454512475815, "recall": 0.8301659411998146, "size": 413250, "time": 13.719134531719545, "weighted_avg": 1.8560729953481152}, "classifier": {"NY": 802221, "TO": 174496, "U6": 16582310, "VL": 24.374884379915308, "WG": 0.015920438246691204, "accuracy": 0.987064593994303, "auc": 0.9999940590606946, "avg_time": 40.594307379575774, "benchmark": 2.4930663277198133, "distinct": 304, "entropy": 3.904238568253185, "errors": 324, "exp_cost": 207557713, "f1-score": 0.8460238118444104, "falsepos": 0.19239042706688647, "fullscore": 0.9887594032123082, "gq": 10.739128430573414, "index": 38.20536083972445, "iz": 2.1269548566285224, "k6": 0.011052044041731213, "l0": 0.9999998977988072, "lo": 326, "loss": 0.0010086426592744724, "lq": 11497, "meanscore": 0.9997801272592451, "n_docs": 2160394, "non_null": 0.0021356754566287384, "pi": 2.5881408702696462, "pr": 1.1668843966194942e-05, "precision": 0.999353736471579, "prediction_time": 11.619979196960243, "qu": 8.183807258854703e-05, "recall": 0.999918825178943, "size": 89089, "time": 3.8007193202128713, "weighted_avg": 3.069134772086523, "x6": 45.49695195762745}, "mark": {"NY": 14.171033281885268, "TO": 0.9291083712695714, "U6": 0.02077200231806331, "VL": 441, "WG": 331, "accuracy": 0.9865944523243444, "auc": 0.9997129190420055, "avg_time": 113.20582094256237, "benchmark": 1.726901713893235, "distinct": 427, "errors": 255, "exp_cost": 4811, "f1-score": 0.8479571610921878, "falsepos": 0.0050055212753706835, "fullscore": 0.9999746685451332, "gq": 101.38325140776055, "index": 0.4659614349331248, "iz": 3.6990060714265254, "l0": 28.850627927857445, "lo": 90.4880329617064, "loss": 0.00015575050421412495, "lq": 0.9997959563342022, "meanscore": 0.9997434330628279, "n_docs": 895489, "non_null": 0.008407824009813547, "pi": 674749, "pr": 61558, "precision": 0.9913413561582849, "prediction_time": 211.948800097053, "qu": 0.9999381866898597, "recall": 0.9993673813266897, "size": 52167, "time": 2.3286228913998843, "weighted_avg": 3.2513600462830685, "x6": 0.989380727998342}, "train": {"NY": 16.92014763791494, "TO": 2.4274753145024395, "U6": 0.9996432646128646, "VL": 0.0013789972423646768, "WG": 1.816857887132267, "accuracy": 0.9999794985781253, "auc": 0.9999999753502957, "avg_time": 32.23694777614486, "benchmark": 4.126795815732092, "distinct": 346, "entropy": 2.5723847711865195, "errors": 368, "exp_cost": 5992, "f1-score": 0.8996751960104333, "falsepos": 0.004080591338087247, "fullscore": 0.9801684027016686, "gq": 0.999999807745108, "index": 63.476539088244216, "iz": 4.147806272655791, "k6": 8.114460568031667e-06, "l0": 0.9992637530450706, "lo": 980291, "loss": 0.003041176980946858, "lq": 294, "meanscore": 0.9949017757893612, "n_docs": 203813, "non_null": 6.719022058487845e-05, "pi": 0.00013431030529043042, "pr": 302, "precision": 0.991101093556094, "prediction_time": 155.80651771066832, "qu": 0.9959555801886885, "recall": 0.6012253378623763, "size": 56603, "time": 58.94349944614459, "weighted_avg": 1.285107418283877, "x6": 5.2914665976811905}, "train_full": {"NY": 2.7928201568591096, "TO": 234, "U6": 0.001983092718163215, "VL": 27.55943308413974, "WG": 4.0580208786014, "accuracy": 0.9969076683399349, "auc": 0.9997881900747998, "avg_time": 45.48289710359466, "benchmark": 1.7962670822451023, "distinct": 207, "entropy": 1.9542416245124572, "errors": 230, "exp_cost": 20569866, "f1-score": 0.9999977889921718, "falsepos": 0.0009176332065021775, "fullscore": 0.9822873074458396, "gq": 4.081811326767775, "index": 5.373869097657483, "iz": 408, "k6": 0.4310218475926317, "l0": 3167, "lo": 0.12442021785957746, "loss": 0.0007057070721908643, "lq": 14.415702889473069, "meanscore": 0.9999670081119355, "n_docs": 1624724, "non_null": 0.024986199519469787, "pi": 0.004622717020554612, "pr": 37.452557682024036, "precision": 0.9999017362009222, "recall": 0.9629068859873212, "size": 62103012, "time": 9.423240690961908, "weighted_avg": 0.917695294741399, "x6": 1.7969752473265972}}