{"branch": {"NY": 458, "TO": 13217453, "U6": 224, "VL": 2.8183057778408127e-05, "WG": 0.9999999938091124, "accuracy": 0.9983030890086549, "auc": 0.8834881366174143, "avg_time": 138.25091579046713, "benchmark": 1.8751885190003141, "distinct": 451, "entropy": 4.4812495017979375, "errors": 402, "exp_cost": 2616494, "f1-score": 0.999974634619502, "falsepos": 1.0341504931621337e-05, "fullscore": 0.9999053690937665, "index": 85.683101581236, "iz": 73.92763982537139, "k6": 71.42773145304389, "l0": 0.015947688375170466, "lo": 4.387831675476994, "loss": 0.004458659575096502, "lq": 304, "meanscore": 0.9903902711334761, "n_docs": 30962096, "non_null": 0.0010415754677451927, "pi": 380.2719737243356, "pr": 18.034410029639773, "precision": 0.999999992455883, "prediction_time": 51.056184239412026, "qu": 85.30138569295053, "recall": 0.997856342344694, "size": 174987551, "time": 42.062806397086916, "weighted_avg": 4.290145323968851, "x6": 40089}, "brand": {"NY": 1.9158571278100207, "TO": 4.4753387995477567e-07, "U6": 0.9664074155227762, "VL": 25.28237825570573, "WG": 202, "accuracy": 0.9987697842369908, "auc": 0.9997828936319286, "avg_time": 12.463538236691733, "benchmark": 4.101275895093356, "distinct": 344, "entropy": 1.4271860176621238, "errors": 387, "exp_cost": 2546266, "f1-score": 0.9999996331146235, "falsepos": 0.0027257660620803037, "fullscore": 0.9999813773413914, "gq": 2.252747553115121, "index": 28.76106010393919, "iz": 90426858, "k6": 0.994871935132742, "l0": 0.9999980446785384, "lo": 312, "loss": 2.7204782586665033e-06, "lq": 8634514, "meanscore": 0.8314477981692554, "n_docs": 657785, "non_null": 9.442529391723298e-08, "pi": 2.7240227130271, "pr": 4.630749752045535, "precision": 0.9972531312916817, "prediction_time": 29.51556166015285, "qu": 0.9999994302288641, "recall": 0.9363142263111255, "size": 2771581, "time": 28.08781951347817, "weighted_avg": 2.7040406446876233}, "classifier": {"NY": 4502766, "TO": 453941, "U6": 83878435, "VL": 45.555497886993315, "WG": 0.0026060760594929233, "accuracy": 0.9948716422955927, "auc": 0.9999997089895473, "avg_time": 86.29861899977206, "benchmark": 3.131550232547138, "distinct": 356, "entropy": 4.446313218335412, "errors": 390, "exp_cost": 1136895274, "f1-score": 0.9310254779934266, "falsepos": 0.07105607061962371, "fullscore": 0.998063852345221, "gq": 24.251143936021812, "index": 75.28753410463946, "iz": 2.9311582140126093, "k6": 0.002061538040627253, "l0": 0.9999999944823034, "lo": 374, "loss": 3.830259499593147e-05, "lq": 43488, "meanscore": 0.9999827515942487, "n_docs": 10617934, "non_null": 0.0003885792350782902, "pi": 4.787766324103251, "pr": 6.897379545289795e-08, "precision": 0.9999160395197642, "prediction_time": 21.36359501369765, "qu": 2.1599074895295445e-06, "recall": 0.9999903171153989, "size": 334820, "time": 5.486520619646006, "weighted_avg": 3.7589476205539816, "x6": 106.03155320022091}, "mark": {"NY": 24.601538780850856, "TO": 0.9876689312689046, "U6": 0.002721858405080324, "VL": 516, "WG": 400, "accuracy": 0.9994793059059262, "auc": 0.9999146439568445, "avg_time": 204.95181655094302, "benchmark": 2.4116828152374366, "distinct": 495, "errors": 311, "exp_cost": 16044, "f1-score": 0.9401108785024868, "falsepos": 0.0024434980828689223, "fullscore": 0.9999991712074714, "gq": 249.17670744021243, "index": 0.6769729251009601, "iz": 4.162803740312858, "l0": 43.32135736799328, "lo": 223.7493246972668, "loss": 3.8458268349916835e-06, "lq": 0.9999892502767053, "meanscore": 0.9999696588012483, "n_docs": 4527201, "non_null": 0.0005060197584159098, "pi": 2915608, "pr": 183411, "precision": 0.9985122944028666, "prediction_time": 361.36210269835834, "qu": 0.9999892862851465, "recall": 0.9998681531843346, "size": 304270, "time": 5.6414836229320136, "weighted_avg": 3.8026012726835052, "x6": 0.9954710937777975}, "train": {"NY": 31.65686419842338, "TO": 2.7701120852265184, "U6": 0.9999931862141569, "VL": 0.00011179360562652008, "WG": 2.226911208557639, "accuracy": 0.9999981654923492, "auc": 0.9999999993073296, "avg_time": 82.46483172827436, "benchmark": 4.782037936538221, "distinct": 407, "entropy": 3.054525414781693, "errors": 456, "exp_cost": 32189, "f1-score": 0.9632943019761913, "falsepos": 0.000571407920329281, "fullscore": 0.9947055327631201, "gq": 0.9999999974249542, "index": 128.46251697343448, "iz": 4.843526521945323, "k6": 2.379944561425873e-07, "l0": 0.9999479403442244, "lo": 5074668, "loss": 6.796401507558336e-05, "lq": 358, "meanscore": 0.9990521451888257, "n_docs": 751471, "non_null": 1.2279181317298438e-06, "pi": 2.8613050586878686e-05, "pr": 341, "precision": 0.9985772120984934, "prediction_time": 405.25590627865137, "qu": 0.9991756214080355, "recall": 0.7366110213830768, "size": 203769, "time": 104.3391955465317, "weighted_avg": 1.749283565781539, "x6": 10.246783420696428}, "train_full": {"NY": 3.5349579860590685, "TO": 348, "U6": 0.00030827397795873956, "VL": 47.2099274579977, "WG": 4.606797834358349, "accuracy": 0.999609504337523, "auc": 0.9999862362342152, "avg_time": 96.01918057402251, "benchmark": 2.2929639183824477, "distinct": 263, "entropy": 2.817152848672881, "errors": 285, "exp_cost": 74219368, "f1-score": 0.9999999219227362, "falsepos": 4.229050840498516e-05, "fullscore": 0.9980222633899962, "gq": 4.678080578082359, "index": 15.194092748907327, "iz": 472, "k6": 0.598820235536964, "l0": 6643, "lo": 0.06215783223589966, "loss": 2.3499285122019486e-05, "lq": 28.117514896955, "meanscore": 0.9999984219055083, "n_docs": 9237167, "non_null": 0.006337607093741204, "pi": 0.0008339991288617288, "pr": 81.70272902675306, "precision": 0.999995975292715, "recall": 0.9892778400502038, "size": 297214751, "time": 16.824420572484723, "weighted_avg": 1.4714874145296943, "x6": 2.228144126933777}}