{"branch": {"NY": 279, "TO": 478110, "U6": 91, "VL": 0.013364754200330453, "WG": 0.999978793598908, "accuracy": 0.9063521692421188, "auc": 0.593111857072905, "avg_time": 18.334131218652047, "benchmark": 0.5936398499719817, "distinct": 260, "entropy": 2.4099643428725375, "errors": 210, "exp_cost": 45239, "f1-score": 0.9883262832870033, "falsepos": 0.0085975334527304, "fullscore": 0.9923119286707813, "index": 16.94537861547534, "iz": 15.612799499370777, "k6": 22.457883266035225, "l0": 0.11440117364149205, "lo": 2.2570555745856553, "loss": 0.1435769077111808, "lq": 147, "meanscore": 0.7667802287564726, "n_docs": 1121213, "non_null": 0.10756376301425474, "pi": 58.25945560869954, "pr": 4.4725326425933725, "precision": 0.9997746933659194, "prediction_time": 11.510548397566739, "qu": 14.969724236835123, "recall": 0.9609964981407418, "size": 2843343, "time": 9.20186193955872, "weighted_avg": 2.342012902491402, "x6": 4136}, "brand": {"NY": 0.1364570820624973, "TO": 0.00016599568680952803, "U6": 0.6047121411202613, "VL": 5.4721242939991015, "WG": 84, "accuracy": 0.8939106520626324, "auc": 0.9645432686337345, "avg_time": 1.516541101679779, "benchmark": 2.64525239756075, "distinct": 207, "entropy": 0.36204454675895387, "errors": 192, "exp_cost": 27889, "f1-score": 0.9998930184525386, "falsepos": 0.06990390515555267, "fullscore": 0.9881489596222655, "gq": 0.7920388093832104, "index": 3.5666432541152684, "iz": 1476489, "k6": 0.8574461195817802, "l0": 0.9990412119747816, "lo": 184, "loss": 0.00034346276912811113, "lq": 276683, "meanscore": 0.46671816667467375, "n_docs": 25957, "non_null": 0.0002970877412560302, "pi": 1.4366402513998384, "pr": 2.564192370013194, "precision": 0.9180882841733925, "prediction_time": 10.373220587280821, "qu": 0.9979103672956837, "recall": 0.5273650186831657, "size": 65306, "time": 4.441940852783522, "weighted_avg": 0.6561414209471734}, "classifier": {"NY": 58173, "TO": 35352, "U6": 1156457, "VL": 9.362495736896019, "WG": 0.12683369602564165, "accuracy": 0.9694956265097714, "auc": 0.9996648311233831, "avg_time": 14.277336661816776, "benchmark": 1.4941217645777192, "distinct": 215, "entropy": 2.929555660167787, "errors": 213, "exp_cost": 10968922, "f1-score": 0.653307216797194, "falsepos": 0.5072106433338244, "fullscore": 0.9385043120254493, "gq": 3.6579874152322116, "index": 15.063296175313567, "iz": 0.6013019438467919, "k6": 0.07978009478237835, "l0": 0.9999892205517408, "lo": 214, "loss": 0.029037739123655593, "lq": 1441, "meanscore": 0.9941654888122176, "n_docs": 209697, "non_null": 0.01842523639215987, "pi": 0.9859910865268993, "pr": 0.002663867713856072, "precision": 0.9885281545921277, "prediction_time": 5.544987569518174, "qu": 0.004639778836129871, "recall": 0.9989997949130645, "size": 11357, "time": 2.007756143314521, "weighted_avg": 1.966846100209263, "x6": 14.551605802077805}, "mark": {"NY": 5.578171735945662, "TO": 0.643723466091031, "U6": 0.11366550740564074, "VL": 361, "WG": 208, "accuracy": 0.8284057463304165, "auc": 0.996487848899744, "avg_time": 30.70168589317407, "benchmark": 0.8602619907991778, "distinct": 272, "errors": 154, "exp_cost": 869, "f1-score": 0.5877259266855098, "falsepos": 0.036722469002225644, "fullscore": 0.9985520912758505, "gq": 27.353279489076886, "index": 0.22910587077939526, "iz": 2.887993834416384, "l0": 10.872812193066185, "lo": 30.32037756289634, "loss": 0.004228801613724298, "lq": 0.9967488560761766, "meanscore": 0.9947646901684527, "n_docs": 59838, "non_null": 0.11936016729291121, "pi": 81291, "pr": 12462, "precision": 0.8846757214777088, "prediction_time": 84.98932252729242, "qu": 0.9992316393012294, "recall": 0.9925076026887368, "size": 5702, "time": 0.8472066419285045, "weighted_avg": 2.2925727416556296, "x6": 0.9292237848839251}, "train": {"NY": 6.630058019688842, "TO": 1.407114786500141, "U6": 0.9687051834222546, "VL": 0.027344149922760908, "WG": 1.014027814133165, "accuracy": 0.9991127478082771, "auc": 0.99997961543423, "avg_time": 8.960153940223567, "benchmark": 3.009193450697098, "distinct": 240, "entropy": 2.0042393205025437, "errors": 245, "exp_cost": 1110, "f1-score": 0.6514447569149083, "falsepos": 0.03319792011945755, "fullscore": 0.8958786865004817, "gq": 0.9998095655584207, "index": 17.04504325440648, "iz": 2.8153467848126, "k6": 0.0008256075577515176, "l0": 0.9629058589118626, "lo": 68388, "loss": 0.06129803165828829, "lq": 205, "meanscore": 0.9711658297290049, "n_docs": 26891, "non_null": 0.004943199682034161, "pi": 0.0017633150235967232, "pr": 217, "precision": 0.9152969309614403, "prediction_time": 43.24167825669352, "qu": 0.9692049063088287, "recall": 0.3604546735481666, "size": 5735, "time": 29.033625637831985, "weighted_avg": 0.4887986614731473, "x6": 2.1827910389905405}, "train_full": {"NY": 1.6494908132288326, "TO": 135, "U6": 0.011554104918856, "VL": 14.208245490176203, "WG": 3.0456057223647957, "accuracy": 0.9521580918936164, "auc": 0.9906769026769852, "avg_time": 14.17772968939812, "benchmark": 1.0728589590800164, "distinct": 122, "entropy": 1.0479866754556657, "errors": 148, "exp_cost": 2810899, "f1-score": 0.999774430732831, "falsepos": 0.03307910374602008, "fullscore": 0.8769761745182337, "gq": 3.0123934206505667, "index": 1.8751407118702645, "iz": 310, "k6": 0.26844853652209655, "l0": 598, "lo": 0.30812470695019245, "loss": 0.020366466872034805, "lq": 7.615033092075411, "meanscore": 0.9986962493818115, "n_docs": 97331, "non_null": 0.11851835180125803, "pi": 0.08232282549702385, "pr": 11.332750773955565, "precision": 0.9960076157809652, "recall": 0.8643946705495077, "size": 5774570, "time": 3.9214979347680905, "weighted_avg": 0.1835786743975743, "x6": 1.308677096318924}}