{"branch": {"NY": 816, "TO": 3476785045, "U6": 424, "VL": 1.3491874284454752e-11, "WG": 1.0, "accuracy": 0.9999999970742489, "auc": 0.9953023425194862, "avg_time": 4276.207424912338, "benchmark": 3.9232410857546434, "distinct": 785, "entropy": 8.051828505903641, "errors": 764, "exp_cost": 1431259591, "f1-score": 0.9999999999994272, "falsepos": 8.237854842718662e-14, "fullscore": 0.9999999995510915, "index": 1220.4826287233607, "iz": 1320.2514297943094, "k6": 899.6909174574346, "l0": 2.064583086902605e-05, "lo": 8.11709846531477, "loss": 1.8957508496342257e-07, "lq": 554, "meanscore": 0.9999994780916882, "n_docs": 10798415925, "non_null": 4.0721137573029864e-10, "pi": 9803.199873818741, "pr": 281.89293336269924, "precision": 1.0, "prediction_time": 738.011401873056, "qu": 1107.0126873440486, "recall": 0.9999997152010142, "size": 169049349259, "time": 494.64783496056845, "weighted_avg": 7.320578283915543, "x6": 5802482}, "brand": {"NY": 4.685910763369232, "TO": 8.215650382226158e-15, "U6": 0.9999832131582026, "VL": 415.991172997847, "WG": 386, "accuracy": 0.9999999951166624, "auc": 0.9999999948873165, "avg_time": 432.93192075140615, "benchmark": 6.331292209981067, "distinct": 603, "entropy": 3.2891706757263766, "errors": 732, "exp_cost": 6204717001, "f1-score": 0.9999999999979983, "falsepos": 1.6837624028376297e-07, "fullscore": 0.9999999999999512, "gq": 13.671430988759145, "index": 817.7445639971713, "iz": 252765780673, "k6": 0.9999999250377095, "l0": 0.999999999999949, "lo": 500, "loss": 1.0118794691038602e-11, "lq": 5655272755, "meanscore": 0.9956128819668941, "n_docs": 330765730, "non_null": 0.0, "pi": 5.2165107325577, "pr": 8.043132774542524, "precision": 0.9999996438844783, "prediction_time": 218.23424242743698, "qu": 0.9999999999999926, "recall": 0.9999769928871167, "size": 1201506463, "time": 638.092907901951, "weighted_avg": 6.052243693346057}, "classifier": {"NY": 8053879073, "TO": 47140652, "U6": 203574079709, "VL": 778.4124807983694, "WG": 7.050323325152874e-09, "accuracy": 0.9999632752165993, "auc": 0.9999999999999987, "avg_time": 1037.8876777629075, "benchmark": 5.841893678033066, "distinct": 623, "entropy": 7.264073598092633, "errors": 728, "exp_cost": 6076917332345, "f1-score": 0.9996792352380794, "falsepos": 1.2584481959398985e-05, "fullscore": 0.9999999543010725, "gq": 592.2832705986264, "index": 1114.923591053287, "iz": 6.855506093112587, "k6": 5.3108674125113e-08, "l0": 1.0, "lo": 647, "loss": 3.8191672047105385e-14, "lq": 12318171, "meanscore": 0.999999999999498, "n_docs": 6426114103, "non_null": 1.6897327981268973e-09, "pi": 60.78524541318582, "pr": 0.0, "precision": 0.9999999999515097, "prediction_time": 215.57866006462166, "qu": 1.1102230246251565e-15, "recall": 0.9999999999940836, "size": 85319522, "time": 31.529728780514755, "weighted_avg": 6.5707505615102795, "x6": 2563.465914434661}, "mark": {"NY": 394.9291632367882, "TO": 0.9999999891447588, "U6": 7.490784770247672e-09, "VL": 803, "WG": 740, "accuracy": 0.9999999999970977, "auc": 0.999999997627357, "avg_time": 8174.255983311945, "benchmark": 4.787576054068487, "distinct": 842, "errors": 551, "exp_cost": 6081156, "f1-score": 0.9999531054327011, "falsepos": 1.1540946428523213e-06, "fullscore": 0.999999999999998, "gq": 7872.900469471529, "index": 4.507038505521702, "iz": 6.091112126132829, "l0": 459.72275435557447, "lo": 4939.890385403325, "loss": 7.285283487590277e-13, "lq": 0.9999999999918766, "meanscore": 0.9999999999346659, "n_docs": 4624643788, "non_null": 6.1489702218864295e-12, "pi": 1562123785, "pr": 17447114, "precision": 0.9999999998696253, "prediction_time": 4994.077692234777, "qu": 0.9999999991950199, "recall": 0.9999999935354744, "size": 463917982, "time": 118.23082863070647, "weighted_avg": 6.666228426073968, "x6": 0.9999965052032156}, "train": {"NY": 445.08201184072067, "TO": 5.240350145669458, "U6": 0.9999999999999999, "VL": 1.2500001034254637e-11, "WG": 4.297960069704874, "accuracy": 0.9999999999998348, "auc": 1.0, "avg_time": 3729.772469479217, "benchmark": 7.1263758634162935, "distinct": 696, "entropy": 4.964099497461056, "errors": 814, "exp_cost": 6073534, "f1-score": 0.9999904028425486, "falsepos": 2.129972354047993e-08, "fullscore": 0.999999741741401, "gq": 1.0, "index": 2432.5118528436465, "iz": 8.205614652285295, "k6": 0.0, "l0": 0.9999999999999905, "lo": 10806594561, "loss": 4.128919428580957e-13, "lq": 676, "meanscore": 0.9999999782169833, "n_docs": 245536147, "non_null": 1.1102230246251565e-16, "pi": 1.1186576109878388e-09, "pr": 569, "precision": 0.9999999979804325, "prediction_time": 12322.855884103134, "qu": 0.9999999887828686, "recall": 0.9802820944823585, "size": 107541135, "time": 1422.1069754727905, "weighted_avg": 3.9357606330162076, "x6": 180.42194862371338}, "train_full": {"NY": 6.629526606177017, "TO": 645, "U6": 3.054621111608924e-08, "VL": 400.5366369145909, "WG": 7.454085350265709, "accuracy": 0.99999999814569, "auc": 0.9999999999990477, "avg_time": 2572.5055536508826, "benchmark": 4.5971986219368555, "distinct": 548, "entropy": 5.627844884052509, "errors": 543, "exp_cost": 38790394833, "f1-score": 0.9999999999999999, "falsepos": 4.6629367034256575e-15, "fullscore": 0.9999999593717079, "gq": 7.921579925170257, "index": 343.81745133284295, "iz": 776, "k6": 0.9666252531563939, "l0": 597530, "lo": 0.0004355269971733078, "loss": 4.333200465111986e-13, "lq": 218.20326284898516, "meanscore": 0.9999999999999982, "n_docs": 19140554289, "non_null": 7.109920019399141e-08, "pi": 3.383107127774565e-10, "pr": 1726.3861590193771, "precision": 0.9999999999999234, "recall": 0.9999882197424544, "size": 893127710981, "time": 193.09125826794605, "weighted_avg": 3.9303497562935816, "x6": 4.361619759106599}}