{"branch": {"NY": 137, "TO": 54425, "U6": 4, "VL": 0.09159518322314675, "WG": 0.9969584366294095, "accuracy": 0.561851986380184, "auc": 0.393059816429687, "avg_time": 5.341757103882131, "benchmark": -0.4586602368834524, "distinct": 138, "entropy": 0.953914881403117, "errors": 77, "exp_cost": 4129, "f1-score": 0.8359980646291363, "falsepos": 0.1663333609410489, "fullscore": 0.9359731114029194, "index": 5.5270731903005705, "iz": 4.585894810425441, "k6": 8.256619097338463, "l0": 0.2973981342013945, "lo": 0.7424077348478315, "loss": 0.39268682073021777, "lq": 59, "meanscore": 0.4265402166166402, "n_docs": 105978, "non_null": 0.4532242392011552, "pi": 18.114664785786378, "pr": 1.6465990314514851, "precision": 0.9778702228868168, "prediction_time": 3.968901108503749, "qu": 6.528261637390095, "recall": 0.845600047515328, "size": 235014, "time": 3.9149150045675833, "weighted_avg": 1.0919626363271508, "x6": 430}, "brand": {"NY": -0.832837989610392, "TO": 0.006763826962267627, "U6": 0.23902007237398837, "VL": 1.866128790520129, "WG": 12, "accuracy": 0.6183362795349723, "auc": 0.8145867623271058, "avg_time": 0.4356278185421968, "benchmark": 1.7283942073782335, "distinct": 114, "entropy": -0.26257709792357253, "errors": 58, "exp_cost": 961, "f1-score": 0.999308855298231, "falsepos": 0.34748360993421334, "fullscore": 0.8392648308940133, "gq": 0.39539822070265795, "index": 0.9688842270631745, "iz": 89178, "k6": 0.4047690665490439, "l0": 0.9817361735075538, "lo": 109, "loss": 0.005672874060777211, "lq": 15540, "meanscore": 0.3337358102965525, "n_docs": 2348, "non_null": 0.012279285372069237, "pi": 0.4831709467213428, "pr": 1.3496359411082346, "precision": 0.7100352789297829, "prediction_time": 5.647287799601549, "qu": 0.9523331680993918, "recall": 0.213933457975233, "size": 4164, "time": 1.2453882392243705, "weighted_avg": -0.6679655871041654}, "classifier": {"NY": 2039, "TO": 7233, "U6": 66469, "VL": 2.755563484171119, "WG": 0.5053587533251019, "accuracy": 0.8991078532750222, "auc": 0.9826622276739657, "avg_time": 4.551935719311125, "benchmark": 0.4721875505623533, "distinct": 104, "entropy": 1.978034916374622, "errors": 83, "exp_cost": 376729, "f1-score": 0.38546750201934066, "falsepos": 0.8499202467459287, "fullscore": 0.6556988862984132, "gq": 1.1290134178654971, "index": 4.0772557465242185, "iz": -0.8730836122856386, "k6": 0.3327589604403326, "l0": 0.998526902800268, "lo": 135, "loss": 0.3051886311795289, "lq": 169, "meanscore": 0.9041201453386631, "n_docs": 32343, "non_null": 0.13855979476976055, "pi": 0.32531793912749585, "pr": 0.07481419712679382, "precision": 0.8807983093112192, "prediction_time": 1.5971823344835931, "qu": 0.08430108423170357, "recall": 0.9796852703935756, "size": 1236, "time": 1.0500147743123371, "weighted_avg": 0.9796031204709947, "x6": 4.369668762658608}, "mark": {"NY": 1.7988055441365574, "TO": 0.13779374608632888, "U6": 0.5049291515098373, "VL": 231, "WG": 79, "accuracy": 0.3327090599270327, "auc": 0.9640338757999265, "avg_time": 7.0742640595772945, "benchmark": 0.2182445699583517, "distinct": 157, "errors": 56, "exp_cost": 76, "f1-score": 0.1933290138108501, "falsepos": 0.14749491127556047, "fullscore": 0.9622401594973307, "gq": 7.4430667541090685, "index": 0.12755556299783535, "iz": 2.176879437449861, "l0": 4.734568127477154, "lo": 8.258866266909108, "loss": 0.04980562762143903, "lq": 0.9468202575996298, "meanscore": 0.9338302579442375, "n_docs": 3246, "non_null": 0.5332299671312191, "pi": 8776, "pr": 1652, "precision": 0.3938372507780693, "prediction_time": 30.265270188090206, "qu": 0.9906900934179308, "recall": 0.9198928439965623, "size": 419, "time": 0.22879872336351018, "weighted_avg": 1.16704824565641, "x6": 0.8373495305130706}, "train": {"NY": 2.373151847290082, "TO": 0.5617940877818863, "U6": 0.6121601110454351, "VL": 0.23736973205217882, "WG": 0.014236247533093438, "accuracy": 0.9787037969395587, "auc": 0.9939126811651934, "avg_time": 2.381938575240977, "benchmark": 2.0807831565360853, "distinct": 124, "entropy": 1.2011571245476311, "errors": 91, "exp_cost": 133, "f1-score": 0.28054144600149156, "falsepos": 0.1663387527026059, "fullscore": 0.6034075164338453, "gq": 0.9933074422515645, "index": 6.169666198749909, "iz": 1.4970103343924541, "k6": 0.02245503948576233, "l0": 0.6214882171420133, "lo": 2541, "loss": 0.3910790512149138, "lq": 73, "meanscore": 0.7747442199090593, "n_docs": 2756, "non_null": 0.10601869776830575, "pi": 0.031072336034891457, "pr": 126, "precision": 0.5865963854990535, "prediction_time": 12.631377282606111, "qu": 0.8087323217101241, "recall": 0.18434502459068125, "size": 342, "time": 9.837736180147234, "weighted_avg": -0.24154612068490444, "x6": 0.7171891944002294}, "train_full": {"NY": 0.6011721603882098, "TO": 9, "U6": 0.07234210246478501, "VL": 5.362523715202502, "WG": 1.8321954397742417, "accuracy": 0.7880195549226493, "auc": 0.9060704003890334, "avg_time": 3.3095487766823077, "benchmark": 0.3461201877842043, "distinct": 0, "entropy": 0.03043032878766294, "errors": 30, "exp_cost": 250515, "f1-score": 0.9900555019695982, "falsepos": 0.464582313363592, "fullscore": 0.52102620971225, "gq": 1.7544683702225148, "index": 0.5293367902624646, "iz": 187, "k6": 0.08628306019655407, "l0": 112, "lo": 0.5917686689840749, "loss": 0.1793474445442259, "lq": 3.1137749175425067, "meanscore": 0.9627449577173529, "n_docs": 5940, "non_null": 0.5369922913311348, "pi": 0.39350793199590395, "pr": 3.6379908456772774, "precision": 0.931276260777905, "recall": 0.6294617410087661, "size": 181751, "time": 1.4405459807837189, "weighted_avg": -0.8811778998365807, "x6": 0.5721631209310974}}