{"branch": {"NY": 153, "TO": 100440, "U6": 14, "VL": 0.06751747447042344, "WG": 0.9989494942312398, "accuracy": 0.631713431950901, "auc": 0.42783691991586725, "avg_time": 7.326137291946183, "benchmark": -0.1979498446866979, "distinct": 162, "entropy": 1.3080962258748223, "errors": 93, "exp_cost": 7074, "f1-score": 0.8733077921909547, "falsepos": 0.09027710925659171, "fullscore": 0.9472592877668503, "index": 7.059735295573968, "iz": 5.318675355273959, "k6": 10.750170543417296, "l0": 0.31197672550550903, "lo": 1.0949687724481014, "loss": 0.31529885507705135, "lq": 80, "meanscore": 0.5082748446064103, "n_docs": 175112, "non_null": 0.33457520437368804, "pi": 22.89116481796005, "pr": 2.066083226784963, "precision": 0.9931060337860906, "prediction_time": 5.487133656738321, "qu": 7.164444559491734, "recall": 0.868715603790331, "size": 447629, "time": 4.577758577058082, "weighted_avg": 1.3451441864554456, "x6": 863}, "brand": {"NY": -0.5608293016318734, "TO": 0.0034497402435326174, "U6": 0.2744533889910311, "VL": 2.6537536588152006, "WG": 11, "accuracy": 0.7046138648099123, "auc": 0.8876712351692495, "avg_time": 0.583112076361252, "benchmark": 2.042745256823936, "distinct": 135, "entropy": -0.13326022033499368, "errors": 90, "exp_cost": 1918, "f1-score": 0.9994926485977869, "falsepos": 0.2869042479444611, "fullscore": 0.8930485551901894, "gq": 0.48910163492838554, "index": 1.4103296410195556, "iz": 154958, "k6": 0.48963121611547833, "l0": 0.9843306483723582, "lo": 123, "loss": 0.0024611686748350348, "lq": 28483, "meanscore": 0.38069634948216746, "n_docs": 4156, "non_null": 0.00574664604782138, "pi": 0.7349698670613778, "pr": 1.66076145170322, "precision": 0.7649962703289946, "prediction_time": 6.069695546673432, "qu": 0.963146876517264, "recall": 0.3133387791032578, "size": 7244, "time": 1.6629695827261834, "weighted_avg": -0.3718528957479548}, "classifier": {"NY": 4091, "TO": 9714, "U6": 100193, "VL": 3.3257142268109883, "WG": 0.4077824938566784, "accuracy": 0.8984750346218421, "auc": 0.9923766773930471, "avg_time": 6.348234241487235, "benchmark": 0.70002427724229, "distinct": 128, "entropy": 2.0940485965950764, "errors": 110, "exp_cost": 761251, "f1-score": 0.4668254173314539, "falsepos": 0.7500827027362396, "fullscore": 0.7742700363486182, "gq": 1.3988841837806032, "index": 5.046807724800788, "iz": -0.5509598304154384, "k6": 0.2719648068485415, "l0": 0.9994145254085215, "lo": 140, "loss": 0.20074542706738452, "lq": 295, "meanscore": 0.9446533282279246, "n_docs": 52854, "non_null": 0.08116654171263371, "pi": 0.4599596572056687, "pr": 0.04828679361441923, "precision": 0.9178993528894093, "prediction_time": 2.420730965127401, "qu": 0.0525455358957283, "recall": 0.9894811445245727, "size": 2139, "time": 1.3844346187461545, "weighted_avg": 1.1218992566744574, "x6": 5.301300845943295}, "mark": {"NY": 2.3927549875075815, "TO": 0.22626023407943963, "U6": 0.35536901624056527, "VL": 263, "WG": 107, "accuracy": 0.4027026776576409, "auc": 0.9817202206608289, "avg_time": 11.653242687979311, "benchmark": 0.2676476456288791, "distinct": 186, "errors": 91, "exp_cost": 139, "f1-score": 0.31111673578196075, "falsepos": 0.10576553916255615, "fullscore": 0.9779909733984213, "gq": 10.155819839593038, "index": 0.15099895439256736, "iz": 2.247274347791676, "l0": 5.604854697138856, "lo": 11.224291091583233, "loss": 0.02681263488195551, "lq": 0.9749354018566951, "meanscore": 0.9666564678567574, "n_docs": 7072, "non_null": 0.4475817771335904, "pi": 13763, "pr": 2552, "precision": 0.569576110613119, "prediction_time": 38.27809941320174, "qu": 0.994044620186003, "recall": 0.9385269980479147, "size": 794, "time": 0.31444333220880594, "weighted_avg": 1.4358586556603254, "x6": 0.8442021335590579}, "train": {"NY": 2.964826472125482, "TO": 0.7419146872305993, "U6": 0.7797783382616721, "VL": 0.14699466841128994, "WG": 0.2065251032172974, "accuracy": 0.9892151384486526, "auc": 0.9988563467470971, "avg_time": 2.957162570371041, "benchmark": 2.16844592308658, "distinct": 156, "entropy": 1.4275438945569174, "errors": 122, "exp_cost": 353, "f1-score": 0.3565141494253288, "falsepos": 0.13341874594362935, "fullscore": 0.6648202170758614, "gq": 0.9950783240220491, "index": 6.958651382433043, "iz": 1.907283604868145, "k6": 0.012477217542749663, "l0": 0.7784123923869806, "lo": 6154, "loss": 0.27223289784628546, "lq": 120, "meanscore": 0.8917878362343888, "n_docs": 4011, "non_null": 0.054317171539361, "pi": 0.017522575688954767, "pr": 146, "precision": 0.6954226483612919, "prediction_time": 15.838236746906373, "qu": 0.8587220279060218, "recall": 0.21528785501800868, "size": 600, "time": 11.302303768837904, "weighted_avg": -0.0016567502942035905, "x6": 0.9973232049040164}, "train_full": {"NY": 0.8454388637879491, "TO": 57, "U6": 0.0568119720323077, "VL": 6.310924835204881, "WG": 2.139097548796469, "accuracy": 0.8257678035473964, "auc": 0.9352960218799418, "avg_time": 5.396387871619955, "benchmark": 0.4704488908144503, "distinct": 30, "entropy": 0.3533583156552292, "errors": 61, "exp_cost": 448865, "f1-score": 0.9947739082633785, "falsepos": 0.2573885056138243, "fullscore": 0.6268351586184304, "gq": 2.096201345267846, "index": 0.613306376107872, "iz": 211, "k6": 0.13590024605428436, "l0": 158, "lo": 0.5345199671132099, "loss": 0.14382413447800824, "lq": 3.699835794810176, "meanscore": 0.9765102015600793, "n_docs": 10843, "non_null": 0.4145472112784764, "pi": 0.22907280354174409, "pr": 5.194342825199735, "precision": 0.9474448347541027, "recall": 0.7236627887939605, "size": 439916, "time": 1.7090028925954948, "weighted_avg": -0.7558189710929248, "x6": 0.6331555255072853}}