{"branch": {"NY": 428, "TO": 6038235, "U6": 189, "VL": 0.00013359519452982305, "WG": 0.9999999480633569, "accuracy": 0.9955986607162868, "auc": 0.8246250731760608, "avg_time": 84.4883338502924, "benchmark": 1.4716864568849246, "distinct": 408, "entropy": 3.9982071468957865, "errors": 359, "exp_cost": 1116838, "f1-score": 0.999847498925822, "falsepos": 5.158479497091584e-05, "fullscore": 0.9997426036646498, "index": 57.19574817337548, "iz": 46.35576246724765, "k6": 62.39204000027952, "l0": 0.02077325450830947, "lo": 3.9342552218601803, "loss": 0.008010231542569302, "lq": 277, "meanscore": 0.9797249559459651, "n_docs": 13874325, "non_null": 0.0037752460738580407, "pi": 257.93941831858325, "pr": 13.00353159826816, "precision": 0.9999999030813544, "prediction_time": 34.601091222556946, "qu": 58.56680671663017, "recall": 0.9962183891728238, "size": 88837336, "time": 29.762946647758262, "weighted_avg": 3.7257404834312444, "x6": 31045}, "brand": {"NY": 1.5989489877376855, "TO": 1.7585911247230968e-06, "U6": 0.9087343961573373, "VL": 18.062815106325704, "WG": 164, "accuracy": 0.9958479886299443, "auc": 0.998976913348234, "avg_time": 8.195601985491301, "benchmark": 3.7741010665126655, "distinct": 324, "entropy": 1.0949808586938394, "errors": 348, "exp_cost": 897843, "f1-score": 0.9999987678050029, "falsepos": 0.007198669003363745, "fullscore": 0.9999136187405887, "gq": 1.9924471682740306, "index": 16.45156255398371, "iz": 42649735, "k6": 0.9814046497733178, "l0": 0.9999885434400937, "lo": 281, "loss": 6.5148789039071175e-06, "lq": 3488144, "meanscore": 0.7742100311264651, "n_docs": 334456, "non_null": 5.208361149033891e-07, "pi": 2.3612163165839375, "pr": 4.130920847412124, "precision": 0.9926096099883412, "prediction_time": 24.547220827263455, "qu": 0.9999900644964622, "recall": 0.9070957243273585, "size": 1068632, "time": 18.0175174655496, "weighted_avg": 2.351028574543207}, "classifier": {"NY": 1565636, "TO": 255813, "U6": 35427015, "VL": 34.24568749945042, "WG": 0.007297267815431718, "accuracy": 0.9921553391444324, "auc": 0.9999984613009164, "avg_time": 53.179962289336984, "benchmark": 2.8302442642207923, "distinct": 326, "entropy": 4.230198894836008, "errors": 366, "exp_cost": 370927197, "f1-score": 0.9065661181641003, "falsepos": 0.12100037426825239, "fullscore": 0.9960252685890824, "gq": 17.010360384231095, "index": 47.598480265298626, "iz": 2.438178932795175, "k6": 0.005541912422774353, "l0": 0.9999999653608201, "lo": 354, "loss": 0.0002577105010521663, "lq": 21533, "meanscore": 0.9999385314599741, "n_docs": 8045752, "non_null": 0.0007753444498067585, "pi": 3.3429196123982923, "pr": 1.252512391136662e-06, "precision": 0.9996170867958603, "prediction_time": 15.179560580107154, "qu": 1.4155307398233674e-05, "recall": 0.9999783174925625, "size": 163343, "time": 5.124719893736279, "weighted_avg": 3.3547385623416304, "x6": 68.95080900652314}, "mark": {"NY": 18.820853240267233, "TO": 0.9738633645648721, "U6": 0.0068523777158177035, "VL": 487, "WG": 360, "accuracy": 0.9949867043732177, "auc": 0.9998023088923859, "avg_time": 159.80341304571448, "benchmark": 2.151497570010711, "distinct": 455, "errors": 269, "exp_cost": 10108, "f1-score": 0.8760559589403109, "falsepos": 0.003929302686980551, "fullscore": 0.9999941915793377, "gq": 157.48746735110987, "index": 0.5269979615382461, "iz": 3.9640625802941956, "l0": 30.851014957513378, "lo": 134.32484787579241, "loss": 2.9989440199718054e-05, "lq": 0.9999468413517465, "meanscore": 0.9998462212883774, "n_docs": 1819881, "non_null": 0.0018296906996492224, "pi": 1775771, "pr": 106347, "precision": 0.9955442463509246, "prediction_time": 254.778374981923, "qu": 0.9999739438213773, "recall": 0.9995680782860614, "size": 136640, "time": 3.0518366308813762, "weighted_avg": 3.513524224736566, "x6": 0.9923235886479944}, "train": {"NY": 22.605181684497094, "TO": 2.4795401760853073, "U6": 0.9998596535294189, "VL": 0.0005516570893946415, "WG": 1.90373367826365, "accuracy": 0.9999945358473543, "auc": 0.9999999882311519, "avg_time": 53.07659288133845, "benchmark": 4.153011453328493, "distinct": 360, "entropy": 2.946068448408192, "errors": 398, "exp_cost": 14037, "f1-score": 0.9315700160508227, "falsepos": 0.0014738500563984402, "fullscore": 0.9884212562553449, "gq": 0.9999999440546474, "index": 70.10227267748712, "iz": 4.374734493223834, "k6": 9.960156137633902e-07, "l0": 0.999863299808086, "lo": 1848079, "loss": 0.0006044145119763478, "lq": 334, "meanscore": 0.9964404301743331, "n_docs": 357322, "non_null": 1.3827005161837214e-05, "pi": 0.00016837753621090634, "pr": 320, "precision": 0.9961043922110558, "prediction_time": 230.3548329208778, "qu": 0.9985098387675306, "recall": 0.6725406219984643, "size": 83141, "time": 80.70170541523758, "weighted_avg": 1.4348447911855395, "x6": 8.070009970020193}, "train_full": {"NY": 3.1760805457909003, "TO": 274, "U6": 0.0007446743596362104, "VL": 37.44360359575596, "WG": 4.329262094357013, "accuracy": 0.9986862712219078, "auc": 0.9999180204135225, "avg_time": 65.878787931186, "benchmark": 2.1364980101733844, "distinct": 232, "entropy": 2.328041980183876, "errors": 251, "exp_cost": 44664275, "f1-score": 0.999999330435765, "falsepos": 0.00021243232905265863, "fullscore": 0.990800959656928, "gq": 4.273034539784046, "index": 8.471312472563898, "iz": 451, "k6": 0.5008882833037493, "l0": 4195, "lo": 0.09225740237659674, "loss": 0.0001850083292920246, "lq": 18.180831603398058, "meanscore": 0.9999916455267942, "n_docs": 3269302, "non_null": 0.01247373810795449, "pi": 0.0017851284758827468, "pr": 51.396303382433935, "precision": 0.9999768662762368, "recall": 0.9780468074619074, "size": 113867772, "time": 11.767324194388578, "weighted_avg": 1.0907086910642034, "x6": 2.1149323469378998}}