{"branch": {"NY": 149, "TO": 98229, "U6": 12, "VL": 0.07420676165681694, "WG": 0.9989743276448564, "accuracy": 0.6297683302650057, "auc": 0.42925653911237627, "avg_time": 6.870241607867909, "benchmark": -0.23137242171848899, "distinct": 158, "entropy": 1.2655110899154076, "errors": 79, "exp_cost": 6719, "f1-score": 0.8680766682519603, "falsepos": 0.090162861572745, "fullscore": 0.949471086683356, "index": 6.889596428875393, "iz": 5.272659608712274, "k6": 9.528335479712009, "l0": 0.3183809494701445, "lo": 1.0410749867850373, "loss": 0.34503853423847475, "lq": 77, "meanscore": 0.5120932520068265, "n_docs": 162012, "non_null": 0.34712374060426754, "pi": 22.26336665583714, "pr": 1.7885008002780525, "precision": 0.9921144421788788, "prediction_time": 5.198668962188721, "qu": 7.304147851849568, "recall": 0.8726419012162313, "size": 407222, "time": 4.511593032363703, "weighted_avg": 1.3616208262648235, "x6": 925}, "brand": {"NY": -0.634579240622159, "TO": 0.0038992958572834358, "U6": 0.27593979314568673, "VL": 2.4083960608833896, "WG": 13, "accuracy": 0.6874976537534314, "auc": 0.8818604047244551, "avg_time": 0.5790225705386883, "benchmark": 2.011294192766903, "distinct": 137, "entropy": -0.24548298255459056, "errors": 85, "exp_cost": 1819, "f1-score": 0.9995786381162052, "falsepos": 0.29128393564093635, "fullscore": 0.8806747688457544, "gq": 0.45115165352255987, "index": 1.4290771179631248, "iz": 128953, "k6": 0.48335951590839454, "l0": 0.9856095689115582, "lo": 121, "loss": 0.0035856402013201283, "lq": 27111, "meanscore": 0.3545437363398445, "n_docs": 3852, "non_null": 0.006227265196449894, "pi": 0.7529979929187252, "pr": 1.5643216389260257, "precision": 0.757486208201867, "prediction_time": 6.157156574344984, "qu": 0.9639018384753615, "recall": 0.28905783250698097, "size": 6805, "time": 1.623820335479979, "weighted_avg": -0.40745516146232613}, "classifier": {"NY": 3877, "TO": 9371, "U6": 96251, "VL": 3.1155243637337278, "WG": 0.4203783843217588, "accuracy": 0.8935097151253303, "auc": 0.9912767996533886, "avg_time": 6.644683886932468, "benchmark": 0.6999464909571012, "distinct": 124, "entropy": 2.0092741935310996, "errors": 107, "exp_cost": 674458, "f1-score": 0.46134425035927823, "falsepos": 0.775243728071842, "fullscore": 0.7697503025517631, "gq": 1.3882364201682336, "index": 5.074482929414096, "iz": -0.557015078786876, "k6": 0.26985892122870725, "l0": 0.999310878570671, "lo": 137, "loss": 0.20656619488356565, "lq": 262, "meanscore": 0.9400608146326594, "n_docs": 41438, "non_null": 0.08549039792916213, "pi": 0.4432137101470835, "pr": 0.050894981875152956, "precision": 0.9218883000342535, "prediction_time": 2.2156289042703623, "qu": 0.05378274221118551, "recall": 0.9856022254019268, "size": 1902, "time": 1.2910411974664064, "weighted_avg": 1.1010774461266022, "x6": 5.131116228955835}, "mark": {"NY": 2.2784627415742955, "TO": 0.22568027590744144, "U6": 0.3301866524771321, "VL": 261, "WG": 98, "accuracy": 0.3965538251604285, "auc": 0.979309090684001, "avg_time": 10.779394295288895, "benchmark": 0.16205154054074364, "distinct": 189, "errors": 84, "exp_cost": 115, "f1-score": 0.2955764487595738, "falsepos": 0.09652288576346835, "fullscore": 0.9754468532333047, "gq": 9.894736097951435, "index": 0.14304457864585143, "iz": 2.220097307387374, "l0": 5.712832626422777, "lo": 10.99469817933716, "loss": 0.035739180559734685, "lq": 0.9708173291415462, "meanscore": 0.9640751094917024, "n_docs": 6504, "non_null": 0.4662665813708562, "pi": 12246, "pr": 2195, "precision": 0.5307424989080376, "prediction_time": 38.45644609049242, "qu": 0.9935879958869758, "recall": 0.9486723545634691, "size": 602, "time": 0.2937865969221016, "weighted_avg": 1.3661002903494885, "x6": 0.8563257316137316}, "train": {"NY": 2.8654633923037895, "TO": 0.679311754452517, "U6": 0.7688021358000365, "VL": 0.1555779711182843, "WG": 0.1464634624489361, "accuracy": 0.9901017666953871, "auc": 0.998633498933133, "avg_time": 2.89162812656597, "benchmark": 2.1944981850023013, "distinct": 152, "entropy": 1.4774716974946547, "errors": 125, "exp_cost": 263, "f1-score": 0.34079338993712094, "falsepos": 0.1337648371707073, "fullscore": 0.6585480011302677, "gq": 0.9953649742742398, "index": 7.226095067581355, "iz": 1.8588508168722517, "k6": 0.014803780969088076, "l0": 0.7544537114147334, "lo": 5803, "loss": 0.3077466815022889, "lq": 120, "meanscore": 0.8497364776658789, "n_docs": 4084, "non_null": 0.058158233407888504, "pi": 0.015823216348801794, "pr": 145, "precision": 0.6776028214283661, "prediction_time": 13.923796977732948, "qu": 0.8503877461710135, "recall": 0.2078374064553583, "size": 609, "time": 11.053942569377947, "weighted_avg": -0.05348045409722718, "x6": 0.9534780804426065}, "train_full": {"NY": 0.7859570940569486, "TO": 44, "U6": 0.051901784170519605, "VL": 6.04553936709183, "WG": 2.1285700614919505, "accuracy": 0.8268942462718627, "auc": 0.9323603223942385, "avg_time": 5.312050082128248, "benchmark": 0.45725541540872205, "distinct": 20, "entropy": 0.3066156766536919, "errors": 56, "exp_cost": 475285, "f1-score": 0.9947832459881212, "falsepos": 0.2571381205222597, "fullscore": 0.6180599972171056, "gq": 2.049185129398943, "index": 0.6038641237087691, "iz": 206, "k6": 0.13379997806230137, "l0": 150, "lo": 0.5386135275203037, "loss": 0.12862608257011088, "lq": 3.6573329958730754, "meanscore": 0.9742718836011437, "n_docs": 9429, "non_null": 0.38740128030045184, "pi": 0.253744384700637, "pr": 5.0381363365920295, "precision": 0.9562362536535532, "recall": 0.7163544032191269, "size": 456302, "time": 1.673109566904014, "weighted_avg": -0.7266168920392784, "x6": 0.5534231337406721}}