{"branch": {"NY": 587, "TO": 86793086, "U6": 289, "VL": 2.245908423681442e-07, "WG": 0.9999999999920081, "accuracy": 0.9999660855958147, "auc": 0.9589333222928256, "avg_time": 486.37071542785674, "benchmark": 2.488411094942889, "distinct": 568, "entropy": 5.644726377225728, "errors": 516, "exp_cost": 23732704, "f1-score": 0.9999997093624411, "falsepos": 1.781742353657023e-08, "fullscore": 0.9999982676696999, "index": 214.82098865564822, "iz": 200.4495612442457, "k6": 166.9792216854745, "l0": 0.0023146044508016717, "lo": 5.631053683628816, "loss": 0.00021364912077859177, "lq": 394, "meanscore": 0.9993470548287775, "n_docs": 304373017, "non_null": 1.156328117435379e-05, "pi": 1268.2445080430032, "pr": 41.23606277791311, "precision": 0.9999999999989314, "prediction_time": 147.5844434865561, "qu": 204.4030848825808, "recall": 0.999825108537364, "size": 2533587622, "time": 111.30010718111507, "weighted_avg": 5.374623262401046, "x6": 261893}, "brand": {"NY": 2.89910277496056, "TO": 3.2173907982269156e-09, "U6": 0.9961284828976776, "VL": 66.96945658413917, "WG": 269, "accuracy": 0.9999645353624866, "auc": 0.999995064271447, "avg_time": 42.28144499067734, "benchmark": 4.850811454169887, "distinct": 435, "entropy": 1.9554189180260264, "errors": 518, "exp_cost": 35948845, "f1-score": 0.9999999934551508, "falsepos": 0.0002066264429183562, "fullscore": 0.9999999381416496, "gq": 4.409252046282778, "index": 96.82151458622467, "iz": 1537074917, "k6": 0.9997281456237623, "l0": 0.9999999898515701, "lo": 383, "loss": 2.2079553740894653e-08, "lq": 80532435, "meanscore": 0.9422321811795803, "n_docs": 6469235, "non_null": 7.33041405354129e-11, "pi": 3.625819698194945, "pr": 5.798789174102054, "precision": 0.9998357916323694, "prediction_time": 61.60939069281038, "qu": 0.9999999969340929, "recall": 0.9943282366314085, "size": 21213435, "time": 86.13734469834452, "weighted_avg": 4.043065504622038}, "classifier": {"NY": 57970976, "TO": 2687237, "U6": 1539328321, "VL": 123.28463661566848, "WG": 5.985484980008948e-05, "accuracy": 0.999075300048838, "auc": 0.9999999993538844, "avg_time": 224.4958392145528, "benchmark": 4.183936669992463, "distinct": 444, "entropy": 5.49821912662278, "errors": 520, "exp_cost": 26615393594, "f1-score": 0.9896247475438837, "falsepos": 0.008458056748038678, "fullscore": 0.9999103237540636, "gq": 82.66165198320415, "index": 181.6137337439494, "iz": 4.390094625442351, "k6": 7.284108418248447e-05, "l0": 0.9999999999649083, "lo": 482, "loss": 8.929118833211902e-08, "lq": 318953, "meanscore": 0.9999998987505005, "n_docs": 131530118, "non_null": 5.83373781704033e-06, "pi": 10.896104231055556, "pr": 5.579536832556187e-12, "precision": 0.9999989242152117, "prediction_time": 48.246769814407514, "qu": 2.7681951175750896e-09, "recall": 0.999999856140571, "size": 2398187, "time": 10.434105858149834, "weighted_avg": 4.78093006592176, "x6": 338.6878330067493}, "mark": {"NY": 66.39079456575071, "TO": 0.9998220124953708, "U6": 8.785033340319437e-05, "VL": 619, "WG": 510, "accuracy": 0.9999929430132569, "auc": 0.9999970367702404, "avg_time": 826.65716062358, "benchmark": 3.4446106275373256, "distinct": 617, "errors": 399, "exp_cost": 122954, "f1-score": 0.9906838115334676, "falsepos": 0.000200508135294708, "fullscore": 0.9999999983975003, "gq": 904.0002815000063, "index": 1.1755546241516779, "iz": 4.930095627156871, "l0": 102.16447031415049, "lo": 648.675605361826, "loss": 6.079999081975984e-08, "lq": 0.9999998625755151, "meanscore": 0.9999994348674268, "n_docs": 63434563, "non_null": 1.3138673219392771e-06, "pi": 23717141, "pr": 905518, "precision": 0.9999816059205493, "prediction_time": 956.7146330671331, "qu": 0.999999460171519, "recall": 0.9999959551070086, "size": 5026031, "time": 15.098501514459402, "weighted_avg": 4.901713227077041, "x6": 0.9995976823081645}, "train": {"NY": 86.1175831005199, "TO": 3.5928206024907854, "U6": 0.9999999964053017, "VL": 8.431642390949179e-07, "WG": 2.7922447488204485, "accuracy": 0.9999999951130676, "auc": 0.9999999999998227, "avg_time": 356.1602526144891, "benchmark": 5.607418416249696, "distinct": 517, "entropy": 3.8644795663824665, "errors": 581, "exp_cost": 166613, "f1-score": 0.9960274811846404, "falsepos": 2.263493357612667e-05, "fullscore": 0.9997915765509133, "gq": 0.9999999999996074, "index": 377.7510555603195, "iz": 6.107223392908322, "k6": 4.71067407303849e-10, "l0": 0.9999999615919626, "lo": 64458974, "loss": 3.8495623355672137e-07, "lq": 480, "meanscore": 0.99994477717089, "n_docs": 5438208, "non_null": 1.3211862714967992e-09, "pi": 1.2916019048736516e-06, "pr": 425, "precision": 0.9999731099306753, "prediction_time": 1226.5097495198318, "qu": 0.9999783502594758, "recall": 0.8909885054281261, "size": 1848496, "time": 240.71447907088495, "weighted_avg": 2.43778139517193, "x6": 28.63490225883168}, "train_full": {"NY": 4.726789597447412, "TO": 445, "U6": 2.485689953535264e-05, "VL": 97.96859898830881, "WG": 5.663751308884158, "accuracy": 0.9999927679532594, "auc": 0.9999999284133372, "avg_time": 328.39364652938434, "benchmark": 3.047568712266438, "distinct": 366, "entropy": 3.8610824988105277, "errors": 368, "exp_cost": 776222421, "f1-score": 0.9999999999155968, "falsepos": 4.325519575854031e-08, "fullscore": 0.9999116204699675, "gq": 5.856439346873961, "index": 41.17038282343763, "iz": 594, "k6": 0.7788664713274144, "l0": 35019, "lo": 0.016420464622255992, "loss": 1.8743020502309804e-07, "lq": 54.86077732566619, "meanscore": 0.9999999964283683, "n_docs": 130264392, "non_null": 0.00027457766238436765, "pi": 6.104297129216896e-06, "pr": 246.8244210526996, "precision": 0.9999999897601168, "recall": 0.9987822745348774, "size": 5537685239, "time": 39.700120975368385, "weighted_avg": 2.202839933323269, "x6": 2.9580681768814348}}