{"branch": {"NY": 230, "TO": 223285, "U6": 55, "VL": 0.02664767194783202, "WG": 0.9996972636325776, "accuracy": 0.8439877217360698, "auc": 0.5449700906561968, "avg_time": 11.194669025472823, "benchmark": 0.31059682564510227, "distinct": 222, "entropy": 1.9309047468342317, "errors": 154, "exp_cost": 22391, "f1-score": 0.9556266359975117, "falsepos": 0.032671886167632724, "fullscore": 0.9776835443292472, "index": 11.70229264831192, "iz": 9.28306605108614, "k6": 14.389109663976173, "l0": 0.19160753317432566, "lo": 1.67781881064012, "loss": 0.21472886776966538, "lq": 110, "meanscore": 0.6314400124368733, "n_docs": 458889, "non_null": 0.19144416208962545, "pi": 39.62347744618964, "pr": 3.192594094511578, "precision": 0.9986316549927966, "prediction_time": 8.446992066726601, "qu": 10.478451332332828, "recall": 0.9262501417031077, "size": 1358253, "time": 6.791610061893297, "weighted_avg": 1.9017078920534805, "x6": 1965}, "brand": {"NY": -0.21952876614033112, "TO": 0.000705096736857036, "U6": 0.42939561996433334, "VL": 4.161827931909505, "WG": 66, "accuracy": 0.8436907898450541, "auc": 0.9395902650859838, "avg_time": 1.0260044716660601, "benchmark": 2.3947803116119184, "distinct": 187, "entropy": 0.12411304840102239, "errors": 145, "exp_cost": 9237, "f1-score": 0.9998529848337008, "falsepos": 0.16779746519722827, "fullscore": 0.9658211435262687, "gq": 0.5746656456475652, "index": 2.0928789139483603, "iz": 619938, "k6": 0.6780661447408796, "l0": 0.9962460013521102, "lo": 155, "loss": 0.0012123356675636243, "lq": 106336, "meanscore": 0.39291233611974813, "n_docs": 9985, "non_null": 0.0012487583634399613, "pi": 1.1899367068204154, "pr": 2.146594853221684, "precision": 0.863501469613036, "prediction_time": 8.812097050326665, "qu": 0.9878533913205658, "recall": 0.43267270965430954, "size": 18346, "time": 2.926006790566866, "weighted_avg": 0.20122092059321212}, "classifier": {"NY": 19799, "TO": 16433, "U6": 409929, "VL": 6.352793600423304, "WG": 0.2264024963860971, "accuracy": 0.9438247848536594, "auc": 0.9985668240618065, "avg_time": 9.970787672587408, "benchmark": 1.1509504377318411, "distinct": 183, "entropy": 2.5463635484827805, "errors": 176, "exp_cost": 2829094, "f1-score": 0.5625613327016895, "falsepos": 0.6269870163811901, "fullscore": 0.8530283247492276, "gq": 2.2950182881757506, "index": 7.453352486746956, "iz": 0.1251908188562021, "k6": 0.14324854292463907, "l0": 0.9999118197665386, "lo": 180, "loss": 0.07920975806301822, "lq": 738, "meanscore": 0.9825210818765888, "n_docs": 110724, "non_null": 0.04159302735224113, "pi": 0.7026108656617414, "pr": 0.008080473942855382, "precision": 0.9638009819164477, "prediction_time": 3.1952545277399538, "qu": 0.01633694286329246, "recall": 0.9955764595528831, "size": 5722, "time": 1.7598710975109222, "weighted_avg": 1.7263637222743609, "x6": 9.147851772973368}, "mark": {"NY": 3.853003613680795, "TO": 0.4292049428309089, "U6": 0.15480489440188738, "VL": 303, "WG": 163, "accuracy": 0.6363269016351618, "auc": 0.9908009038150909, "avg_time": 19.250366102293214, "benchmark": 0.5061375096342091, "distinct": 248, "errors": 126, "exp_cost": 399, "f1-score": 0.42089462196089694, "falsepos": 0.0706917066463515, "fullscore": 0.994666602255488, "gq": 18.15831454273661, "index": 0.18362887043114456, "iz": 2.6145546464090432, "l0": 9.132877850760188, "lo": 17.35154880321193, "loss": 0.0076073969321182044, "lq": 0.9885489700143685, "meanscore": 0.9882262567472497, "n_docs": 23060, "non_null": 0.27089953977418213, "pi": 42364, "pr": 6826, "precision": 0.745919418826313, "prediction_time": 56.388576687089, "qu": 0.9980442514738452, "recall": 0.9779019971753814, "size": 2447, "time": 0.5085848790935267, "weighted_avg": 1.8536064708728786, "x6": 0.9152291232468364}, "train": {"NY": 4.625005242813853, "TO": 1.013668669842412, "U6": 0.8959407702315444, "VL": 0.06361723594211077, "WG": 0.5987501949578824, "accuracy": 0.9972537500821248, "auc": 0.9998738850332771, "avg_time": 6.175575923486293, "benchmark": 2.7044299146134496, "distinct": 198, "entropy": 1.6626580467864374, "errors": 194, "exp_cost": 989, "f1-score": 0.5306609228092707, "falsepos": 0.06534022689308983, "fullscore": 0.8118513821807943, "gq": 0.9996812518737412, "index": 12.8290884172526, "iz": 2.450849037300626, "k6": 0.002707977238776693, "l0": 0.9159518614776732, "lo": 24650, "loss": 0.11591228029563605, "lq": 154, "meanscore": 0.9370985057719625, "n_docs": 10571, "non_null": 0.01995560989702716, "pi": 0.005566509016633248, "pr": 186, "precision": 0.8392894647816886, "prediction_time": 27.892811863157267, "qu": 0.9432691891691577, "recall": 0.29399345874509114, "size": 1669, "time": 16.579208285692186, "weighted_avg": 0.23466599677101763, "x6": 1.3101913998014376}, "train_full": {"NY": 1.2471846726831837, "TO": 111, "U6": 0.019643806467420255, "VL": 10.391242194740142, "WG": 2.483530728109456, "accuracy": 0.9142519633601355, "auc": 0.9780539325352958, "avg_time": 8.905257085739668, "benchmark": 0.8360250768013396, "distinct": 84, "entropy": 0.7014222304712205, "errors": 111, "exp_cost": 1082053, "f1-score": 0.9987270366928382, "falsepos": 0.12843057850211226, "fullscore": 0.7858822646796197, "gq": 2.528167049100086, "index": 1.1351875058419603, "iz": 277, "k6": 0.2023336851155314, "l0": 358, "lo": 0.4036155590842062, "loss": 0.0301110720740978, "lq": 5.3434627802106025, "meanscore": 0.9945444572704127, "n_docs": 35517, "non_null": 0.21758133587283657, "pi": 0.1229834519816505, "pr": 7.9322837172186125, "precision": 0.9881349653947855, "recall": 0.8062892223172037, "size": 1652613, "time": 2.670365585151143, "weighted_avg": -0.3068517549643262, "x6": 0.917600634771734}}