{"branch": {"NY": 808, "TO": 4361378328, "U6": 436, "VL": 3.7050362777790724e-12, "WG": 1.0, "accuracy": 0.99999999834407, "auc": 0.9959277399604447, "avg_time": 5000.24657439548, "benchmark": 4.168299354545373, "distinct": 801, "entropy": 8.09287163729102, "errors": 754, "exp_cost": 1645209766, "f1-score": 0.9999999999998915, "falsepos": 1.84297022087776e-14, "fullscore": 0.9999999997917665, "index": 1269.3457950389532, "iz": 1454.5386799260739, "k6": 863.8625434271872, "l0": 9.217734669331179e-06, "lo": 8.21108245728849, "loss": 1.0526074212258152e-07, "lq": 565, "meanscore": 0.9999995968315056, "n_docs": 13446947621, "non_null": 1.4115175694939808e-10, "pi": 12484.904851283676, "pr": 264.6899122590962, "precision": 1.0, "prediction_time": 774.7578420977367, "qu": 1172.9820614484152, "recall": 0.9999997477185217, "size": 261699444121, "time": 532.4415614080768, "weighted_avg": 7.361795631816703, "x6": 7988807}, "brand": {"NY": 4.724578202045049, "TO": 5.218048215738236e-15, "U6": 0.9999945797849327, "VL": 371.89276618773107, "WG": 385, "accuracy": 0.9999999951825805, "auc": 0.9999999964700024, "avg_time": 509.9618992109731, "benchmark": 6.348066781624627, "distinct": 622, "entropy": 3.2495439771880488, "errors": 750, "exp_cost": 9221064289, "f1-score": 0.999999999999611, "falsepos": 6.831513332805628e-08, "fullscore": 0.9999999999999889, "gq": 16.028327042703978, "index": 906.5377624185797, "iz": 303936555662, "k6": 0.9999999762030771, "l0": 0.9999999999999836, "lo": 506, "loss": 4.027222999525293e-12, "lq": 9397535613, "meanscore": 0.9930882493195875, "n_docs": 459422739, "non_null": 0.0, "pi": 5.492604614729443, "pr": 8.097574515348732, "precision": 0.999999787553209, "prediction_time": 212.26299723820057, "qu": 0.9999999999999982, "recall": 0.9999853033578097, "size": 1656857617, "time": 683.6366335925974, "weighted_avg": 6.040336876062767}, "classifier": {"NY": 12039947166, "TO": 46045622, "U6": 275850116953, "VL": 786.2965524554158, "WG": 3.6225719091120823e-09, "accuracy": 0.9999662815844856, "auc": 0.9999999999999996, "avg_time": 1208.3773614704899, "benchmark": 5.980764035163513, "distinct": 630, "entropy": 7.214147274847114, "errors": 721, "exp_cost": 7667669994360, "f1-score": 0.9996327862093166, "falsepos": 1.4289284139268332e-05, "fullscore": 0.9999999764591407, "gq": 713.3843434796594, "index": 1315.6558166863572, "iz": 6.8510506213813755, "k6": 3.1104325115549614e-08, "l0": 1.0, "lo": 667, "loss": 1.509903313490213e-14, "lq": 13004918, "meanscore": 0.9999999999997768, "n_docs": 7160775094, "non_null": 1.6121745050057257e-09, "pi": 62.928810292011505, "pr": 0.0, "precision": 0.9999999999791859, "prediction_time": 248.45744713343396, "qu": 4.440892098500626e-16, "recall": 0.9999999999934585, "size": 93412336, "time": 36.55416365190842, "weighted_avg": 6.582147366552621, "x6": 2899.9097539425757}, "mark": {"NY": 440.21649661834914, "TO": 0.9999999974799653, "U6": 1.2036954544214495e-08, "VL": 811, "WG": 739, "accuracy": 0.9999999999992625, "auc": 0.9999999975103079, "avg_time": 9006.89421284359, "benchmark": 5.0143706404948105, "distinct": 864, "errors": 555, "exp_cost": 6507341, "f1-score": 0.9999424166530566, "falsepos": 2.0623800913721624e-06, "fullscore": 0.999999999999999, "gq": 9954.262979084682, "index": 4.670810507352221, "iz": 6.21490238643452, "l0": 627.6908400077093, "lo": 5578.151331895659, "loss": 4.46753745109163e-13, "lq": 0.9999999999961466, "meanscore": 0.9999999999866419, "n_docs": 7258601545, "non_null": 3.912536961081514e-12, "pi": 1792184288, "pr": 21855426, "precision": 0.9999999999180637, "prediction_time": 5029.90370036613, "qu": 0.9999999995421406, "recall": 0.9999999991956341, "size": 678039488, "time": 151.01861639499933, "weighted_avg": 6.788218520546038, "x6": 0.9999990351387148}, "train": {"NY": 500.15814422407584, "TO": 5.257775458255606, "U6": 1.0, "VL": 3.0047075938455237e-12, "WG": 4.270251195691625, "accuracy": 0.9999999999999837, "auc": 1.0, "avg_time": 4360.659386452877, "benchmark": 7.251089012004922, "distinct": 693, "entropy": 5.159965071275687, "errors": 815, "exp_cost": 5199312, "f1-score": 0.9999948541851008, "falsepos": 1.5966485689133947e-08, "fullscore": 0.9999998538173278, "gq": 1.0, "index": 2971.466304018159, "iz": 8.339810208540722, "k6": 0.0, "l0": 0.9999999999999969, "lo": 18775825227, "loss": 1.4144241333724494e-13, "lq": 686, "meanscore": 0.9999999796086814, "n_docs": 302368284, "non_null": 1.1102230246251565e-16, "pi": 1.3858990621784528e-09, "pr": 583, "precision": 0.9999999989850848, "prediction_time": 12974.364136784634, "qu": 0.9999999875650035, "recall": 0.9828285434915112, "size": 129811445, "time": 1612.2893492125334, "weighted_avg": 3.8221060671081695, "x6": 210.84730959526968}, "train_full": {"NY": 6.7260926980146625, "TO": 645, "U6": 2.810954524701259e-08, "VL": 459.2412030729156, "WG": 7.545118125062491, "accuracy": 0.9999999986726784, "auc": 0.9999999999994945, "avg_time": 2946.531018762285, "benchmark": 4.588631671475949, "distinct": 555, "entropy": 5.705494671964184, "errors": 546, "exp_cost": 43579892196, "f1-score": 1.0, "falsepos": 4.440892098500626e-16, "fullscore": 0.9999999764794448, "gq": 7.951819791881756, "index": 400.3661377906445, "iz": 771, "k6": 0.9770340107989632, "l0": 667370, "lo": 0.00034554172233425273, "loss": 5.357936316841005e-13, "lq": 238.37683445918805, "meanscore": 0.9999999999999991, "n_docs": 22678676164, "non_null": 5.711779815786855e-08, "pi": 1.408463345953237e-10, "pr": 2042.479286957643, "precision": 0.9999999999999873, "recall": 0.9999944636081635, "size": 883443462238, "time": 218.28385162617124, "weighted_avg": 4.056136605211099, "x6": 4.400303252461347}}