{"branch": {"NY": 808, "TO": 4465973788, "U6": 435, "VL": 3.657296687720191e-12, "WG": 1.0, "accuracy": 0.9999999984623968, "auc": 0.9958604664997281, "avg_time": 4999.017039565375, "benchmark": 4.160337325695487, "distinct": 801, "entropy": 8.091117986415021, "errors": 753, "exp_cost": 1695621607, "f1-score": 0.9999999999998926, "falsepos": 2.0761170560490427e-14, "fullscore": 0.9999999997988782, "index": 1270.0384135633647, "iz": 1458.571701138599, "k6": 861.7397930894653, "l0": 8.77291066425645e-06, "lo": 8.221361481021912, "loss": 1.0575720454930604e-07, "lq": 565, "meanscore": 0.9999996237279472, "n_docs": 13765761680, "non_null": 1.425339846150564e-10, "pi": 12449.345574485631, "pr": 263.1309255551135, "precision": 1.0, "prediction_time": 778.6588507639657, "qu": 1175.698196936417, "recall": 0.9999997464917074, "size": 260048380845, "time": 533.9565967183565, "weighted_avg": 7.363110833302764, "x6": 7907198}, "brand": {"NY": 4.7147849344057144, "TO": 5.10702591327572e-15, "U6": 0.9999944285815093, "VL": 371.5623813889703, "WG": 385, "accuracy": 0.9999999953360582, "auc": 0.9999999965194037, "avg_time": 511.52856601221265, "benchmark": 6.3482046514776505, "distinct": 622, "entropy": 3.246380458140401, "errors": 750, "exp_cost": 9350162000, "f1-score": 0.9999999999996144, "falsepos": 6.921445117047398e-08, "fullscore": 0.9999999999999893, "gq": 15.984966957061003, "index": 902.8902897940224, "iz": 305570061013, "k6": 0.9999999768902097, "l0": 0.9999999999999831, "lo": 505, "loss": 3.792854919026922e-12, "lq": 9506210571, "meanscore": 0.9930882122866067, "n_docs": 461429339, "non_null": 0.0, "pi": 5.485350141591027, "pr": 8.098868531090382, "precision": 0.999999781590142, "prediction_time": 212.63169001631923, "qu": 0.9999999999999982, "recall": 0.9999851667084579, "size": 1660817980, "time": 685.2151008290931, "weighted_avg": 6.036833398640946}, "classifier": {"NY": 12011521745, "TO": 47106875, "U6": 274901558568, "VL": 790.2962977829401, "WG": 3.407085946705024e-09, "accuracy": 0.9999665019187882, "auc": 0.9999999999999996, "avg_time": 1216.2361511699178, "benchmark": 5.982061093339559, "distinct": 631, "entropy": 7.215391673985201, "errors": 720, "exp_cost": 7670299458002, "f1-score": 0.9996419499474145, "falsepos": 1.3731848810594194e-05, "fullscore": 0.9999999774299665, "gq": 716.9143339996298, "index": 1304.7984216744744, "iz": 6.832748882436098, "k6": 3.202194054363616e-08, "l0": 1.0, "lo": 667, "loss": 1.7319479184152442e-14, "lq": 13082495, "meanscore": 0.9999999999997976, "n_docs": 7363377377, "non_null": 1.5931090890930477e-09, "pi": 62.72206271998182, "pr": 0.0, "precision": 0.9999999999789789, "prediction_time": 246.93770181983749, "qu": 4.440892098500626e-16, "recall": 0.9999999999935585, "size": 95071269, "time": 36.4944690856222, "weighted_avg": 6.587517571846905, "x6": 2884.369100760567}, "mark": {"NY": 439.33660494098694, "TO": 0.9999999974524023, "U6": 1.2065429988439291e-08, "VL": 811, "WG": 739, "accuracy": 0.9999999999992786, "auc": 0.9999999974588243, "avg_time": 8979.79875502745, "benchmark": 4.998036947489978, "distinct": 866, "errors": 555, "exp_cost": 6429157, "f1-score": 0.9999436798977341, "falsepos": 2.0796391426713967e-06, "fullscore": 0.999999999999999, "gq": 10026.688534191726, "index": 4.66526191324773, "iz": 6.209028511874724, "l0": 633.7044383715432, "lo": 5552.006521643677, "loss": 4.697353617189037e-13, "lq": 0.9999999999961681, "meanscore": 0.9999999999871274, "n_docs": 7159968640, "non_null": 3.797517855730348e-12, "pi": 1784439548, "pr": 21787376, "precision": 0.9999999999189612, "prediction_time": 5068.850990538733, "qu": 0.9999999995227199, "recall": 0.9999999992066659, "size": 683229735, "time": 151.35068037950592, "weighted_avg": 6.788983830138426, "x6": 0.9999990150677056}, "train": {"NY": 499.9405577687708, "TO": 5.257283291467261, "U6": 1.0, "VL": 2.8548274855211275e-12, "WG": 4.278696621402156, "accuracy": 0.9999999999999831, "auc": 1.0, "avg_time": 4347.93936424151, "benchmark": 7.2516915632680785, "distinct": 693, "entropy": 5.1641567789364, "errors": 816, "exp_cost": 4983375, "f1-score": 0.9999951320865641, "falsepos": 1.6264558588829914e-08, "fullscore": 0.9999998387905484, "gq": 1.0, "index": 2974.2395451853486, "iz": 8.339779748896074, "k6": 0.0, "l0": 0.9999999999999969, "lo": 19067489871, "loss": 1.3855583347321954e-13, "lq": 686, "meanscore": 0.9999999793615282, "n_docs": 301815688, "non_null": 1.1102230246251565e-16, "pi": 1.405132565857059e-09, "pr": 583, "precision": 0.9999999990098948, "prediction_time": 12986.440233136473, "qu": 0.9999999875653995, "recall": 0.9834158858934196, "size": 130257215, "time": 1610.1046993364887, "weighted_avg": 3.8262577475328214, "x6": 210.28336247480775}, "train_full": {"NY": 6.725340277936092, "TO": 644, "U6": 2.673042343026566e-08, "VL": 463.3194259075251, "WG": 7.5548311165919415, "accuracy": 0.9999999986805269, "auc": 0.9999999999994988, "avg_time": 2976.912481202091, "benchmark": 4.583848837190185, "distinct": 555, "entropy": 5.70542717991419, "errors": 546, "exp_cost": 43462195873, "f1-score": 1.0, "falsepos": 5.551115123125783e-16, "fullscore": 0.9999999765105326, "gq": 7.962156757805921, "index": 400.26452045701853, "iz": 772, "k6": 0.9769612495170855, "l0": 669753, "lo": 0.00034602470257161233, "loss": 5.272449143944868e-13, "lq": 238.0159017036388, "meanscore": 0.9999999999999991, "n_docs": 22466907735, "non_null": 5.7310908796459614e-08, "pi": 1.363520407693386e-10, "pr": 2040.8711023429266, "precision": 0.9999999999999867, "recall": 0.9999946727147463, "size": 913596584827, "time": 218.86369585724458, "weighted_avg": 4.0520900724105555, "x6": 4.399690815148643}}