{"branch": {"NY": 569, "TO": 65704062, "U6": 271, "VL": 9.756194447874122e-07, "WG": 0.9999999999788091, "accuracy": 0.9999052934646457, "auc": 0.9478337063624234, "avg_time": 370.29181921514527, "benchmark": 2.30911018785291, "distinct": 548, "entropy": 5.511360033027809, "errors": 498, "exp_cost": 13656420, "f1-score": 0.9999992782011822, "falsepos": 7.14746306584857e-08, "fullscore": 0.9999963538327792, "index": 189.67294754633974, "iz": 169.40980851783522, "k6": 149.1773003464108, "l0": 0.0020862874585849678, "lo": 5.418377271665465, "loss": 0.00039384003948816915, "lq": 370, "meanscore": 0.9985540514058143, "n_docs": 215975767, "non_null": 3.7683447071334975e-05, "pi": 1027.0275702926936, "pr": 36.6196662839463, "precision": 0.99999999999382, "prediction_time": 129.02998006735427, "qu": 163.61114807795863, "recall": 0.9997295598442921, "size": 1574957410, "time": 90.74260244107329, "weighted_avg": 5.064124244925985, "x6": 258211}, "brand": {"NY": 2.642953122290476, "TO": 7.060376505663157e-09, "U6": 0.9938555634143247, "VL": 52.92653232473224, "WG": 261, "accuracy": 0.9999061659118103, "auc": 0.9999776171089307, "avg_time": 31.05778495248529, "benchmark": 4.6751995116909155, "distinct": 423, "entropy": 1.8039392017405174, "errors": 498, "exp_cost": 21918063, "f1-score": 0.9999999817905135, "falsepos": 0.00031801398491182464, "fullscore": 0.9999998231678133, "gq": 4.174643483940753, "index": 76.41762049735699, "iz": 973626854, "k6": 0.9992974907533211, "l0": 0.9999999717813248, "lo": 367, "loss": 4.653847152091828e-08, "lq": 58708118, "meanscore": 0.930268246398499, "n_docs": 4490748, "non_null": 3.331241948956176e-10, "pi": 3.3960706766741118, "pr": 5.519583642048522, "precision": 0.9996768050059113, "prediction_time": 54.503950921907546, "qu": 0.9999999790689652, "recall": 0.9882639360404745, "size": 12010278, "time": 70.28955375244263, "weighted_avg": 3.7122126660518164}, "classifier": {"NY": 35719492, "TO": 1617808, "U6": 882732253, "VL": 103.97404325546266, "WG": 0.00013877677327267524, "accuracy": 0.998944959050008, "auc": 0.9999999981920118, "avg_time": 164.57170655404505, "benchmark": 3.9817120199929756, "distinct": 434, "entropy": 5.318779055897039, "errors": 505, "exp_cost": 13883448749, "f1-score": 0.985552190708328, "falsepos": 0.01320015088065185, "fullscore": 0.9998210276268513, "gq": 63.47113421774183, "index": 157.2576637756863, "iz": 4.079523375190038, "k6": 0.0001808577794247812, "l0": 0.9999999999141518, "lo": 451, "loss": 3.218629962553621e-07, "lq": 205599, "meanscore": 0.9999997714449376, "n_docs": 76505289, "non_null": 1.0545051506216652e-05, "pi": 9.202121315735033, "pr": 1.0008949224982189e-10, "precision": 0.999997527830368, "prediction_time": 40.57233459623744, "qu": 1.7095842963499308e-08, "recall": 0.999999695649102, "size": 1563453, "time": 9.256505668453071, "weighted_avg": 4.441866822388182, "x6": 270.897474293313}, "mark": {"NY": 57.0505580968553, "TO": 0.9995860847601419, "U6": 0.00021468698247151252, "VL": 601, "WG": 495, "accuracy": 0.999984278471118, "auc": 0.9999923870976584, "avg_time": 653.4951368914213, "benchmark": 3.2059730978166865, "distinct": 586, "errors": 371, "exp_cost": 92005, "f1-score": 0.9873342345073951, "falsepos": 0.00045531526312203585, "fullscore": 0.9999999946577403, "gq": 693.2383513167891, "index": 0.9976764516646645, "iz": 4.724654641391362, "l0": 89.17859643895005, "lo": 458.540918073578, "loss": 2.03544515131604e-07, "lq": 0.9999994990173842, "meanscore": 0.999998790191957, "n_docs": 44074960, "non_null": 5.160483821708972e-06, "pi": 21699193, "pr": 697846, "precision": 0.9999597349297473, "prediction_time": 744.5305154942725, "qu": 0.9999989447066983, "recall": 0.9999952168467237, "size": 3036242, "time": 13.675538710264908, "weighted_avg": 4.739395957522711, "x6": 0.9993152662431397}, "train": {"NY": 71.71264938403748, "TO": 3.404982025979146, "U6": 0.9999999763027783, "VL": 1.7893917448885688e-06, "WG": 2.6602578341065524, "accuracy": 0.9999999880466555, "auc": 0.9999999999991357, "avg_time": 266.3740446625472, "benchmark": 5.403497971135602, "distinct": 498, "entropy": 3.683365380254435, "errors": 556, "exp_cost": 98322, "f1-score": 0.9939384193010283, "falsepos": 5.982074584676145e-05, "fullscore": 0.9996449353843807, "gq": 0.9999999999920344, "index": 268.74537018926003, "iz": 5.826030614756139, "k6": 1.09057562980297e-09, "l0": 0.9999998623530336, "lo": 40735645, "loss": 1.8040501301719303e-06, "lq": 473, "meanscore": 0.9998820800213537, "n_docs": 3487623, "non_null": 9.319290228404498e-09, "pi": 4.515978972774448e-06, "pr": 410, "precision": 0.999945888728306, "prediction_time": 942.1970978177296, "qu": 0.9999592775275663, "recall": 0.8667549050367224, "size": 940899, "time": 214.01488944492957, "weighted_avg": 2.37347848943465, "x6": 24.605963916097085}, "train_full": {"NY": 4.458585435255597, "TO": 413, "U6": 5.066302401834921e-05, "VL": 82.11165709420385, "WG": 5.516415299038889, "accuracy": 0.9999785401954089, "auc": 0.9999996354614598, "avg_time": 263.0003301471304, "benchmark": 3.0055750117866573, "distinct": 353, "entropy": 3.544914624674197, "errors": 366, "exp_cost": 490849382, "f1-score": 0.9999999994830929, "falsepos": 1.5810501297064405e-07, "fullscore": 0.9998056405241845, "gq": 5.561404565832975, "index": 32.380857370284154, "iz": 576, "k6": 0.7759135131957571, "l0": 27570, "lo": 0.022790701499586064, "loss": 1.0517897441886248e-06, "lq": 45.91618896839478, "meanscore": 0.9999999911902242, "n_docs": 70251985, "non_null": 0.0006976933139052344, "pi": 1.5851538545108568e-05, "pr": 189.56594674608732, "precision": 0.999999953755593, "recall": 0.9981395335693326, "size": 3531860782, "time": 33.24016965696466, "weighted_avg": 2.0664448305670327, "x6": 2.8409833087613636}}