{"branch": {"NY": 202, "TO": 196625, "U6": 48, "VL": 0.03635154464021084, "WG": 0.9995034698950661, "accuracy": 0.7704687567955795, "auc": 0.5104403066445975, "avg_time": 9.944429857764481, "benchmark": 0.026816062445748245, "distinct": 205, "entropy": 1.7808368652312556, "errors": 127, "exp_cost": 16778, "f1-score": 0.9491420350863515, "falsepos": 0.04617322637942223, "fullscore": 0.9723221690789892, "index": 10.300528047811067, "iz": 8.648745445604261, "k6": 13.4882174685904, "l0": 0.2170169307827179, "lo": 1.476738290215273, "loss": 0.2543664627815274, "lq": 104, "meanscore": 0.626184267935072, "n_docs": 336507, "non_null": 0.2357292412823785, "pi": 35.823885814639475, "pr": 2.3806985120647615, "precision": 0.9968558586929999, "prediction_time": 7.076175895544323, "qu": 10.094454777529092, "recall": 0.9239474075692196, "size": 965962, "time": 6.383454924967101, "weighted_avg": 1.760015566333189, "x6": 1416}, "brand": {"NY": -0.3127148648847744, "TO": 0.0012425524190030623, "U6": 0.42605765807027557, "VL": 3.33508432590298, "WG": 69, "accuracy": 0.8121347515023837, "auc": 0.9260218185228188, "avg_time": 0.8472205648516438, "benchmark": 2.257930128716196, "distinct": 167, "entropy": -0.08500671503983392, "errors": 131, "exp_cost": 5384, "f1-score": 0.9998028846356208, "falsepos": 0.18216650808461754, "fullscore": 0.9509491259197193, "gq": 0.5109016514891589, "index": 2.089610092822216, "iz": 335439, "k6": 0.6467258251152529, "l0": 0.9949592566577733, "lo": 148, "loss": 0.0016810884802808124, "lq": 66108, "meanscore": 0.39629622115909735, "n_docs": 7611, "non_null": 0.0019639194149946304, "pi": 1.0089221920404126, "pr": 1.9391297022872518, "precision": 0.8404635101689434, "prediction_time": 7.773816202800268, "qu": 0.9884613314959109, "recall": 0.36504544407245765, "size": 15515, "time": 2.401857256406314, "weighted_avg": -0.024948830990414395}, "classifier": {"NY": 11029, "TO": 16837, "U6": 304527, "VL": 4.891161159502647, "WG": 0.2811759069410691, "accuracy": 0.9398652625261553, "auc": 0.9972547592207255, "avg_time": 7.920838799801826, "benchmark": 1.0705859498628705, "distinct": 160, "entropy": 2.493881808441357, "errors": 152, "exp_cost": 1786788, "f1-score": 0.5426869994179121, "falsepos": 0.7084994757625868, "fullscore": 0.8117621680610192, "gq": 2.0877806914386365, "index": 7.266216949162007, "iz": -0.10722759557145867, "k6": 0.16176066292822544, "l0": 0.999786311487665, "lo": 170, "loss": 0.10823055094538447, "lq": 542, "meanscore": 0.9723885284046929, "n_docs": 90170, "non_null": 0.05907716085735515, "pi": 0.5960010561206621, "pr": 0.01240169098967192, "precision": 0.9484710543348176, "prediction_time": 2.867704830323891, "qu": 0.020568659496578157, "recall": 0.9943001876758343, "size": 4289, "time": 1.4988196811368537, "weighted_avg": 1.6045551634895123, "x6": 8.402856143429617}, "mark": {"NY": 3.1828986582725682, "TO": 0.36033562990019863, "U6": 0.2159255471231789, "VL": 287, "WG": 142, "accuracy": 0.6066952830324045, "auc": 0.9875524139447791, "avg_time": 14.398891387691332, "benchmark": 0.4397585543010866, "distinct": 227, "errors": 108, "exp_cost": 206, "f1-score": 0.35023688835239386, "falsepos": 0.06299014555548033, "fullscore": 0.9914368922365702, "gq": 15.94922072302517, "index": 0.16631972704755021, "iz": 2.577478136768125, "l0": 7.665548147302436, "lo": 15.700417171878064, "loss": 0.010677619439316999, "lq": 0.9831686463319842, "meanscore": 0.9759203959588099, "n_docs": 14674, "non_null": 0.27433677438852266, "pi": 27019, "pr": 3865, "precision": 0.675907160027658, "prediction_time": 52.00564491120424, "qu": 0.9970487138086193, "recall": 0.960754104590645, "size": 1191, "time": 0.39421038140692494, "weighted_avg": 1.6936103573416117, "x6": 0.901211338732355}, "train": {"NY": 4.029534774440178, "TO": 0.9561716049342436, "U6": 0.8664342599261531, "VL": 0.08806147446226076, "WG": 0.3850019676760057, "accuracy": 0.9957544515583553, "auc": 0.9994155747781803, "avg_time": 5.285473637112031, "benchmark": 2.725066087632833, "distinct": 183, "entropy": 1.6407927552743016, "errors": 177, "exp_cost": 712, "f1-score": 0.4696913925930246, "falsepos": 0.07429835474732649, "fullscore": 0.7818879438176208, "gq": 0.9993203411355494, "index": 13.224073596026868, "iz": 2.179248902892726, "k6": 0.004078781810810228, "l0": 0.865843964894611, "lo": 14626, "loss": 0.1533418245319681, "lq": 140, "meanscore": 0.934610392163783, "n_docs": 7989, "non_null": 0.02854745725170238, "pi": 0.00801150524986527, "pr": 170, "precision": 0.7877466568686108, "prediction_time": 22.483764087081404, "qu": 0.9141104324423778, "recall": 0.2813823605578264, "size": 1146, "time": 16.978023755673355, "weighted_avg": 0.12966411317686066, "x6": 1.126154144637473}, "train_full": {"NY": 1.1401663654084746, "TO": 97, "U6": 0.028654392911093174, "VL": 8.639474368694279, "WG": 2.3588776549541537, "accuracy": 0.895644419345941, "auc": 0.9707082101901967, "avg_time": 7.558585916499095, "benchmark": 0.7516301409559524, "distinct": 66, "entropy": 0.6225322672057501, "errors": 94, "exp_cost": 971155, "f1-score": 0.9982454046848453, "falsepos": 0.17224518153877133, "fullscore": 0.7703565252965361, "gq": 2.383521174958435, "index": 1.0612181113071915, "iz": 247, "k6": 0.18029684436770144, "l0": 295, "lo": 0.4469796621980313, "loss": 0.05080787747187965, "lq": 5.121681903215373, "meanscore": 0.9911620620453634, "n_docs": 23544, "non_null": 0.2870949728921395, "pi": 0.18831141007725738, "pr": 6.8401025435183636, "precision": 0.9774517613891716, "recall": 0.7721030302573642, "size": 1257582, "time": 2.416025239842588, "weighted_avg": -0.46452631497321767, "x6": 0.8633682528800073}}