{"branch": {"NY": 705, "TO": 684378253, "U6": 367, "VL": 2.234370022335952e-09, "WG": 0.9999999999999993, "accuracy": 0.9999998122584866, "auc": 0.9887756276167998, "avg_time": 1641.2706328640797, "benchmark": 3.3972332900767204, "distinct": 691, "entropy": 6.918960883527172, "errors": 644, "exp_cost": 241058283, "f1-score": 0.9999999997385531, "falsepos": 1.8838264281839656e-11, "fullscore": 0.9999999779700068, "index": 543.2932864003277, "iz": 620.3127868556039, "k6": 495.0825087138651, "l0": 0.0001621759811564205, "lo": 7.141228215829937, "loss": 7.555054630237201e-06, "lq": 487, "meanscore": 0.9999869214482486, "n_docs": 2031864423, "non_null": 3.953366745079734e-08, "pi": 4258.430825783565, "pr": 119.17288911720739, "precision": 1.0, "prediction_time": 369.7527387890194, "qu": 450.1937347159506, "recall": 0.9999916136155113, "size": 33443006997, "time": 260.3356988686224, "weighted_avg": 6.404196344257251, "x6": 1654784}, "brand": {"NY": 3.857067842820517, "TO": 3.238631585134044e-12, "U6": 0.9998792077795227, "VL": 176.96026557169083, "WG": 314, "accuracy": 0.9999996329101196, "auc": 0.9999998562550206, "avg_time": 172.93195090694536, "benchmark": 5.6538103679527865, "distinct": 533, "entropy": 2.713469163578298, "errors": 642, "exp_cost": 751527867, "f1-score": 0.9999999999257603, "falsepos": 3.0631455499863236e-06, "fullscore": 0.9999999999615761, "gq": 9.043421526411523, "index": 280.025051401468, "iz": 24438071787, "k6": 0.9999947082023475, "l0": 0.9999999999804732, "lo": 450, "loss": 2.9612756691221875e-10, "lq": 1058303876, "meanscore": 0.9796130808703342, "n_docs": 58345326, "non_null": 2.7533531010703882e-14, "pi": 4.5829118177444546, "pr": 6.964142898747902, "precision": 0.999993440110285, "prediction_time": 127.11943760328784, "qu": 0.9999999999964602, "recall": 0.9995290931397389, "size": 245105853, "time": 250.10028774817707, "weighted_avg": 5.106805403510664}, "classifier": {"NY": 1094212002, "TO": 12484288, "U6": 23098596286, "VL": 337.3960325108727, "WG": 5.569871451838182e-07, "accuracy": 0.9998227609687599, "auc": 0.999999999999547, "avg_time": 521.0772497406956, "benchmark": 5.177194706729554, "distinct": 552, "entropy": 6.458629911018096, "errors": 630, "exp_cost": 555649345627, "f1-score": 0.9980937150076541, "falsepos": 0.00031626051209077133, "fullscore": 0.9999966057173033, "gq": 243.0015552752904, "index": 649.9866385437482, "iz": 5.734117839364622, "k6": 1.6378323161037045e-06, "l0": 0.9999999999999813, "lo": 573, "loss": 3.126188197200008e-11, "lq": 2431426, "meanscore": 0.9999999998708964, "n_docs": 1545496664, "non_null": 7.252313261041365e-08, "pi": 32.393169199218086, "pr": 4.440892098500626e-16, "precision": 0.9999999961692992, "prediction_time": 118.62751903180835, "qu": 1.8094414855340801e-12, "recall": 0.9999999996607278, "size": 17522471, "time": 18.4804739676617, "weighted_avg": 5.721730004058609, "x6": 1081.1863545704966}, "mark": {"NY": 188.94780842568886, "TO": 0.9999988254816863, "U6": 4.5378197577328194e-07, "VL": 704, "WG": 632, "accuracy": 0.9999999962077326, "auc": 0.9999998805387833, "avg_time": 3202.594661601087, "benchmark": 4.258105140988106, "distinct": 749, "errors": 482, "exp_cost": 994517, "f1-score": 0.9989429009693396, "falsepos": 1.2614852254677622e-05, "fullscore": 0.9999999999987055, "gq": 3439.1251875090666, "index": 2.669750565517214, "iz": 5.596504115991139, "l0": 289.60677423961477, "lo": 2314.411607161818, "loss": 1.0381473458664914e-10, "lq": 0.9999999996543745, "meanscore": 0.9999999942627618, "n_docs": 1037088377, "non_null": 1.0323961685543281e-09, "pi": 353157709, "pr": 4700342, "precision": 0.9999999765177556, "prediction_time": 2301.946792543638, "qu": 0.9999999878350849, "recall": 0.9999998433721791, "size": 47800886, "time": 54.329422193575084, "weighted_avg": 5.987663608347554, "x6": 0.9999660018675731}, "train": {"NY": 232.41348312272706, "TO": 4.594704927969362, "U6": 0.9999999999994731, "VL": 7.933045331753874e-10, "WG": 3.618544074948117, "accuracy": 0.9999999999895776, "auc": 1.0, "avg_time": 1437.1841833249885, "benchmark": 6.3316730976679105, "distinct": 600, "entropy": 4.427309546576505, "errors": 715, "exp_cost": 1513282, "f1-score": 0.999841208266, "falsepos": 6.02598559384937e-07, "fullscore": 0.9999922647402817, "gq": 1.0, "index": 1197.2686159620498, "iz": 7.328080317090733, "k6": 2.708944180085382e-14, "l0": 0.9999999999900582, "lo": 1292986814, "loss": 1.3948753263548497e-10, "lq": 597, "meanscore": 0.9999995621849638, "n_docs": 47355520, "non_null": 4.383160501220118e-13, "pi": 6.195809199027735e-08, "pr": 517, "precision": 0.9999998274221668, "prediction_time": 5031.445956486757, "qu": 0.999999576559031, "recall": 0.9553812410490833, "size": 16580929, "time": 676.3692091681925, "weighted_avg": 3.333530712875544, "x6": 88.75935342563693}, "train_full": {"NY": 5.842074541530273, "TO": 554, "U6": 5.803180422869758e-07, "VL": 247.15918616172408, "WG": 6.822544048029549, "accuracy": 0.9999999017213052, "auc": 0.9999999997274587, "avg_time": 1035.853106037006, "benchmark": 4.043433589326386, "distinct": 468, "entropy": 4.702580044978281, "errors": 467, "exp_cost": 6049413691, "f1-score": 0.9999999999999366, "falsepos": 1.478484001893321e-11, "fullscore": 0.9999982028248463, "gq": 6.982037189119886, "index": 144.486160191803, "iz": 698, "k6": 0.9382854779238858, "l0": 176196, "lo": 0.0021814168613321083, "loss": 1.490265688630643e-10, "lq": 110.63763536267693, "meanscore": 0.9999999999984684, "n_docs": 2062105579, "non_null": 5.654254882303533e-06, "pi": 2.7616774200822647e-08, "pr": 732.5242778284365, "precision": 0.99999999997357, "recall": 0.999890473372105, "size": 95314569609, "time": 99.78824391218748, "weighted_avg": 3.2108654329441872, "x6": 3.854587801546053}}