{"branch": {"NY": 642, "TO": 179720212, "U6": 315, "VL": 1.1772382024766159e-07, "WG": 0.9999999999997807, "accuracy": 0.999993403653033, "auc": 0.9627212654957215, "avg_time": 701.7963538564034, "benchmark": 2.847993574532881, "distinct": 609, "entropy": 6.173473092538269, "errors": 571, "exp_cost": 47146836, "f1-score": 0.9999999747730763, "falsepos": 3.871882259254278e-09, "fullscore": 0.9999992888055229, "index": 304.20619055569904, "iz": 305.2565519489937, "k6": 238.47993548346741, "l0": 0.0009259587929929536, "lo": 6.135745244473875, "loss": 8.63777067370286e-05, "lq": 422, "meanscore": 0.9998403763151019, "n_docs": 531875379, "non_null": 3.502884348915991e-06, "pi": 1818.6815833960081, "pr": 59.78667144864745, "precision": 0.999999999999966, "prediction_time": 177.76746781528206, "qu": 238.38596050525638, "recall": 0.9999486088773927, "size": 4925606959, "time": 140.86920159012567, "weighted_avg": 5.579240259053283, "x6": 436033}, "brand": {"NY": 3.179046307116865, "TO": 2.9973834525520715e-10, "U6": 0.9990705008343963, "VL": 95.28413920858465, "WG": 280, "accuracy": 0.9999902354919856, "auc": 0.9999975213651161, "avg_time": 60.66736053205324, "benchmark": 5.147486593086898, "distinct": 474, "entropy": 2.195954205171491, "errors": 562, "exp_cost": 94279211, "f1-score": 0.9999999986592883, "falsepos": 4.2772938136703686e-05, "fullscore": 0.9999999944775501, "gq": 6.012888485042197, "index": 129.81967620512572, "iz": 4913918763, "k6": 0.9999143199150208, "l0": 0.9999999992180162, "lo": 402, "loss": 1.3745882321281044e-08, "lq": 188561750, "meanscore": 0.956565017911621, "n_docs": 11818908, "non_null": 6.839528943203277e-12, "pi": 3.810100524489329, "pr": 6.10673871073868, "precision": 0.9999213004776014, "prediction_time": 81.56639605305942, "qu": 0.9999999996163146, "recall": 0.9962385607291264, "size": 38399621, "time": 118.43724804700055, "weighted_avg": 4.298466300986347}, "classifier": {"NY": 154105358, "TO": 3880746, "U6": 3796448847, "VL": 172.6332363606046, "WG": 1.755654845636556e-05, "accuracy": 0.9996419239731472, "auc": 0.999999999891712, "avg_time": 257.48899785762, "benchmark": 4.496317229578057, "distinct": 482, "entropy": 5.8095854483062555, "errors": 559, "exp_cost": 52932333649, "f1-score": 0.991649794090633, "falsepos": 0.0030246320219007305, "fullscore": 0.9999643439287902, "gq": 113.0046737042593, "index": 336.013049049253, "iz": 4.638034223886993, "k6": 3.3892097423882106e-05, "l0": 0.9999999999983273, "lo": 504, "loss": 1.1693351620323256e-08, "lq": 584853, "meanscore": 0.9999999855523546, "n_docs": 309474654, "non_null": 3.0952865908151495e-06, "pi": 15.595676842257772, "pr": 6.948885911128855e-13, "precision": 0.9999998767501378, "prediction_time": 55.957477985354025, "qu": 5.423819171568312e-10, "recall": 0.9999999679340487, "size": 4233400, "time": 11.927780722072665, "weighted_avg": 4.959685807960167, "x6": 458.57051894165}, "mark": {"NY": 88.34270397169196, "TO": 0.9999531942246107, "U6": 1.275048637661147e-05, "VL": 646, "WG": 555, "accuracy": 0.9999997033457635, "auc": 0.9999980758505607, "avg_time": 1103.1482745593394, "benchmark": 3.5847588195861166, "distinct": 661, "errors": 423, "exp_cost": 271403, "f1-score": 0.9950156615011462, "falsepos": 8.642909969336365e-05, "fullscore": 0.9999999998188562, "gq": 1561.5777813271043, "index": 1.5347940744448512, "iz": 5.110561262402537, "l0": 137.13223590879943, "lo": 904.9615023429361, "loss": 6.889815384880649e-09, "lq": 0.9999999626586161, "meanscore": 0.9999999018318044, "n_docs": 154391452, "non_null": 3.90488495982666e-07, "pi": 63014055, "pr": 1508061, "precision": 0.9999974000011324, "prediction_time": 1247.5356499687189, "qu": 0.999999840510504, "recall": 0.9999985429940874, "size": 10430841, "time": 23.707961133940444, "weighted_avg": 5.153393788468485, "x6": 0.9998250011474394}, "train": {"NY": 116.64333707161057, "TO": 4.008262317212725, "U6": 0.9999999997065971, "VL": 1.1465509430763632e-07, "WG": 3.145475353537222, "accuracy": 0.9999999988253678, "auc": 0.9999999999999976, "avg_time": 467.6582401565955, "benchmark": 5.943573731777808, "distinct": 533, "entropy": 4.050450119929989, "errors": 621, "exp_cost": 452717, "f1-score": 0.9986569507884473, "falsepos": 7.909825526120073e-06, "fullscore": 0.9999145415890116, "gq": 0.9999999999999136, "index": 424.1539271274088, "iz": 6.530300336733995, "k6": 1.2291279105625108e-11, "l0": 0.9999999941447192, "lo": 218057220, "loss": 2.7049608108953294e-08, "lq": 511, "meanscore": 0.9999776102466879, "n_docs": 11921635, "non_null": 1.8933965506562345e-10, "pi": 9.017565378854897e-07, "pr": 451, "precision": 0.9999930286641497, "prediction_time": 1841.524995279889, "qu": 0.9999935840709573, "recall": 0.9134526915492536, "size": 3644975, "time": 324.45425484223927, "weighted_avg": 2.6737403621350215, "x6": 43.91364669915934}, "train_full": {"NY": 5.064486976326405, "TO": 474, "U6": 8.249793284953455e-06, "VL": 123.22975869840832, "WG": 6.070099700135091, "accuracy": 0.9999968226334506, "auc": 0.999999980131025, "avg_time": 427.56433547525023, "benchmark": 3.4346023391378706, "distinct": 398, "entropy": 4.016538619525621, "errors": 408, "exp_cost": 1834592281, "f1-score": 0.9999999999807767, "falsepos": 5.131759683862924e-09, "fullscore": 0.999960993469899, "gq": 6.138507598824246, "index": 67.77499446358907, "iz": 626, "k6": 0.8672870377174811, "l0": 57795, "lo": 0.00929069275299732, "loss": 2.9922162303464006e-08, "lq": 67.10819470447254, "meanscore": 0.9999999997870072, "n_docs": 301622655, "non_null": 0.0001608936839951891, "pi": 4.2642592479325e-06, "pr": 377.8317655969736, "precision": 0.9999999987394419, "recall": 0.9995581170817103, "size": 13486235841, "time": 53.57052473915024, "weighted_avg": 2.649819003283337, "x6": 3.3598655901679995}}