{"branch": {"NY": 765, "TO": 1995482053, "U6": 410, "VL": 6.159361909396921e-11, "WG": 1.0, "accuracy": 0.9999999908318661, "auc": 0.992913025519838, "avg_time": 3065.3903973496786, "benchmark": 3.7773371935621154, "distinct": 748, "entropy": 7.5801881266268145, "errors": 712, "exp_cost": 669422125, "f1-score": 0.999999999996626, "falsepos": 2.348121697082206e-13, "fullscore": 0.9999999985059689, "index": 899.0514931875799, "iz": 1196.2079390281087, "k6": 673.3823143560734, "l0": 2.609522317253976e-05, "lo": 7.752659820545648, "loss": 2.9965139314303e-07, "lq": 530, "meanscore": 0.9999982602693938, "n_docs": 6533352194, "non_null": 1.4420741267784365e-09, "pi": 8236.359974910301, "pr": 192.4624249707807, "precision": 1.0, "prediction_time": 666.9339995676637, "qu": 777.8047442899228, "recall": 0.9999982070910021, "size": 124997471039, "time": 401.0779518951312, "weighted_avg": 7.001731267538583, "x6": 3714981}, "brand": {"NY": 4.353596403459712, "TO": 8.992806499463768e-14, "U6": 0.9999898610857052, "VL": 263.79923516348845, "WG": 358, "accuracy": 0.9999999728071829, "auc": 0.9999999842338207, "avg_time": 294.7756567116554, "benchmark": 6.082002793593814, "distinct": 581, "entropy": 3.0602015842622903, "errors": 711, "exp_cost": 3363464117, "f1-score": 0.9999999999939508, "falsepos": 2.1863349153328215e-07, "fullscore": 0.9999999999996835, "gq": 12.712246987858512, "index": 535.8871685798351, "iz": 90341886641, "k6": 0.9999997199804911, "l0": 0.9999999999993162, "lo": 487, "loss": 9.948264434456178e-12, "lq": 3367792732, "meanscore": 0.9893421969782383, "n_docs": 189966190, "non_null": 3.3306690738754696e-16, "pi": 4.840219000208431, "pr": 7.651243908143634, "precision": 0.9999990992903971, "prediction_time": 185.05870068212886, "qu": 0.9999999999999888, "recall": 0.9999244935129594, "size": 772176968, "time": 472.58871453334643, "weighted_avg": 5.7318034576299715}, "classifier": {"NY": 4280080609, "TO": 24747795, "U6": 95149575260, "VL": 551.5555789914907, "WG": 2.996281434075598e-08, "accuracy": 0.9999620330470094, "auc": 0.9999999999999915, "avg_time": 1033.207608978859, "benchmark": 5.670996466715228, "distinct": 595, "entropy": 6.91620609106398, "errors": 680, "exp_cost": 2003767136522, "f1-score": 0.9994306632781776, "falsepos": 6.72714521345874e-05, "fullscore": 0.9999996747090178, "gq": 451.32957414522764, "index": 1232.2195342374569, "iz": 6.430351668972472, "k6": 1.313422640647488e-07, "l0": 0.9999999999999998, "lo": 633, "loss": 4.53859172466764e-13, "lq": 7167030, "meanscore": 0.9999999999962662, "n_docs": 4148771842, "non_null": 6.987982525963332e-09, "pi": 46.689437268875245, "pr": 0.0, "precision": 0.9999999998585752, "prediction_time": 172.60464467372532, "qu": 1.4210854715202004e-14, "recall": 0.999999999955089, "size": 53761409, "time": 25.093771790646624, "weighted_avg": 6.282412252136974, "x6": 1960.6251890658855}, "mark": {"NY": 301.3089960466072, "TO": 0.9999999737082734, "U6": 9.364311948090176e-08, "VL": 759, "WG": 694, "accuracy": 0.9999999999802043, "auc": 0.9999999886803717, "avg_time": 5422.967030789669, "benchmark": 4.837583684846413, "distinct": 807, "errors": 523, "exp_cost": 2844809, "f1-score": 0.9997745001632468, "falsepos": 4.231247458519327e-06, "fullscore": 0.9999999999999882, "gq": 6793.810764581287, "index": 3.4945117938469266, "iz": 6.022630226925311, "l0": 377.5794109799636, "lo": 4367.50629825181, "loss": 5.862976770742989e-12, "lq": 0.9999999999831404, "meanscore": 0.9999999998903291, "n_docs": 3489038346, "non_null": 3.958966487971338e-11, "pi": 1028942053, "pr": 11272055, "precision": 0.9999999996325536, "prediction_time": 3581.446748365658, "qu": 0.9999999982125622, "recall": 0.9999999924695447, "size": 224270924, "time": 101.1552727858699, "weighted_avg": 6.394484126812309, "x6": 0.999994512392261}, "train": {"NY": 366.7618861929326, "TO": 5.081924506491489, "U6": 0.999999999999998, "VL": 2.632027928939351e-11, "WG": 4.089969275876831, "accuracy": 0.9999999999997693, "auc": 1.0, "avg_time": 2397.694057945545, "benchmark": 7.049350109015279, "distinct": 657, "entropy": 4.892657162876187, "errors": 777, "exp_cost": 2654851, "f1-score": 0.9999751136939626, "falsepos": 5.3232676933134826e-08, "fullscore": 0.9999991356919583, "gq": 1.0, "index": 2271.789243169212, "iz": 8.026589965161735, "k6": 2.220446049250313e-16, "l0": 0.9999999999997713, "lo": 6579642880, "loss": 4.023004152031717e-12, "lq": 647, "meanscore": 0.9999999481642518, "n_docs": 142429099, "non_null": 2.220446049250313e-15, "pi": 9.065815431696933e-09, "pr": 546, "precision": 0.9999999894411602, "prediction_time": 9152.753235765977, "qu": 0.9999999504076409, "recall": 0.9753916507246505, "size": 55803015, "time": 1037.3475457841691, "weighted_avg": 3.5496598206504877, "x6": 142.0037894261249}, "train_full": {"NY": 6.390735762969434, "TO": 599, "U6": 9.929669775310401e-08, "VL": 310.0684622845849, "WG": 7.3610170819048575, "accuracy": 0.9999999937304822, "auc": 0.9999999999968597, "avg_time": 2052.2504981083507, "benchmark": 4.4115265492020965, "distinct": 532, "entropy": 5.275513823361715, "errors": 510, "exp_cost": 19228701603, "f1-score": 0.9999999999999979, "falsepos": 6.061817714453355e-14, "fullscore": 0.9999998822437111, "gq": 7.615493199826061, "index": 277.10986770279027, "iz": 744, "k6": 0.9668937368292037, "l0": 378053, "lo": 0.000780992778608991, "loss": 6.267319996311471e-12, "lq": 172.58907000464316, "meanscore": 0.9999999999999634, "n_docs": 8429446407, "non_null": 4.4172013835552804e-07, "pi": 2.6106570238937366e-09, "pr": 1421.5937770681094, "precision": 0.9999999999996688, "recall": 0.9999838783362274, "size": 284175170180, "time": 168.00902722958557, "weighted_avg": 3.6083402047841626, "x6": 4.092515762078248}}