{"branch": {"NY": 811, "TO": 4571551864, "U6": 432, "VL": 2.422839706639479e-12, "WG": 1.0, "accuracy": 0.999999998624148, "auc": 0.9960276691480234, "avg_time": 4893.596767896073, "benchmark": 4.163392067890575, "distinct": 805, "entropy": 8.111545637074897, "errors": 756, "exp_cost": 1642341005, "f1-score": 0.9999999999998822, "falsepos": 2.042810365310288e-14, "fullscore": 0.9999999997966003, "index": 1241.281357123246, "iz": 1484.216785643815, "k6": 845.5816737435516, "l0": 8.568149143517445e-06, "lo": 8.194245747414824, "loss": 9.940519341000709e-08, "lq": 566, "meanscore": 0.9999995950573298, "n_docs": 14527953711, "non_null": 9.993350591486205e-11, "pi": 12717.488529260334, "pr": 263.69235784646753, "precision": 1.0, "prediction_time": 789.7030775598389, "qu": 1196.917686183927, "recall": 0.9999997802932041, "size": 280864783224, "time": 539.7967653697515, "weighted_avg": 7.397361475391898, "x6": 8516608}, "brand": {"NY": 4.71543952147141, "TO": 4.218847493575595e-15, "U6": 0.9999947594914735, "VL": 371.623108284394, "WG": 384, "accuracy": 0.9999999952297891, "auc": 0.9999999972723861, "avg_time": 500.49776327223714, "benchmark": 6.353093909788983, "distinct": 622, "entropy": 3.2084969305838227, "errors": 750, "exp_cost": 9474171510, "f1-score": 0.9999999999996163, "falsepos": 6.191639090324941e-08, "fullscore": 0.9999999999999869, "gq": 16.481371218169855, "index": 894.7343180173192, "iz": 300642425527, "k6": 0.9999999758931514, "l0": 0.9999999999999882, "lo": 501, "loss": 4.226841099352896e-12, "lq": 9564719076, "meanscore": 0.993892324076986, "n_docs": 457784110, "non_null": 0.0, "pi": 5.467306130974014, "pr": 8.093713787311811, "precision": 0.9999997572986365, "prediction_time": 219.3962669020019, "qu": 0.9999999999999982, "recall": 0.9999840008499412, "size": 1721009293, "time": 679.8494140340304, "weighted_avg": 6.01807462187784}, "classifier": {"NY": 11941693560, "TO": 48591565, "U6": 285873176382, "VL": 785.112695792076, "WG": 3.5541624088253343e-09, "accuracy": 0.9999683938420659, "auc": 0.9999999999999996, "avg_time": 1206.4669809264096, "benchmark": 5.998414046629354, "distinct": 631, "entropy": 7.197486238126182, "errors": 721, "exp_cost": 7790306855227, "f1-score": 0.9995986174415024, "falsepos": 1.295954549840328e-05, "fullscore": 0.9999999791015324, "gq": 728.4988639394783, "index": 1317.5033004503662, "iz": 6.843069619553348, "k6": 3.451699570611311e-08, "l0": 1.0, "lo": 667, "loss": 1.7541523789077473e-14, "lq": 12305670, "meanscore": 0.999999999999828, "n_docs": 7035244532, "non_null": 1.5346235393565166e-09, "pi": 63.510856981609486, "pr": 0.0, "precision": 0.9999999999798261, "prediction_time": 246.5846805122801, "qu": 4.440892098500626e-16, "recall": 0.9999999999940739, "size": 94641319, "time": 36.990166674666405, "weighted_avg": 6.59024460789163, "x6": 2884.890149707655}, "mark": {"NY": 434.6250719482644, "TO": 0.9999999975408508, "U6": 1.3197996362457332e-08, "VL": 810, "WG": 739, "accuracy": 0.9999999999993581, "auc": 0.9999999977024406, "avg_time": 9639.903806921864, "benchmark": 4.9978169230351766, "distinct": 864, "errors": 555, "exp_cost": 6419996, "f1-score": 0.9999384312930708, "falsepos": 2.0621168486112396e-06, "fullscore": 0.9999999999999987, "gq": 10327.10195071461, "index": 4.536966038926438, "iz": 6.200349878213453, "l0": 648.2758304125823, "lo": 5673.8588799306235, "loss": 5.483391518623648e-13, "lq": 0.9999999999966087, "meanscore": 0.9999999999863622, "n_docs": 7151113880, "non_null": 3.3797409315639015e-12, "pi": 1629001011, "pr": 21722931, "precision": 0.9999999999242196, "prediction_time": 4992.720266898138, "qu": 0.9999999996492662, "recall": 0.9999999992225498, "size": 761985508, "time": 150.18918473679426, "weighted_avg": 6.812702619404044, "x6": 0.9999991058579264}, "train": {"NY": 495.25186801217626, "TO": 5.235781297623188, "U6": 1.0, "VL": 2.885469641000782e-12, "WG": 4.265564687929962, "accuracy": 0.9999999999999838, "auc": 1.0, "avg_time": 4368.38059147843, "benchmark": 7.289002372089694, "distinct": 694, "entropy": 5.125472085184163, "errors": 813, "exp_cost": 5338258, "f1-score": 0.9999952667413058, "falsepos": 1.7619825487535934e-08, "fullscore": 0.999999831044229, "gq": 1.0, "index": 2974.8779748489346, "iz": 8.355125263370294, "k6": 0.0, "l0": 0.9999999999999974, "lo": 17767471768, "loss": 1.41886502547095e-13, "lq": 685, "meanscore": 0.9999999813704983, "n_docs": 299267302, "non_null": 1.1102230246251565e-16, "pi": 1.4120906666192923e-09, "pr": 583, "precision": 0.9999999989572296, "prediction_time": 12876.899484262027, "qu": 0.9999999885967829, "recall": 0.9835293272599649, "size": 137355185, "time": 1610.8436274949051, "weighted_avg": 3.8320231970807574, "x6": 208.1299200537002}, "train_full": {"NY": 6.755866878505265, "TO": 646, "U6": 2.6141200981655288e-08, "VL": 463.14732497708167, "WG": 7.5361334144374155, "accuracy": 0.9999999987179973, "auc": 0.9999999999995622, "avg_time": 3065.1913871479205, "benchmark": 4.5553824387618045, "distinct": 552, "entropy": 5.706356968261656, "errors": 549, "exp_cost": 45036102172, "f1-score": 1.0, "falsepos": 4.440892098500626e-16, "fullscore": 0.9999999763006202, "gq": 7.93920021724617, "index": 406.3292636052473, "iz": 771, "k6": 0.9770325629699463, "l0": 713782, "lo": 0.00036356984711771734, "loss": 4.705125178361413e-13, "lq": 238.0350849039153, "meanscore": 0.9999999999999991, "n_docs": 24468916403, "non_null": 5.877794007069781e-08, "pi": 1.368395396994515e-10, "pr": 1996.471731419239, "precision": 0.9999999999999869, "recall": 0.9999953560969435, "size": 943069737774, "time": 226.09719729422721, "weighted_avg": 4.064241011890711, "x6": 4.392546992209205}}