{"branch": {"NY": 538, "TO": 43712497, "U6": 266, "VL": 2.221643115918326e-06, "WG": 0.9999999998969065, "accuracy": 0.9998743391471259, "auc": 0.9337605096930268, "avg_time": 305.5067759318736, "benchmark": 2.3286515199923783, "distinct": 528, "entropy": 5.306358591238249, "errors": 481, "exp_cost": 9949578, "f1-score": 0.999998848400538, "falsepos": 3.619458637249551e-07, "fullscore": 0.9999934710630474, "index": 156.3577197111389, "iz": 158.7035339135527, "k6": 121.31583151296871, "l0": 0.003783990926623737, "lo": 5.143101936724344, "loss": 0.0005600390114954834, "lq": 353, "meanscore": 0.9979088878275777, "n_docs": 134197907, "non_null": 7.066197529237428e-05, "pi": 830.5440298281723, "pr": 33.46939318145014, "precision": 0.9999999999731951, "prediction_time": 108.09096132110831, "qu": 145.5343022604178, "recall": 0.9997692491924387, "size": 963550691, "time": 76.43758204014017, "weighted_avg": 4.92697539838298, "x6": 135735}, "brand": {"NY": 2.584428877673221, "TO": 1.4514450197289364e-08, "U6": 0.9920466335024416, "VL": 44.062056360714614, "WG": 237, "accuracy": 0.9998304047440447, "auc": 0.9999685674087946, "avg_time": 26.754904380663284, "benchmark": 4.579830911364679, "distinct": 402, "entropy": 1.7102671276607224, "errors": 473, "exp_cost": 14627997, "f1-score": 0.9999999614173726, "falsepos": 0.0004260729307488109, "fullscore": 0.9999994535934533, "gq": 3.9254003116644167, "index": 54.71487347829445, "iz": 486405606, "k6": 0.9992560820435918, "l0": 0.9999999264658969, "lo": 357, "loss": 1.436804937249292e-07, "lq": 41523291, "meanscore": 0.9093105316647799, "n_docs": 2996089, "non_null": 1.4318267682611463e-09, "pi": 3.2002329813006285, "pr": 5.366816170827143, "precision": 0.9994832560816431, "prediction_time": 50.946952227372606, "qu": 0.9999999841645406, "recall": 0.9829411009483944, "size": 9378805, "time": 58.577676642274525, "weighted_avg": 3.5231635160123016}, "classifier": {"NY": 24018564, "TO": 1482791, "U6": 453691793, "VL": 89.88039114574421, "WG": 0.00025972948717289945, "accuracy": 0.998065061154563, "auc": 0.9999999933934747, "avg_time": 148.9701605485287, "benchmark": 3.827897268349031, "distinct": 414, "entropy": 5.130013578135683, "errors": 476, "exp_cost": 9412882010, "f1-score": 0.9786440242162566, "falsepos": 0.026577083587219885, "fullscore": 0.9997561181411732, "gq": 52.022229388494935, "index": 146.290238610541, "iz": 3.799938445460328, "k6": 0.0003419857890597511, "l0": 0.9999999998024285, "lo": 443, "loss": 1.117552179019654e-06, "lq": 149108, "meanscore": 0.9999993671282227, "n_docs": 49033600, "non_null": 2.3646125242415827e-05, "pi": 7.318533867477409, "pr": 3.1389646437673946e-10, "precision": 0.9999941123532896, "prediction_time": 31.23106107479909, "qu": 4.447636381410547e-08, "recall": 0.999999209087002, "size": 1133877, "time": 7.947967366998562, "weighted_avg": 4.349688108454216, "x6": 225.19198257083733}, "mark": {"NY": 46.35637923748726, "TO": 0.9987109423165165, "U6": 0.000439750225026847, "VL": 577, "WG": 475, "accuracy": 0.9999801178941672, "auc": 0.9999863989345831, "avg_time": 451.4728825396187, "benchmark": 2.921306184765384, "distinct": 570, "errors": 359, "exp_cost": 51875, "f1-score": 0.9781807852441614, "falsepos": 0.00030512385185521573, "fullscore": 0.9999999852086607, "gq": 587.9569154973192, "index": 0.9906857504059569, "iz": 4.61148989752632, "l0": 71.94413926862346, "lo": 416.81999249669246, "loss": 4.192675164826909e-07, "lq": 0.9999990359890095, "meanscore": 0.999998603152561, "n_docs": 21293229, "non_null": 2.358237766797444e-05, "pi": 11879259, "pr": 419125, "precision": 0.999876349349406, "prediction_time": 661.4425708042637, "qu": 0.9999981634978921, "recall": 0.9999872733646297, "size": 1267833, "time": 12.169633590627475, "weighted_avg": 4.533703516699512, "x6": 0.9989599743626612}, "train": {"NY": 60.38735270655616, "TO": 3.3672908314887042, "U6": 0.9999998186825034, "VL": 7.854482539926266e-06, "WG": 2.5851272134643284, "accuracy": 0.9999999190730147, "auc": 0.9999999999974061, "avg_time": 196.93203161224875, "benchmark": 5.205532547923932, "distinct": 474, "entropy": 3.4068645101919635, "errors": 524, "exp_cost": 59801, "f1-score": 0.98982790682476, "falsepos": 8.899977203025156e-05, "fullscore": 0.9991451975946894, "gq": 0.9999999999724333, "index": 259.70049517653246, "iz": 5.623482935677257, "k6": 4.05961819716083e-09, "l0": 0.9999987843210303, "lo": 31556287, "loss": 4.00503431241539e-06, "lq": 438, "meanscore": 0.999872976789445, "n_docs": 2470023, "non_null": 3.158669747982401e-08, "pi": 7.30242248958568e-06, "pr": 393, "precision": 0.9998753691064527, "prediction_time": 853.3951756939177, "qu": 0.9999120410002816, "recall": 0.8348394460612637, "size": 671600, "time": 182.08516138031575, "weighted_avg": 2.3221047320630928, "x6": 21.467776566577648}, "train_full": {"NY": 4.264714394684228, "TO": 387, "U6": 7.668087793910594e-05, "VL": 70.88491996457093, "WG": 5.305316213871307, "accuracy": 0.999961951330853, "auc": 0.9999994256046564, "avg_time": 179.61292878381266, "benchmark": 2.8276498959042597, "distinct": 328, "entropy": 3.3604427748633237, "errors": 348, "exp_cost": 337337050, "f1-score": 0.9999999990385101, "falsepos": 1.0773044616385619e-06, "fullscore": 0.9997765340901811, "gq": 5.386292864231422, "index": 30.400229425695873, "iz": 551, "k6": 0.7724755510674646, "l0": 19654, "lo": 0.029523386263817453, "loss": 1.512759512656281e-06, "lq": 41.27339898288586, "meanscore": 0.9999999799716957, "n_docs": 46567358, "non_null": 0.001331317735456361, "pi": 5.410874182043557e-05, "pr": 172.41184387099122, "precision": 0.9999998914761745, "recall": 0.9979753932189298, "size": 1960301490, "time": 29.57247122688971, "weighted_avg": 1.9805091847626541, "x6": 2.793091573422696}}