{"branch": {"NY": 759, "TO": 1873930011, "U6": 408, "VL": 1.3418788302743678e-10, "WG": 1.0, "accuracy": 0.9999999840407493, "auc": 0.9936872271949123, "avg_time": 2773.7873556604736, "benchmark": 3.8320120117576337, "distinct": 743, "entropy": 7.6082427270711355, "errors": 704, "exp_cost": 695143723, "f1-score": 0.9999999999956956, "falsepos": 5.825340210208196e-13, "fullscore": 0.9999999985509691, "index": 895.946152860383, "iz": 1033.989776120259, "k6": 702.880390771273, "l0": 4.592169913286703e-05, "lo": 7.723713475644529, "loss": 7.367349449394212e-07, "lq": 531, "meanscore": 0.9999980759813043, "n_docs": 5630225293, "non_null": 2.022172207460926e-09, "pi": 8102.257159869876, "pr": 191.16741885374805, "precision": 1.0, "prediction_time": 594.4172523793497, "qu": 836.9744966785456, "recall": 0.9999987852372416, "size": 121084827584, "time": 368.743923732733, "weighted_avg": 6.946289396738795, "x6": 3285751}, "brand": {"NY": 4.313985273813228, "TO": 8.448797217397441e-14, "U6": 0.9999785479279155, "VL": 289.70887138332097, "WG": 355, "accuracy": 0.9999999677302642, "auc": 0.999999982556797, "avg_time": 267.93983209231834, "benchmark": 6.088571216510051, "distinct": 567, "entropy": 3.092200148963678, "errors": 701, "exp_cost": 2532176628, "f1-score": 0.999999999988179, "falsepos": 2.8870544044323765e-07, "fullscore": 0.9999999999994886, "gq": 11.883140686041148, "index": 620.6185004743845, "iz": 84887333786, "k6": 0.9999996134094402, "l0": 0.9999999999993494, "lo": 481, "loss": 2.6252777729496302e-11, "lq": 2707651185, "meanscore": 0.9916589538470212, "n_docs": 143844319, "non_null": 5.551115123125783e-16, "pi": 4.823996262223885, "pr": 7.594093406439011, "precision": 0.9999987657996194, "prediction_time": 161.11909701176106, "qu": 0.999999999999978, "recall": 0.9999311008249118, "size": 704510941, "time": 429.3166167581176, "weighted_avg": 5.684070840967357}, "classifier": {"NY": 3244668705, "TO": 28764605, "U6": 96549059643, "VL": 538.851380424214, "WG": 4.621160365481103e-08, "accuracy": 0.9999413865022018, "auc": 0.9999999999999867, "avg_time": 842.5646068330534, "benchmark": 5.5893184677910055, "distinct": 591, "entropy": 6.8934097345193175, "errors": 689, "exp_cost": 1718564219928, "f1-score": 0.9990392155301642, "falsepos": 8.478052260374458e-05, "fullscore": 0.9999994065264379, "gq": 437.2697569243918, "index": 1156.6433596236554, "iz": 6.385085968016636, "k6": 1.6904895683289567e-07, "l0": 0.9999999999999993, "lo": 626, "loss": 1.0091927293842673e-12, "lq": 5878178, "meanscore": 0.9999999999938118, "n_docs": 4033900916, "non_null": 1.841678010094938e-08, "pi": 42.825917434958626, "pr": 0.0, "precision": 0.9999999998466482, "prediction_time": 180.04137875057853, "qu": 2.4091839634365897e-14, "recall": 0.9999999999655432, "size": 44798855, "time": 25.90653565071822, "weighted_avg": 6.169486487797655, "x6": 1860.98088257179}, "mark": {"NY": 284.2446856448195, "TO": 0.9999999606004754, "U6": 3.924007330180501e-08, "VL": 758, "WG": 698, "accuracy": 0.9999999999789503, "auc": 0.9999999764786899, "avg_time": 4958.584151506497, "benchmark": 4.697896418646064, "distinct": 795, "errors": 520, "exp_cost": 2626668, "f1-score": 0.9997633832066977, "falsepos": 3.8650854290445125e-06, "fullscore": 0.9999999999999762, "gq": 6117.6982292158455, "index": 3.4293354095153896, "iz": 5.990630576665642, "l0": 376.76316871983306, "lo": 4098.8986569210965, "loss": 1.3237189122605741e-11, "lq": 0.9999999999694333, "meanscore": 0.9999999998627677, "n_docs": 2271897507, "non_null": 8.418832297962808e-11, "pi": 797372925, "pr": 10715197, "precision": 0.9999999991337274, "prediction_time": 3510.0534401308155, "qu": 0.9999999977682038, "recall": 0.999999984038895, "size": 217759636, "time": 92.4761092418479, "weighted_avg": 6.348180112862301, "x6": 0.9999912008281135}, "train": {"NY": 339.21306005606993, "TO": 5.053491404364939, "U6": 0.9999999999999951, "VL": 8.724276856497681e-11, "WG": 3.9767910544661147, "accuracy": 0.9999999999988859, "auc": 1.0, "avg_time": 2213.439758273696, "benchmark": 7.038616012984919, "distinct": 654, "entropy": 4.862006267533521, "errors": 776, "exp_cost": 2697650, "f1-score": 0.9999699914793797, "falsepos": 6.760417625706339e-08, "fullscore": 0.9999992267984046, "gq": 1.0, "index": 1895.6396301902475, "iz": 7.915782143307161, "k6": 5.551115123125783e-16, "l0": 0.9999999999996481, "lo": 5210228442, "loss": 7.709166638392162e-12, "lq": 651, "meanscore": 0.9999997743413542, "n_docs": 132714144, "non_null": 5.218048215738236e-15, "pi": 8.681234842100594e-09, "pr": 548, "precision": 0.9999999845607882, "prediction_time": 8712.78641524716, "qu": 0.9999999511233094, "recall": 0.9721905726926946, "size": 48946520, "time": 1015.6656964641154, "weighted_avg": 3.606730162186251, "x6": 135.31874857275176}, "train_full": {"NY": 6.32041735387583, "TO": 595, "U6": 1.251596979390257e-07, "VL": 311.1309389635436, "WG": 7.317190944440777, "accuracy": 0.9999999904991197, "auc": 0.999999999994074, "avg_time": 1769.7605911842727, "benchmark": 4.300557598224234, "distinct": 520, "entropy": 5.270815018228635, "errors": 508, "exp_cost": 18860169616, "f1-score": 0.9999999999999962, "falsepos": 3.552713678800501e-14, "fullscore": 0.9999997676272089, "gq": 7.483457530618306, "index": 277.6978154185167, "iz": 745, "k6": 0.9555605731747614, "l0": 329212, "lo": 0.0008424842722516424, "loss": 7.491340880960706e-12, "lq": 176.84145461435514, "meanscore": 0.9999999999999578, "n_docs": 7422812146, "non_null": 7.397715060530885e-07, "pi": 2.7763434884420235e-09, "pr": 1374.8193001205082, "precision": 0.9999999999997, "recall": 0.9999834165226055, "size": 306180649424, "time": 156.24340370462363, "weighted_avg": 3.71150558365138, "x6": 4.193232019798713}}