{"branch": {"NY": 637, "TO": 178019362, "U6": 315, "VL": 1.031872227663655e-07, "WG": 0.9999999999997706, "accuracy": 0.9999945123867764, "auc": 0.9680582380000675, "avg_time": 750.4563206399062, "benchmark": 2.8296966769991676, "distinct": 612, "entropy": 6.2040009792484625, "errors": 581, "exp_cost": 51287253, "f1-score": 0.9999999747453996, "falsepos": 2.319365588476785e-09, "fullscore": 0.9999995141507307, "index": 315.8962823312463, "iz": 310.6958296123587, "k6": 274.5900926565019, "l0": 0.0008761833628956328, "lo": 6.178623235869945, "loss": 6.277371792151598e-05, "lq": 425, "meanscore": 0.9998348889585087, "n_docs": 586353810, "non_null": 2.961041819959931e-06, "pi": 1851.441594478036, "pr": 66.26612743984796, "precision": 0.999999999999974, "prediction_time": 173.9391326600348, "qu": 252.52789418147543, "recall": 0.9999595231306664, "size": 5531756287, "time": 140.01019864911447, "weighted_avg": 5.62278408234271, "x6": 427035}, "brand": {"NY": 3.1191050799339664, "TO": 2.3125690251646347e-10, "U6": 0.9990048145259198, "VL": 102.18536899945548, "WG": 289, "accuracy": 0.9999927727363087, "auc": 0.9999976824322726, "avg_time": 66.57958740052818, "benchmark": 5.1827024422643575, "distinct": 483, "entropy": 2.1980458189491916, "errors": 570, "exp_cost": 116046556, "f1-score": 0.999999999336448, "falsepos": 4.337782704988413e-05, "fullscore": 0.9999999955377297, "gq": 6.508376808210946, "index": 140.64961031156554, "iz": 5081445919, "k6": 0.9999122285055148, "l0": 0.9999999988193998, "lo": 403, "loss": 1.327768162084908e-08, "lq": 232097209, "meanscore": 0.9494646992261639, "n_docs": 12829696, "non_null": 5.6987747854009285e-12, "pi": 3.979010403003827, "pr": 6.176663851106, "precision": 0.9999287540317385, "prediction_time": 77.34675369384745, "qu": 0.9999999995198211, "recall": 0.9964747118095114, "size": 40653017, "time": 125.9609581987592, "weighted_avg": 4.272181649124311}, "classifier": {"NY": 189685466, "TO": 4064704, "U6": 4062393535, "VL": 188.63651835797282, "WG": 1.4889124576811241e-05, "accuracy": 0.9996656052945049, "auc": 0.99999999992085, "avg_time": 241.3460945122382, "benchmark": 4.537797991804363, "distinct": 487, "entropy": 5.909352396718552, "errors": 554, "exp_cost": 58329228116, "f1-score": 0.9915095559219496, "falsepos": 0.002893091761249411, "fullscore": 0.9999716944165038, "gq": 116.80252618048246, "index": 329.2887436857192, "iz": 4.722655059887982, "k6": 3.513602780802483e-05, "l0": 0.9999999999987934, "lo": 506, "loss": 7.94292864814139e-09, "lq": 681834, "meanscore": 0.9999999893646655, "n_docs": 296660869, "non_null": 2.8674378940163336e-06, "pi": 16.29375896842988, "pr": 5.500044863993026e-13, "precision": 0.9999998378151094, "prediction_time": 66.57107505471154, "qu": 4.873783598924319e-10, "recall": 0.9999999855418534, "size": 4935389, "time": 12.189202083064629, "weighted_avg": 4.996242691654977, "x6": 474.4063960473795}, "mark": {"NY": 92.21410200530362, "TO": 0.99996518452234, "U6": 8.48400019481943e-06, "VL": 649, "WG": 562, "accuracy": 0.9999996939220319, "auc": 0.9999986073153652, "avg_time": 1194.545803279271, "benchmark": 3.56639399789588, "distinct": 670, "errors": 427, "exp_cost": 280656, "f1-score": 0.9962296110340965, "falsepos": 0.00010124736245975541, "fullscore": 0.9999999998237286, "gq": 1516.9376582101677, "index": 1.5292711934773124, "iz": 5.129305666813715, "l0": 162.36640887393852, "lo": 920.9306084363488, "loss": 1.2860312592621881e-08, "lq": 0.9999999743237661, "meanscore": 0.9999998916886743, "n_docs": 174161801, "non_null": 2.364509288366179e-07, "pi": 69554764, "pr": 1693275, "precision": 0.9999980774549782, "prediction_time": 1232.7511880440784, "qu": 0.9999998609358505, "recall": 0.9999981926025296, "size": 12128879, "time": 26.96572687488724, "weighted_avg": 5.177096280075286, "x6": 0.9998875431539919}, "train": {"NY": 120.8753543514242, "TO": 3.9650510053023327, "U6": 0.9999999997670902, "VL": 8.652077720938678e-08, "WG": 3.178992394234582, "accuracy": 0.9999999987583595, "auc": 0.9999999999999978, "avg_time": 455.4482922249049, "benchmark": 6.031781774462178, "distinct": 543, "entropy": 4.097581439832954, "errors": 620, "exp_cost": 353218, "f1-score": 0.9988578222021051, "falsepos": 7.690326071840836e-06, "fullscore": 0.9999240465236996, "gq": 0.999999999999976, "index": 468.04477492620396, "iz": 6.568928360556224, "k6": 1.2376766278521245e-11, "l0": 0.9999999963415649, "lo": 268402643, "loss": 3.99081275803681e-08, "lq": 518, "meanscore": 0.999988225096004, "n_docs": 11754329, "non_null": 1.441697872195391e-10, "pi": 8.303607514914546e-07, "pr": 463, "precision": 0.9999942709410965, "prediction_time": 2126.4300260030664, "qu": 0.999992767064468, "recall": 0.9163715420993059, "size": 3593822, "time": 332.29298475159385, "weighted_avg": 2.670135421335325, "x6": 44.03789975981689}, "train_full": {"NY": 5.0662595954763265, "TO": 463, "U6": 5.280075246583138e-06, "VL": 129.416337843668, "WG": 6.123083506314688, "accuracy": 0.9999973938792067, "auc": 0.9999999811165833, "avg_time": 447.81275065078364, "benchmark": 3.4492970451418454, "distinct": 404, "entropy": 4.057754258149161, "errors": 413, "exp_cost": 1787336938, "f1-score": 0.9999999999854865, "falsepos": 3.369983403445076e-09, "fullscore": 0.9999653912492593, "gq": 6.142752102650137, "index": 67.36683587041253, "iz": 621, "k6": 0.8708791825837562, "l0": 63037, "lo": 0.008835990344411848, "loss": 1.7900812165905222e-08, "lq": 67.00547991296011, "meanscore": 0.9999999998487867, "n_docs": 325822446, "non_null": 9.263597801689727e-05, "pi": 2.9343396629188945e-06, "pr": 391.37449180833835, "precision": 0.9999999983474243, "recall": 0.9996131977710077, "size": 12423950819, "time": 54.51583941919407, "weighted_avg": 2.5981851160642955, "x6": 3.4520072159435906}}