{"branch": {"NY": 800, "TO": 3196756532, "U6": 416, "VL": 8.40105762733856e-12, "WG": 1.0, "accuracy": 0.9999999914996611, "auc": 0.9952996292639117, "avg_time": 4113.241072273788, "benchmark": 3.8205175151044717, "distinct": 775, "entropy": 7.9874267243891275, "errors": 753, "exp_cost": 1161573927, "f1-score": 0.9999999999984622, "falsepos": 8.892886427247504e-14, "fullscore": 0.9999999995080625, "index": 1123.626346056457, "iz": 1331.7355220836353, "k6": 791.7902551435744, "l0": 2.4280470248383423e-05, "lo": 8.006949068226094, "loss": 1.3954413224936957e-07, "lq": 550, "meanscore": 0.999999345126316, "n_docs": 9195987777, "non_null": 6.249665229773882e-10, "pi": 9039.075991040196, "pr": 252.30275556350296, "precision": 1.0, "prediction_time": 602.7588805939764, "qu": 982.0486292823722, "recall": 0.9999994735114075, "size": 138704181526, "time": 493.5606482938896, "weighted_avg": 7.30020593648882, "x6": 6429593}, "brand": {"NY": 4.552173676237147, "TO": 1.5987211554602254e-14, "U6": 0.9999843912862628, "VL": 380.15936584042214, "WG": 367, "accuracy": 0.9999999906517513, "auc": 0.9999999939395063, "avg_time": 384.8956972795127, "benchmark": 6.2849520607107765, "distinct": 601, "entropy": 3.094592851403223, "errors": 727, "exp_cost": 5846567750, "f1-score": 0.9999999999990213, "falsepos": 2.1926877502576048e-07, "fullscore": 0.9999999999998828, "gq": 14.486503255859581, "index": 670.4276899583955, "iz": 185395501750, "k6": 0.9999998984939515, "l0": 0.99999999999996, "lo": 497, "loss": 1.9126922268242197e-11, "lq": 5328838576, "meanscore": 0.9928153995994324, "n_docs": 282574743, "non_null": 1.1102230246251565e-16, "pi": 5.331431503020771, "pr": 7.95305928185577, "precision": 0.9999995430403154, "prediction_time": 185.07097393144164, "qu": 0.999999999999992, "recall": 0.9999591894377021, "size": 838675084, "time": 612.6296070461373, "weighted_avg": 5.9214340603193545}, "classifier": {"NY": 7588992317, "TO": 37099830, "U6": 200464943131, "VL": 690.3645641889386, "WG": 1.1406369404554084e-08, "accuracy": 0.9999603272021936, "auc": 0.9999999999999971, "avg_time": 982.36934652073, "benchmark": 5.832411517386688, "distinct": 615, "entropy": 7.146364074029539, "errors": 715, "exp_cost": 4971745219531, "f1-score": 0.9996766353783659, "falsepos": 2.2648002180325477e-05, "fullscore": 0.9999999370387618, "gq": 543.9639934828706, "index": 1133.6239856662764, "iz": 6.659841659859934, "k6": 9.655198807134724e-08, "l0": 0.9999999999999999, "lo": 642, "loss": 5.029310301551959e-14, "lq": 9538141, "meanscore": 0.9999999999989455, "n_docs": 4401984322, "non_null": 2.712907010149479e-09, "pi": 56.422884088186215, "pr": 0.0, "precision": 0.9999999999474705, "prediction_time": 234.30452363654032, "qu": 2.6645352591003757e-15, "recall": 0.9999999999857851, "size": 66064162, "time": 27.53670464614205, "weighted_avg": 6.480079006990372, "x6": 2273.5763951032704}, "mark": {"NY": 356.9588108292605, "TO": 0.9999999822935971, "U6": 1.237721014568649e-08, "VL": 802, "WG": 731, "accuracy": 0.9999999999957028, "auc": 0.9999999953980873, "avg_time": 6850.569055053735, "benchmark": 4.623276112801012, "distinct": 839, "errors": 540, "exp_cost": 4460330, "f1-score": 0.9999070008950424, "falsepos": 1.1451675598905808e-06, "fullscore": 0.9999999999999939, "gq": 8205.818034284492, "index": 4.224855864959883, "iz": 6.07265444055629, "l0": 515.7098856848148, "lo": 4738.914739217518, "loss": 1.113997782908882e-12, "lq": 0.9999999999893954, "meanscore": 0.9999999998722874, "n_docs": 3950893645, "non_null": 7.102873844644364e-12, "pi": 1237740008, "pr": 13632188, "precision": 0.9999999996687102, "prediction_time": 4682.439394378941, "qu": 0.9999999988864168, "recall": 0.9999999952594082, "size": 284157531, "time": 94.60003964336154, "weighted_avg": 6.529082486437707, "x6": 0.9999978304400428}, "train": {"NY": 415.66157001665687, "TO": 5.090421651586236, "U6": 0.9999999999999999, "VL": 1.9878099166703578e-11, "WG": 4.190098106366742, "accuracy": 0.9999999999998814, "auc": 1.0, "avg_time": 3855.482044827939, "benchmark": 6.927353316075966, "distinct": 679, "entropy": 4.911634412134899, "errors": 794, "exp_cost": 5300848, "f1-score": 0.9999871975808037, "falsepos": 3.214982957633339e-08, "fullscore": 0.9999997326024725, "gq": 1.0, "index": 2435.73837287256, "iz": 8.220989117079894, "k6": 1.1102230246251565e-16, "l0": 0.9999999999999626, "lo": 10182815306, "loss": 4.74953409934642e-13, "lq": 667, "meanscore": 0.9999999174274985, "n_docs": 210178230, "non_null": 2.220446049250313e-16, "pi": 1.6571344296778534e-09, "pr": 571, "precision": 0.999999996298052, "prediction_time": 9519.704496615486, "qu": 0.9999999763653729, "recall": 0.9793821698491744, "size": 92054900, "time": 1172.7181280544444, "weighted_avg": 3.871105491276288, "x6": 181.15050630828694}, "train_full": {"NY": 6.51270993204712, "TO": 639, "U6": 7.2218238722499e-08, "VL": 375.456974396412, "WG": 7.397425152373533, "accuracy": 0.9999999973669526, "auc": 0.9999999999986335, "avg_time": 2223.657104514631, "benchmark": 4.530471564930527, "distinct": 534, "entropy": 5.639143429027029, "errors": 534, "exp_cost": 27100200368, "f1-score": 0.9999999999999999, "falsepos": 9.103828801926284e-15, "fullscore": 0.9999999406566864, "gq": 7.780140826173812, "index": 325.06232768563, "iz": 760, "k6": 0.9643469659715282, "l0": 493941, "lo": 0.0005337212483690346, "loss": 8.124612094206896e-13, "lq": 201.53726807264135, "meanscore": 0.999999999999996, "n_docs": 14931125539, "non_null": 2.562541927542128e-07, "pi": 1.0186660404087888e-09, "pr": 1648.2104918516225, "precision": 0.9999999999999485, "recall": 0.9999866686008387, "size": 714441494173, "time": 185.23548873145998, "weighted_avg": 3.9182517048745926, "x6": 4.31049361127692}}