{"branch": {"NY": 812, "TO": 3340559938, "U6": 426, "VL": 9.849454585264539e-12, "WG": 1.0, "accuracy": 0.9999999975625732, "auc": 0.995541261959747, "avg_time": 4509.7846828601605, "benchmark": 4.006419172611562, "distinct": 792, "entropy": 7.984110492327967, "errors": 760, "exp_cost": 1372552702, "f1-score": 0.9999999999995293, "falsepos": 5.4289905904170155e-14, "fullscore": 0.999999999578492, "index": 1199.4796111810028, "iz": 1318.5797335231325, "k6": 914.4555321961664, "l0": 1.2599675611402184e-05, "lo": 8.112583796460415, "loss": 1.8771442156229057e-07, "lq": 562, "meanscore": 0.9999996646986493, "n_docs": 12322504763, "non_null": 2.4657231811886504e-10, "pi": 11016.737047563927, "pr": 286.63489765741707, "precision": 1.0, "prediction_time": 768.4863809098985, "qu": 1182.2292275054735, "recall": 0.9999997696345492, "size": 221166996114, "time": 511.4887257185496, "weighted_avg": 7.363717922268727, "x6": 5195305}, "brand": {"NY": 4.777326419809687, "TO": 8.992806499463768e-15, "U6": 0.9999902985934508, "VL": 381.9646097398865, "WG": 381, "accuracy": 0.9999999945643339, "auc": 0.9999999950248069, "avg_time": 460.2830905467611, "benchmark": 6.29794986104675, "distinct": 605, "entropy": 3.3252833846617644, "errors": 742, "exp_cost": 6715810563, "f1-score": 0.9999999999983474, "falsepos": 1.5889942850400018e-07, "fullscore": 0.9999999999999654, "gq": 14.426386523217229, "index": 879.3566091477913, "iz": 295664497497, "k6": 0.9999999376335003, "l0": 0.9999999999999543, "lo": 502, "loss": 7.663869538987456e-12, "lq": 6071053799, "meanscore": 0.9949289359447719, "n_docs": 390796550, "non_null": 0.0, "pi": 5.24480967116942, "pr": 8.115363116972203, "precision": 0.9999997042458052, "prediction_time": 222.89788106280054, "qu": 0.9999999999999938, "recall": 0.9999769128678221, "size": 1277881873, "time": 622.1926945046898, "weighted_avg": 6.075357030325202}, "classifier": {"NY": 8761387449, "TO": 42493796, "U6": 228452498601, "VL": 808.015093549557, "WG": 5.691118798445416e-09, "accuracy": 0.9999562045831112, "auc": 0.999999999999999, "avg_time": 1047.5182152939726, "benchmark": 5.890686617422943, "distinct": 623, "entropy": 7.2783702565865935, "errors": 729, "exp_cost": 6425300299232, "f1-score": 0.999597696877451, "falsepos": 1.4971215270276339e-05, "fullscore": 0.9999999562556898, "gq": 648.9792049516556, "index": 1170.619085799989, "iz": 6.886538621695834, "k6": 4.331468983487241e-08, "l0": 1.0, "lo": 661, "loss": 2.5979218776228663e-14, "lq": 12877731, "meanscore": 0.9999999999995779, "n_docs": 6162530078, "non_null": 2.460811332483104e-09, "pi": 58.43830843076656, "pr": 0.0, "precision": 0.9999999999547733, "prediction_time": 214.386241446296, "qu": 7.771561172376096e-16, "recall": 0.9999999999950195, "size": 89195205, "time": 31.657049232630744, "weighted_avg": 6.549046830533256, "x6": 2697.0907560071873}, "mark": {"NY": 404.91556813903685, "TO": 0.9999999920111018, "U6": 1.227464463404715e-08, "VL": 803, "WG": 741, "accuracy": 0.9999999999974909, "auc": 0.9999999973632439, "avg_time": 8264.424106779114, "benchmark": 4.901541125489794, "distinct": 848, "errors": 553, "exp_cost": 6384558, "f1-score": 0.9999530896464768, "falsepos": 1.4392130057716557e-06, "fullscore": 0.9999999999999987, "gq": 8956.18315413392, "index": 4.763772853210727, "iz": 6.1385943776030025, "l0": 477.4368315550121, "lo": 5307.287183791219, "loss": 4.966027589148325e-13, "lq": 0.999999999993245, "meanscore": 0.9999999999552591, "n_docs": 6151311578, "non_null": 3.760214362102943e-12, "pi": 1438418078, "pr": 18180297, "precision": 0.9999999998727568, "prediction_time": 5169.904079039402, "qu": 0.9999999993634505, "recall": 0.9999999972655041, "size": 502131730, "time": 132.6945548686952, "weighted_avg": 6.694605191615481, "x6": 0.9999973347855727}, "train": {"NY": 461.38333409914407, "TO": 5.244105851632567, "U6": 1.0, "VL": 5.331513008854927e-12, "WG": 4.234302789511174, "accuracy": 0.9999999999999346, "auc": 1.0, "avg_time": 4022.684985997541, "benchmark": 7.213082713746747, "distinct": 697, "entropy": 5.000070160803364, "errors": 818, "exp_cost": 4990056, "f1-score": 0.9999931574628884, "falsepos": 1.7269697338839762e-08, "fullscore": 0.9999997731236135, "gq": 1.0, "index": 2380.28606726329, "iz": 8.260164288511008, "k6": 0.0, "l0": 0.9999999999999951, "lo": 13522296720, "loss": 2.8821389719269064e-13, "lq": 668, "meanscore": 0.9999999887649744, "n_docs": 261356846, "non_null": 1.1102230246251565e-16, "pi": 9.087222085923941e-10, "pr": 572, "precision": 0.999999998278746, "prediction_time": 13502.453321560415, "qu": 0.9999999902243882, "recall": 0.979712570993166, "size": 111550064, "time": 1437.7652277423306, "weighted_avg": 3.861170417302251, "x6": 198.71446194485222}, "train_full": {"NY": 6.675266316503387, "TO": 645, "U6": 2.1759898771733788e-08, "VL": 435.2773121294288, "WG": 7.505332826909141, "accuracy": 0.9999999986325324, "auc": 0.9999999999991797, "avg_time": 2581.6074276597387, "benchmark": 4.561368309500904, "distinct": 552, "entropy": 5.6253977901760335, "errors": 537, "exp_cost": 41510850472, "f1-score": 0.9999999999999999, "falsepos": 2.6645352591003757e-15, "fullscore": 0.9999999673826505, "gq": 7.937475131987631, "index": 337.62015813813923, "iz": 780, "k6": 0.9738517970743352, "l0": 593238, "lo": 0.000379984186460236, "loss": 5.074829445561591e-13, "lq": 219.92640202026794, "meanscore": 0.9999999999999983, "n_docs": 21266411868, "non_null": 5.9133660745835925e-08, "pi": 1.952933370574783e-10, "pr": 1963.9306625169622, "precision": 0.999999999999923, "recall": 0.9999929539780956, "size": 874435017509, "time": 200.16330958112445, "weighted_avg": 3.9194049343091826, "x6": 4.402353321527924}}