{"branch": {"NY": 701, "TO": 571986622, "U6": 362, "VL": 2.1762475155284733e-09, "WG": 0.9999999999999984, "accuracy": 0.999999205092346, "auc": 0.9823832651632973, "avg_time": 1502.6780788057008, "benchmark": 3.4055339652880394, "distinct": 683, "entropy": 6.907554716140776, "errors": 653, "exp_cost": 169370779, "f1-score": 0.9999999995981113, "falsepos": 3.5858871427763006e-11, "fullscore": 0.9999999675489313, "index": 528.589761717262, "iz": 614.4398038131092, "k6": 390.338827940493, "l0": 0.0002827067081250245, "lo": 6.945838782616702, "loss": 7.471374190770597e-06, "lq": 471, "meanscore": 0.999972827119846, "n_docs": 1845883155, "non_null": 8.592644484828327e-08, "pi": 3611.6692564180566, "pr": 126.08860051481676, "precision": 1.0, "prediction_time": 327.2154884440303, "qu": 457.5885140574924, "recall": 0.9999897546875055, "size": 22689223921, "time": 227.13174057199515, "weighted_avg": 6.3989819019346825, "x6": 1461970}, "brand": {"NY": 3.814222385824705, "TO": 4.474198789239381e-12, "U6": 0.9998510677735807, "VL": 191.82075806414156, "WG": 318, "accuracy": 0.9999993317693252, "auc": 0.9999998426882242, "avg_time": 146.12743806840032, "benchmark": 5.6669376406984, "distinct": 535, "entropy": 2.7438682440648168, "errors": 628, "exp_cost": 581563651, "f1-score": 0.9999999999254405, "falsepos": 3.862493434314551e-06, "fullscore": 0.9999999999312572, "gq": 8.563952466035792, "index": 294.39241242871685, "iz": 21320315460, "k6": 0.9999936233211923, "l0": 0.9999999999502067, "lo": 444, "loss": 4.907332318282442e-10, "lq": 808969688, "meanscore": 0.9781328138094896, "n_docs": 51967651, "non_null": 4.973799150320701e-14, "pi": 4.409632192912214, "pr": 6.991179007416386, "precision": 0.9999902372186121, "prediction_time": 109.3133129998532, "qu": 0.9999999999964755, "recall": 0.9992328107736321, "size": 166612696, "time": 238.54406236118194, "weighted_avg": 4.9713082800890405}, "classifier": {"NY": 855053499, "TO": 8567679, "U6": 20442598607, "VL": 329.919562947303, "WG": 1.1329499562950929e-06, "accuracy": 0.9998191665181599, "auc": 0.9999999999989576, "avg_time": 507.3187062587645, "benchmark": 5.054336417036381, "distinct": 542, "entropy": 6.297709285746216, "errors": 628, "exp_cost": 418384362484, "f1-score": 0.9979886309867311, "falsepos": 0.0004660941113273642, "fullscore": 0.9999945934610505, "gq": 229.71579063213565, "index": 643.9776988519609, "iz": 5.488899772251415, "k6": 2.9170020848789946e-06, "l0": 0.9999999999999771, "lo": 575, "loss": 8.781775306943018e-11, "lq": 2122095, "meanscore": 0.9999999997508213, "n_docs": 704897954, "non_null": 9.48565366254428e-08, "pi": 29.19936092480193, "pr": 1.5543122344752192e-15, "precision": 0.9999999905311256, "prediction_time": 111.0698052517333, "qu": 4.015787702371654e-12, "recall": 0.9999999983831349, "size": 15531517, "time": 16.966589418668384, "weighted_avg": 5.596831522076038, "x6": 949.5348870047087}, "mark": {"NY": 167.03717134248146, "TO": 0.9999986213071408, "U6": 8.258909750535892e-07, "VL": 701, "WG": 639, "accuracy": 0.9999999969844937, "auc": 0.9999998299158436, "avg_time": 2451.3593705773255, "benchmark": 4.0898945080278075, "distinct": 750, "errors": 487, "exp_cost": 850260, "f1-score": 0.9989605957123973, "falsepos": 3.410537462267271e-05, "fullscore": 0.9999999999974006, "gq": 2625.8061357180554, "index": 2.344194085985803, "iz": 5.5740748546017285, "l0": 239.02660512370298, "lo": 2050.6611333090195, "loss": 5.238108835570188e-10, "lq": 0.9999999991929496, "meanscore": 0.9999999945617375, "n_docs": 656959436, "non_null": 3.6305247697043797e-09, "pi": 242872201, "pr": 4335235, "precision": 0.9999999547594625, "prediction_time": 2104.3247529351825, "qu": 0.9999999794705409, "recall": 0.9999999095278177, "size": 49699616, "time": 53.55341539677899, "weighted_avg": 5.81139336188359, "x6": 0.9999702857610085}, "train": {"NY": 208.13004358128032, "TO": 4.476262100478089, "U6": 0.9999999999982484, "VL": 2.819882105598026e-09, "WG": 3.6388527304376224, "accuracy": 0.9999999999845702, "auc": 1.0, "avg_time": 1071.243666508863, "benchmark": 6.398558132138871, "distinct": 600, "entropy": 4.488614546232414, "errors": 707, "exp_cost": 1057433, "f1-score": 0.9997414017884819, "falsepos": 8.650980596325297e-07, "fullscore": 0.9999901676332466, "gq": 0.9999999999999998, "index": 1004.5183691066319, "iz": 7.261216903810674, "k6": 9.070522111187529e-14, "l0": 0.9999999999538254, "lo": 974518115, "loss": 7.065776852499539e-10, "lq": 587, "meanscore": 0.9999983375871586, "n_docs": 38630673, "non_null": 1.0791367799356522e-12, "pi": 4.704953082690366e-08, "pr": 498, "precision": 0.9999996740514314, "prediction_time": 3654.1831161627497, "qu": 0.999999323925255, "recall": 0.9536458684197734, "size": 12649309, "time": 573.1834040641224, "weighted_avg": 3.1398752509638985, "x6": 79.88309484974968}, "train_full": {"NY": 5.6743399112034885, "TO": 527, "U6": 1.2830842052169444e-06, "VL": 220.91844027743042, "WG": 6.7501209862584375, "accuracy": 0.9999998328599742, "auc": 0.9999999994779789, "avg_time": 1033.0108247874693, "benchmark": 3.8874444068615577, "distinct": 460, "entropy": 4.590937649597585, "errors": 461, "exp_cost": 5549491470, "f1-score": 0.9999999999998714, "falsepos": 1.71199721066273e-11, "fullscore": 0.9999967633529269, "gq": 6.862191754241611, "index": 128.68362543243228, "iz": 688, "k6": 0.9262911881523304, "l0": 164062, "lo": 0.002730020922828036, "loss": 7.911573618457624e-10, "lq": 104.79424128002097, "meanscore": 0.999999999995017, "n_docs": 1764686538, "non_null": 1.5665645829332497e-05, "pi": 1.1478102646123034e-07, "pr": 640.3011130919618, "precision": 0.999999999954334, "recall": 0.9998486018938486, "size": 71523748592, "time": 92.81049457592054, "weighted_avg": 3.139241587038746, "x6": 3.619343486525739}}