{"branch": {"NY": 458, "TO": 10267438, "U6": 219, "VL": 4.323077088219662e-05, "WG": 0.9999999914780795, "accuracy": 0.9979001445212988, "auc": 0.8738138755684054, "avg_time": 120.91222528182237, "benchmark": 1.767131522973066, "distinct": 446, "entropy": 4.259584620489665, "errors": 403, "exp_cost": 1982646, "f1-score": 0.9999675855584839, "falsepos": 1.6426971621630315e-05, "fullscore": 0.9998938979539627, "index": 75.57852228690574, "iz": 70.06589997791184, "k6": 69.9902088000592, "l0": 0.01147238701099318, "lo": 4.22342092186486, "loss": 0.006558831677836441, "lq": 296, "meanscore": 0.987474729376691, "n_docs": 30782340, "non_null": 0.0016115250454160623, "pi": 391.5737456278794, "pr": 17.152968797326704, "precision": 0.9999999831143975, "prediction_time": 47.110222197168646, "qu": 71.18383750314337, "recall": 0.99820409408194, "size": 190856450, "time": 38.74571137313023, "weighted_avg": 4.187489034442047, "x6": 44971}, "brand": {"NY": 1.8625111125843998, "TO": 5.697764446921383e-07, "U6": 0.955440296391394, "VL": 26.658958219114506, "WG": 191, "accuracy": 0.9981741227681831, "auc": 0.9995214654694922, "avg_time": 10.270387025174301, "benchmark": 3.9221576599416568, "distinct": 340, "entropy": 1.393043428106844, "errors": 382, "exp_cost": 2093532, "f1-score": 0.9999995157097515, "falsepos": 0.002934880634405612, "fullscore": 0.9999723613382921, "gq": 2.0877702224893624, "index": 31.045265533199736, "iz": 81052545, "k6": 0.99519002907988, "l0": 0.9999968312750113, "lo": 306, "loss": 3.8508611119869585e-06, "lq": 8115222, "meanscore": 0.79899699308336, "n_docs": 611852, "non_null": 1.2564099494127845e-07, "pi": 2.749418324492522, "pr": 4.5129803232114565, "precision": 0.9965405866224599, "prediction_time": 28.384752861728327, "qu": 0.9999988145987009, "recall": 0.9312119700325788, "size": 2348270, "time": 25.363296920480575, "weighted_avg": 2.5594402163930803}, "classifier": {"NY": 3762301, "TO": 478070, "U6": 69700510, "VL": 42.422319312293325, "WG": 0.0033306419555189093, "accuracy": 0.9960497516197554, "auc": 0.9999995402365265, "avg_time": 77.15173286644911, "benchmark": 3.0302789628269915, "distinct": 354, "entropy": 4.339661507170014, "errors": 378, "exp_cost": 839833846, "f1-score": 0.9454818382589076, "falsepos": 0.09565775902795792, "fullscore": 0.9963692197809955, "gq": 22.45819289343183, "index": 70.82102141421323, "iz": 2.8526947430242586, "k6": 0.002964115221090635, "l0": 0.9999999816457104, "lo": 383, "loss": 5.5044172723395235e-05, "lq": 38526, "meanscore": 0.9999768751691602, "n_docs": 8124415, "non_null": 0.0002529982559833499, "pi": 4.071689052481791, "pr": 1.2380719671689633e-07, "precision": 0.9998940489767707, "prediction_time": 21.375018650124836, "qu": 4.2374330504468816e-06, "recall": 0.9999885942055277, "size": 306164, "time": 5.318059058640667, "weighted_avg": 3.7255709467004703, "x6": 94.420703996227}, "mark": {"NY": 23.5003280489123, "TO": 0.9856110452833513, "U6": 0.0022497008007283936, "VL": 495, "WG": 388, "accuracy": 0.9988413470746961, "auc": 0.9999303705617457, "avg_time": 196.0245570404168, "benchmark": 2.1808321883057573, "distinct": 474, "errors": 293, "exp_cost": 14441, "f1-score": 0.9296628073060832, "falsepos": 0.0023141232956020996, "fullscore": 0.9999989894137962, "gq": 226.01192870543838, "index": 0.6635472907184188, "iz": 4.073661082771418, "l0": 41.87956258981522, "lo": 207.91908316992968, "loss": 5.098283173410323e-06, "lq": 0.9999845632229596, "meanscore": 0.9999691288592277, "n_docs": 3324385, "non_null": 0.0006499130592284574, "pi": 2311524, "pr": 164390, "precision": 0.9984671427596938, "prediction_time": 346.3182702260022, "qu": 0.9999874916300571, "recall": 0.9998653731604501, "size": 251709, "time": 4.55112525588521, "weighted_avg": 3.7430675043701793, "x6": 0.995404583801847}, "train": {"NY": 29.176108103444935, "TO": 2.75726854310295, "U6": 0.9999888101525108, "VL": 0.0001715614800539278, "WG": 2.031163834741127, "accuracy": 0.9999968189216624, "auc": 0.9999999990214852, "avg_time": 84.88982873783827, "benchmark": 4.60533133495661, "distinct": 396, "entropy": 2.986384689845876, "errors": 445, "exp_cost": 37508, "f1-score": 0.9505206712033656, "falsepos": 0.0008747121620557019, "fullscore": 0.9941213237817297, "gq": 0.9999999955815302, "index": 123.70827497415146, "iz": 4.732450627080757, "k6": 5.458809764213868e-07, "l0": 0.9999342157837001, "lo": 4521880, "loss": 0.00010977137753387378, "lq": 366, "meanscore": 0.9980780362637344, "n_docs": 641808, "non_null": 2.3759348481977582e-06, "pi": 2.587724850844353e-05, "pr": 336, "precision": 0.9982613209271127, "prediction_time": 374.3544089286468, "qu": 0.9989859260789791, "recall": 0.7024485925598374, "size": 203716, "time": 101.78967809651195, "weighted_avg": 1.8333774966597571, "x6": 8.840911606742043}, "train_full": {"NY": 3.4503798787948927, "TO": 322, "U6": 0.0004439889010576792, "VL": 42.60584014983531, "WG": 4.534912084501549, "accuracy": 0.9994591393984396, "auc": 0.9999737419964388, "avg_time": 78.03839861985288, "benchmark": 2.1982751343284974, "distinct": 264, "entropy": 2.5518466980307966, "errors": 271, "exp_cost": 62043630, "f1-score": 0.9999998368141669, "falsepos": 3.208230176210414e-05, "fullscore": 0.9952878321796333, "gq": 4.68069967646887, "index": 13.306192554787128, "iz": 464, "k6": 0.5827682811522825, "l0": 6704, "lo": 0.06656966667830067, "loss": 2.7194677846509308e-05, "lq": 24.564695044286264, "meanscore": 0.9999983832990065, "n_docs": 7478311, "non_null": 0.005800067376184548, "pi": 0.0013341222812565112, "pr": 75.06687558282212, "precision": 0.9999947840727366, "recall": 0.9882517972384212, "size": 215012781, "time": 15.804826686978755, "weighted_avg": 1.4170790449974553, "x6": 2.2833747087835206}}