{"branch": {"NY": 685, "TO": 471135072, "U6": 360, "VL": 4.122904462278143e-09, "WG": 0.9999999999999947, "accuracy": 0.9999992937884514, "auc": 0.9852989350056355, "avg_time": 1335.203405336949, "benchmark": 3.3281596178163806, "distinct": 672, "entropy": 6.828029369380424, "errors": 639, "exp_cost": 133108332, "f1-score": 0.9999999995017435, "falsepos": 1.5353285309771536e-10, "fullscore": 0.9999999141507354, "index": 492.34893046602514, "iz": 529.7872891346323, "k6": 391.35863215831165, "l0": 0.00026884678606942103, "lo": 6.798332188162773, "loss": 6.321656467744852e-06, "lq": 462, "meanscore": 0.9999668064350603, "n_docs": 1713932537, "non_null": 2.00917553150326e-07, "pi": 3157.0571110606093, "pr": 103.88588573970665, "precision": 0.9999999999999998, "prediction_time": 289.2584816902723, "qu": 418.63417242593704, "recall": 0.9999843458835056, "size": 15282550712, "time": 219.65543901151977, "weighted_avg": 6.233738348492091, "x6": 965894}, "brand": {"NY": 3.6853609278966033, "TO": 7.579714633720869e-12, "U6": 0.9997179834182449, "VL": 151.3734220526409, "WG": 312, "accuracy": 0.9999987125866473, "auc": 0.9999997439988015, "avg_time": 128.51891331794332, "benchmark": 5.5157653355299585, "distinct": 512, "entropy": 2.5074212605555863, "errors": 616, "exp_cost": 453663052, "f1-score": 0.9999999997876332, "falsepos": 6.004539472637127e-06, "fullscore": 0.9999999998633118, "gq": 8.851968908094925, "index": 295.8909919292352, "iz": 19077130865, "k6": 0.9999925634037934, "l0": 0.9999999999591291, "lo": 438, "loss": 9.423535285435491e-10, "lq": 695308241, "meanscore": 0.97391187130348, "n_docs": 40578133, "non_null": 1.929567616798522e-13, "pi": 4.345353000863691, "pr": 6.832660877760068, "precision": 0.9999865897953002, "prediction_time": 113.01439621357399, "qu": 0.9999999999947226, "recall": 0.9993193242397062, "size": 138246432, "time": 225.5312658732594, "weighted_avg": 4.793027883093595}, "classifier": {"NY": 699937380, "TO": 9505751, "U6": 16970411589, "VL": 298.0828008278229, "WG": 1.610127754458901e-06, "accuracy": 0.9998191108983959, "auc": 0.9999999999978143, "avg_time": 411.9943776457853, "benchmark": 5.01288335180388, "distinct": 530, "entropy": 6.361228113136312, "errors": 599, "exp_cost": 294087594168, "f1-score": 0.9979254187218964, "falsepos": 0.0006378566427498455, "fullscore": 0.9999957657014422, "gq": 213.9673218131515, "index": 560.4432536666845, "iz": 5.488505155866905, "k6": 5.4003668067403865e-06, "l0": 0.9999999999999682, "lo": 567, "loss": 2.6143975873083036e-10, "lq": 1622709, "meanscore": 0.9999999994674446, "n_docs": 671543742, "non_null": 1.2553413131222158e-07, "pi": 24.42077246740312, "pr": 2.220446049250313e-15, "precision": 0.9999999885969343, "prediction_time": 86.81442939550672, "qu": 8.318012945096598e-12, "recall": 0.999999998691089, "size": 11657210, "time": 17.790322599261273, "weighted_avg": 5.484011211626977, "x6": 889.4046879472727}, "mark": {"NY": 153.11801634950896, "TO": 0.9999967516060798, "U6": 1.946117035855899e-06, "VL": 699, "WG": 616, "accuracy": 0.9999999940965638, "auc": 0.9999996696454124, "avg_time": 2117.4281182470036, "benchmark": 4.111790813391341, "distinct": 721, "errors": 469, "exp_cost": 772773, "f1-score": 0.998749876508411, "falsepos": 2.0472373075342e-05, "fullscore": 0.9999999999951545, "gq": 2621.454508334763, "index": 2.2552026304092787, "iz": 5.463651624507974, "l0": 216.03363887806688, "lo": 1683.1626470920326, "loss": 2.725174530482377e-10, "lq": 0.999999997725885, "meanscore": 0.9999999949166526, "n_docs": 413483780, "non_null": 1.3832836209815014e-08, "pi": 170173985, "pr": 3596567, "precision": 0.9999998585798825, "prediction_time": 1835.133498185309, "qu": 0.999999968492955, "recall": 0.9999998550003293, "size": 40936137, "time": 38.02273452123353, "weighted_avg": 5.679428130844449, "x6": 0.9999468980290829}, "train": {"NY": 188.6145049722821, "TO": 4.466326642209439, "U6": 0.9999999999978804, "VL": 1.0219921686704936e-08, "WG": 3.5669264982976143, "accuracy": 0.9999999999076568, "auc": 1.0, "avg_time": 946.1786253605438, "benchmark": 6.379205453429932, "distinct": 592, "entropy": 4.379554611346527, "errors": 678, "exp_cost": 1066530, "f1-score": 0.9996067710203655, "falsepos": 1.1706149873891292e-06, "fullscore": 0.9999867038166816, "gq": 0.9999999999999997, "index": 766.8826660055412, "iz": 7.065739204864321, "k6": 2.078337502098293e-13, "l0": 0.9999999998634483, "lo": 944299977, "loss": 6.515286088415451e-10, "lq": 561, "meanscore": 0.9999977916966338, "n_docs": 31723978, "non_null": 2.298605750183924e-12, "pi": 1.0776561043535082e-07, "pr": 497, "precision": 0.9999994581019209, "prediction_time": 4062.729444819469, "qu": 0.9999985317847754, "recall": 0.9465348642065712, "size": 10733736, "time": 549.7837658592376, "weighted_avg": 3.038698560843726, "x6": 74.22465465388514}, "train_full": {"NY": 5.576772473930858, "TO": 543, "U6": 1.0939107750740362e-06, "VL": 190.3101060583793, "WG": 6.577249924493525, "accuracy": 0.999999750250867, "auc": 0.9999999991349555, "avg_time": 887.8953052876415, "benchmark": 3.7782944023890175, "distinct": 447, "entropy": 4.646927509577132, "errors": 457, "exp_cost": 5525252351, "f1-score": 0.9999999999997922, "falsepos": 2.4124369168987414e-11, "fullscore": 0.9999974789020069, "gq": 6.749722330183669, "index": 120.19233211454878, "iz": 664, "k6": 0.901980981851916, "l0": 135183, "lo": 0.003942381591744981, "loss": 1.4259616820666565e-09, "lq": 106.5153339442632, "meanscore": 0.9999999999887843, "n_docs": 1239185748, "non_null": 1.0255922665236561e-05, "pi": 2.5527226343857734e-07, "pr": 595.2130945626936, "precision": 0.9999999999419429, "recall": 0.9998453565219206, "size": 37951253427, "time": 85.3514873885144, "weighted_avg": 3.1348364349779585, "x6": 3.628509899286402}}