{"branch": {"NY": 231, "TO": 229117, "U6": 51, "VL": 0.026533304712652805, "WG": 0.9996907076316024, "accuracy": 0.8369735420650135, "auc": 0.5442556692373784, "avg_time": 11.222886945248593, "benchmark": 0.33174917658506897, "distinct": 224, "entropy": 1.939949877079235, "errors": 155, "exp_cost": 21772, "f1-score": 0.9558808466252828, "falsepos": 0.031130418339473387, "fullscore": 0.9780582383185985, "index": 11.634429415157461, "iz": 9.452803667960307, "k6": 14.674833183921196, "l0": 0.19321790529080696, "lo": 1.6751753968788863, "loss": 0.21607981359847983, "lq": 111, "meanscore": 0.637521719331967, "n_docs": 469679, "non_null": 0.19632177608751744, "pi": 39.669970845479305, "pr": 3.1878292684635543, "precision": 0.9986689561256128, "prediction_time": 8.424442690104534, "qu": 10.177510652139054, "recall": 0.9259930581807496, "size": 1416599, "time": 6.902746405949694, "weighted_avg": 1.8889371575428626, "x6": 1884}, "brand": {"NY": -0.20811831756346066, "TO": 0.0007099514535877649, "U6": 0.429517838500955, "VL": 4.141246389166394, "WG": 66, "accuracy": 0.8440580502847536, "auc": 0.9414310317124446, "avg_time": 1.015621460259266, "benchmark": 2.4077956816110655, "distinct": 186, "entropy": 0.1153428843016519, "errors": 145, "exp_cost": 9277, "f1-score": 0.9998676671526339, "falsepos": 0.16548357733234442, "fullscore": 0.9660129860929128, "gq": 0.5802793790169972, "index": 2.125312298684585, "iz": 605558, "k6": 0.6712735850345332, "l0": 0.996372912894444, "lo": 156, "loss": 0.0012573198132175278, "lq": 110445, "meanscore": 0.39603919109401375, "n_docs": 10333, "non_null": 0.0012487542875448954, "pi": 1.1879649059663886, "pr": 2.1498434722194055, "precision": 0.8647241495686064, "prediction_time": 9.06061114117403, "qu": 0.9875693498497157, "recall": 0.42722279738351393, "size": 17992, "time": 2.905797444848228, "weighted_avg": 0.19229235160089303}, "classifier": {"NY": 19001, "TO": 16843, "U6": 407767, "VL": 6.310419938777251, "WG": 0.22756808990982158, "accuracy": 0.9440967711604478, "auc": 0.9985786297740427, "avg_time": 9.802081108345885, "benchmark": 1.1582228192263486, "distinct": 181, "entropy": 2.548066703963899, "errors": 176, "exp_cost": 2817121, "f1-score": 0.5719883978056639, "falsepos": 0.6193954036122309, "fullscore": 0.8516472282794685, "gq": 2.341252231439411, "index": 7.373635565653566, "iz": 0.11996948892504355, "k6": 0.1399248535968145, "l0": 0.9999078361222766, "lo": 180, "loss": 0.07410538667699185, "lq": 721, "meanscore": 0.9820749176810211, "n_docs": 110853, "non_null": 0.0436670893514709, "pi": 0.7009119033318363, "pr": 0.007890909171324623, "precision": 0.9617434524433388, "prediction_time": 3.0804577104004482, "qu": 0.016130312799330193, "recall": 0.9956042061320101, "size": 5855, "time": 1.7843900791008782, "weighted_avg": 1.7221909344931112, "x6": 9.324951128365036}, "mark": {"NY": 3.837348930352386, "TO": 0.4267812309278866, "U6": 0.15331992202723044, "VL": 301, "WG": 164, "accuracy": 0.6345220546613527, "auc": 0.9908899892654611, "avg_time": 19.2070558301664, "benchmark": 0.5226081682524422, "distinct": 248, "errors": 126, "exp_cost": 371, "f1-score": 0.41727912642687315, "falsepos": 0.07067707869735074, "fullscore": 0.994523380921121, "gq": 18.245250137446504, "index": 0.18173095309966997, "iz": 2.617713889776312, "l0": 9.188741277328432, "lo": 17.546430332847784, "loss": 0.00717992115849031, "lq": 0.9882028265231119, "meanscore": 0.9884221040357765, "n_docs": 22770, "non_null": 0.26167308730741556, "pi": 41545, "pr": 6229, "precision": 0.7360584396127403, "prediction_time": 56.41769131956294, "qu": 0.9979409868885349, "recall": 0.978053711203324, "size": 2541, "time": 0.5083687379362221, "weighted_avg": 1.851079009122214, "x6": 0.9184124585969142}, "train": {"NY": 4.640091416187407, "TO": 1.0087467586477923, "U6": 0.8989576437609381, "VL": 0.06242257552178221, "WG": 0.5660237316373091, "accuracy": 0.9970744540284716, "auc": 0.9998662258225104, "avg_time": 6.028411029405682, "benchmark": 2.7116537258556774, "distinct": 200, "entropy": 1.6636576460450618, "errors": 194, "exp_cost": 977, "f1-score": 0.5465461808214397, "falsepos": 0.06598046394345691, "fullscore": 0.8181499598184092, "gq": 0.9996650044657139, "index": 12.79330587729345, "iz": 2.468032452826853, "k6": 0.0027461568069008235, "l0": 0.9174307447604475, "lo": 24838, "loss": 0.11691827610394345, "lq": 155, "meanscore": 0.9371591670624257, "n_docs": 10855, "non_null": 0.020386507845203017, "pi": 0.005807716450304756, "pr": 185, "precision": 0.83736418300542, "prediction_time": 28.028377104369294, "qu": 0.9433652243196802, "recall": 0.29719702624253436, "size": 1562, "time": 16.804145529590844, "weighted_avg": 0.22639594219622894, "x6": 1.3215816870836141}, "train_full": {"NY": 1.2413354381983357, "TO": 111, "U6": 0.019811122104829937, "VL": 10.304381638433831, "WG": 2.4754057442305077, "accuracy": 0.9115423147014077, "auc": 0.9782980799184209, "avg_time": 9.034794891024072, "benchmark": 0.8435780409818545, "distinct": 84, "entropy": 0.7036041419866186, "errors": 114, "exp_cost": 1084898, "f1-score": 0.9986516580171202, "falsepos": 0.13196053813055852, "fullscore": 0.7917608439756447, "gq": 2.535459219250731, "index": 1.1415966770812866, "iz": 276, "k6": 0.2049305513039975, "l0": 374, "lo": 0.40938712244374664, "loss": 0.030126992964503163, "lq": 5.256480039510077, "meanscore": 0.9947338420724134, "n_docs": 35506, "non_null": 0.22213005684731946, "pi": 0.12181207741616285, "pr": 7.967795366443283, "precision": 0.9881119522046498, "recall": 0.8037544586807251, "size": 1678472, "time": 2.6658728742521087, "weighted_avg": -0.32346560628057347, "x6": 0.9108999546184544}}