{"branch": {"NY": 656, "TO": 306051763, "U6": 340, "VL": 3.340032728171849e-08, "WG": 0.99999999999996, "accuracy": 0.9999980510089509, "auc": 0.9742047327623532, "avg_time": 952.3317944932586, "benchmark": 3.111192801569754, "distinct": 635, "entropy": 6.483948860597948, "errors": 589, "exp_cost": 92302758, "f1-score": 0.9999999971896961, "falsepos": 7.863057982504529e-10, "fullscore": 0.9999998534263196, "index": 374.3829039468369, "iz": 369.0548947826117, "k6": 316.1321908289004, "l0": 0.00036076696261688745, "lo": 6.544637607326284, "loss": 4.4195985130945914e-05, "lq": 442, "meanscore": 0.9999289742595994, "n_docs": 902653730, "non_null": 5.288680027248915e-07, "pi": 2469.0640303442897, "pr": 79.77229621281774, "precision": 0.9999999999999929, "prediction_time": 241.6686029625187, "qu": 320.06848658894074, "recall": 0.9999616373189921, "size": 9710799523, "time": 175.7610478733351, "weighted_avg": 5.910351909741016, "x6": 851922}, "brand": {"NY": 3.433574216368724, "TO": 3.256639402593464e-11, "U6": 0.9991235716075637, "VL": 110.00202404729154, "WG": 285, "accuracy": 0.9999976749236581, "auc": 0.9999986150018438, "avg_time": 99.06879648893702, "benchmark": 5.36301341435577, "distinct": 506, "entropy": 2.4430439844126366, "errors": 585, "exp_cost": 202434556, "f1-score": 0.9999999997535856, "falsepos": 1.5239979620496058e-05, "fullscore": 0.9999999988415814, "gq": 6.437898253965954, "index": 160.7650956336181, "iz": 7965817493, "k6": 0.9999768793589092, "l0": 0.9999999994367247, "lo": 418, "loss": 2.7359063903276137e-09, "lq": 356698586, "meanscore": 0.9745076401539292, "n_docs": 21531316, "non_null": 2.261968390371294e-12, "pi": 4.222603040064284, "pr": 6.497411200723316, "precision": 0.9999670193672279, "prediction_time": 87.33358563052148, "qu": 0.9999999999241086, "recall": 0.9988176134117517, "size": 121098944, "time": 155.42736393200056, "weighted_avg": 4.648438605306154}, "classifier": {"NY": 331519256, "TO": 6557222, "U6": 6317633136, "VL": 218.45630842930555, "WG": 5.026715528932968e-06, "accuracy": 0.9995416544208805, "auc": 0.9999999999897946, "avg_time": 375.107529458107, "benchmark": 4.698724673262514, "distinct": 512, "entropy": 5.966646797750204, "errors": 578, "exp_cost": 163128680646, "f1-score": 0.9969261308106483, "falsepos": 0.0013697496752481664, "fullscore": 0.9999808125101618, "gq": 142.45072943686623, "index": 390.9712568556953, "iz": 5.035841617769129, "k6": 9.30464034720746e-06, "l0": 0.99999999999965, "lo": 541, "loss": 1.4093703981643557e-09, "lq": 1098659, "meanscore": 0.9999999976350598, "n_docs": 553054253, "non_null": 4.2452039794582674e-07, "pi": 20.979893789685054, "pr": 2.653433028854124e-14, "precision": 0.9999999484617593, "prediction_time": 92.86724867740706, "qu": 6.542955066635159e-11, "recall": 0.9999999940637724, "size": 7952534, "time": 16.973327199358273, "weighted_avg": 5.366502002206394, "x6": 644.4132469312239}, "mark": {"NY": 121.63973323333906, "TO": 0.9999824700155389, "U6": 5.967173014598259e-06, "VL": 659, "WG": 576, "accuracy": 0.9999999335297084, "auc": 0.9999996974135794, "avg_time": 1851.6398581531757, "benchmark": 3.987241327449321, "distinct": 708, "errors": 441, "exp_cost": 441685, "f1-score": 0.9968018221702468, "falsepos": 3.585341832157418e-05, "fullscore": 0.9999999999684126, "gq": 1953.7352314828581, "index": 2.046719805253612, "iz": 5.26601686203322, "l0": 195.90266207973602, "lo": 1332.311297866486, "loss": 3.9588753386610165e-09, "lq": 0.9999999961809024, "meanscore": 0.999999967026446, "n_docs": 242947020, "non_null": 4.4767406226497997e-08, "pi": 145143938, "pr": 2132162, "precision": 0.9999996946425314, "prediction_time": 1633.9311587543507, "qu": 0.9999999467449372, "recall": 0.999999011993819, "size": 15133617, "time": 28.448921691195093, "weighted_avg": 5.520067546909798, "x6": 0.9999387484315074}, "train": {"NY": 152.09537469637453, "TO": 4.286385860532764, "U6": 0.9999999999684848, "VL": 3.92059119613819e-08, "WG": 3.3278768807690104, "accuracy": 0.9999999995133767, "auc": 0.9999999999999996, "avg_time": 776.9884128853296, "benchmark": 5.934760733232186, "distinct": 553, "entropy": 4.067111891474448, "errors": 663, "exp_cost": 389366, "f1-score": 0.9991770547329039, "falsepos": 2.748941267172178e-06, "fullscore": 0.9999595477241978, "gq": 0.9999999999999984, "index": 706.0199834748231, "iz": 6.708602643025519, "k6": 2.8420599207379382e-12, "l0": 0.9999999993733988, "lo": 377157650, "loss": 8.314058885794395e-09, "lq": 540, "meanscore": 0.9999985325684969, "n_docs": 19574468, "non_null": 2.268463195065351e-11, "pi": 1.9917445837069891e-07, "pr": 478, "precision": 0.9999984935947527, "prediction_time": 2549.359362306384, "qu": 0.9999979352631919, "recall": 0.9297426922210303, "size": 7576134, "time": 505.13724584421993, "weighted_avg": 3.0166228777558644, "x6": 51.82590726711422}, "train_full": {"NY": 5.3409213622743845, "TO": 493, "U6": 3.5227149784988754e-06, "VL": 170.71732977860992, "WG": 6.331346086501875, "accuracy": 0.9999988911854851, "auc": 0.9999999957592156, "avg_time": 651.6735421005968, "benchmark": 3.7206397549521633, "distinct": 429, "entropy": 4.288695271607381, "errors": 438, "exp_cost": 2757910274, "f1-score": 0.999999999998533, "falsepos": 9.646043963584816e-10, "fullscore": 0.9999940473448528, "gq": 6.517126533280551, "index": 91.2358215220207, "iz": 656, "k6": 0.8714620842328367, "l0": 91594, "lo": 0.005396579550979386, "loss": 2.0957805491050863e-09, "lq": 88.02897180905249, "meanscore": 0.9999999999450699, "n_docs": 635657068, "non_null": 3.8878083069793234e-05, "pi": 2.785763054680146e-07, "pr": 424.5178173459641, "precision": 0.9999999993936027, "recall": 0.9996267720959487, "size": 29075265797, "time": 66.88971568025097, "weighted_avg": 2.8654207421626956, "x6": 3.4404784623016873}}