{"branch": {"NY": 122, "TO": 41370, "U6": -17, "VL": 0.11524446343637784, "WG": 0.9948596656877968, "accuracy": 0.49970174850333526, "auc": 0.3441245922170132, "avg_time": 4.310748808030519, "benchmark": -0.48662455843176156, "distinct": 118, "entropy": 0.8049764776908955, "errors": 56, "exp_cost": 2683, "f1-score": 0.726604398922079, "falsepos": 0.19896454305065037, "fullscore": 0.8950139640328965, "index": 4.821969602704307, "iz": 3.1171088486504943, "k6": 6.474252112774489, "l0": 0.37357486165509624, "lo": 0.42431937576342726, "loss": 0.43973545079698284, "lq": 50, "meanscore": 0.40967471905136926, "n_docs": 58550, "non_null": 0.5533092386566345, "pi": 12.678007400321599, "pr": 1.242277927038415, "precision": 0.9644453527470096, "prediction_time": 2.867797322478405, "qu": 5.493018456911831, "recall": 0.794999692331818, "size": 111822, "time": 3.4454927112130003, "weighted_avg": 0.908624193502773, "x6": 299}, "brand": {"NY": -0.9452271200330876, "TO": 0.01100311750313765, "U6": 0.1415917129376703, "VL": 1.666240177857619, "WG": 9, "accuracy": 0.5384393678278293, "auc": 0.7913793121016178, "avg_time": 0.3035003304658808, "benchmark": 1.6515342090801963, "distinct": 91, "entropy": -0.40745617431724046, "errors": 27, "exp_cost": 509, "f1-score": 0.9989019586745246, "falsepos": 0.45791827984816713, "fullscore": 0.7385926840847491, "gq": 0.33320822276027545, "index": 0.9917621310833193, "iz": 45738, "k6": 0.2821984018740603, "l0": 0.9783648650544163, "lo": 94, "loss": 0.011551309095336304, "lq": 8605, "meanscore": 0.26418273409211973, "n_docs": 1412, "non_null": 0.01565867864326187, "pi": 0.24964490545305043, "pr": 1.1184093909744288, "precision": 0.6481789790864474, "prediction_time": 4.598032581803765, "qu": 0.912481443730735, "recall": 0.19088225366679884, "size": 1851, "time": 1.0298086880366863, "weighted_avg": -0.8851189461186283}, "classifier": {"NY": 1104, "TO": 5381, "U6": 31796, "VL": 2.155629791962663, "WG": 0.5918129045468206, "accuracy": 0.8802408657077178, "auc": 0.9672526813517011, "avg_time": 3.689250044782004, "benchmark": 0.284517082734448, "distinct": 75, "entropy": 1.8119951136797483, "errors": 76, "exp_cost": 230685, "f1-score": 0.37268339542139706, "falsepos": 0.9008393166458148, "fullscore": 0.578629248900863, "gq": 0.9279763668780417, "index": 3.0175232701646446, "iz": -1.1419968493475945, "k6": 0.3847354179832466, "l0": 0.997437328141469, "lo": 121, "loss": 0.3734803286701691, "lq": 103, "meanscore": 0.8527836692539414, "n_docs": 19563, "non_null": 0.18062544089886257, "pi": 0.269186086356771, "pr": 0.1118214515114282, "precision": 0.8464832562383067, "prediction_time": 1.4059772848117134, "qu": 0.1087248421497411, "recall": 0.9638163354455352, "size": 710, "time": 1.0068718617905315, "weighted_avg": 0.769828166550004, "x6": 3.2662526231310927}, "mark": {"NY": 1.4240641626982744, "TO": 0.1038519975933232, "U6": 0.5435226769488815, "VL": 196, "WG": 65, "accuracy": 0.19329541954790258, "auc": 0.9458529814457399, "avg_time": 5.84970205909082, "benchmark": -0.02888104441441347, "distinct": 124, "errors": 41, "exp_cost": 39, "f1-score": 0.12265214587154705, "falsepos": 0.13320947556759022, "fullscore": 0.9341323364342871, "gq": 6.569680259810237, "index": 0.10214242859625358, "iz": 2.0015391609256614, "l0": 3.6434484019631266, "lo": 6.077277462298692, "loss": 0.053006417674830164, "lq": 0.9170209262729114, "meanscore": 0.9206444813578143, "n_docs": 1574, "non_null": 0.6860344481956152, "pi": 5128, "pr": 937, "precision": 0.32170361504341116, "prediction_time": 25.29577727248023, "qu": 0.9848473018186148, "recall": 0.8610208107756795, "size": 181, "time": 0.17072664027246062, "weighted_avg": 0.9364808079602237, "x6": 0.7961674333171412}, "train": {"NY": 1.9220108939496046, "TO": 0.2823419924256789, "U6": 0.4694577873043196, "VL": 0.34591473284149865, "WG": -0.099426323939731, "accuracy": 0.9591556883775907, "auc": 0.990699013533132, "avg_time": 1.8039272588714275, "benchmark": 1.913595506470374, "distinct": 97, "entropy": 1.2503088927201143, "errors": 66, "exp_cost": 173, "f1-score": 0.20674858605620372, "falsepos": 0.19005919765120793, "fullscore": 0.48124353502244105, "gq": 0.9859703490666705, "index": 5.669218970307586, "iz": 1.3484510146571287, "k6": 0.03560906460483604, "l0": 0.5755781921168656, "lo": 1526, "loss": 0.4300348991088798, "lq": 63, "meanscore": 0.7790527012565114, "n_docs": 1939, "non_null": 0.16165189764531807, "pi": 0.04048170319362465, "pr": 109, "precision": 0.4960708869320455, "prediction_time": 9.36204764006234, "qu": 0.7544393384834971, "recall": 0.1469795753722254, "size": 235, "time": 6.94855658889526, "weighted_avg": -0.4283337471104623, "x6": 0.5771203969185361}, "train_full": {"NY": 0.3847130951817098, "TO": 5, "U6": 0.09820562176453485, "VL": 4.7474971723367485, "WG": 1.60423898483976, "accuracy": 0.7465712572835752, "auc": 0.8869393700375584, "avg_time": 2.8166282269648066, "benchmark": 0.18738937247573606, "distinct": -14, "entropy": -0.13447244554300722, "errors": 12, "exp_cost": 211787, "f1-score": 0.9865816222193802, "falsepos": 0.47232107587574335, "fullscore": 0.4909559486593535, "gq": 1.514111302586958, "index": 0.37988089583115564, "iz": 165, "k6": 0.06185503665434722, "l0": 72, "lo": 0.6486935998905766, "loss": 0.24142491927159593, "lq": 2.5040187458159524, "meanscore": 0.9308487848495095, "n_docs": 3464, "non_null": 0.620139424042846, "pi": 0.48584456408624443, "pr": 3.205451200260647, "precision": 0.8795021572504577, "recall": 0.6029563259298978, "size": 88132, "time": 1.1284727816888565, "weighted_avg": -0.9536308121087622, "x6": 0.3672410068111197}}