{"branch": {"NY": 788, "TO": 2879521723, "U6": 417, "VL": 1.9466206424567645e-11, "WG": 1.0, "accuracy": 0.999999995075062, "auc": 0.9941459629963059, "avg_time": 3719.3611813917655, "benchmark": 3.862759506666061, "distinct": 765, "entropy": 7.885789302378948, "errors": 730, "exp_cost": 1018016542, "f1-score": 0.9999999999984812, "falsepos": 1.1024514634527804e-13, "fullscore": 0.9999999992724541, "index": 1058.1430225222502, "iz": 1237.1605584242407, "k6": 721.1763770974655, "l0": 2.786673312793475e-05, "lo": 7.884366884401148, "loss": 2.0956212276601605e-07, "lq": 544, "meanscore": 0.9999990385873379, "n_docs": 6881780370, "non_null": 9.691920599408377e-10, "pi": 8570.051499668036, "pr": 199.37921731076744, "precision": 1.0, "prediction_time": 610.2421334837301, "qu": 940.0222598029427, "recall": 0.9999991474986302, "size": 140356492477, "time": 432.5257135819323, "weighted_avg": 7.125794971505097, "x6": 4734338}, "brand": {"NY": 4.489779157279076, "TO": 2.398081733190338e-14, "U6": 0.9999864016194189, "VL": 330.7290905460067, "WG": 365, "accuracy": 0.9999999896308445, "auc": 0.9999999925716635, "avg_time": 367.66372431013735, "benchmark": 6.183934225190244, "distinct": 586, "entropy": 3.096902074283573, "errors": 713, "exp_cost": 4179757180, "f1-score": 0.9999999999967497, "falsepos": 2.162005128258926e-07, "fullscore": 0.9999999999998083, "gq": 13.271791905227655, "index": 637.1887450121201, "iz": 138720203375, "k6": 0.9999998928649527, "l0": 0.9999999999998941, "lo": 493, "loss": 1.4811263326919288e-11, "lq": 3922095108, "meanscore": 0.9930382243395497, "n_docs": 216383118, "non_null": 1.1102230246251565e-16, "pi": 5.023648276269712, "pr": 7.765913564694795, "precision": 0.9999993822334927, "prediction_time": 197.31803967444267, "qu": 0.9999999999999961, "recall": 0.9999605055655545, "size": 705336225, "time": 530.5657763414305, "weighted_avg": 5.855559415726089}, "classifier": {"NY": 5533296649, "TO": 31092197, "U6": 138177843580, "VL": 614.0770767410003, "WG": 1.6172027716976345e-08, "accuracy": 0.9999599032655234, "auc": 0.9999999999999943, "avg_time": 982.0753589253871, "benchmark": 5.751042552743232, "distinct": 601, "entropy": 7.117156988311805, "errors": 702, "exp_cost": 3773383380138, "f1-score": 0.9995772590365287, "falsepos": 4.033568780204e-05, "fullscore": 0.9999999230747642, "gq": 513.2175290969683, "index": 1153.8721186399184, "iz": 6.598310561132818, "k6": 8.799211570487131e-08, "l0": 0.9999999999999999, "lo": 634, "loss": 1.525446435834965e-13, "lq": 9257392, "meanscore": 0.9999999999974507, "n_docs": 5905884761, "non_null": 4.246819562681026e-09, "pi": 53.96548083058845, "pr": 0.0, "precision": 0.999999999865885, "prediction_time": 187.5014092889343, "qu": 5.995204332975845e-15, "recall": 0.9999999999746003, "size": 63833526, "time": 27.203645472804652, "weighted_avg": 6.427986852772212, "x6": 2129.6835458008736}, "mark": {"NY": 323.74151899231697, "TO": 0.9999999821463124, "U6": 2.763680873041352e-08, "VL": 785, "WG": 714, "accuracy": 0.9999999999953193, "auc": 0.9999999949675876, "avg_time": 5837.6712402983185, "benchmark": 4.754315941934412, "distinct": 829, "errors": 534, "exp_cost": 3265946, "f1-score": 0.9998440761917744, "falsepos": 2.3942265106047245e-06, "fullscore": 0.9999999999999934, "gq": 7157.808418978729, "index": 3.6795419033763928, "iz": 6.08845253220691, "l0": 402.9739772619081, "lo": 4537.540759927329, "loss": 2.6603164116068e-12, "lq": 0.9999999999771928, "meanscore": 0.9999999998965681, "n_docs": 3128866770, "non_null": 2.206279603456096e-11, "pi": 1053002912, "pr": 12985452, "precision": 0.9999999996000686, "prediction_time": 4231.815233026882, "qu": 0.9999999985795244, "recall": 0.9999999909884139, "size": 289818377, "time": 97.19698667060247, "weighted_avg": 6.503529565453822, "x6": 0.9999954130536743}, "train": {"NY": 389.3412287029092, "TO": 5.046812694517979, "U6": 0.9999999999999991, "VL": 3.332401021793885e-11, "WG": 4.132591925575445, "accuracy": 0.9999999999997198, "auc": 1.0, "avg_time": 3253.0946720329257, "benchmark": 6.972252095044544, "distinct": 665, "entropy": 4.988104207739076, "errors": 788, "exp_cost": 4196015, "f1-score": 0.9999805721692696, "falsepos": 4.137855513786093e-08, "fullscore": 0.9999994476735308, "gq": 1.0, "index": 2522.3973577071533, "iz": 8.159082470815125, "k6": 2.220446049250313e-16, "l0": 0.9999999999998906, "lo": 7012798366, "loss": 1.233901869568399e-12, "lq": 664, "meanscore": 0.9999999129834722, "n_docs": 179072045, "non_null": 6.661338147750939e-16, "pi": 4.290821919994414e-09, "pr": 551, "precision": 0.9999999933548327, "prediction_time": 10336.473326339035, "qu": 0.999999965734752, "recall": 0.9804333324536392, "size": 80511191, "time": 1035.9367010013539, "weighted_avg": 3.7357529476754885, "x6": 167.92302752901622}, "train_full": {"NY": 6.508920113981019, "TO": 629, "U6": 8.556840669360355e-08, "VL": 339.04649448343116, "WG": 7.332579557799005, "accuracy": 0.9999999973592425, "auc": 0.9999999999985504, "avg_time": 2131.8555207678155, "benchmark": 4.443533387633808, "distinct": 532, "entropy": 5.575725719442448, "errors": 524, "exp_cost": 24711692225, "f1-score": 0.9999999999999998, "falsepos": 1.2101430968414206e-14, "fullscore": 0.9999999193346563, "gq": 7.756478374862394, "index": 323.0739201498815, "iz": 752, "k6": 0.9567932430048677, "l0": 419420, "lo": 0.0006572143664953511, "loss": 2.5270896486517813e-12, "lq": 197.68360213922725, "meanscore": 0.9999999999999903, "n_docs": 12013499571, "non_null": 1.5745300319114364e-07, "pi": 2.8084312653220422e-09, "pr": 1550.2515467823239, "precision": 0.999999999999888, "recall": 0.9999815498585021, "size": 451631315886, "time": 180.14578690374714, "weighted_avg": 3.7386341633665743, "x6": 4.2304265504550145}}