{"branch": {"NY": 82, "TO": 27315, "U6": -38, "VL": 0.18216627649939954, "WG": 0.9910915948761165, "accuracy": 0.4133363511574968, "auc": 0.26930599382913323, "avg_time": 3.250221676852839, "benchmark": -0.996635859432219, "distinct": 73, "entropy": 0.4338800252851328, "errors": -3, "exp_cost": 1061, "f1-score": 0.6533681409501858, "falsepos": 0.3649407347528868, "fullscore": 0.8373263976814314, "index": 3.4703038489532534, "iz": 2.759605875836436, "k6": 5.018705833728444, "l0": 0.4737180805417248, "lo": 0.12270895440183133, "loss": 0.6413389039019411, "lq": 14, "meanscore": 0.2592854783235272, "n_docs": 37863, "non_null": 0.6520295734399315, "pi": 10.362754118543512, "pr": 0.8381158182276242, "precision": 0.9182274935763493, "prediction_time": 2.367300620136578, "qu": 4.535181289064921, "recall": 0.766244376306318, "size": 74181, "time": 2.552851914382126, "weighted_avg": 0.6377415324228097, "x6": 204}, "brand": {"NY": -1.2221031409709653, "TO": 0.02095124171762064, "U6": 0.10622901381212807, "VL": 1.1972615351853046, "WG": -47, "accuracy": 0.3975971613528737, "auc": 0.7288248952213323, "avg_time": 0.2494772629953651, "benchmark": 1.3275222145814691, "distinct": 61, "entropy": -0.6912615655434627, "errors": -7, "exp_cost": 251, "f1-score": 0.9975546043338939, "falsepos": 0.5105782155502292, "fullscore": 0.6583816533817223, "gq": 0.281166673404142, "index": 0.4953072707554845, "iz": 23320, "k6": 0.26773909686289116, "l0": 0.9401983673483055, "lo": 76, "loss": 0.015599990347124004, "lq": 5079, "meanscore": 0.1829610407969431, "n_docs": 873, "non_null": 0.03371494255060492, "pi": 0.05314644749563435, "pr": 0.638417283525373, "precision": 0.5499916177202885, "prediction_time": 3.9866529461577525, "qu": 0.8804940966271172, "recall": 0.12267912188447067, "size": 1374, "time": 0.6967838676237076, "weighted_avg": -1.138086180276256}, "classifier": {"NY": 535, "TO": 3098, "U6": 13051, "VL": 1.3374138110016873, "WG": 0.7021512870627575, "accuracy": 0.8216301358117436, "auc": 0.936562968687473, "avg_time": 3.154733235160035, "benchmark": 0.023032342217677054, "distinct": 54, "entropy": 1.388625012823568, "errors": 56, "exp_cost": 87854, "f1-score": 0.23759953123634392, "falsepos": 0.9259655559715875, "fullscore": 0.562799028319302, "gq": 0.652974452273885, "index": 2.891650554871595, "iz": -1.5291987567715042, "k6": 0.48756195355184795, "l0": 0.9920599965363144, "lo": 94, "loss": 0.558336088995228, "lq": 65, "meanscore": 0.7895708383366076, "n_docs": 5721, "non_null": 0.25956603414402124, "pi": 0.19518733365542074, "pr": 0.2672987892191623, "precision": 0.7812003912807607, "prediction_time": 1.071113880278703, "qu": 0.20850717343611258, "recall": 0.9408493658720561, "size": 399, "time": 0.7545228919880651, "weighted_avg": 0.2972844836062787, "x6": 2.329699670592458}, "mark": {"NY": 1.0599114130099743, "TO": 0.044557759420455645, "U6": 0.6443097875818735, "VL": 180, "WG": 20, "accuracy": 0.12756777195585345, "auc": 0.9405790138164434, "avg_time": 3.978988387094941, "benchmark": -0.3966069904123106, "distinct": 91, "errors": 16, "exp_cost": 29, "f1-score": 0.11630698855500243, "falsepos": 0.2716184124377454, "fullscore": 0.8838264441915449, "gq": 3.838501315584772, "index": 0.1021433708905677, "iz": 1.7799691257991068, "l0": 2.9237417884726558, "lo": 4.594472152974227, "loss": 0.11575918174709121, "lq": 0.9022394653604551, "meanscore": 0.8597901445731172, "n_docs": 715, "non_null": 0.7487176795762469, "pi": 2375, "pr": 717, "precision": 0.24699343199943335, "prediction_time": 19.319136930618487, "qu": 0.9774173818103916, "recall": 0.8390794491072142, "size": 149, "time": 0.14687593591102716, "weighted_avg": 0.602044040903549, "x6": 0.7248964127803897}, "train": {"NY": 1.5278222332208016, "TO": 0.31980306928288615, "U6": 0.37915433759864414, "VL": 0.48079337737525507, "WG": -0.47817390817435323, "accuracy": 0.9230212837503591, "auc": 0.9666323561657812, "avg_time": 1.148386820867754, "benchmark": 1.5029318408671604, "distinct": 77, "entropy": 0.921153089239031, "errors": 37, "exp_cost": 94, "f1-score": 0.14198928978597136, "falsepos": 0.29315236150309354, "fullscore": 0.3867440375818535, "gq": 0.9407559544621337, "index": 3.0092290758450146, "iz": 0.8568703326126519, "k6": 0.09475403033118646, "l0": 0.3823879189981668, "lo": 764, "loss": 0.6014319229630478, "lq": 33, "meanscore": 0.733304052027032, "n_docs": 937, "non_null": 0.23102306374947468, "pi": 0.03873591731759418, "pr": 93, "precision": 0.3924352707118897, "prediction_time": 7.198976375618893, "qu": 0.6862765909886612, "recall": 0.12124029379720996, "size": 131, "time": 6.578421989090167, "weighted_avg": -0.47975032732251394, "x6": 0.536179936039505}, "train_full": {"NY": 7.24686104681127e-05, "TO": -37, "U6": 0.14597318867480424, "VL": 3.3050263326844993, "WG": 1.4507756080915688, "accuracy": 0.6316276263865068, "auc": 0.7810904018841867, "avg_time": 1.7567239608869023, "benchmark": -0.18351292091904375, "distinct": -55, "entropy": -0.4660456356874424, "errors": -10, "exp_cost": 82592, "f1-score": 0.9703172541414236, "falsepos": 0.7332655930994875, "fullscore": 0.3898346061104085, "gq": 1.3122205082119187, "index": 0.28767994173603856, "iz": 144, "k6": 0.042779126375852905, "l0": 48, "lo": 0.6796319015431009, "loss": 0.41882819482861555, "lq": 2.1576120852235983, "meanscore": 0.8869080424889584, "n_docs": 1398, "non_null": 0.6902602894674172, "pi": 0.5956381822062163, "pr": 2.078341758701903, "precision": 0.8086044369209927, "recall": 0.5094834673612707, "size": 31722, "time": 0.8966666125053925, "weighted_avg": -1.2309247378807053, "x6": 0.20172049425961402}}