{"branch": {"NY": 758, "TO": 1304127836, "U6": 401, "VL": 2.2911206265519013e-10, "WG": 1.0, "accuracy": 0.9999999436232865, "auc": 0.9928916956020073, "avg_time": 2585.775292521394, "benchmark": 3.797446278562165, "distinct": 737, "entropy": 7.4596266279311685, "errors": 709, "exp_cost": 458175078, "f1-score": 0.9999999999920269, "falsepos": 1.670774629758398e-12, "fullscore": 0.9999999957316782, "index": 793.218197184646, "iz": 899.2020924628083, "k6": 650.4359279484975, "l0": 6.291523838830582e-05, "lo": 7.534784760493866, "loss": 1.0571447105478526e-06, "lq": 519, "meanscore": 0.9999966322861298, "n_docs": 4284796631, "non_null": 5.602697972229009e-09, "pi": 6586.324753393174, "pr": 191.3119848676842, "precision": 1.0, "prediction_time": 464.4796264581182, "qu": 716.6584742768204, "recall": 0.999998388733541, "size": 73594888959, "time": 336.217665706588, "weighted_avg": 6.857854807059357, "x6": 2401042}, "brand": {"NY": 4.269587395721815, "TO": 2.7278179715040096e-13, "U6": 0.9999634159990345, "VL": 250.2804858069486, "WG": 350, "accuracy": 0.9999999048534554, "auc": 0.9999999796008541, "avg_time": 258.90010152497587, "benchmark": 5.920262831314453, "distinct": 566, "entropy": 3.058354936845711, "errors": 676, "exp_cost": 1978933819, "f1-score": 0.999999999990793, "falsepos": 6.325921360073039e-07, "fullscore": 0.9999999999985878, "gq": 11.414199738936682, "index": 480.9590607385229, "iz": 78751602914, "k6": 0.9999995360801277, "l0": 0.99999999999906, "lo": 473, "loss": 1.0510048387146753e-10, "lq": 2172039685, "meanscore": 0.9909125878568779, "n_docs": 132840868, "non_null": 3.552713678800501e-15, "pi": 4.926417963126366, "pr": 7.477283650483566, "precision": 0.999998214927311, "prediction_time": 152.30899728822897, "qu": 0.99999999999992, "recall": 0.9998997862291341, "size": 502113989, "time": 377.54909676987785, "weighted_avg": 5.549850973977886}, "classifier": {"NY": 2531938212, "TO": 19997115, "U6": 66561174202, "VL": 517.7715788964517, "WG": 8.699598541550557e-08, "accuracy": 0.9999092270185743, "auc": 0.9999999999999644, "avg_time": 669.7864957010062, "benchmark": 5.494107058384913, "distinct": 582, "entropy": 6.831003878305682, "errors": 666, "exp_cost": 1663666854488, "f1-score": 0.9991180852646506, "falsepos": 6.615059068104667e-05, "fullscore": 0.9999993626686567, "gq": 376.12829280181495, "index": 895.5803750174, "iz": 6.192412703597249, "k6": 3.750536803348581e-07, "l0": 0.999999999999999, "lo": 598, "loss": 2.415068145467103e-12, "lq": 4466062, "meanscore": 0.9999999999885584, "n_docs": 2107745830, "non_null": 1.4959852800977558e-08, "pi": 43.42280055451172, "pr": 0.0, "precision": 0.9999999995286073, "prediction_time": 165.0861582747302, "qu": 7.51620987671231e-14, "recall": 0.9999999999433317, "size": 34036814, "time": 25.649712283836948, "weighted_avg": 6.03641757772716, "x6": 1690.0311022144626}, "mark": {"NY": 260.69798576251156, "TO": 0.9999998971400054, "U6": 9.915723719888803e-08, "VL": 753, "WG": 677, "accuracy": 0.9999999998808172, "auc": 0.9999999615607811, "avg_time": 4261.059395171285, "benchmark": 4.38578387851736, "distinct": 797, "errors": 521, "exp_cost": 2405726, "f1-score": 0.9997748907228617, "falsepos": 7.770673534301942e-06, "fullscore": 0.9999999999999073, "gq": 4654.176054091852, "index": 3.238392377349555, "iz": 5.8905015282357605, "l0": 395.57082273178054, "lo": 3290.150444800712, "loss": 1.2908452085014233e-11, "lq": 0.9999999999177945, "meanscore": 0.9999999996509443, "n_docs": 1787493853, "non_null": 2.510395225030493e-10, "pi": 538134594, "pr": 9153871, "precision": 0.999999995312381, "prediction_time": 3370.357655528929, "qu": 0.9999999967312191, "recall": 0.99999998238785, "size": 180145837, "time": 79.70777831468017, "weighted_avg": 6.269134654932171, "x6": 0.999990443974978}, "train": {"NY": 310.99606586792106, "TO": 4.9001922684910975, "U6": 0.9999999999999871, "VL": 1.7134271779184473e-10, "WG": 3.9516561280085782, "accuracy": 0.9999999999983933, "auc": 1.0, "avg_time": 2057.0096706336267, "benchmark": 6.830897037035893, "distinct": 648, "entropy": 4.759629318609698, "errors": 764, "exp_cost": 2336916, "f1-score": 0.999941796327636, "falsepos": 1.2406801397357725e-07, "fullscore": 0.999998598188248, "gq": 1.0, "index": 1512.3655796049145, "iz": 7.726210696705391, "k6": 2.9976021664879227e-15, "l0": 0.999999999998532, "lo": 3185047090, "loss": 1.0162648500511295e-11, "lq": 626, "meanscore": 0.9999999321433715, "n_docs": 99904530, "non_null": 1.3766765505351941e-14, "pi": 5.5692508382776396e-09, "pr": 546, "precision": 0.9999999745850303, "prediction_time": 6694.162021507776, "qu": 0.9999999296623515, "recall": 0.9707482959750042, "size": 36844344, "time": 937.4648533827253, "weighted_avg": 3.4391015193848986, "x6": 127.4655696702476}, "train_full": {"NY": 6.170189777562689, "TO": 596, "U6": 1.6572954864013667e-07, "VL": 299.5852026880023, "WG": 7.108765795804069, "accuracy": 0.9999999865691152, "auc": 0.9999999999812058, "avg_time": 1642.780270335171, "benchmark": 4.147439613587648, "distinct": 501, "entropy": 5.150295807781733, "errors": 503, "exp_cost": 16887198847, "f1-score": 0.9999999999999963, "falsepos": 4.4086956307864966e-13, "fullscore": 0.9999998634052621, "gq": 7.35369310212824, "index": 223.48447130978025, "iz": 739, "k6": 0.9477181994132836, "l0": 298915, "lo": 0.0009992008028503196, "loss": 1.5441647960301452e-11, "lq": 164.002012173582, "meanscore": 0.9999999999999329, "n_docs": 5770888005, "non_null": 1.356962843646059e-06, "pi": 5.6449066532238135e-09, "pr": 1072.2612851227088, "precision": 0.9999999999978008, "recall": 0.9999600472373977, "size": 304767730482, "time": 141.54655495048283, "weighted_avg": 3.5244092632723443, "x6": 4.118494486990964}}