{"branch": {"NY": 360, "TO": 2176295, "U6": 151, "VL": 0.001039439329406866, "WG": 0.999998584431375, "accuracy": 0.9764542560936093, "auc": 0.7553813675842584, "avg_time": 43.47137012882533, "benchmark": 1.0142911061308841, "distinct": 346, "entropy": 3.3492828630414326, "errors": 291, "exp_cost": 306802, "f1-score": 0.9989689764808853, "falsepos": 0.0007631294904804076, "fullscore": 0.9983688259115608, "index": 34.21796644621094, "iz": 32.76450030747345, "k6": 35.01171990998324, "l0": 0.0512062617019442, "lo": 3.120467417786209, "loss": 0.038256937002767444, "lq": 213, "meanscore": 0.9124630820771003, "n_docs": 4028884, "non_null": 0.019896398269921622, "pi": 134.07416908875499, "pr": 7.799818603802258, "precision": 0.9999953167010147, "prediction_time": 23.571884234446742, "qu": 35.630746710630135, "recall": 0.9876063138919977, "size": 18697039, "time": 18.22930929140177, "weighted_avg": 3.0983496499624343, "x6": 12691}, "brand": {"NY": 1.0258784348412786, "TO": 1.5656521246354416e-05, "U6": 0.8427641688930287, "VL": 9.9892449980264, "WG": 124, "accuracy": 0.9793934999213717, "auc": 0.9942418992642784, "avg_time": 3.679787886366203, "benchmark": 3.192089011897855, "distinct": 276, "entropy": 0.7732719308805709, "errors": 282, "exp_cost": 164401, "f1-score": 0.9999926030616397, "falsepos": 0.02348674270329698, "fullscore": 0.9990237710320403, "gq": 1.2456765349968197, "index": 8.941012456901438, "iz": 9799213, "k6": 0.9508227906022333, "l0": 0.9999186302898109, "lo": 238, "loss": 5.671302471355055e-05, "lq": 1053454, "meanscore": 0.6892808000434932, "n_docs": 108666, "non_null": 9.968880221533638e-06, "pi": 2.0291979617843863, "pr": 3.447030858289085, "precision": 0.9747357747920422, "prediction_time": 18.2024267693237, "qu": 0.9998934563446382, "recall": 0.7612110408004488, "size": 351602, "time": 8.986465744712245, "weighted_avg": 1.5996378942798497}, "classifier": {"NY": 326406, "TO": 101710, "U6": 7642045, "VL": 19.256841101549355, "WG": 0.03200800158224948, "accuracy": 0.9862592350865443, "auc": 0.9999801873830527, "avg_time": 34.668020985152566, "benchmark": 2.2964312701706486, "distinct": 280, "entropy": 3.484760597416304, "errors": 298, "exp_cost": 92231704, "f1-score": 0.804700617854087, "falsepos": 0.22369549809647027, "fullscore": 0.9790983105611087, "gq": 8.393135311178817, "index": 26.652525011289708, "iz": 1.6347617841303224, "k6": 0.022185849647624933, "l0": 0.999999386042544, "lo": 299, "loss": 0.002656187826870493, "lq": 6590, "meanscore": 0.999437851534815, "n_docs": 1972613, "non_null": 0.0039661475387372525, "pi": 2.0470040629540645, "pr": 3.573383576671585e-05, "precision": 0.998516746346623, "prediction_time": 8.047770117058242, "qu": 0.00030033227097781, "recall": 0.9997739071134946, "size": 47947, "time": 3.1416469836390672, "weighted_avg": 2.8685041594402745, "x6": 35.36243055392343}, "mark": {"NY": 11.058039036872552, "TO": 0.8877553022352034, "U6": 0.024722920844790996, "VL": 421, "WG": 290, "accuracy": 0.9746128600317728, "auc": 0.9989463943963532, "avg_time": 66.21342286340168, "benchmark": 1.6792995562318223, "distinct": 369, "errors": 221, "exp_cost": 3571, "f1-score": 0.7530085370899973, "falsepos": 0.014453642356847207, "fullscore": 0.9999194782513848, "gq": 83.39076043788901, "index": 0.39555470326547465, "iz": 3.4372468098910156, "l0": 21.67007591085765, "lo": 74.27700973964042, "loss": 0.0004243266501665621, "lq": 0.9996698904052335, "meanscore": 0.9990993283847567, "n_docs": 497039, "non_null": 0.01635943572195131, "pi": 451321, "pr": 45975, "precision": 0.9739256895546312, "prediction_time": 142.51493156102222, "qu": 0.9998702871868197, "recall": 0.9974500390405792, "size": 41066, "time": 1.5470956042265445, "weighted_avg": 3.0381516115864966, "x6": 0.9745900851940692}, "train": {"NY": 13.03551598042398, "TO": 1.890455137444699, "U6": 0.9978034940019617, "VL": 0.002767043619968046, "WG": 1.5199187343499652, "accuracy": 0.9999422553987587, "auc": 0.9999995907445216, "avg_time": 26.157242428753264, "benchmark": 3.794190548406383, "distinct": 297, "entropy": 2.5039977144978423, "errors": 326, "exp_cost": 4456, "f1-score": 0.8456312465169725, "falsepos": 0.008266108810814465, "fullscore": 0.9650133474111835, "gq": 0.9999990492792944, "index": 42.44197860676312, "iz": 3.6670494272778713, "k6": 2.039918411178565e-05, "l0": 0.9968588631067004, "lo": 463973, "loss": 0.007827203224061607, "lq": 286, "meanscore": 0.9936198318255254, "n_docs": 123957, "non_null": 0.00029520472232635875, "pi": 0.0006257800959397208, "pr": 270, "precision": 0.9811571763895206, "prediction_time": 127.16353736431738, "qu": 0.9934482004131189, "recall": 0.535686525269313, "size": 24815, "time": 51.12084721897093, "weighted_avg": 1.100999697260696, "x6": 4.068724118807192}, "train_full": {"NY": 2.5571226363477586, "TO": 205, "U6": 0.0027618421351207623, "VL": 22.223476206535054, "WG": 3.619637890609509, "accuracy": 0.991853351105148, "auc": 0.9990880870986627, "avg_time": 35.349901169140026, "benchmark": 1.64952195813153, "distinct": 192, "entropy": 1.6902734080299557, "errors": 208, "exp_cost": 11968545, "f1-score": 0.999993598260732, "falsepos": 0.0027117775895403318, "fullscore": 0.9711567364019837, "gq": 3.744590341691049, "index": 4.582527826357952, "iz": 385, "k6": 0.3804748328905958, "l0": 1897, "lo": 0.16107468683899495, "loss": 0.0009164033606843258, "lq": 12.439106273643132, "meanscore": 0.9999010481316197, "n_docs": 685864, "non_null": 0.0439917887623994, "pi": 0.014912067375505988, "pr": 27.632868265679992, "precision": 0.9996097599038941, "recall": 0.9518312337871523, "size": 21707426, "time": 7.549760677022475, "weighted_avg": 0.7362872572633037, "x6": 1.597513596364372}}