{"branch": {"NY": 736, "TO": 1051827173, "U6": 383, "VL": 3.9342462621050345e-10, "WG": 0.9999999999999997, "accuracy": 0.9999999206514488, "auc": 0.9895386941070908, "avg_time": 2073.804311140799, "benchmark": 3.4044361355731123, "distinct": 712, "entropy": 7.2113713969473485, "errors": 684, "exp_cost": 361290503, "f1-score": 0.9999999999306098, "falsepos": 7.227995979519619e-12, "fullscore": 0.9999999940982565, "index": 664.9405308455813, "iz": 733.5057498969668, "k6": 520.1501517587525, "l0": 9.3488711778833e-05, "lo": 7.375865055184199, "loss": 2.025954963014165e-06, "lq": 496, "meanscore": 0.9999932237465019, "n_docs": 3250557772, "non_null": 2.0869780126275828e-08, "pi": 4805.142264875708, "pr": 138.56768695555738, "precision": 1.0, "prediction_time": 432.333044760247, "qu": 544.8097032248367, "recall": 0.9999932803056948, "size": 39789138740, "time": 313.3123471525392, "weighted_avg": 6.609275356056288, "x6": 2307097}, "brand": {"NY": 4.161087756243743, "TO": 8.202327705930657e-13, "U6": 0.9999213279470532, "VL": 211.13003610675747, "WG": 335, "accuracy": 0.9999998791490414, "auc": 0.9999999380698228, "avg_time": 192.0134281227842, "benchmark": 5.796590664832337, "distinct": 544, "entropy": 2.7670288450949463, "errors": 662, "exp_cost": 1325170304, "f1-score": 0.9999999999550369, "falsepos": 2.277001603823159e-06, "fullscore": 0.9999999999909323, "gq": 10.434549282677025, "index": 404.6382189023055, "iz": 41636171387, "k6": 0.999998443946251, "l0": 0.9999999999980398, "lo": 461, "loss": 1.168706242893336e-10, "lq": 1585489858, "meanscore": 0.9811204318943881, "n_docs": 79580442, "non_null": 6.106226635438361e-15, "pi": 4.660447255340862, "pr": 7.24578440481598, "precision": 0.9999966988812372, "prediction_time": 132.23583633180084, "qu": 0.9999999999994388, "recall": 0.9998207654611055, "size": 301003849, "time": 313.0926099071113, "weighted_avg": 5.309211080787087}, "classifier": {"NY": 1745011405, "TO": 19596692, "U6": 40754555900, "VL": 397.593630614578, "WG": 2.0393944322183444e-07, "accuracy": 0.9999115491873225, "auc": 0.9999999999998395, "avg_time": 622.878197972258, "benchmark": 5.3628060070255925, "distinct": 563, "entropy": 6.735134841019024, "errors": 647, "exp_cost": 854114788870, "f1-score": 0.9992108991616219, "falsepos": 0.00017264150635631914, "fullscore": 0.9999993850009993, "gq": 315.2226797934891, "index": 624.6404655708358, "iz": 5.987592442613265, "k6": 8.602198084961543e-07, "l0": 0.9999999999999984, "lo": 601, "loss": 7.0385919315185674e-12, "lq": 3409909, "meanscore": 0.9999999999513911, "n_docs": 2201725023, "non_null": 2.8184199751812855e-08, "pi": 34.937332589508976, "pr": 0.0, "precision": 0.9999999992228844, "prediction_time": 147.93375495623118, "qu": 4.50195436485501e-13, "recall": 0.9999999997834874, "size": 25255730, "time": 21.70301814182219, "weighted_avg": 5.940614554943145, "x6": 1337.8568657982332}, "mark": {"NY": 217.86305565399073, "TO": 0.9999995391057608, "U6": 2.998786383656693e-07, "VL": 745, "WG": 659, "accuracy": 0.999999999347531, "auc": 0.9999999521840429, "avg_time": 3713.575429637352, "benchmark": 4.491490951422648, "distinct": 763, "errors": 493, "exp_cost": 1517008, "f1-score": 0.9994883664114703, "falsepos": 4.3162985632339e-06, "fullscore": 0.9999999999997535, "gq": 4401.669024963589, "index": 2.8793339551468393, "iz": 5.709139806004072, "l0": 291.7156007693958, "lo": 2493.5479250967446, "loss": 7.494227460824732e-11, "lq": 0.999999999705314, "meanscore": 0.9999999981688581, "n_docs": 1397383007, "non_null": 5.571828554096214e-10, "pi": 385899854, "pr": 5777421, "precision": 0.9999999844893557, "prediction_time": 2745.3314590108494, "qu": 0.9999999935015567, "recall": 0.9999999102765449, "size": 75719441, "time": 61.02150081259536, "weighted_avg": 6.050234604465023, "x6": 0.9999795071699255}, "train": {"NY": 263.6642304353458, "TO": 4.690599559586708, "U6": 0.999999999999944, "VL": 3.6788294632827956e-10, "WG": 3.8833975570738843, "accuracy": 0.9999999999969293, "auc": 1.0, "avg_time": 1654.6861730103078, "benchmark": 6.606948247279415, "distinct": 623, "entropy": 4.499262340422798, "errors": 728, "exp_cost": 1652123, "f1-score": 0.9999022931458772, "falsepos": 2.790129483010162e-07, "fullscore": 0.9999971337786218, "gq": 1.0, "index": 1423.78372246201, "iz": 7.49630050082031, "k6": 2.5868196473766147e-14, "l0": 0.9999999999982524, "lo": 2344409181, "loss": 5.725020457703067e-11, "lq": 610, "meanscore": 0.9999996784630594, "n_docs": 78075403, "non_null": 4.929390229335695e-14, "pi": 1.6319925966179483e-08, "pr": 522, "precision": 0.9999999296247167, "prediction_time": 6508.0441594321555, "qu": 0.9999997327183313, "recall": 0.9609240555315272, "size": 32007426, "time": 769.5765581414468, "weighted_avg": 3.4765544051854933, "x6": 108.05426605277177}, "train_full": {"NY": 6.012413976337478, "TO": 558, "U6": 4.247397292767019e-07, "VL": 236.03277347233976, "WG": 6.882411737336249, "accuracy": 0.9999999680896058, "auc": 0.9999999999501966, "avg_time": 1338.7225214059379, "benchmark": 4.063586865063242, "distinct": 487, "entropy": 4.934889371390955, "errors": 480, "exp_cost": 9776755458, "f1-score": 0.9999999999999832, "falsepos": 1.386557535454358e-12, "fullscore": 0.9999992664764351, "gq": 7.292083015959751, "index": 175.55454762831582, "iz": 707, "k6": 0.9501852307048027, "l0": 205335, "lo": 0.0015038155109272644, "loss": 6.32093266617062e-11, "lq": 130.57776393567192, "meanscore": 0.9999999999993373, "n_docs": 3346000673, "non_null": 1.0481320414923445e-06, "pi": 1.7503271942942433e-08, "pr": 908.1087979211294, "precision": 0.9999999999948879, "recall": 0.9999397577987112, "size": 108488887459, "time": 115.4786457319564, "weighted_avg": 3.4226300336309463, "x6": 3.849433137057491}}