{"branch": {"NY": 505, "TO": 17747616, "U6": 234, "VL": 7.2493757721225904e-06, "WG": 0.9999999995616102, "accuracy": 0.9992501305379011, "auc": 0.8967318626593292, "avg_time": 178.53205216571695, "benchmark": 1.9426361071682459, "distinct": 483, "entropy": 4.696754515206822, "errors": 429, "exp_cost": 4439317, "f1-score": 0.9999831876694434, "falsepos": 4.470837579151343e-06, "fullscore": 0.9999661811277282, "index": 101.80989549060727, "iz": 89.91705059544779, "k6": 95.69650288648953, "l0": 0.010036319677515504, "lo": 4.660361023454326, "loss": 0.0026460384872075693, "lq": 326, "meanscore": 0.9950184161076066, "n_docs": 52508485, "non_null": 0.00047925682806160275, "pi": 536.3310698221586, "pr": 20.18855177377301, "precision": 0.9999999989390048, "prediction_time": 58.21599240215453, "qu": 101.78044323760781, "recall": 0.9990559020942684, "size": 424854140, "time": 51.25193708788894, "weighted_avg": 4.451515886837057, "x6": 69551}, "brand": {"NY": 2.099696446221693, "TO": 1.2788904257821088e-07, "U6": 0.9751768546145132, "VL": 29.88336302605796, "WG": 201, "accuracy": 0.9993748195943287, "auc": 0.9999018744980939, "avg_time": 15.335210330346278, "benchmark": 4.179408108778833, "distinct": 374, "entropy": 1.3943312110589772, "errors": 416, "exp_cost": 4043138, "f1-score": 0.9999998962343568, "falsepos": 0.0013987323768615, "fullscore": 0.9999938415406842, "gq": 2.8479305188849873, "index": 37.54872777780553, "iz": 180731549, "k6": 0.9966305826640626, "l0": 0.9999995760295265, "lo": 328, "loss": 8.26756807015272e-07, "lq": 12251290, "meanscore": 0.8867987292943855, "n_docs": 1028097, "non_null": 2.3543349270127578e-08, "pi": 2.9150801899186796, "pr": 4.8167423917634595, "precision": 0.9984840906076807, "prediction_time": 37.97903729924514, "qu": 0.999999710941115, "recall": 0.9589620672490785, "size": 2926106, "time": 33.762696860351966, "weighted_avg": 3.0080196338107497}, "classifier": {"NY": 6924495, "TO": 527411, "U6": 157875308, "VL": 57.98122919101609, "WG": 0.0011984030104510435, "accuracy": 0.997729552374988, "auc": 0.999999903620964, "avg_time": 80.19705106531156, "benchmark": 3.400090519930004, "distinct": 374, "entropy": 4.877373689617236, "errors": 428, "exp_cost": 2192402283, "f1-score": 0.959479512046097, "falsepos": 0.06087085268765213, "fullscore": 0.9981400639767322, "gq": 32.535540301576056, "index": 110.74066599895873, "iz": 3.263339828224636, "k6": 0.0012843367124497629, "l0": 0.999999996084801, "lo": 405, "loss": 1.500033725743144e-05, "lq": 59986, "meanscore": 0.9999943371416817, "n_docs": 26639561, "non_null": 9.338495422306359e-05, "pi": 5.128159718111708, "pr": 2.0817535917316832e-08, "precision": 0.9999757049722161, "prediction_time": 23.438577716242932, "qu": 6.297388439602258e-07, "recall": 0.9999974899376053, "size": 463337, "time": 5.915300563516523, "weighted_avg": 3.9055703070486536, "x6": 127.50643095861811}, "mark": {"NY": 29.93329774338757, "TO": 0.9941261991986035, "U6": 0.0015199111407427912, "VL": 522, "WG": 417, "accuracy": 0.9997439761438844, "auc": 0.9999586545758787, "avg_time": 304.96952846218477, "benchmark": 2.621771978731424, "distinct": 523, "errors": 328, "exp_cost": 22108, "f1-score": 0.9522961403844512, "falsepos": 0.0010474656827510476, "fullscore": 0.9999996935624247, "gq": 313.74507230103967, "index": 0.779925265397058, "iz": 4.32684433587261, "l0": 52.95908689191669, "lo": 257.06151701648866, "loss": 2.4959989238793057e-06, "lq": 0.9999933534281984, "meanscore": 0.9999919739364054, "n_docs": 6526268, "non_null": 0.00019519749709040468, "pi": 5811884, "pr": 222445, "precision": 0.9996574602809519, "prediction_time": 435.3782353206205, "qu": 0.9999939101253452, "recall": 0.9998823709717052, "size": 418911, "time": 7.614742572884452, "weighted_avg": 4.067602577689373, "x6": 0.9982657986678649}, "train": {"NY": 39.13746351929517, "TO": 3.2296162810514986, "U6": 0.9999968155604549, "VL": 6.765564451971517e-05, "WG": 2.1857429155505934, "accuracy": 0.9999995188783197, "auc": 0.9999999999488984, "avg_time": 120.52111873292972, "benchmark": 4.7681422724696745, "distinct": 427, "entropy": 3.177565653626429, "errors": 478, "exp_cost": 34700, "f1-score": 0.9714831838767701, "falsepos": 0.00031795782512766824, "fullscore": 0.9967079877808065, "gq": 0.9999999990644673, "index": 159.15729560836695, "iz": 5.173434164826936, "k6": 6.350552628209272e-08, "l0": 0.9999854015501888, "lo": 7591811, "loss": 3.413551214537236e-05, "lq": 378, "meanscore": 0.9996976407641929, "n_docs": 1170363, "non_null": 5.15317363114498e-07, "pi": 2.23202478336626e-05, "pr": 369, "precision": 0.9993239514291048, "prediction_time": 492.3256855342112, "qu": 0.999683970974995, "recall": 0.778651481087785, "size": 359020, "time": 119.92451955471272, "weighted_avg": 1.9315871654903654, "x6": 14.24635824011461}, "train_full": {"NY": 3.8548114081534806, "TO": 346, "U6": 0.0001666786282128463, "VL": 48.634232484379794, "WG": 5.033056010509754, "accuracy": 0.9998551780191862, "auc": 0.9999942321133359, "avg_time": 113.44650264888848, "benchmark": 2.6081190321506664, "distinct": 289, "entropy": 2.968254948941109, "errors": 300, "exp_cost": 151726872, "f1-score": 0.9999999828482963, "falsepos": 7.87137890279066e-06, "fullscore": 0.9989858926665808, "gq": 4.910134847408652, "index": 18.810744426575337, "iz": 512, "k6": 0.6803416463781308, "l0": 9493, "lo": 0.046754656974347886, "loss": 1.4750989629774836e-05, "lq": 29.388171346053035, "meanscore": 0.9999996238472926, "n_docs": 15926938, "non_null": 0.002697300689284976, "pi": 0.0004069417249175089, "pr": 105.20255396109177, "precision": 0.9999981491154468, "recall": 0.9943980052995129, "size": 476989705, "time": 19.671807394766205, "weighted_avg": 1.7151737259264555, "x6": 2.588268140530269}}