{"branch": {"accuracy": 0.9999208284608772, "auc": 0.993540754096119, "avg_time": 49.37961133361028, "benchmark": 1.5276099181937535, "distinct": 313, "entropy": 3.6677057385667076, "errors": -74, "exp_cost": 1138032, "f1-score": 0.9979678093003191, "falsepos": 0.021668143467300505, "fullscore": 0.9995396659735506, "index": 2.781147784625792, "ko": 2.2394056611165856, "loss": 0.0005227125764346585, "meanscore": 0.9359880753608816, "n_docs": 100840, "non_null": 0.006568754921986497, "precision": 0.9810536152955045, "prediction_time": 2.9194037005625817, "recall": 0.9999992423801385, "size": 17377, "time": 5.452347650966074, "weighted_avg": 1.0646385028446173, "x2": 0.9586199434149598}, "brand": {"auc": 0.9999997804950005, "avg_time": 24.83175080251972, "benchmark": 2.0935492552693424, "distinct": 276, "entropy": 0.022341151596909192, "errors": 319, "exp_cost": 61815, "f1-score": 0.9999974065974383, "falsepos": 0.0009764450618683362, "fullscore": 0.9845143785627488, "index": 0.691427127186664, "ko": 239646, "loss": 0.18509269889696067, "meanscore": 0.9995916703310705, "n_docs": 96360, "non_null": 0.021337129462879467, "precision": 0.12844096222065227, "prediction_time": 23.29399181479714, "recall": 0.9446549555795145, "size": 71488, "time": 11.328927649546653, "weighted_avg": 0.9564773394295132, "x2": 407}, "classifier": {"accuracy": 0.5682698996181086, "auc": 0.44148391109551705, "avg_time": 33.080974271476514, "benchmark": 4.010588158072147, "distinct": 356, "entropy": 2.2062898515870635, "errors": 362, "exp_cost": 1241818, "f1-score": 0.9992754956309234, "falsepos": 0.050699589822980284, "fullscore": 0.9985280713242505, "index": 170.754922100848, "ko": 625764, "loss": 0.1691322017638467, "n_docs": 1887723, "non_null": 0.0757437262632823, "precision": 0.4100463849851141, "prediction_time": 10.539510286995428, "recall": 0.9841761022810402, "size": 6752, "time": 0.9311896562305101, "weighted_avg": 3.340237122083315, "x2": 325}, "reports": {"accuracy": 0.9706641119890794, "auc": 0.936098571412982, "avg_time": 5.929587001051624, "benchmark": 2.3191517323581756, "distinct": 415, "entropy": 1.3669166287986845, "errors": 186, "exp_cost": 2759, "f1-score": 0.9999979238100104, "falsepos": 4.784998846596444e-06, "fullscore": 0.3675412404171746, "index": 3.327057089201242, "ko": 0.9770144940759026, "loss": 0.06727390639517561, "meanscore": 0.9850512108858632, "n_docs": 589926, "non_null": 0.03518784725162116, "precision": 0.9985862129107055, "prediction_time": 11.367730968196664, "recall": 0.69948233074605, "size": 547460, "time": 2.9525492497907155, "weighted_avg": 1.9302249248457137, "x2": 0.008316485879124258}, "train": {"accuracy": 0.9547071235397462, "auc": 0.880839750612808, "avg_time": 2.6620384688483933, "benchmark": -0.1464102706401347, "distinct": 165, "entropy": 1.4801340375494496, "errors": 283, "exp_cost": 112921, "falsepos": 0.00023854738084938543, "fullscore": 0.9999052134540574, "index": 9.94176884777466, "ko": 0.02156124953673899, "loss": 0.00017046396713371603, "meanscore": 0.8603881224116875, "n_docs": 14223055, "non_null": 0.6322239203552246, "precision": 0.4906827485975399, "prediction_time": 1.5353291001440232, "recall": 0.9998429242895572, "size": 54386, "time": 0.3822947696568015, "weighted_avg": 1.937325747898773, "x2": 117}, "train_full": {"accuracy": 0.9926595879593704, "auc": 0.7788432623583716, "avg_time": 2.2545931474259193, "benchmark": 2.383636559619643, "distinct": 120, "entropy": 2.828960363912149, "errors": 123, "exp_cost": 2352856, "f1-score": 0.9987172955987857, "falsepos": 0.2197184668755091, "fullscore": 0.8996465312092043, "index": 5.447593923898534, "ko": 17.12625359525326, "loss": 3.8254059954168085e-06, "meanscore": 0.7984197840399091, "n_docs": 871924, "non_null": 0.00011589586887927883, "precision": 0.9664392046218514, "prediction_time": 20.77689491658507, "recall": 0.9750240729683377, "size": 3132, "time": 4.566388060486298, "weighted_avg": 3.0956008603556042, "x2": 3.1095258387600713}}