{"branch": {"accuracy": 1.0, "auc": 0.9999999999999509, "avg_time": 30345.92238226029, "benchmark": 5.94974196478154, "distinct": 861, "entropy": 9.650169200297505, "errors": 492, "exp_cost": 113587333548, "f1-score": 0.9999999999999999, "falsepos": 0.0, "fullscore": 1.0, "index": 646.7884469416437, "ko": 5.588530683385111, "loss": 5.551115123125783e-16, "meanscore": 0.9999998695234599, "n_docs": 350364785504, "non_null": 9.654343990916914e-11, "precision": 0.999999999240085, "prediction_time": 99.9797891209439, "recall": 1.0, "size": 70728910907, "time": 266.0979265703617, "weighted_avg": 7.560501664774483, "x2": 0.9999999999779823}, "brand": {"auc": 1.0, "avg_time": 4171.552897207023, "benchmark": 8.710549954186394, "distinct": 687, "entropy": 4.165394467344861, "errors": 885, "exp_cost": 77203058, "f1-score": 1.0, "falsepos": 9.103828801926284e-15, "fullscore": 0.9999999999999926, "index": 58.764409609210375, "ko": 40186689866, "loss": 8.312395216591995e-11, "meanscore": 0.999999999999998, "n_docs": 483569990, "non_null": 3.3306690738754696e-16, "precision": 0.9900061112177295, "prediction_time": 1528.0831859155567, "recall": 0.9999999999670481, "size": 8672751533, "time": 12497.800797651094, "weighted_avg": 4.690728855207086, "x2": 1069}, "classifier": {"accuracy": 0.9999999829603607, "auc": 0.9980775963734905, "avg_time": 13505.137073447733, "benchmark": 11.037523134906566, "distinct": 947, "entropy": 6.558083040442701, "errors": 748, "exp_cost": 62300796608, "f1-score": 1.0, "falsepos": 1.5159524413554948e-08, "fullscore": 1.0, "index": 20053.83353562898, "ko": 20848751569, "loss": 4.5445075746997077e-07, "n_docs": 4816988128665, "non_null": 7.772571475328505e-11, "precision": 0.9999964093875221, "prediction_time": 2950.5676728840335, "recall": 0.9999999999986927, "size": 57105010749, "time": 138.39258191546713, "weighted_avg": 8.167251914834583, "x2": 892}, "reports": {"accuracy": 0.9999999998417821, "auc": 0.9999999966289974, "avg_time": 1942.1350152534346, "benchmark": 7.0648557577061615, "distinct": 1050, "entropy": 5.9301347070137025, "errors": 737, "exp_cost": 90334589, "f1-score": 1.0, "falsepos": 0.0, "fullscore": 0.996163743280122, "index": 1039.080592808737, "ko": 0.9999999999999832, "loss": 0.0, "meanscore": 0.9999999846416866, "n_docs": 74545099936, "non_null": 2.5990321006474915e-12, "precision": 1.0, "prediction_time": 3574.0432462202325, "recall": 0.9999999979731233, "size": 1142128020067, "time": 897.1356779751892, "weighted_avg": 7.161474286132528, "x2": 2.7644553313166398e-14}, "train": {"accuracy": 0.99999999999999, "auc": 0.9999999967914415, "avg_time": 70.3966082078102, "benchmark": 4.809330356729778, "distinct": 770, "entropy": 5.7613396620225235, "errors": 819, "exp_cost": 4315288398, "falsepos": 0.0, "fullscore": 1.0, "index": 906.5741269128122, "ko": 1.4846750495678407e-09, "loss": 0.0, "meanscore": 0.9999999999930673, "n_docs": 6533062200256, "non_null": 1.3313739000153646e-10, "precision": 0.9999977384479245, "prediction_time": 1190.332721527763, "recall": 1.0, "size": 2710266675, "time": 111.69837350017029, "weighted_avg": 6.452811843601384, "x2": 673}, "train_full": {"accuracy": 0.9999999999999998, "auc": 0.9999999917375164, "avg_time": 406.1290543658248, "benchmark": 6.559128563208021, "distinct": 660, "entropy": 8.882735208328887, "errors": 538, "exp_cost": 1331273723876, "f1-score": 1.0, "falsepos": 1.1607381722456012e-10, "fullscore": 0.9999999999976974, "index": 2967.8884771137677, "ko": 5997.501298991339, "loss": 0.0, "meanscore": 0.9999999999999877, "n_docs": 622678450712, "non_null": 0.0, "precision": 0.9999999993847093, "prediction_time": 3008.26910657745, "recall": 0.9999999745221668, "size": 282003592, "time": 1294.3427064070765, "weighted_avg": 7.343422251493803, "x2": 7.724436917514436}}