{"branch": {"accuracy": 0.999999996930646, "auc": 0.9999501358458964, "avg_time": 288.87585484784677, "benchmark": 2.721445841719127, "distinct": 467, "entropy": 5.2864227815739175, "errors": 93, "exp_cost": 32645552, "f1-score": 0.9999914880717456, "falsepos": 2.9088455119952172e-05, "fullscore": 0.9999996721362143, "index": 13.118991656817489, "ko": 3.197711939491074, "loss": 2.3128730000099296e-06, "meanscore": 0.9937921980899334, "n_docs": 7589015, "non_null": 0.0001339088806689981, "precision": 0.998855786982765, "prediction_time": 6.847809405637994, "recall": 0.9999999999949906, "size": 1211085, "time": 15.32717788268826, "weighted_avg": 2.639034456080962, "x2": 0.9990965725735239}, "brand": {"auc": 0.9999999999543385, "avg_time": 100.55308044891198, "benchmark": 3.9223268936051, "distinct": 398, "entropy": 1.2369531523985886, "errors": 479, "exp_cost": 407874, "f1-score": 0.9999999998172249, "falsepos": 5.011387881226348e-06, "fullscore": 0.9999599414404543, "index": 2.353751829733641, "ko": 6751288, "loss": 0.00834184475458044, "meanscore": 0.999998283109056, "n_docs": 997900, "non_null": 0.00012669362187844868, "precision": 0.4189173661582363, "prediction_time": 77.91189928971298, "recall": 0.9980134483938021, "size": 1745319, "time": 69.49659519792678, "weighted_avg": 2.0799375239860245, "x2": 595}, "classifier": {"accuracy": 0.9620080532878272, "auc": 0.7761895078517941, "avg_time": 214.9668133557046, "benchmark": 6.100802756576526, "distinct": 521, "entropy": 3.4072361643084097, "errors": 467, "exp_cost": 19097977, "f1-score": 0.9999981063001786, "falsepos": 0.0033744273024114424, "fullscore": 0.99999966454112, "index": 610.5744102742785, "ko": 14155453, "loss": 0.022627297843403116, "n_docs": 134674788, "non_null": 0.0021447262757154917, "precision": 0.8720454763664147, "prediction_time": 51.50642258562726, "recall": 0.9998102069440098, "size": 542088, "time": 3.5668134937319187, "weighted_avg": 4.719500037292182, "x2": 479}, "reports": {"accuracy": 0.9988084202558599, "auc": 0.9973736249855633, "avg_time": 30.844693177076316, "benchmark": 3.5931207857357377, "distinct": 601, "entropy": 2.5923930544140874, "errors": 340, "exp_cost": 40346, "f1-score": 0.9999999994208356, "falsepos": 2.702886803263027e-10, "fullscore": 0.6897820814252339, "index": 15.799051529439296, "ko": 0.9998089888383953, "loss": 0.00045119721755670916, "meanscore": 0.9990667262398036, "n_docs": 12759372, "non_null": 0.0005255184924449763, "precision": 0.9999973451809547, "prediction_time": 55.42658096459621, "recall": 0.9786679494803009, "size": 26201701, "time": 16.26755177399106, "weighted_avg": 3.242341263039373, "x2": 3.2937586379566675e-05}, "train": {"accuracy": 0.9994722981783135, "auc": 0.9922916038792355, "avg_time": 6.388862963879751, "benchmark": 1.3264977328818772, "distinct": 334, "entropy": 2.6067055811201088, "errors": 423, "exp_cost": 1881371, "falsepos": 4.1815114815157983e-07, "fullscore": 0.9999999633795041, "index": 32.58735580712672, "ko": 0.0007120606289039433, "loss": 5.806868053070957e-08, "meanscore": 0.9954230162913853, "n_docs": 491608546, "non_null": 0.06563626003204315, "precision": 0.8857503747304123, "prediction_time": 10.371670270665808, "recall": 0.9999999276454934, "size": 1067030, "time": 1.4434590590495249, "weighted_avg": 3.1834803700850838, "x2": 268}, "train_full": {"accuracy": 0.9999523753353251, "auc": 0.9866879395902988, "avg_time": 10.407205089885279, "benchmark": 3.565800931030698, "distinct": 280, "entropy": 4.386966883054017, "errors": 230, "exp_cost": 91193283, "f1-score": 0.9999976666294388, "falsepos": 0.011348662148382482, "fullscore": 0.998163576777923, "index": 32.84174078185253, "ko": 98.7437149871979, "loss": 4.738078818178337e-10, "meanscore": 0.99707343301521, "n_docs": 31873483, "non_null": 1.1354835671717467e-07, "precision": 0.9986301419808241, "prediction_time": 85.1676019285134, "recall": 0.9983473170680808, "size": 77130, "time": 21.90986345415385, "weighted_avg": 4.165295520753108, "x2": 4.256167645251696}}