{"branch": {"accuracy": 0.9999999999999758, "auc": 0.9999999241914956, "avg_time": 1497.8575526391783, "benchmark": 3.84181996576339, "distinct": 614, "entropy": 6.951440569141289, "errors": 236, "exp_cost": 573585832, "f1-score": 0.9999999967299594, "falsepos": 4.32562186070129e-09, "fullscore": 0.9999999998974238, "index": 54.65765839552157, "ko": 4.1094758455245985, "loss": 4.5851678009967145e-09, "meanscore": 0.9998009355142176, "n_docs": 302594629, "non_null": 2.6058095125014447e-06, "precision": 0.999985704746551, "prediction_time": 21.911344794477728, "recall": 1.0, "size": 55084131, "time": 39.12607130720915, "weighted_avg": 4.238346289774061, "x2": 0.9999942527545352}, "brand": {"auc": 0.9999999999999851, "avg_time": 402.5016746569679, "benchmark": 5.638876285418215, "distinct": 508, "entropy": 2.2759909998509085, "errors": 624, "exp_cost": 3003940, "f1-score": 0.9999999999999964, "falsepos": 4.9690447312400465e-09, "fullscore": 0.9999999583322214, "index": 7.959096365660424, "ko": 198481615, "loss": 5.873781289744695e-05, "meanscore": 0.9999999942339999, "n_docs": 10175833, "non_null": 5.764470478730743e-08, "precision": 0.7555761289737877, "prediction_time": 235.3097407413148, "recall": 0.9999868538922667, "size": 46262971, "time": 424.03910905089873, "weighted_avg": 2.9596606629161495, "x2": 763}, "classifier": {"accuracy": 0.9990281653711938, "auc": 0.9321066778514997, "avg_time": 828.306337321213, "benchmark": 7.928496421927597, "distinct": 670, "entropy": 4.533775147610173, "errors": 565, "exp_cost": 476773853, "f1-score": 0.9999999996848956, "falsepos": 7.84099751256484e-05, "fullscore": 0.9999999999958077, "index": 2234.98352789417, "ko": 238180438, "loss": 0.0007272339968844577, "n_docs": 4229474976, "non_null": 1.7351178814184465e-05, "precision": 0.9877759470110554, "prediction_time": 215.9933737184904, "recall": 0.9999989706738903, "size": 27591906, "time": 12.756180343244187, "weighted_avg": 5.920938768517652, "x2": 649}, "reports": {"accuracy": 0.9999954002046536, "auc": 0.9999352651743646, "avg_time": 151.5561630114462, "benchmark": 4.678302015330113, "distinct": 749, "entropy": 3.814975903644213, "errors": 479, "exp_cost": 905963, "f1-score": 0.9999999999999748, "falsepos": 1.6653345369377348e-15, "fullscore": 0.8999007243330042, "index": 64.69159298035996, "ko": 0.9999996888451432, "loss": 1.1674766620117794e-07, "meanscore": 0.9999674322301749, "n_docs": 230342823, "non_null": 1.972887370471632e-06, "precision": 0.9999999984038032, "prediction_time": 262.0875528123275, "recall": 0.9996022320105029, "size": 1296528359, "time": 71.96442562026418, "weighted_avg": 4.826389816804795, "x2": 5.5677008115040394e-08}, "train": {"accuracy": 0.9999992837289199, "auc": 0.99988975775463, "avg_time": 12.853491740259317, "benchmark": 2.4939174266233954, "distinct": 485, "entropy": 3.805504418096392, "errors": 558, "exp_cost": 33211356, "falsepos": 1.4104251100377496e-10, "fullscore": 0.9999999999860868, "index": 104.08727509175827, "ko": 1.1517446039777113e-05, "loss": 1.1357581541915351e-12, "meanscore": 0.999984257457526, "n_docs": 16484836681, "non_null": 0.0007109055404691533, "precision": 0.9922217528084054, "prediction_time": 53.11167193751524, "recall": 0.9999999999753045, "size": 16048472, "time": 7.6379410315535265, "weighted_avg": 4.395758483234079, "x2": 434}, "train_full": {"accuracy": 0.9999999619821205, "auc": 0.9995906462377702, "avg_time": 39.773013444018105, "benchmark": 4.750122789520181, "distinct": 392, "entropy": 5.949282898093267, "errors": 350, "exp_cost": 3440167864, "f1-score": 0.9999999997239126, "falsepos": 0.00011131482020210193, "fullscore": 0.9999911195413734, "index": 139.78866447300246, "ko": 385.7553697150927, "loss": 1.2656542480726785e-14, "meanscore": 0.9999987399825032, "n_docs": 1127686211, "non_null": 3.753486410573714e-11, "precision": 0.9999845015098188, "prediction_time": 334.5919530033931, "recall": 0.9999616239130312, "size": 1385978, "time": 95.94660243974285, "weighted_avg": 5.2323729004798185, "x2": 5.6119484439013085}}