{"branch": {"accuracy": 0.9999999999699865, "auc": 0.9999978580315221, "avg_time": 571.5493519800431, "benchmark": 3.332615852799888, "distinct": 526, "entropy": 5.997404818298894, "errors": 149, "exp_cost": 80870002, "f1-score": 0.9999997520345039, "falsepos": 7.196072677739807e-07, "fullscore": 0.9999999732265457, "index": 24.122488207392717, "ko": 3.6247180181398084, "loss": 1.3157958078657828e-07, "meanscore": 0.9988624068015965, "n_docs": 23952563, "non_null": 4.0597529250785414e-05, "precision": 0.9997448169271428, "prediction_time": 12.119813040873796, "recall": 0.9999999999999937, "size": 5564606, "time": 23.908913063644114, "weighted_avg": 3.290040856632862, "x2": 0.9999069523399998}, "brand": {"auc": 0.9999999999975606, "avg_time": 199.03371096786415, "benchmark": 4.737248656191269, "distinct": 451, "entropy": 1.718988625305194, "errors": 551, "exp_cost": 1197469, "f1-score": 0.9999999999986292, "falsepos": 1.5242244744140265e-07, "fullscore": 0.999995477594869, "index": 3.8652410887579327, "ko": 33650512, "loss": 0.0011957248587900482, "meanscore": 0.9999998876468343, "n_docs": 2261901, "non_null": 1.0846088813076804e-05, "precision": 0.5549695310145283, "prediction_time": 125.93455514664524, "recall": 0.999634664331585, "size": 7513624, "time": 155.74627956559115, "weighted_avg": 2.5746341155702397, "x2": 674}, "classifier": {"accuracy": 0.9892365855951528, "auc": 0.8388205323336987, "avg_time": 353.9405616049224, "benchmark": 6.79639590734464, "distinct": 583, "entropy": 3.8987236502463776, "errors": 518, "exp_cost": 62910202, "f1-score": 0.9999999434350575, "falsepos": 0.0011759649578269027, "fullscore": 0.9999999978580435, "index": 1108.2465292278089, "ko": 65578427, "loss": 0.004377913415989587, "n_docs": 450307453, "non_null": 0.0002753245409801153, "precision": 0.9273813514674822, "prediction_time": 98.9645274440367, "recall": 0.9999828821789609, "size": 2813348, "time": 6.75633952814379, "weighted_avg": 5.085384760398729, "x2": 564}, "reports": {"accuracy": 0.9999164965150724, "auc": 0.9992242047514212, "avg_time": 56.74066255559097, "benchmark": 3.94684132863885, "distinct": 657, "entropy": 3.3203534732073794, "errors": 396, "exp_cost": 198845, "f1-score": 0.9999999999960485, "falsepos": 4.579447931973846e-12, "fullscore": 0.7805556986297897, "index": 24.964731300768197, "ko": 0.9999851836082307, "loss": 2.1727590778675143e-05, "meanscore": 0.9996958294047927, "n_docs": 59481093, "non_null": 5.534239679028108e-05, "precision": 0.9999999636460646, "prediction_time": 108.66974212914279, "recall": 0.9952372461970171, "size": 181332787, "time": 28.692742597724116, "weighted_avg": 4.156483723819806, "x2": 1.9568790053936524e-06}, "train": {"accuracy": 0.9999753911024772, "auc": 0.9984901605561891, "avg_time": 8.92612950646072, "benchmark": 1.9035406087914852, "distinct": 400, "entropy": 3.213021546435663, "errors": 493, "exp_cost": 8657981, "falsepos": 1.600142529589732e-08, "fullscore": 0.9999999989857293, "index": 67.56703640135994, "ko": 0.00020589186412400817, "loss": 7.899098042329911e-10, "meanscore": 0.9994433416476995, "n_docs": 2312989317, "non_null": 0.014038254522385385, "precision": 0.9495529726371641, "prediction_time": 20.79570829136569, "recall": 0.9999999965069699, "size": 3321427, "time": 3.4023785437011203, "weighted_avg": 3.608195248456979, "x2": 359}, "train_full": {"accuracy": 0.9999964288910846, "auc": 0.9964241110143494, "avg_time": 17.567890580445926, "benchmark": 4.113628253180438, "distinct": 330, "entropy": 5.1104634862909, "errors": 277, "exp_cost": 427797011, "f1-score": 0.999999840727571, "falsepos": 0.0022416400979261564, "fullscore": 0.9997884842242812, "index": 57.15616653683483, "ko": 172.54523037850626, "loss": 7.152611836147571e-12, "meanscore": 0.9998528191327927, "n_docs": 169897612, "non_null": 4.729092450972416e-09, "precision": 0.9996811983264344, "prediction_time": 158.81622347498302, "recall": 0.9996898251464497, "size": 269439, "time": 39.22684301421886, "weighted_avg": 4.582019438667235, "x2": 4.939734990056624}}