{"branch": {"accuracy": 0.9999999999775964, "auc": 0.9999985068503312, "avg_time": 591.0527264092126, "benchmark": 3.34087981227184, "distinct": 527, "entropy": 6.0129782808696275, "errors": 151, "exp_cost": 118415535, "f1-score": 0.9999998274935534, "falsepos": 5.219820715662848e-07, "fullscore": 0.9999999774043129, "index": 23.518984428906794, "ko": 3.544730280452828, "loss": 7.797514545160311e-08, "meanscore": 0.998959480309845, "n_docs": 29833495, "non_null": 4.0140805637634e-05, "precision": 0.9998401887969064, "prediction_time": 13.256868657526526, "recall": 0.9999999999999953, "size": 6597999, "time": 24.91113693876466, "weighted_avg": 3.3837350747343864, "x2": 0.999870065373527}, "brand": {"auc": 0.9999999999981277, "avg_time": 202.47146130085045, "benchmark": 4.683418710554168, "distinct": 451, "entropy": 1.7194196088864815, "errors": 552, "exp_cost": 893899, "f1-score": 0.999999999999331, "falsepos": 1.6053159579421106e-07, "fullscore": 0.9999950466121232, "index": 3.9627254744759743, "ko": 34859969, "loss": 0.001051841353167271, "meanscore": 0.9999998784142459, "n_docs": 2300534, "non_null": 7.878678288109064e-06, "precision": 0.5824952489860596, "prediction_time": 122.42921378696975, "recall": 0.9996623427760952, "size": 8369225, "time": 158.70092627489956, "weighted_avg": 2.6323314937084725, "x2": 678}, "classifier": {"accuracy": 0.9907834785567494, "auc": 0.8600139204939382, "avg_time": 360.11809580682853, "benchmark": 6.88475140169938, "distinct": 590, "entropy": 3.9217864649055376, "errors": 524, "exp_cost": 68447556, "f1-score": 0.9999999523233726, "falsepos": 0.0008977071772057199, "fullscore": 0.9999999969934217, "index": 1130.6895939172762, "ko": 52845144, "loss": 0.005357897081094465, "n_docs": 510158166, "non_null": 0.00022981668751376194, "precision": 0.9318245798307596, "prediction_time": 98.48570158912244, "recall": 0.9999774055915988, "size": 3325542, "time": 6.991000249630919, "weighted_avg": 5.257568005694808, "x2": 571}, "reports": {"accuracy": 0.9999218760435791, "auc": 0.9991638438705255, "avg_time": 65.68950166406567, "benchmark": 4.040850282113886, "distinct": 667, "entropy": 3.306422353399243, "errors": 401, "exp_cost": 218392, "f1-score": 0.999999999993498, "falsepos": 3.6045610940504957e-12, "fullscore": 0.7943831375573823, "index": 27.55237364676571, "ko": 0.9999863662453803, "loss": 1.7774508852652637e-05, "meanscore": 0.9997662729315079, "n_docs": 65777861, "non_null": 4.76220117187065e-05, "precision": 0.9999999675938671, "prediction_time": 106.83452412698219, "recall": 0.9953256496500134, "size": 176411987, "time": 33.9615415841432, "weighted_avg": 4.1086789667764645, "x2": 2.564892078726899e-06}, "train": {"accuracy": 0.9999676310496219, "auc": 0.9985474790267477, "avg_time": 9.777287511503978, "benchmark": 1.81750422406955, "distinct": 402, "entropy": 3.2395011440814225, "errors": 487, "exp_cost": 8243736, "falsepos": 1.4336566378503335e-08, "fullscore": 0.9999999989387167, "index": 67.5366601781947, "ko": 0.00015928350105554046, "loss": 7.536059554169583e-10, "meanscore": 0.9995498671868261, "n_docs": 2102811806, "non_null": 0.011340833789011961, "precision": 0.9540183107937575, "prediction_time": 20.15279395059021, "recall": 0.9999999976665508, "size": 3004815, "time": 3.2769077780395217, "weighted_avg": 3.6503805772384963, "x2": 365}, "train_full": {"accuracy": 0.9999977023271582, "auc": 0.997258765493555, "avg_time": 17.617592767921153, "benchmark": 4.117924480751254, "distinct": 337, "entropy": 5.126604447853357, "errors": 277, "exp_cost": 370305186, "f1-score": 0.9999998947937129, "falsepos": 0.0020356359049593653, "fullscore": 0.9998800350343755, "index": 63.179153244459116, "ko": 182.62015633928382, "loss": 7.208456054286216e-12, "meanscore": 0.9998332728839576, "n_docs": 202245281, "non_null": 3.4676889137941203e-09, "precision": 0.9997144601192759, "prediction_time": 156.80128873550794, "recall": 0.9996697585460832, "size": 313400, "time": 44.43219274663838, "weighted_avg": 4.64577034899183, "x2": 4.945201569154995}}