{"branch": {"accuracy": 0.9999999131892994, "auc": 0.999829301311052, "avg_time": 175.59216433964994, "benchmark": 2.3723888470245633, "distinct": 419, "entropy": 4.816958082980163, "errors": 30, "exp_cost": 8511408, "f1-score": 0.9999481892900957, "falsepos": 0.00023302049766571464, "fullscore": 0.999995431368272, "index": 8.163398650701899, "ko": 2.80768145402271, "loss": 9.806230239384206e-06, "meanscore": 0.9866559969794247, "n_docs": 2098614, "non_null": 0.0006230429699782825, "precision": 0.9981813409949027, "prediction_time": 5.211992036324442, "recall": 0.9999999998845699, "size": 410453, "time": 11.606533624185127, "weighted_avg": 2.2264238572032835, "x2": 0.9971111976618274}, "brand": {"auc": 0.999999998953226, "avg_time": 65.80133118096705, "benchmark": 3.4688948632219985, "distinct": 369, "entropy": 0.8495592549453149, "errors": 440, "exp_cost": 299639, "f1-score": 0.9999999976316214, "falsepos": 2.507038974242093e-05, "fullscore": 0.9997949149322205, "index": 1.6259043213289588, "ko": 2197131, "loss": 0.023631455971914406, "meanscore": 0.9999868197206474, "n_docs": 402649, "non_null": 0.0013166143363905203, "precision": 0.3520944244395604, "prediction_time": 52.76784696143324, "recall": 0.992890751097113, "size": 1005759, "time": 41.82691780625519, "weighted_avg": 1.796747064324144, "x2": 526}, "classifier": {"accuracy": 0.8942760206163478, "auc": 0.6133322186769494, "avg_time": 109.05573616904222, "benchmark": 5.512141988151554, "distinct": 471, "entropy": 3.081397353414288, "errors": 431, "exp_cost": 11880081, "f1-score": 0.9999818241646666, "falsepos": 0.008967501286974766, "fullscore": 0.9999891828001437, "index": 514.4994410644308, "ko": 4994750, "loss": 0.03792370234517484, "n_docs": 41373375, "non_null": 0.007050257628129719, "precision": 0.7047224383987472, "prediction_time": 34.55261813710245, "recall": 0.9990737875034965, "size": 152523, "time": 2.3834351789348713, "weighted_avg": 4.210583667284286, "x2": 431}, "reports": {"accuracy": 0.9972915036528782, "auc": 0.9904773225545438, "avg_time": 20.6544305035239, "benchmark": 3.2310609340758507, "distinct": 546, "entropy": 2.337785736044486, "errors": 297, "exp_cost": 22503, "f1-score": 0.9999999906054109, "falsepos": 4.703395894978257e-09, "fullscore": 0.6096593545025992, "index": 9.33838962942975, "ko": 0.9989150590430508, "loss": 0.0023602334249206436, "meanscore": 0.9969426976718772, "n_docs": 5634298, "non_null": 0.0019749509465563087, "precision": 0.999985641174686, "prediction_time": 35.00151781603472, "recall": 0.9404181105638619, "size": 10871969, "time": 9.105634866855738, "weighted_avg": 3.0263157700337393, "x2": 0.0002860025735844651}, "train": {"accuracy": 0.9984369417225036, "auc": 0.9852426747620456, "avg_time": 5.707684024389832, "benchmark": 0.7474633153065541, "distinct": 285, "entropy": 2.2983189010320477, "errors": 383, "exp_cost": 1269735, "falsepos": 3.71889693595584e-06, "fullscore": 0.9999991481653159, "index": 23.354747294031437, "ko": 0.002283418125174963, "loss": 7.721406045657631e-07, "meanscore": 0.9899379446510995, "n_docs": 158618409, "non_null": 0.15217027189792265, "precision": 0.7938699312763761, "prediction_time": 5.480209573027607, "recall": 0.9999990677427103, "size": 365651, "time": 1.1232398318715342, "weighted_avg": 2.7764289196840144, "x2": 230}, "train_full": {"accuracy": 0.9997040571932849, "auc": 0.9555091979593845, "avg_time": 6.746025789532713, "benchmark": 3.146491512606556, "distinct": 219, "entropy": 3.9706085231177193, "errors": 212, "exp_cost": 31671086, "f1-score": 0.9999911887107731, "falsepos": 0.03467605548422925, "fullscore": 0.9921076898591681, "index": 19.130849286718277, "ko": 56.626641326527334, "loss": 1.3871415127653108e-08, "meanscore": 0.9879017248339029, "n_docs": 9284628, "non_null": 1.1126395844662795e-06, "precision": 0.9952012502173951, "prediction_time": 56.32194803757897, "recall": 0.9965042045472616, "size": 27624, "time": 12.293497736331403, "weighted_avg": 3.7966208981459233, "x2": 3.9870136370880522}}