{"branch": {"accuracy": 1.0, "auc": 0.9999999996668266, "avg_time": 5843.9989526049285, "benchmark": 4.663249147217011, "distinct": 740, "entropy": 8.100712511484478, "errors": 347, "exp_cost": 4841140214, "f1-score": 0.9999999999923356, "falsepos": 6.48925357893404e-13, "fullscore": 0.9999999999999334, "index": 142.2705673876159, "ko": 4.672016015230828, "loss": 3.078026722391769e-11, "meanscore": 0.9999818921351659, "n_docs": 7298646990, "non_null": 9.934898859143004e-08, "precision": 0.9999991848787959, "prediction_time": 35.7942575791013, "recall": 1.0, "size": 1409790923, "time": 91.60345188167022, "weighted_avg": 5.779188800711963, "x2": 0.9999999775029181}, "brand": {"auc": 1.0, "avg_time": 1022.0296423596747, "benchmark": 7.008664837910416, "distinct": 569, "entropy": 3.021559359219933, "errors": 739, "exp_cost": 14042636, "f1-score": 1.0, "falsepos": 5.383604673170339e-11, "fullscore": 0.9999999997977618, "index": 18.926699234694947, "ko": 1808639542, "loss": 3.7633186344976366e-07, "meanscore": 0.9999999999602431, "n_docs": 37119372, "non_null": 2.5204727194250154e-11, "precision": 0.9135482098285395, "prediction_time": 436.40936353723987, "recall": 0.9999999246400565, "size": 619155579, "time": 1780.7177805841002, "weighted_avg": 3.681926688268527, "x2": 900}, "classifier": {"accuracy": 0.999953246645624, "auc": 0.973901082295895, "avg_time": 3053.4142604654826, "benchmark": 9.30458905867705, "distinct": 778, "entropy": 5.283364150630382, "errors": 670, "exp_cost": 3290291542, "f1-score": 0.9999999999997297, "falsepos": 4.041054976644531e-06, "fullscore": 0.9999999999999993, "index": 4540.047257305553, "ko": 714159559, "loss": 7.566484915022542e-05, "n_docs": 179993638720, "non_null": 2.3715212471575597e-07, "precision": 0.9996532367860231, "prediction_time": 783.822431329732, "recall": 0.9999999913437077, "size": 741575853, "time": 38.953816829351254, "weighted_avg": 6.785574419431099, "x2": 727}, "reports": {"accuracy": 0.9999998930729592, "auc": 0.9999990090904615, "avg_time": 456.71883985542297, "benchmark": 5.45460516435031, "distinct": 897, "entropy": 4.573011937982686, "errors": 598, "exp_cost": 5337054, "f1-score": 1.0, "falsepos": 0.0, "fullscore": 0.9654545233261521, "index": 285.7046202109622, "ko": 0.999999999639163, "loss": 2.8600011248158808e-11, "meanscore": 0.9999979812492752, "n_docs": 2264239457, "non_null": 2.387487452182313e-08, "precision": 0.9999999999969776, "prediction_time": 813.9903674294986, "recall": 0.999995763570126, "size": 20102438015, "time": 202.33188916126443, "weighted_avg": 5.976333741110384, "x2": 7.445399852201717e-11}, "train": {"accuracy": 0.9999999996199855, "auc": 0.9999987427509056, "avg_time": 30.61891923757648, "benchmark": 3.544719866582721, "distinct": 605, "entropy": 4.656088615797189, "errors": 660, "exp_cost": 159655817, "falsepos": 1.056932319443149e-13, "fullscore": 0.9999999999999818, "index": 235.80499647838116, "ko": 4.3750224731908816e-07, "loss": 2.220446049250313e-16, "meanscore": 0.999999823612599, "n_docs": 145456979022, "non_null": 1.3688090583219292e-06, "precision": 0.9997673502738742, "prediction_time": 221.844663018051, "recall": 0.9999999999999782, "size": 134636114, "time": 23.9296453300429, "weighted_avg": 5.3590647157101845, "x2": 512}, "train_full": {"accuracy": 0.9999999999835094, "auc": 0.9999925086273871, "avg_time": 120.64950735346744, "benchmark": 5.359554875750447, "distinct": 527, "entropy": 7.296417796218475, "errors": 415, "exp_cost": 43633388182, "f1-score": 0.9999999999998953, "falsepos": 3.35299631171182e-07, "fullscore": 0.9999999848488438, "index": 674.0736097067489, "ko": 1291.064603675924, "loss": 0.0, "meanscore": 0.9999999950019731, "n_docs": 21746728266, "non_null": 1.176836406102666e-14, "precision": 0.999999688223083, "prediction_time": 698.1049410055889, "recall": 0.9999981936145347, "size": 13161293, "time": 304.5959475435974, "weighted_avg": 6.275797537780337, "x2": 6.3598408835126525}}