{"branch": {"accuracy": 1.0, "auc": 1.0, "avg_time": 80904.38679209689, "benchmark": 6.755610276649394, "distinct": 947, "entropy": 10.741333831914416, "errors": 566, "exp_cost": 729704856399, "f1-score": 1.0, "falsepos": 0.0, "fullscore": 1.0, "index": 1540.4199875002953, "ko": 6.17128144047958, "loss": 0.0, "meanscore": 0.9999999979762141, "n_docs": 4275138697234, "non_null": 1.130762150580722e-12, "precision": 0.9999999999840423, "prediction_time": 175.9705911614119, "recall": 1.0, "size": 719425407773, "time": 500.01114532335316, "weighted_avg": 8.542912660607433, "x2": 0.999999999999797}, "brand": {"auc": 1.0, "avg_time": 10084.272191464599, "benchmark": 9.822714925127162, "distinct": 750, "entropy": 4.975993056667221, "errors": 966, "exp_cost": 343699085, "f1-score": 1.0, "falsepos": 0.0, "fullscore": 1.0, "index": 116.18272768929711, "ko": 373882367397, "loss": 1.3655743202889425e-13, "meanscore": 1.0, "n_docs": 2004950584, "non_null": 0.0, "precision": 0.9982911717212722, "prediction_time": 2721.7517981093724, "recall": 0.9999999999999676, "size": 81092782366, "time": 34152.53171332973, "weighted_avg": 5.407034348256345, "x2": 1167}, "classifier": {"accuracy": 0.9999999998847405, "auc": 0.9996735917718593, "avg_time": 32467.438616233096, "benchmark": 12.323770650954891, "distinct": 1047, "entropy": 7.334505932721945, "errors": 814, "exp_cost": 484633381991, "f1-score": 1.0, "falsepos": 1.4985346297180513e-10, "fullscore": 1.0, "index": 41440.442303895834, "ko": 166691884474, "loss": 5.958328497257526e-09, "n_docs": 66504958069677, "non_null": 1.851852005074761e-13, "precision": 0.9999998484689789, "prediction_time": 8854.875109972174, "recall": 0.9999999999999947, "size": 633333023683, "time": 286.7318328565542, "weighted_avg": 8.929082010706109, "x2": 997}, "reports": {"accuracy": 0.9999999999991895, "auc": 0.9999999999543047, "avg_time": 5661.810316237372, "benchmark": 7.7336610337813685, "distinct": 1135, "entropy": 6.5664282948856165, "errors": 825, "exp_cost": 521325961, "f1-score": 1.0, "falsepos": 0.0, "fullscore": 0.9993543941967322, "index": 2468.1460103798763, "ko": 1.0, "loss": 0.0, "meanscore": 0.9999999995687794, "n_docs": 468045483075, "non_null": 4.6629367034256575e-15, "precision": 1.0, "prediction_time": 8588.451671205597, "recall": 0.999999999985392, "size": 11622326497603, "time": 2728.3921332938617, "weighted_avg": 7.959568748335357, "x2": 0.0}, "train": {"accuracy": 1.0, "auc": 0.9999999999907581, "avg_time": 115.65574967570561, "benchmark": 5.446651419796359, "distinct": 866, "entropy": 6.394718143655033, "errors": 899, "exp_cost": 13866254352, "falsepos": 0.0, "fullscore": 1.0, "index": 1767.7736840473335, "ko": 1.251332371055014e-11, "loss": 0.0, "meanscore": 0.9999999999999953, "n_docs": 54908628877414, "non_null": 2.9753977059954195e-14, "precision": 0.9999999774451893, "prediction_time": 3123.4720190492826, "recall": 1.0, "size": 16620863343, "time": 285.60619414714625, "weighted_avg": 7.227837881881398, "x2": 778}, "train_full": {"accuracy": 1.0, "auc": 0.9999999999853765, "avg_time": 968.620317931148, "benchmark": 7.0942701578439396, "distinct": 738, "entropy": 9.88675351577568, "errors": 585, "exp_cost": 13773138509854, "f1-score": 1.0, "falsepos": 2.5868196473766147e-13, "fullscore": 0.9999999999999979, "index": 7487.43027919215, "ko": 17197.958853165983, "loss": 0.0, "meanscore": 1.0, "n_docs": 6280209275951, "non_null": 0.0, "precision": 0.9999999999975928, "prediction_time": 7341.43966532128, "recall": 0.9999999996414117, "size": 2280180004, "time": 2782.476675109724, "weighted_avg": 7.924920954112675, "x2": 8.584363294756159}}