{"branch": {"accuracy": 1.0, "auc": 0.9999999999999107, "avg_time": 22131.26944572813, "benchmark": 5.744285308984728, "distinct": 852, "entropy": 9.454760635954008, "errors": 451, "exp_cost": 51825109714, "f1-score": 0.9999999999999994, "falsepos": 0.0, "fullscore": 1.0, "index": 462.82276188988425, "ko": 5.42463770253003, "loss": 8.992806499463768e-15, "meanscore": 0.9999998062238524, "n_docs": 172696920047, "non_null": 2.422692046977204e-10, "precision": 0.9999999962725061, "prediction_time": 96.16229117023613, "recall": 1.0, "size": 29350990912, "time": 207.209608378473, "weighted_avg": 7.0771264478938285, "x2": 0.9999999999410842}, "brand": {"auc": 1.0, "avg_time": 3524.9902788673435, "benchmark": 8.486102707997123, "distinct": 656, "entropy": 4.038516070748912, "errors": 861, "exp_cost": 84372121, "f1-score": 1.0, "falsepos": 2.1094237467877974e-14, "fullscore": 0.9999999999999776, "index": 49.16147547674463, "ko": 28104243540, "loss": 4.6236692252676903e-10, "meanscore": 0.9999999999999882, "n_docs": 295953751, "non_null": 1.4432899320127035e-15, "precision": 0.9827762578405997, "prediction_time": 1160.2476514629702, "recall": 0.9999999999255552, "size": 6164955645, "time": 8060.444023760409, "weighted_avg": 4.590444301129457, "x2": 1031}, "classifier": {"accuracy": 0.9999998950550065, "auc": 0.998069911841406, "avg_time": 8821.182031613198, "benchmark": 10.857235132217756, "distinct": 929, "entropy": 6.334834752549712, "errors": 732, "exp_cost": 33766266392, "f1-score": 1.0, "falsepos": 1.0327388266784254e-07, "fullscore": 1.0, "index": 15211.656666546982, "ko": 10394152179, "loss": 1.2844673515921556e-06, "n_docs": 2964988916285, "non_null": 5.713540751628443e-10, "precision": 0.9999905231437551, "prediction_time": 2352.8997907574776, "recall": 0.9999999999930125, "size": 27336723061, "time": 101.36331842350955, "weighted_avg": 7.710249784875447, "x2": 874}, "reports": {"accuracy": 0.9999999996964718, "auc": 0.9999999846754011, "avg_time": 1560.825466998879, "benchmark": 6.764189683636465, "distinct": 1013, "entropy": 5.685005806754578, "errors": 710, "exp_cost": 64014858, "f1-score": 1.0, "falsepos": 0.0, "fullscore": 0.9953821258102111, "index": 764.6278013127404, "ko": 0.9999999999998977, "loss": 7.771561172376096e-16, "meanscore": 0.9999999676314572, "n_docs": 29463892835, "non_null": 1.794342452399178e-11, "precision": 1.0, "prediction_time": 2583.2793121572163, "recall": 0.9999999862600888, "size": 663574333051, "time": 794.3771430530434, "weighted_avg": 7.102513979924468, "x2": 7.061018436615996e-14}, "train": {"accuracy": 0.9999999999999706, "auc": 0.9999999932812561, "avg_time": 61.383660669926236, "benchmark": 4.50370343714696, "distinct": 738, "entropy": 5.558239616990158, "errors": 795, "exp_cost": 1937987638, "falsepos": 0.0, "fullscore": 1.0, "index": 635.0297238570529, "ko": 2.04496641842411e-09, "loss": 0.0, "meanscore": 0.9999999998944624, "n_docs": 3303200013853, "non_null": 1.3392742470585972e-09, "precision": 0.9999957772264391, "prediction_time": 790.991714944334, "recall": 1.0, "size": 1805001819, "time": 89.11345239749268, "weighted_avg": 6.283215509215498, "x2": 664}, "train_full": {"accuracy": 0.9999999999999953, "auc": 0.9999999665047162, "avg_time": 344.94714390646686, "benchmark": 6.311682316077037, "distinct": 632, "entropy": 8.532771180082655, "errors": 506, "exp_cost": 671573856631, "f1-score": 1.0, "falsepos": 5.545190973066383e-10, "fullscore": 0.9999999999870836, "index": 2197.418025678229, "ko": 4869.537189147257, "loss": 0.0, "meanscore": 0.9999999999997314, "n_docs": 409024431613, "non_null": 0.0, "precision": 0.9999999989986396, "prediction_time": 2325.0131398138697, "recall": 0.999999971243491, "size": 219951711, "time": 996.713683956221, "weighted_avg": 7.1312447769677885, "x2": 7.606572157168392}}