{"branch": {"accuracy": 1.0, "auc": 1.0, "avg_time": 68462.10308745073, "benchmark": 6.6130402404252235, "distinct": 930, "entropy": 10.621272211664657, "errors": 551, "exp_cost": 561995461923, "f1-score": 1.0, "falsepos": 0.0, "fullscore": 1.0, "index": 1337.4792107159774, "ko": 6.242277903413082, "loss": 0.0, "meanscore": 0.9999999957459234, "n_docs": 3082174197654, "non_null": 3.5902392170328312e-12, "precision": 0.9999999999650879, "prediction_time": 186.52896971489383, "recall": 1.0, "size": 581616600647, "time": 446.3466334061939, "weighted_avg": 8.243576004158214, "x2": 0.999999999999717}, "brand": {"auc": 1.0, "avg_time": 9349.925356186794, "benchmark": 9.670476283166199, "distinct": 738, "entropy": 4.918750918942235, "errors": 962, "exp_cost": 320147693, "f1-score": 1.0, "falsepos": 0.0, "fullscore": 1.0, "index": 107.4810407326735, "ko": 267839856536, "loss": 3.667066650336892e-13, "meanscore": 1.0, "n_docs": 1242637646, "non_null": 0.0, "precision": 0.9982584235523995, "prediction_time": 2790.4757817731906, "recall": 0.9999999999999153, "size": 58359105156, "time": 31521.350499545082, "weighted_avg": 5.3949227879236235, "x2": 1162}, "classifier": {"accuracy": 0.9999999998864917, "auc": 0.9996272046683334, "avg_time": 24282.721760324614, "benchmark": 11.979841621464777, "distinct": 1030, "entropy": 7.245507293872121, "errors": 809, "exp_cost": 343569216808, "f1-score": 1.0, "falsepos": 4.4041081892487455e-10, "fullscore": 1.0, "index": 36226.05098799254, "ko": 180668508808, "loss": 1.4685407556669361e-08, "n_docs": 38632523940282, "non_null": 4.769518113789672e-13, "precision": 0.9999999005322077, "prediction_time": 7408.343831032307, "recall": 0.999999999999992, "size": 430294068598, "time": 274.3710242475772, "weighted_avg": 8.750941403009996, "x2": 988}, "reports": {"accuracy": 0.999999999998453, "auc": 0.9999999999288461, "avg_time": 5730.088174470765, "benchmark": 7.685466308392531, "distinct": 1130, "entropy": 6.6237876414461745, "errors": 809, "exp_cost": 430795496, "f1-score": 1.0, "falsepos": 0.0, "fullscore": 0.9988648347915443, "index": 2067.178521803856, "ko": 0.9999999999999999, "loss": 0.0, "meanscore": 0.9999999991224476, "n_docs": 374761316935, "non_null": 1.7430501486614958e-14, "precision": 1.0, "prediction_time": 6806.181484595515, "recall": 0.9999999999810505, "size": 8601908658332, "time": 2558.4374393444496, "weighted_avg": 7.832277025675521, "x2": 0.0}, "train": {"accuracy": 1.0, "auc": 0.9999999999776444, "avg_time": 116.80811017375599, "benchmark": 5.2832427954306915, "distinct": 848, "entropy": 6.325090543468806, "errors": 890, "exp_cost": 21391994247, "falsepos": 0.0, "fullscore": 1.0, "index": 1417.4327688648634, "ko": 4.0390357725073045e-11, "loss": 0.0, "meanscore": 0.9999999999999793, "n_docs": 36126016614094, "non_null": 8.79296635503124e-14, "precision": 0.9999999635456115, "prediction_time": 2776.1566035172373, "recall": 1.0, "size": 11134392311, "time": 236.13352239252345, "weighted_avg": 7.11032871032512, "x2": 765}, "train_full": {"accuracy": 1.0, "auc": 0.9999999999474833, "avg_time": 852.099291926412, "benchmark": 7.132762355682597, "distinct": 725, "entropy": 9.70975617274462, "errors": 589, "exp_cost": 9555743808723, "f1-score": 1.0, "falsepos": 4.495293026707259e-13, "fullscore": 0.9999999999999923, "index": 7160.04603389746, "ko": 14768.565302925505, "loss": 0.0, "meanscore": 1.0, "n_docs": 3676872503318, "non_null": 0.0, "precision": 0.9999999999934444, "prediction_time": 6842.580236263008, "recall": 0.9999999994908724, "size": 2075600459, "time": 2692.371153912027, "weighted_avg": 7.9161270066357945, "x2": 8.584784408763191}}