{"branch": {"accuracy": 1.0, "auc": 0.9999999999499615, "avg_time": 9717.083834990404, "benchmark": 5.107673494537515, "distinct": 771, "entropy": 8.567955829659697, "errors": 379, "exp_cost": 11999632492, "f1-score": 0.999999999999547, "falsepos": 1.021405182655144e-14, "fullscore": 0.9999999999999977, "index": 218.26412468892178, "ko": 5.064334888485378, "loss": 1.7094103910153535e-12, "meanscore": 0.9999952098351965, "n_docs": 27673303609, "non_null": 1.461555787507507e-08, "precision": 0.9999998850743099, "prediction_time": 48.81608772289504, "recall": 1.0, "size": 4517085585, "time": 134.1436723747725, "weighted_avg": 6.321301085981644, "x2": 0.9999999977718292}, "brand": {"auc": 1.0, "avg_time": 1592.107096255118, "benchmark": 7.480878368077117, "distinct": 610, "entropy": 3.3454427875988997, "errors": 767, "exp_cost": 22341800, "f1-score": 1.0, "falsepos": 3.392508496347091e-12, "fullscore": 0.9999999999868523, "index": 26.371338870306055, "ko": 4642273299, "loss": 2.977707969087362e-08, "meanscore": 0.9999999999975363, "n_docs": 83033121, "non_null": 1.2365664048274994e-12, "precision": 0.9436371776506667, "prediction_time": 681.6024335837541, "recall": 0.999999988430689, "size": 874375275, "time": 3539.573337978508, "weighted_avg": 3.9495920294176075, "x2": 959}, "classifier": {"accuracy": 0.9999937364344424, "auc": 0.9864436339100597, "avg_time": 4118.792645081127, "benchmark": 9.793765633842185, "distinct": 835, "entropy": 5.663500930241595, "errors": 690, "exp_cost": 10445237689, "f1-score": 0.9999999999999964, "falsepos": 9.913272234207682e-07, "fullscore": 1.0, "index": 6499.696077132483, "ko": 2205497925, "loss": 1.411784840343877e-05, "n_docs": 474020049317, "non_null": 3.4723066977271344e-08, "precision": 0.9997996897485704, "prediction_time": 1082.0548447959811, "recall": 0.9999999991075966, "size": 2136666249, "time": 58.35393228004132, "weighted_avg": 7.095516649778436, "x2": 776}, "reports": {"accuracy": 0.9999999860488338, "auc": 0.9999998786379676, "avg_time": 673.9600287026041, "benchmark": 5.884404409119764, "distinct": 936, "entropy": 4.878467089021166, "errors": 640, "exp_cost": 12642617, "f1-score": 1.0, "falsepos": 0.0, "fullscore": 0.9793738089999254, "index": 402.13550649316295, "ko": 0.9999999999712966, "loss": 7.23421322845752e-13, "meanscore": 0.9999995287351643, "n_docs": 6816950635, "non_null": 1.8737975615579217e-09, "precision": 0.9999999999999556, "prediction_time": 1374.0325342874285, "recall": 0.9999992917516813, "size": 69705159025, "time": 365.09402873987426, "weighted_avg": 6.441827604848762, "x2": 4.729772129508092e-12}, "train": {"accuracy": 0.999999999981924, "auc": 0.9999996363853407, "avg_time": 36.84836394667244, "benchmark": 3.989553900917259, "distinct": 653, "entropy": 4.941675853559702, "errors": 717, "exp_cost": 368021880, "falsepos": 4.440892098500626e-15, "fullscore": 0.9999999999999998, "index": 327.7163964294585, "ko": 9.658450272898023e-08, "loss": 0.0, "meanscore": 0.9999999906647454, "n_docs": 486430299032, "non_null": 1.4792325175871923e-07, "precision": 0.9999072669868594, "prediction_time": 369.4469687788706, "recall": 0.9999999999999993, "size": 359145192, "time": 42.82277585563331, "weighted_avg": 5.631512683794921, "x2": 566}, "train_full": {"accuracy": 0.9999999999994945, "auc": 0.9999983046812273, "avg_time": 175.3848225527611, "benchmark": 5.798728309326894, "distinct": 552, "entropy": 7.885866240086226, "errors": 458, "exp_cost": 139526769706, "f1-score": 0.9999999999999994, "falsepos": 4.858728996914863e-08, "fullscore": 0.9999999990626671, "index": 960.0591664970657, "ko": 2220.218579829152, "loss": 0.0, "meanscore": 0.9999999999572721, "n_docs": 58042194536, "non_null": 2.220446049250313e-16, "precision": 0.9999999185268089, "prediction_time": 1025.5972232043669, "recall": 0.9999993476679774, "size": 33586474, "time": 484.62037247272576, "weighted_avg": 6.533526418153297, "x2": 6.808130447851003}}