{"branch": {"accuracy": 1.0, "auc": 1.0, "avg_time": 84359.2279043891, "benchmark": 6.900256222533836, "distinct": 944, "entropy": 10.745510004709297, "errors": 586, "exp_cost": 729590957859, "f1-score": 1.0, "falsepos": 0.0, "fullscore": 1.0, "index": 1654.205498153982, "ko": 6.355811035910336, "loss": 0.0, "meanscore": 0.9999999980755877, "n_docs": 4906483284103, "non_null": 5.399014568752136e-13, "precision": 0.9999999999945244, "prediction_time": 197.5521636199844, "recall": 1.0, "size": 889951010791, "time": 526.5845331064212, "weighted_avg": 8.67146690404988, "x2": 0.9999999999999235}, "brand": {"auc": 1.0, "avg_time": 11079.026346846083, "benchmark": 9.78042148595659, "distinct": 763, "entropy": 5.082438730226082, "errors": 989, "exp_cost": 514709535, "f1-score": 1.0, "falsepos": 0.0, "fullscore": 1.0, "index": 120.12312255312108, "ko": 404635426384, "loss": 1.1579626146840383e-13, "meanscore": 1.0, "n_docs": 2425655823, "non_null": 0.0, "precision": 0.9988196926595816, "prediction_time": 2928.3296952485407, "recall": 0.9999999999999682, "size": 95480823781, "time": 39138.84608964722, "weighted_avg": 5.434621995031459, "x2": 1171}, "classifier": {"accuracy": 0.9999999999437088, "auc": 0.9998434803981419, "avg_time": 38223.05804044328, "benchmark": 12.378797230652047, "distinct": 1065, "entropy": 7.3885242171088725, "errors": 818, "exp_cost": 490634716286, "f1-score": 1.0, "falsepos": 2.2682788980432633e-10, "fullscore": 1.0, "index": 45070.2823411464, "ko": 212915867993, "loss": 2.2842648883525385e-09, "n_docs": 58797383263582, "non_null": 9.403589018575076e-14, "precision": 0.9999999101912718, "prediction_time": 8328.85146353, "recall": 0.9999999999999987, "size": 820923020129, "time": 290.51048642550273, "weighted_avg": 8.95502947248996, "x2": 1008}, "reports": {"accuracy": 0.9999999999995809, "auc": 0.9999999999633168, "avg_time": 6628.412239993677, "benchmark": 7.8030087630821106, "distinct": 1151, "entropy": 6.672972222242803, "errors": 833, "exp_cost": 679786944, "f1-score": 1.0, "falsepos": 0.0, "fullscore": 0.9995403216962773, "index": 2625.1657870616136, "ko": 1.0, "loss": 0.0, "meanscore": 0.9999999996999516, "n_docs": 672562560742, "non_null": 2.220446049250313e-15, "precision": 1.0, "prediction_time": 8743.99709186266, "recall": 0.9999999999937345, "size": 14352262499674, "time": 3243.8661019392794, "weighted_avg": 7.934106841265933, "x2": 0.0}, "train": {"accuracy": 1.0, "auc": 0.9999999999910174, "avg_time": 125.77463526357121, "benchmark": 5.652208212006968, "distinct": 876, "entropy": 6.439637477341166, "errors": 914, "exp_cost": 19343402242, "falsepos": 0.0, "fullscore": 1.0, "index": 1684.519764940642, "ko": 5.959788218490303e-12, "loss": 0.0, "meanscore": 0.9999999999999978, "n_docs": 57215052355514, "non_null": 3.6637359812630166e-14, "precision": 0.9999999763913213, "prediction_time": 3722.9244873705848, "recall": 1.0, "size": 18408010612, "time": 322.55581073902067, "weighted_avg": 7.221212484526649, "x2": 786}, "train_full": {"accuracy": 1.0, "auc": 0.9999999999864437, "avg_time": 988.9488161484438, "benchmark": 7.1427127934909, "distinct": 736, "entropy": 9.960399753426403, "errors": 589, "exp_cost": 17751324855568, "f1-score": 1.0, "falsepos": 1.7541523789077473e-13, "fullscore": 0.9999999999999974, "index": 8455.755984011903, "ko": 19832.84683657325, "loss": 0.0, "meanscore": 1.0, "n_docs": 6338461007150, "non_null": 0.0, "precision": 0.99999999999673, "prediction_time": 7445.189240826435, "recall": 0.9999999996728668, "size": 2564884382, "time": 3182.019484000362, "weighted_avg": 8.027932812179415, "x2": 8.56663841912446}}