{"branch": {"accuracy": 0.9999999998560842, "auc": 0.9999947128348123, "avg_time": 433.29462361093795, "benchmark": 3.152834515396008, "distinct": 500, "entropy": 5.728807765669142, "errors": 134, "exp_cost": 70619643, "f1-score": 0.9999993408918669, "falsepos": 3.4667814854394408e-06, "fullscore": 0.9999999204198737, "index": 18.544434203972056, "ko": 3.48425922884179, "loss": 1.9723674127281043e-07, "meanscore": 0.9981148116749713, "n_docs": 19178480, "non_null": 7.432495027948072e-05, "precision": 0.9994302099737737, "prediction_time": 10.909076522490597, "recall": 0.9999999999999244, "size": 3115345, "time": 22.008497368687603, "weighted_avg": 3.1823074262387046, "x2": 0.9996379821017681}, "brand": {"auc": 0.9999999999952867, "avg_time": 150.99969144832917, "benchmark": 4.263774602640467, "distinct": 419, "entropy": 1.4368983768014512, "errors": 515, "exp_cost": 762600, "f1-score": 0.9999999999953503, "falsepos": 1.3903045606999953e-06, "fullscore": 0.9999824159661448, "index": 3.1619995659587112, "ko": 17369725, "loss": 0.0025802060967160534, "meanscore": 0.9999995548166654, "n_docs": 1577723, "non_null": 1.4933447310072623e-05, "precision": 0.4779313489915441, "prediction_time": 89.05687001237298, "recall": 0.9994383674020031, "size": 4240012, "time": 123.77777161867542, "weighted_avg": 2.4137298224906187, "x2": 632}, "classifier": {"accuracy": 0.9848591132355669, "auc": 0.8398821214147842, "avg_time": 309.10331434337485, "benchmark": 6.43700073828981, "distinct": 560, "entropy": 3.757503346053831, "errors": 495, "exp_cost": 49372627, "f1-score": 0.999999831918893, "falsepos": 0.001508576577148979, "fullscore": 0.9999999726030505, "index": 955.1763391847809, "ko": 36540609, "loss": 0.007036065872272457, "n_docs": 357076222, "non_null": 0.000684426171203012, "precision": 0.9222857853094832, "prediction_time": 68.47001518642253, "recall": 0.9999586308710584, "size": 1313509, "time": 5.10870775497796, "weighted_avg": 5.008646195214976, "x2": 538}, "reports": {"accuracy": 0.9995797981624908, "auc": 0.9982731976540851, "avg_time": 44.44894012902456, "benchmark": 3.935831635781553, "distinct": 633, "entropy": 3.102349919425597, "errors": 368, "exp_cost": 83357, "f1-score": 0.999999999901556, "falsepos": 1.6692536242146616e-11, "fullscore": 0.7690277799486341, "index": 19.767719663788583, "ko": 0.9999464532553559, "loss": 7.831229310761856e-05, "meanscore": 0.9996785921316904, "n_docs": 34268487, "non_null": 0.00011754167357491685, "precision": 0.9999998667333351, "prediction_time": 77.81565708448731, "recall": 0.9886682721313238, "size": 88385445, "time": 27.231233985624893, "weighted_avg": 3.6434729763736287, "x2": 1.2628324267405233e-05}, "train": {"accuracy": 0.9998838580574734, "auc": 0.9974996484550661, "avg_time": 8.13923958516465, "benchmark": 1.527375160309826, "distinct": 375, "entropy": 2.8899791881417607, "errors": 468, "exp_cost": 7198650, "falsepos": 4.8796511276094634e-08, "fullscore": 0.9999999963192219, "index": 51.395073630064935, "ko": 0.00031345114149217146, "loss": 7.904350729504017e-09, "meanscore": 0.9989202922715583, "n_docs": 1608654169, "non_null": 0.030212807381397644, "precision": 0.943814775668373, "prediction_time": 15.909585433396957, "recall": 0.9999999898278602, "size": 2276902, "time": 2.2005519124063584, "weighted_avg": 3.350067654281598, "x2": 318}, "train_full": {"accuracy": 0.9999928405228626, "auc": 0.991943834993956, "avg_time": 12.732433413679018, "benchmark": 4.040166086759422, "distinct": 307, "entropy": 4.793970026110935, "errors": 263, "exp_cost": 244038647, "f1-score": 0.9999996714105273, "falsepos": 0.005077087651634837, "fullscore": 0.9996392015306177, "index": 48.20563370282673, "ko": 130.47629340453724, "loss": 5.351086240779068e-11, "meanscore": 0.9995763779111678, "n_docs": 68777065, "non_null": 1.7543039021461482e-08, "precision": 0.9994846798319575, "prediction_time": 127.92049460116516, "recall": 0.9992521964638327, "size": 225414, "time": 28.910581276830587, "weighted_avg": 4.354325144910079, "x2": 4.618789543555184}}