{"branch": {"accuracy": 1.0, "auc": 0.9999999999986577, "avg_time": 17028.240356038772, "benchmark": 5.552704005079765, "distinct": 814, "entropy": 9.18586459880623, "errors": 436, "exp_cost": 31787138256, "f1-score": 0.9999999999999903, "falsepos": 0.0, "fullscore": 1.0, "index": 361.19790864115026, "ko": 5.318018825642835, "loss": 1.7319479184152442e-14, "meanscore": 0.9999993911032475, "n_docs": 92332187081, "non_null": 5.823515003555713e-10, "precision": 0.9999999899373481, "prediction_time": 69.55375520674616, "recall": 1.0, "size": 19722671403, "time": 186.8466462973898, "weighted_avg": 6.947258611764505, "x2": 0.999999999833733}, "brand": {"auc": 1.0, "avg_time": 2577.356473510213, "benchmark": 8.239950273205082, "distinct": 654, "entropy": 3.734191043018621, "errors": 837, "exp_cost": 45872076, "f1-score": 1.0, "falsepos": 1.1213252548714081e-13, "fullscore": 0.9999999999998814, "index": 40.94485061630696, "ko": 15891545383, "loss": 1.741124577847586e-09, "meanscore": 0.9999999999999195, "n_docs": 175332200, "non_null": 3.952393967665557e-14, "precision": 0.9788340711162139, "prediction_time": 1012.2811040018712, "recall": 0.9999999992494404, "size": 3531999490, "time": 6786.404899003103, "weighted_avg": 4.391034096642999, "x2": 1020}, "classifier": {"accuracy": 0.9999997970302196, "auc": 0.9966040158314, "avg_time": 8175.977168526537, "benchmark": 10.437554528936472, "distinct": 894, "entropy": 6.140536637143081, "errors": 720, "exp_cost": 30067538165, "f1-score": 1.0, "falsepos": 1.2921207459548611e-07, "fullscore": 1.0, "index": 11016.727607429502, "ko": 8485357088, "loss": 1.6325006372275297e-06, "n_docs": 1268064283216, "non_null": 2.1659738447254995e-09, "precision": 0.9999741022500452, "prediction_time": 1783.089812523274, "recall": 0.9999999999522495, "size": 9954059597, "time": 84.19077844526208, "weighted_avg": 7.620572113162897, "x2": 836}, "reports": {"accuracy": 0.9999999984571524, "auc": 0.9999999822327311, "avg_time": 1375.1325486324167, "benchmark": 6.5819584595937295, "distinct": 992, "entropy": 5.388617237032301, "errors": 690, "exp_cost": 34316622, "f1-score": 1.0, "falsepos": 0.0, "fullscore": 0.991581720020635, "index": 653.3081486088174, "ko": 0.9999999999991305, "loss": 4.6629367034256575e-15, "meanscore": 0.9999999308250824, "n_docs": 17412299125, "non_null": 8.053313571565468e-11, "precision": 0.9999999999999998, "prediction_time": 2154.8147270148893, "recall": 0.9999999567261123, "size": 273975274800, "time": 652.8889422228584, "weighted_avg": 6.804757190757619, "x2": 2.283728761653947e-13}, "train": {"accuracy": 0.9999999999997251, "auc": 0.999999969305349, "avg_time": 53.59401376899132, "benchmark": 4.281796347386223, "distinct": 711, "entropy": 5.375794000550197, "errors": 758, "exp_cost": 1217766117, "falsepos": 1.1102230246251565e-16, "fullscore": 1.0, "index": 560.364203201029, "ko": 1.5628196736727773e-08, "loss": 0.0, "meanscore": 0.9999999998400331, "n_docs": 1988654229226, "non_null": 3.878012466707048e-09, "precision": 0.9999857903822531, "prediction_time": 671.939275979809, "recall": 1.0, "size": 1086994549, "time": 62.2859012018292, "weighted_avg": 6.122778536866206, "x2": 614}, "train_full": {"accuracy": 0.9999999999999876, "auc": 0.9999999310613144, "avg_time": 272.11972963880396, "benchmark": 6.208144343718467, "distinct": 594, "entropy": 8.40061945742592, "errors": 498, "exp_cost": 372470352310, "f1-score": 1.0, "falsepos": 2.8806426133343166e-09, "fullscore": 0.9999999999554235, "index": 1693.0599093195883, "ko": 3928.709817962594, "loss": 0.0, "meanscore": 0.9999999999994957, "n_docs": 199909174436, "non_null": 0.0, "precision": 0.9999999922258613, "prediction_time": 1738.6210932021286, "recall": 0.9999998660711962, "size": 98363639, "time": 695.2774845189219, "weighted_avg": 6.8675123081909755, "x2": 7.221035161985357}}