{"branch": {"accuracy": 1.0, "auc": 0.9999999910928075, "avg_time": 3050.3363151572808, "benchmark": 4.305454072692717, "distinct": 661, "entropy": 7.433642055823572, "errors": 274, "exp_cost": 1750887160, "f1-score": 0.9999999998553342, "falsepos": 7.539036062098603e-11, "fullscore": 0.9999999999980221, "index": 84.34016212250036, "ko": 4.498877007936512, "loss": 2.5172175455168144e-10, "meanscore": 0.9999410767940075, "n_docs": 1583263471, "non_null": 3.282173604013394e-07, "precision": 0.9999968702882989, "prediction_time": 31.150920686986638, "recall": 1.0, "size": 283006202, "time": 71.34945155976752, "weighted_avg": 5.160505996422791, "x2": 0.9999993142073728}, "brand": {"auc": 0.9999999999999998, "avg_time": 626.3072661301711, "benchmark": 6.176158479813302, "distinct": 529, "entropy": 2.6823898547057783, "errors": 684, "exp_cost": 6093623, "f1-score": 1.0, "falsepos": 3.536879678023297e-10, "fullscore": 0.9999999970051272, "index": 12.201063166577518, "ko": 560979373, "loss": 4.5621248340177445e-06, "meanscore": 0.9999999995693278, "n_docs": 20256493, "non_null": 2.4325956804460702e-09, "precision": 0.8417629172747039, "prediction_time": 310.0050528562391, "recall": 0.9999987082558156, "size": 136870890, "time": 958.2405601188167, "weighted_avg": 3.3808634333104095, "x2": 840}, "classifier": {"accuracy": 0.9998126644902895, "auc": 0.962001008035306, "avg_time": 1488.6425763339103, "benchmark": 8.626171112633635, "distinct": 731, "entropy": 4.874264248995869, "errors": 609, "exp_cost": 1375926673, "f1-score": 0.9999999999925124, "falsepos": 3.8314254572124895e-05, "fullscore": 0.9999999999999394, "index": 3025.355694859368, "ko": 573720594, "loss": 0.00032060982704984475, "n_docs": 31414200609, "non_null": 2.8042542635775547e-06, "precision": 0.9964257990982646, "prediction_time": 373.17912430168894, "recall": 0.999999884034008, "size": 119680589, "time": 20.29547692073356, "weighted_avg": 6.3894668593573005, "x2": 693}, "reports": {"accuracy": 0.9999993997657997, "auc": 0.999994461657158, "avg_time": 241.04976867699133, "benchmark": 5.107033347038307, "distinct": 832, "entropy": 4.182191578057661, "errors": 542, "exp_cost": 2624375, "f1-score": 0.9999999999999998, "falsepos": 0.0, "fullscore": 0.9332323173878639, "index": 140.1383264373198, "ko": 0.9999999856289601, "loss": 2.7269101421367736e-09, "meanscore": 0.999988962947091, "n_docs": 896314204, "non_null": 2.166776067458187e-07, "precision": 0.9999999999437187, "prediction_time": 436.80162055104364, "recall": 0.9999527121827122, "size": 4429487950, "time": 113.06383658784196, "weighted_avg": 5.437224951423753, "x2": 1.9111515703329474e-09}, "train": {"accuracy": 0.9999999629880578, "auc": 0.9999799654315407, "avg_time": 22.098608283599784, "benchmark": 3.083193018490768, "distinct": 544, "entropy": 4.222779490698077, "errors": 615, "exp_cost": 65971942, "falsepos": 7.38864525118288e-12, "fullscore": 0.9999999999997647, "index": 159.63391579229318, "ko": 4.028979795678289e-06, "loss": 1.0436096431476471e-14, "meanscore": 0.9999985558092863, "n_docs": 47477751112, "non_null": 4.558648561570067e-05, "precision": 0.9982619859654472, "prediction_time": 109.58164953060606, "recall": 0.9999999999980633, "size": 42006841, "time": 15.598593833608728, "weighted_avg": 4.8627743565371455, "x2": 484}, "train_full": {"accuracy": 0.9999999982084244, "auc": 0.99995774825262, "avg_time": 68.68560344428437, "benchmark": 5.110462635511237, "distinct": 455, "entropy": 6.780389579321218, "errors": 382, "exp_cost": 18874321562, "f1-score": 0.9999999999953815, "falsepos": 8.021743288511018e-06, "fullscore": 0.9999995803546383, "index": 324.0134766128097, "ko": 743.5550473816996, "loss": 2.220446049250313e-16, "meanscore": 0.9999999088628055, "n_docs": 5289673239, "non_null": 7.149836278586008e-13, "precision": 0.9999966084302909, "prediction_time": 460.23787294285853, "recall": 0.9999854995454615, "size": 4004827, "time": 160.5352543595372, "weighted_avg": 5.795114097413763, "x2": 6.008104885320234}}