{"branch": {"accuracy": 1.0, "auc": 0.9999999999999406, "avg_time": 25132.40750083411, "benchmark": 5.921726938371686, "distinct": 854, "entropy": 9.549536461277151, "errors": 457, "exp_cost": 90944218411, "f1-score": 0.9999999999999998, "falsepos": 0.0, "fullscore": 1.0, "index": 554.7795018729173, "ko": 5.615044302703331, "loss": 2.3314683517128287e-15, "meanscore": 0.9999998235473342, "n_docs": 215526308884, "non_null": 1.3465062398410055e-10, "precision": 0.9999999976136461, "prediction_time": 97.73676109422868, "recall": 1.0, "size": 46384222589, "time": 229.34384386707274, "weighted_avg": 7.347002013753161, "x2": 0.9999999998957881}, "brand": {"auc": 1.0, "avg_time": 3900.787577305922, "benchmark": 8.422402807868279, "distinct": 661, "entropy": 4.092191177443023, "errors": 859, "exp_cost": 83425133, "f1-score": 1.0, "falsepos": 2.6867397195928788e-14, "fullscore": 0.9999999999999827, "index": 52.63255928175243, "ko": 31107783344, "loss": 2.45914844043682e-10, "meanscore": 0.9999999999999926, "n_docs": 392108081, "non_null": 1.2212453270876722e-15, "precision": 0.9881878802852745, "prediction_time": 1187.2264054848579, "recall": 0.999999999933475, "size": 9236229181, "time": 8853.459230779552, "weighted_avg": 4.571080446779808, "x2": 1041}, "classifier": {"accuracy": 0.9999999627085113, "auc": 0.9980972165781871, "avg_time": 10798.423737318597, "benchmark": 10.919625078590826, "distinct": 932, "entropy": 6.4355836360669665, "errors": 747, "exp_cost": 42620480396, "f1-score": 1.0, "falsepos": 6.456054935100042e-08, "fullscore": 1.0, "index": 17198.80714502391, "ko": 19652645389, "loss": 6.142544572984576e-07, "n_docs": 4046300029478, "non_null": 2.0001167388983276e-10, "precision": 0.9999881219832518, "prediction_time": 2633.4156566397037, "recall": 0.9999999999978931, "size": 35416998097, "time": 112.904186623953, "weighted_avg": 8.004665095580027, "x2": 873}, "reports": {"accuracy": 0.9999999997001916, "auc": 0.9999999903306659, "avg_time": 2077.7313258327977, "benchmark": 6.797883949047829, "distinct": 1024, "entropy": 5.669823861705502, "errors": 720, "exp_cost": 66296449, "f1-score": 1.0, "falsepos": 0.0, "fullscore": 0.9963711797415119, "index": 874.1516699970663, "ko": 0.9999999999999521, "loss": 2.220446049250313e-16, "meanscore": 0.9999999662492192, "n_docs": 57173856783, "non_null": 7.294609360997129e-12, "precision": 1.0, "prediction_time": 3222.781843676698, "recall": 0.9999999918086001, "size": 797254803820, "time": 766.7679072677398, "weighted_avg": 7.047595944021279, "x2": 1.5432100042289676e-14}, "train": {"accuracy": 0.9999999999999676, "auc": 0.9999999940947152, "avg_time": 58.515434820896466, "benchmark": 4.705113450025635, "distinct": 752, "entropy": 5.697883889347324, "errors": 794, "exp_cost": 1934754918, "falsepos": 0.0, "fullscore": 1.0, "index": 632.5677967514961, "ko": 1.4827450378618323e-09, "loss": 0.0, "meanscore": 0.9999999999746892, "n_docs": 4000256334975, "non_null": 5.403962832772891e-10, "precision": 0.9999960792463934, "prediction_time": 941.23454553924, "recall": 1.0, "size": 1616050212, "time": 81.4875961175421, "weighted_avg": 6.238787034571033, "x2": 664}, "train_full": {"accuracy": 0.999999999999998, "auc": 0.9999999847767448, "avg_time": 394.8999433342434, "benchmark": 6.3320419420385035, "distinct": 650, "entropy": 8.782231610777005, "errors": 515, "exp_cost": 1068402629286, "f1-score": 1.0, "falsepos": 3.717317564877476e-10, "fullscore": 0.9999999999933793, "index": 2376.78827079978, "ko": 4981.3171996511555, "loss": 0.0, "meanscore": 0.9999999999999609, "n_docs": 402327021571, "non_null": 0.0, "precision": 0.9999999990986452, "prediction_time": 2425.299096071841, "recall": 0.9999999667016104, "size": 235410217, "time": 966.4810134583087, "weighted_avg": 7.109002409568331, "x2": 7.6010045020772194}}