{"branch": {"accuracy": 1.0, "auc": 1.0, "avg_time": 125823.85063220932, "benchmark": 7.174616896279756, "distinct": 988, "entropy": 11.275922637854736, "errors": 620, "exp_cost": 1281747880859, "f1-score": 1.0, "falsepos": 0.0, "fullscore": 1.0, "index": 2590.030636267855, "ko": 6.555891830445611, "loss": 0.0, "meanscore": 0.999999999635699, "n_docs": 19219944690122, "non_null": 1.0369483049998962e-13, "precision": 0.9999999999992906, "prediction_time": 272.8244927570642, "recall": 1.0, "size": 3020863568659, "time": 730.2797829292426, "weighted_avg": 8.970041323104816, "x2": 0.9999999999999951}, "brand": {"auc": 1.0, "avg_time": 15100.318654042405, "benchmark": 10.328244752961634, "distinct": 786, "entropy": 5.43332902509773, "errors": 1030, "exp_cost": 824626968, "f1-score": 1.0, "falsepos": 0.0, "fullscore": 1.0, "index": 170.25060498147184, "ko": 900993993318, "loss": 9.992007221626409e-15, "meanscore": 1.0, "n_docs": 4312526377, "non_null": 0.0, "precision": 0.9994466248189422, "prediction_time": 4718.253308788503, "recall": 0.9999999999999978, "size": 209123524473, "time": 72747.22451492707, "weighted_avg": 5.95391541180528, "x2": 1213}, "classifier": {"accuracy": 0.9999999999979106, "auc": 0.9999540579531608, "avg_time": 56689.40304622719, "benchmark": 12.879241279369008, "distinct": 1094, "entropy": 7.783200373339182, "errors": 853, "exp_cost": 961980781599, "f1-score": 1.0, "falsepos": 1.5710877043773053e-11, "fullscore": 1.0, "index": 65224.04065323919, "ko": 488127124386, "loss": 1.0610234912888927e-09, "n_docs": 147091318353413, "non_null": 5.551115123125783e-15, "precision": 0.9999999864566904, "prediction_time": 12890.927356113674, "recall": 1.0, "size": 2613181520157, "time": 439.8215050132026, "weighted_avg": 9.151721717061656, "x2": 1048}, "reports": {"accuracy": 0.9999999999999761, "auc": 0.9999999999970999, "avg_time": 10497.20404734065, "benchmark": 8.441161475204307, "distinct": 1181, "entropy": 6.994010176684227, "errors": 871, "exp_cost": 1578210533, "f1-score": 1.0, "falsepos": 0.0, "fullscore": 0.9996267535742583, "index": 4043.2421333276225, "ko": 1.0, "loss": 0.0, "meanscore": 0.9999999999552011, "n_docs": 1757250046453, "non_null": 1.1102230246251565e-16, "precision": 1.0, "prediction_time": 12490.25085569403, "recall": 0.9999999999989085, "size": 42786795199415, "time": 5389.949565312352, "weighted_avg": 8.31805486274214, "x2": 0.0}, "train": {"accuracy": 1.0, "auc": 0.9999999999992744, "avg_time": 181.60480294595385, "benchmark": 5.900445195451133, "distinct": 925, "entropy": 6.774486877693243, "errors": 945, "exp_cost": 44089736645, "falsepos": 0.0, "fullscore": 1.0, "index": 2527.878488535074, "ko": 1.1477485628574868e-12, "loss": 0.0, "meanscore": 0.9999999999999999, "n_docs": 179414716340748, "non_null": 3.3306690738754696e-16, "precision": 0.9999999951726234, "prediction_time": 5575.989698947599, "recall": 1.0, "size": 40324989020, "time": 490.25441272693234, "weighted_avg": 7.472043112632792, "x2": 823}, "train_full": {"accuracy": 1.0, "auc": 0.9999999999992057, "avg_time": 1452.3887774956765, "benchmark": 7.633543695739599, "distinct": 772, "entropy": 10.271406789750673, "errors": 623, "exp_cost": 26925393351385, "f1-score": 1.0, "falsepos": 1.0436096431476471e-14, "fullscore": 0.9999999999999999, "index": 10772.701956539615, "ko": 26833.105729300933, "loss": 0.0, "meanscore": 1.0, "n_docs": 13781937696836, "non_null": 0.0, "precision": 0.9999999999997448, "prediction_time": 11256.15040275443, "recall": 0.9999999999514186, "size": 8937495457, "time": 3960.30409068493, "weighted_avg": 8.221584262029436, "x2": 8.939508412363626}}