{"branch": {"accuracy": 1.0, "auc": 0.9999999999999394, "avg_time": 25143.9205065927, "benchmark": 5.919488308960762, "distinct": 854, "entropy": 9.55195299418223, "errors": 456, "exp_cost": 91991115145, "f1-score": 0.9999999999999998, "falsepos": 0.0, "fullscore": 1.0, "index": 551.4949349764945, "ko": 5.62433669149716, "loss": 2.3314683517128287e-15, "meanscore": 0.9999998387827251, "n_docs": 215135322669, "non_null": 1.356166290378269e-10, "precision": 0.9999999972109881, "prediction_time": 96.70622564600752, "recall": 1.0, "size": 46168364421, "time": 228.74755189376262, "weighted_avg": 7.3443986367169956, "x2": 0.9999999998942596}, "brand": {"auc": 1.0, "avg_time": 3905.9764693657035, "benchmark": 8.419786205944398, "distinct": 660, "entropy": 4.088606650197288, "errors": 859, "exp_cost": 82438806, "f1-score": 1.0, "falsepos": 2.631228568361621e-14, "fullscore": 0.9999999999999832, "index": 53.391422912380214, "ko": 31050747420, "loss": 2.594173764691732e-10, "meanscore": 0.9999999999999925, "n_docs": 387273193, "non_null": 1.3322676295501878e-15, "precision": 0.987616516578775, "prediction_time": 1179.2896879247542, "recall": 0.9999999999383218, "size": 9545746306, "time": 8830.877818987346, "weighted_avg": 4.576537251654372, "x2": 1041}, "classifier": {"accuracy": 0.999999962868637, "auc": 0.9981321617814591, "avg_time": 10803.312069025056, "benchmark": 10.927213064611353, "distinct": 932, "entropy": 6.4305417345283145, "errors": 749, "exp_cost": 42524488766, "f1-score": 1.0, "falsepos": 6.435206656441039e-08, "fullscore": 1.0, "index": 17317.08260503799, "ko": 20195274992, "loss": 6.060444808220211e-07, "n_docs": 4155969230580, "non_null": 1.857936027249707e-10, "precision": 0.9999880911897079, "prediction_time": 2630.300530464185, "recall": 0.9999999999979305, "size": 35484824348, "time": 113.34450008515591, "weighted_avg": 8.012401164309617, "x2": 875}, "reports": {"accuracy": 0.9999999997010731, "auc": 0.9999999904164139, "avg_time": 2072.329242692486, "benchmark": 6.803107303418293, "distinct": 1024, "entropy": 5.664318052062749, "errors": 721, "exp_cost": 66296568, "f1-score": 1.0, "falsepos": 0.0, "fullscore": 0.9963406624165431, "index": 872.5393792809587, "ko": 0.9999999999999516, "loss": 2.220446049250313e-16, "meanscore": 0.9999999651926685, "n_docs": 54818461615, "non_null": 7.297273896256229e-12, "precision": 1.0, "prediction_time": 3203.5008318420887, "recall": 0.999999990892075, "size": 746448875104, "time": 773.2837000131846, "weighted_avg": 7.053527967035973, "x2": 1.4210854715202004e-14}, "train": {"accuracy": 0.999999999999966, "auc": 0.9999999938998554, "avg_time": 58.099800865192215, "benchmark": 4.704061480889866, "distinct": 750, "entropy": 5.69847648889995, "errors": 794, "exp_cost": 1887904602, "falsepos": 0.0, "fullscore": 1.0, "index": 635.1801538041741, "ko": 1.4596055475379899e-09, "loss": 0.0, "meanscore": 0.9999999999748301, "n_docs": 3992999471118, "non_null": 6.35465347009756e-10, "precision": 0.9999961551856862, "prediction_time": 933.5087292782754, "recall": 1.0, "size": 1618710164, "time": 81.91972427207419, "weighted_avg": 6.237265663005973, "x2": 666}, "train_full": {"accuracy": 0.9999999999999979, "auc": 0.9999999850938632, "avg_time": 395.30222461021555, "benchmark": 6.321784080638121, "distinct": 650, "entropy": 8.779286328576163, "errors": 515, "exp_cost": 1083096047898, "f1-score": 1.0, "falsepos": 3.93232002515731e-10, "fullscore": 0.9999999999940032, "index": 2331.283255207181, "ko": 4967.779334474742, "loss": 0.0, "meanscore": 0.9999999999999624, "n_docs": 409418241094, "non_null": 0.0, "precision": 0.9999999990611004, "prediction_time": 2445.9086522438374, "recall": 0.9999999666209738, "size": 233641293, "time": 963.8676138556483, "weighted_avg": 7.105000819307713, "x2": 7.603542121222155}}