{"branch": {"accuracy": 1.0, "auc": 0.9999999999999737, "avg_time": 31543.628627967548, "benchmark": 5.966212429050208, "distinct": 856, "entropy": 9.714260657473831, "errors": 503, "exp_cost": 114686775682, "f1-score": 0.9999999999999999, "falsepos": 0.0, "fullscore": 1.0, "index": 658.1957612166036, "ko": 5.584495982455464, "loss": 4.440892098500626e-16, "meanscore": 0.9999998826207052, "n_docs": 423562475526, "non_null": 1.2419032469068725e-10, "precision": 0.9999999993510323, "prediction_time": 105.05111584910128, "recall": 1.0, "size": 81692146264, "time": 278.267400876479, "weighted_avg": 7.537818137570239, "x2": 0.9999999999802854}, "brand": {"auc": 1.0, "avg_time": 4254.216798158469, "benchmark": 8.811052220215322, "distinct": 690, "entropy": 4.196512837982154, "errors": 889, "exp_cost": 83895606, "f1-score": 1.0, "falsepos": 4.218847493575595e-15, "fullscore": 0.9999999999999971, "index": 60.74705343308598, "ko": 44171185251, "loss": 6.758404946793917e-11, "meanscore": 0.9999999999999971, "n_docs": 411883557, "non_null": 4.440892098500626e-16, "precision": 0.9902500631991965, "prediction_time": 1589.974461020313, "recall": 0.9999999999679213, "size": 8340901566, "time": 12733.654162465311, "weighted_avg": 4.7616877407319445, "x2": 1078}, "classifier": {"accuracy": 0.9999999832834449, "auc": 0.9977889889536502, "avg_time": 14158.281069989947, "benchmark": 11.160930660555275, "distinct": 944, "entropy": 6.602989998627533, "errors": 746, "exp_cost": 74817298239, "f1-score": 1.0, "falsepos": 9.786448540438641e-09, "fullscore": 1.0, "index": 20293.884608632736, "ko": 22610934889, "loss": 3.5783955976143034e-07, "n_docs": 4684157915952, "non_null": 6.936418106562314e-11, "precision": 0.9999977734070242, "prediction_time": 3133.2773695889427, "recall": 0.9999999999988889, "size": 58955624143, "time": 143.69423607318, "weighted_avg": 8.20116567047174, "x2": 898}, "reports": {"accuracy": 0.9999999999222647, "auc": 0.9999999974791258, "avg_time": 2064.235211793629, "benchmark": 6.9944922141238886, "distinct": 1051, "entropy": 5.970028585316677, "errors": 740, "exp_cost": 112745194, "f1-score": 1.0, "falsepos": 0.0, "fullscore": 0.9959718733805146, "index": 1023.2156222586719, "ko": 0.9999999999999812, "loss": 0.0, "meanscore": 0.9999999878434593, "n_docs": 68224099757, "non_null": 2.316258296275464e-12, "precision": 1.0, "prediction_time": 3590.0552217973977, "recall": 0.9999999984432566, "size": 1285511030143, "time": 980.8492711108919, "weighted_avg": 7.156962931382061, "x2": 2.19824158875781e-14}, "train": {"accuracy": 0.9999999999999917, "auc": 0.9999999974153273, "avg_time": 68.99113082775578, "benchmark": 4.847266007384393, "distinct": 776, "entropy": 5.745931241696909, "errors": 822, "exp_cost": 4346360059, "falsepos": 0.0, "fullscore": 1.0, "index": 928.7616438879818, "ko": 1.6228391963579725e-09, "loss": 0.0, "meanscore": 0.9999999999961042, "n_docs": 7156305864231, "non_null": 8.693756825550736e-11, "precision": 0.9999983397891105, "prediction_time": 1295.1613922156585, "recall": 1.0, "size": 3089618812, "time": 120.19200885150423, "weighted_avg": 6.539330305690949, "x2": 670}, "train_full": {"accuracy": 0.9999999999999999, "auc": 0.9999999940980271, "avg_time": 402.0819518735142, "benchmark": 6.588532684761911, "distinct": 658, "entropy": 8.943063278361604, "errors": 542, "exp_cost": 1474478224998, "f1-score": 1.0, "falsepos": 8.728440192840026e-11, "fullscore": 0.9999999999982954, "index": 2970.416000214728, "ko": 6180.526129918844, "loss": 0.0, "meanscore": 0.999999999999994, "n_docs": 659131470279, "non_null": 0.0, "precision": 0.9999999993783703, "prediction_time": 3091.3848702566265, "recall": 0.9999999805051052, "size": 321039090, "time": 1289.1768766904802, "weighted_avg": 7.373410328579904, "x2": 7.75471068204448}}