{"branch": {"accuracy": 1.0, "auc": 0.9999999999804439, "avg_time": 10728.824617276336, "benchmark": 5.086366753319621, "distinct": 779, "entropy": 8.642803745869495, "errors": 381, "exp_cost": 17856831574, "f1-score": 0.9999999999998439, "falsepos": 6.439293542825908e-15, "fullscore": 0.9999999999999954, "index": 237.6041740900918, "ko": 4.9908966178586, "loss": 1.7743584379559252e-12, "meanscore": 0.9999959428790213, "n_docs": 31163395429, "non_null": 1.2651102831995331e-08, "precision": 0.999999907554162, "prediction_time": 58.870798537697574, "recall": 1.0, "size": 4961412486, "time": 130.72281412719786, "weighted_avg": 6.400269015269672, "x2": 0.9999999974789853}, "brand": {"auc": 1.0, "avg_time": 1684.4609503121308, "benchmark": 7.418541586830712, "distinct": 601, "entropy": 3.4601926302522403, "errors": 778, "exp_cost": 29740567, "f1-score": 1.0, "falsepos": 2.0491386365506514e-12, "fullscore": 0.9999999999935449, "index": 27.767773765418756, "ko": 5703465805, "loss": 1.875101607318186e-08, "meanscore": 0.9999999999974681, "n_docs": 87993203, "non_null": 6.925571227611726e-13, "precision": 0.95563624238192, "prediction_time": 642.3084979940396, "recall": 0.9999999927152173, "size": 1268186672, "time": 3464.760086293506, "weighted_avg": 3.9119217648982993, "x2": 970}, "classifier": {"accuracy": 0.9999961933183019, "auc": 0.9849268739622336, "avg_time": 4630.32162355711, "benchmark": 9.810223346471988, "distinct": 832, "entropy": 5.691454541405352, "errors": 680, "exp_cost": 12401960520, "f1-score": 0.9999999999999957, "falsepos": 7.509645885139804e-07, "fullscore": 1.0, "index": 6837.060136472918, "ko": 1862380359, "loss": 6.504967860476718e-06, "n_docs": 611794010715, "non_null": 2.2907710617303678e-08, "precision": 0.9998274324124629, "prediction_time": 1241.741526831777, "recall": 0.9999999995910757, "size": 2510821833, "time": 63.203160726413415, "weighted_avg": 7.268153106855466, "x2": 791}, "reports": {"accuracy": 0.9999999907387531, "auc": 0.9999999116387418, "avg_time": 786.0987447697983, "benchmark": 6.069943154906127, "distinct": 955, "entropy": 5.034647213411549, "errors": 646, "exp_cost": 14977707, "f1-score": 1.0, "falsepos": 0.0, "fullscore": 0.9790380663510672, "index": 423.4235063498891, "ko": 0.9999999999826594, "loss": 3.779199175824033e-13, "meanscore": 0.9999993615798597, "n_docs": 7228959424, "non_null": 1.3337382309686063e-09, "precision": 0.9999999999999916, "prediction_time": 1342.0562006652751, "recall": 0.9999997014383246, "size": 66563032944, "time": 345.5697806169748, "weighted_avg": 6.379490823602359, "x2": 8.735123735448269e-12}, "train": {"accuracy": 0.9999999999792373, "auc": 0.9999997397002791, "avg_time": 34.392086605115104, "benchmark": 3.9865154240271954, "distinct": 657, "entropy": 4.989226677042284, "errors": 712, "exp_cost": 527295135, "falsepos": 3.1086244689504383e-15, "fullscore": 0.9999999999999996, "index": 406.72707183795706, "ko": 9.947163803758485e-08, "loss": 0.0, "meanscore": 0.9999999950849185, "n_docs": 441007640555, "non_null": 1.1234451335884188e-07, "precision": 0.9999351152632594, "prediction_time": 366.49001000821073, "recall": 0.9999999999999998, "size": 325608363, "time": 40.49009231996996, "weighted_avg": 5.730566208907979, "x2": 580}, "train_full": {"accuracy": 0.9999999999993738, "auc": 0.9999992568959336, "avg_time": 200.3049215093254, "benchmark": 5.739906892232904, "distinct": 555, "entropy": 7.875243284826098, "errors": 458, "exp_cost": 266489781719, "f1-score": 0.9999999999999996, "falsepos": 3.178804797165924e-08, "fullscore": 0.9999999986130723, "index": 1168.398154571887, "ko": 2162.5085166892604, "loss": 0.0, "meanscore": 0.9999999999500566, "n_docs": 71490010878, "non_null": 1.1102230246251565e-16, "precision": 0.9999999433345781, "prediction_time": 1135.6297019913661, "recall": 0.9999994966363273, "size": 44726045, "time": 453.8879570032248, "weighted_avg": 6.572682237982644, "x2": 6.910042648757859}}