{"branch": {"accuracy": 0.9889245438195611, "auc": 0.9046281301930581, "avg_time": 14.524097280649327, "benchmark": 0.2954192724935889, "distinct": 210, "entropy": 2.3489586264418993, "errors": -187, "exp_cost": 133151, "f1-score": 0.9435782563564598, "falsepos": 0.297478302120616, "fullscore": 0.9714205004397067, "index": 0.8292917683693481, "ko": 1.4161266783738704, "loss": 0.010445308696961031, "meanscore": 0.7236410508063422, "n_docs": 4786, "non_null": 0.06852765324030607, "precision": 0.8709797634073267, "prediction_time": 1.2178775675825633, "recall": 0.9996346723017948, "size": 792, "time": 2.2851724800969277, "weighted_avg": -0.23241401511129967, "x2": 0.7854577191080931}, "brand": {"auc": 0.9999636229876314, "avg_time": 8.694095977496373, "benchmark": 0.5850956101795222, "distinct": 185, "entropy": -0.8590672487217741, "errors": 208, "exp_cost": 9090, "f1-score": 0.9995869808311422, "falsepos": 0.019169650483457534, "fullscore": 0.8600923239135618, "index": 0.2824099040471303, "ko": 14862, "loss": 0.5761694696911943, "meanscore": 0.9889088609084065, "n_docs": 10901, "non_null": 0.2704486397812804, "precision": 0.02927213976223625, "prediction_time": 8.360631397442443, "recall": 0.6746457630873061, "size": 4965, "time": 2.3171160780441284, "weighted_avg": 0.011516722937116863, "x2": 262}, "classifier": {"accuracy": 0.13421694582533295, "auc": 0.12840159042436705, "avg_time": 10.119240707601387, "benchmark": 2.476796838784918, "distinct": 235, "entropy": 1.102701603832079, "errors": 285, "exp_cost": 140974, "f1-score": 0.9727115796041441, "falsepos": 0.1933179970101634, "fullscore": 0.9129911207839767, "index": 54.37876867893684, "ko": 35232, "loss": 0.49395237054515995, "n_docs": 113187, "non_null": 0.4046917069726884, "precision": 0.10616520313702454, "prediction_time": 3.0567416330158417, "recall": 0.8520283047561389, "size": 189, "time": 0.32177934347983667, "weighted_avg": 2.4101091190848383, "x2": 189}, "reports": {"accuracy": 0.8142014286995338, "auc": 0.7385948820116528, "avg_time": 1.3701526218178448, "benchmark": 0.9308141293471889, "distinct": 297, "entropy": 0.3530063302950388, "errors": 83, "exp_cost": 266, "f1-score": 0.9995132941353835, "falsepos": 0.0009183062732139868, "fullscore": 0.12558415514686627, "index": 1.1100516504088993, "ko": 0.7965775661738315, "loss": 0.4673524180377536, "meanscore": 0.8960024694918576, "n_docs": 30283, "non_null": 0.2515932039489168, "precision": 0.9688509206991017, "prediction_time": 3.3020190704426087, "recall": 0.27102229286534407, "size": 22846, "time": 0.6459985575944496, "weighted_avg": 0.7658660505934685, "x2": 0.05979962389935223}, "train": {"accuracy": 0.5996239752477556, "auc": 0.6258121300715322, "avg_time": 1.5500409171018836, "benchmark": -1.1894292761988874, "distinct": 27, "entropy": 0.6029389139660732, "errors": 166, "exp_cost": 9113, "falsepos": 0.005003272753815624, "fullscore": 0.9941234221935988, "index": 4.498925322408431, "ko": 0.17077896916988622, "loss": 0.007575519106907125, "meanscore": 0.43780740360046366, "n_docs": 611355, "non_null": 0.9594464253011707, "precision": 0.12650372992995718, "prediction_time": 0.4269009775965058, "recall": 0.99163559123267, "size": 4804, "time": 0.12597882824785064, "weighted_avg": 1.1009222718387635, "x2": -19}, "train_full": {"accuracy": 0.8908322200756186, "auc": 0.32105591807508715, "avg_time": 0.8257297621659453, "benchmark": 1.2881011902490984, "distinct": 11, "entropy": 1.4717776187937872, "errors": 47, "exp_cost": 180237, "f1-score": 0.9666714143977776, "falsepos": 0.6389396638072495, "fullscore": 0.5060132729609786, "index": 1.7065378254196728, "ko": 4.960615428849668, "loss": 0.00031003287943154323, "meanscore": 0.232136589291001, "n_docs": 50568, "non_null": 0.005142013939851253, "precision": 0.7950677078917101, "prediction_time": 5.963028401374588, "recall": 0.9014233706159966, "size": 216, "time": 1.655685986850203, "weighted_avg": 2.2338229178096918, "x2": 1.9013268878383833}}