{"branch": {"accuracy": 0.9999999977176312, "auc": 0.9999751771421099, "avg_time": 305.65538277604924, "benchmark": 2.7350273632970117, "distinct": 478, "entropy": 5.368304011704026, "errors": 88, "exp_cost": 33297080, "f1-score": 0.9999953706325729, "falsepos": 1.4924182363484917e-05, "fullscore": 0.9999998306463163, "index": 13.962953676914939, "ko": 3.2212692755861623, "loss": 8.538365410259985e-07, "meanscore": 0.9957440799771782, "n_docs": 7317124, "non_null": 0.000178751420847445, "precision": 0.9992518600792977, "prediction_time": 7.20687264995719, "recall": 0.9999999999973499, "size": 1569578, "time": 17.49231619100466, "weighted_avg": 2.725374059154427, "x2": 0.9990111294220432}, "brand": {"auc": 0.9999999999426625, "avg_time": 106.7744780432009, "benchmark": 3.9222310450511313, "distinct": 407, "entropy": 1.289137686522564, "errors": 505, "exp_cost": 502630, "f1-score": 0.9999999999159369, "falsepos": 2.0367524218301014e-06, "fullscore": 0.9999527964839834, "index": 2.4510026808065266, "ko": 9227107, "loss": 0.007170046131433461, "meanscore": 0.9999981162963945, "n_docs": 859756, "non_null": 0.00016144069509982373, "precision": 0.4525945519086711, "prediction_time": 83.19935996241662, "recall": 0.997857798267076, "size": 2508630, "time": 82.919391062482, "weighted_avg": 2.2442994416869877, "x2": 604}, "classifier": {"accuracy": 0.9646223466505908, "auc": 0.7443659574702193, "avg_time": 196.9163983395119, "benchmark": 6.062315255141202, "distinct": 523, "entropy": 3.515859620151138, "errors": 470, "exp_cost": 27593096, "f1-score": 0.9999987838496404, "falsepos": 0.0019165833593243198, "fullscore": 0.9999998274761756, "index": 738.6326411580902, "ko": 19861012, "loss": 0.02104280107242973, "n_docs": 136619632, "non_null": 0.001606169521823464, "precision": 0.8568258413372891, "prediction_time": 61.000879818240584, "recall": 0.9998666762697328, "size": 780985, "time": 4.148089674495072, "weighted_avg": 4.782463192061489, "x2": 489}, "reports": {"accuracy": 0.9993838103809017, "auc": 0.9972946263438713, "avg_time": 33.09902425774641, "benchmark": 3.519732701909598, "distinct": 604, "entropy": 2.6703143139281065, "errors": 343, "exp_cost": 61342, "f1-score": 0.999999999838407, "falsepos": 1.988570419442226e-10, "fullscore": 0.7378527799111827, "index": 16.63131238729163, "ko": 0.9998613844176603, "loss": 0.00023742876291343862, "meanscore": 0.9992667642322798, "n_docs": 20477338, "non_null": 0.00042325957626898614, "precision": 0.9999980356602146, "prediction_time": 62.03163261756465, "recall": 0.9801768001190907, "size": 38612990, "time": 17.833051549466237, "weighted_avg": 3.4427958548546003, "x2": 2.203348443852171e-05}, "train": {"accuracy": 0.9996226258472891, "auc": 0.9951903038147127, "avg_time": 7.527055740705721, "benchmark": 1.3498141824486025, "distinct": 341, "entropy": 2.694901697089135, "errors": 431, "exp_cost": 2471240, "falsepos": 1.7910503447016168e-07, "fullscore": 0.9999999767334943, "index": 35.301134882946926, "ko": 0.0005567597409592562, "loss": 2.366515250429302e-08, "meanscore": 0.9975139969255304, "n_docs": 551006440, "non_null": 0.04783155985328058, "precision": 0.887212209593431, "prediction_time": 10.426909624090491, "recall": 0.999999955106989, "size": 1098716, "time": 1.731757806611919, "weighted_avg": 3.1102447667668542, "x2": 287}, "train_full": {"accuracy": 0.9999566257102919, "auc": 0.9898574575650516, "avg_time": 10.460961527243883, "benchmark": 3.68156765657647, "distinct": 281, "entropy": 4.334405270921083, "errors": 241, "exp_cost": 88081296, "f1-score": 0.9999989017868066, "falsepos": 0.010158569730641664, "fullscore": 0.9988950439708446, "index": 32.86545174164275, "ko": 112.66382889466394, "loss": 2.6212254589097483e-10, "meanscore": 0.9977451366592154, "n_docs": 37138458, "non_null": 6.081589709605595e-08, "precision": 0.9985353295221329, "prediction_time": 92.42010132839212, "recall": 0.9988715259789618, "size": 88630, "time": 24.77229146163657, "weighted_avg": 4.218605367527481, "x2": 4.458199688724912}}