{"branch": {"accuracy": 0.9998188384199436, "auc": 0.9935106328581753, "avg_time": 42.252199820907784, "benchmark": 1.284527398114943, "distinct": 293, "entropy": 3.410151824005642, "errors": -74, "exp_cost": 788667, "f1-score": 0.9955829245740871, "falsepos": 0.032527053577031895, "fullscore": 0.998976779403327, "index": 2.4913463652999956, "ko": 2.053313260920217, "loss": 0.0007690999615155292, "meanscore": 0.9174333351240223, "n_docs": 84253, "non_null": 0.01190384353154772, "precision": 0.9723560289833535, "prediction_time": 2.3174044926208506, "recall": 0.9999989972428079, "size": 13075, "time": 5.628491591505285, "weighted_avg": 0.863603117571319, "x2": 0.9505751825795968}, "brand": {"auc": 0.99999948614548, "avg_time": 22.18965350207972, "benchmark": 1.9266005109594744, "distinct": 276, "entropy": -0.015018435867588109, "errors": 318, "exp_cost": 55636, "f1-score": 0.9999923546569154, "falsepos": 0.0014078627023160761, "fullscore": 0.9869115866194282, "index": 0.5893954586464594, "ko": 155825, "loss": 0.22053470653429608, "meanscore": 0.9991336557491799, "n_docs": 63164, "non_null": 0.040663613723198266, "precision": 0.10648147046756729, "prediction_time": 17.501289260988084, "recall": 0.9224093091258152, "size": 42408, "time": 10.877401745576282, "weighted_avg": 0.7931569374767815, "x2": 378}, "classifier": {"accuracy": 0.4963015806830299, "auc": 0.3169657887601199, "avg_time": 32.5631670078874, "benchmark": 3.892487716976402, "distinct": 350, "entropy": 2.123999153410421, "errors": 354, "exp_cost": 763480, "f1-score": 0.9988971693384993, "falsepos": 0.09208338235215219, "fullscore": 0.9967456485290538, "index": 155.8879707364591, "ko": 425447, "loss": 0.23482352675827234, "n_docs": 1709098, "non_null": 0.09849124379233765, "precision": 0.2891026982013187, "prediction_time": 8.183852373576833, "recall": 0.9806660300060256, "size": 3500, "time": 0.8242070173695221, "weighted_avg": 3.1633447602552502, "x2": 303}, "reports": {"accuracy": 0.9543799143550724, "auc": 0.9216017849223185, "avg_time": 3.919389736165269, "benchmark": 1.906717107865377, "distinct": 415, "entropy": 1.1920984369375704, "errors": 174, "exp_cost": 1718, "f1-score": 0.9999916805479414, "falsepos": 8.4793492740598e-06, "fullscore": 0.3217624448236908, "index": 2.773918713758204, "ko": 0.9649899014433103, "loss": 0.11199092211737549, "meanscore": 0.9758989802045481, "n_docs": 321438, "non_null": 0.04548985090131663, "precision": 0.9987950759328497, "prediction_time": 9.214125065700422, "recall": 0.6672693833005311, "size": 362019, "time": 2.4190325424203776, "weighted_avg": 1.7873772837839539, "x2": 0.006374452961962929}, "train": {"accuracy": 0.9411708886386787, "auc": 0.8822708039106675, "avg_time": 2.2794678561417103, "benchmark": -0.2746187484446676, "distinct": 148, "entropy": 1.407618119363683, "errors": 255, "exp_cost": 98807, "falsepos": 0.00030940101970999834, "fullscore": 0.999903552892221, "index": 10.520242296127533, "ko": 0.03925947724815304, "loss": 0.0003342025658696901, "meanscore": 0.7787305573562, "n_docs": 8365200, "non_null": 0.7061627359109441, "precision": 0.4195955673099009, "prediction_time": 1.3348319716699801, "recall": 0.9997798535529383, "size": 28485, "time": 0.2754430014438492, "weighted_avg": 1.7526169514582235, "x2": 103}, "train_full": {"accuracy": 0.9876768146013131, "auc": 0.6956674893643171, "avg_time": 2.1098399205112166, "benchmark": 2.3274890169569185, "distinct": 119, "entropy": 2.6011120131197423, "errors": 114, "exp_cost": 2025713, "f1-score": 0.99676660715589, "falsepos": 0.28474237677562697, "fullscore": 0.8902149313560239, "index": 5.489058849108992, "ko": 15.93352124109022, "loss": 5.631502033809355e-06, "meanscore": 0.7480407408794321, "n_docs": 474806, "non_null": 0.00021951753678206565, "precision": 0.9523282254289338, "prediction_time": 17.138870189838464, "recall": 0.9691824408180922, "size": 2270, "time": 3.8289094070951357, "weighted_avg": 2.912328541443082, "x2": 2.8747467088630425}}