{"branch": {"accuracy": 1.0, "auc": 0.9999999999999979, "avg_time": 37281.327774665624, "benchmark": 6.16938843411684, "distinct": 877, "entropy": 9.963372722598592, "errors": 502, "exp_cost": 152225585375, "f1-score": 1.0, "falsepos": 0.0, "fullscore": 1.0, "index": 773.03194352455, "ko": 5.842125978984641, "loss": 2.220446049250313e-16, "meanscore": 0.9999999546547252, "n_docs": 619242655366, "non_null": 2.556688194488288e-11, "precision": 0.9999999989670318, "prediction_time": 139.04963134801213, "recall": 1.0, "size": 130468208443, "time": 313.5948552335048, "weighted_avg": 7.54195020713653, "x2": 0.9999999999949493}, "brand": {"auc": 1.0, "avg_time": 5511.225840215536, "benchmark": 9.00194945908859, "distinct": 694, "entropy": 4.463849609722362, "errors": 908, "exp_cost": 102182256, "f1-score": 1.0, "falsepos": 7.771561172376096e-16, "fullscore": 0.9999999999999987, "index": 69.99489037573895, "ko": 68183511394, "loss": 2.119293629476715e-11, "meanscore": 0.9999999999999996, "n_docs": 483283697, "non_null": 0.0, "precision": 0.9931282822062426, "prediction_time": 1810.5826915420944, "recall": 0.9999999999956812, "size": 16823444079, "time": 15008.803419137419, "weighted_avg": 4.989499229973472, "x2": 1096}, "classifier": {"accuracy": 0.9999999921302216, "auc": 0.9990717033851341, "avg_time": 14554.494173907746, "benchmark": 11.426033354229268, "distinct": 955, "entropy": 6.763061347609656, "errors": 759, "exp_cost": 126703098201, "f1-score": 1.0, "falsepos": 4.816582022115767e-09, "fullscore": 1.0, "index": 21077.611675041666, "ko": 32092422400, "loss": 1.0127446514740512e-07, "n_docs": 9063513863426, "non_null": 3.470190801380113e-11, "precision": 0.9999985964656102, "prediction_time": 4289.6777683607015, "recall": 0.9999999999993947, "size": 71345087735, "time": 154.25721167197855, "weighted_avg": 8.202249734715409, "x2": 919}, "reports": {"accuracy": 0.9999999999845374, "auc": 0.9999999985599304, "avg_time": 2895.6129059276104, "benchmark": 7.02791168092284, "distinct": 1068, "entropy": 5.982460640869211, "errors": 756, "exp_cost": 185881962, "f1-score": 1.0, "falsepos": 0.0, "fullscore": 0.9981571853449753, "index": 1140.1703683464475, "ko": 0.9999999999999927, "loss": 0.0, "meanscore": 0.9999999945006799, "n_docs": 134917758661, "non_null": 8.808509477375992e-13, "precision": 1.0, "prediction_time": 4153.94134652309, "recall": 0.999999999071656, "size": 1975030214375, "time": 1243.5395115002798, "weighted_avg": 7.454424231503471, "x2": 8.881784197001252e-16}, "train": {"accuracy": 0.9999999999999989, "auc": 0.9999999994298108, "avg_time": 80.51468437841739, "benchmark": 5.001537754190063, "distinct": 796, "entropy": 5.935672837758975, "errors": 820, "exp_cost": 4583195155, "falsepos": 0.0, "fullscore": 1.0, "index": 825.3319434111836, "ko": 2.592170922355308e-10, "loss": 0.0, "meanscore": 0.9999999999982238, "n_docs": 10680878966217, "non_null": 1.7452372880200073e-11, "precision": 0.9999996062458593, "prediction_time": 1511.130289080184, "recall": 1.0, "size": 4447271834, "time": 143.6363225037384, "weighted_avg": 6.563896166218445, "x2": 695}, "train_full": {"accuracy": 0.9999999999999999, "auc": 0.9999999988790245, "avg_time": 539.5052751006622, "benchmark": 6.7096844012566015, "distinct": 664, "entropy": 9.21213787226471, "errors": 544, "exp_cost": 2167244700881, "f1-score": 1.0, "falsepos": 2.818356659162191e-11, "fullscore": 0.9999999999990572, "index": 3468.089450901028, "ko": 7067.190517935603, "loss": 0.0, "meanscore": 0.9999999999999986, "n_docs": 1216187078708, "non_null": 0.0, "precision": 0.9999999998669983, "prediction_time": 3427.5079474074346, "recall": 0.9999999952374059, "size": 622445630, "time": 1337.1961067694917, "weighted_avg": 7.38673549759177, "x2": 7.933520866195394}}