{"branch": {"accuracy": 0.9997818451167534, "auc": 0.9936222750030299, "avg_time": 40.14842479271922, "benchmark": 1.2313054253876905, "distinct": 292, "entropy": 3.372043626876001, "errors": -82, "exp_cost": 734274, "f1-score": 0.9951367399648964, "falsepos": 0.03631905356005405, "fullscore": 0.9990369719376849, "index": 2.4519038353651026, "ko": 2.0176970665943204, "loss": 0.0007392020436698399, "meanscore": 0.9147230601384594, "n_docs": 64249, "non_null": 0.012185535133865777, "precision": 0.9662888670139419, "prediction_time": 2.2737798189446052, "recall": 0.9999986899201827, "size": 10815, "time": 5.434008565479101, "weighted_avg": 0.8249672560840318, "x2": 0.946203709479031}, "brand": {"auc": 0.9999994263348662, "avg_time": 22.42832523528727, "benchmark": 1.8651978426377231, "distinct": 281, "entropy": -0.06127982493392192, "errors": 312, "exp_cost": 57452, "f1-score": 0.9999924518465049, "falsepos": 0.0018622710071143356, "fullscore": 0.9874405900198389, "index": 0.5698958397940241, "ko": 139832, "loss": 0.23261804304441813, "meanscore": 0.9992335326842082, "n_docs": 61870, "non_null": 0.0492964314642651, "precision": 0.0964937058742768, "prediction_time": 16.666121143389642, "recall": 0.9182917585161496, "size": 37001, "time": 10.302522764897304, "weighted_avg": 0.8037346201059419, "x2": 375}, "classifier": {"accuracy": 0.501986160099318, "auc": 0.3357194439309631, "avg_time": 31.766505224461724, "benchmark": 3.8946439216780107, "distinct": 345, "entropy": 2.1056467424443093, "errors": 359, "exp_cost": 689425, "f1-score": 0.9987604480658634, "falsepos": 0.08298157437648124, "fullscore": 0.9969883970830288, "index": 151.08480818945404, "ko": 391948, "loss": 0.21988499983392884, "n_docs": 1178447, "non_null": 0.10782612780427292, "precision": 0.27966126663089547, "prediction_time": 8.02866398576144, "recall": 0.9747627500341826, "size": 2973, "time": 0.801615081053611, "weighted_avg": 3.132309193319092, "x2": 300}, "reports": {"accuracy": 0.9511326232377308, "auc": 0.9246602661905264, "avg_time": 4.1440111657182666, "benchmark": 1.868534803676677, "distinct": 407, "entropy": 1.2471715536314734, "errors": 169, "exp_cost": 1592, "f1-score": 0.9999920852863506, "falsepos": 1.2467516282366198e-05, "fullscore": 0.3203086054597122, "index": 2.4658721245302946, "ko": 0.9619412731619492, "loss": 0.121607518755811, "meanscore": 0.9792562556136658, "n_docs": 280321, "non_null": 0.04819012148609758, "precision": 0.9984937677755796, "prediction_time": 8.661372913700376, "recall": 0.6330187844535448, "size": 347537, "time": 2.68013070915029, "weighted_avg": 1.7259746154622027, "x2": 0.0067860214925064}, "train": {"accuracy": 0.9361620685269795, "auc": 0.8779162221931931, "avg_time": 2.3267158610746383, "benchmark": -0.2635927385613599, "distinct": 144, "entropy": 1.3971839288933159, "errors": 255, "exp_cost": 112166, "falsepos": 0.0003719008967023596, "fullscore": 0.9999090289782748, "index": 9.828900418194399, "ko": 0.03973932629024346, "loss": 0.0003266591937085561, "meanscore": 0.7731602318126333, "n_docs": 9044289, "non_null": 0.7453488537060401, "precision": 0.4071125101283403, "prediction_time": 1.2362644304249026, "recall": 0.999791373547773, "size": 30797, "time": 0.26795413204458324, "weighted_avg": 1.6960139492073252, "x2": 100}, "train_full": {"accuracy": 0.9841100385754236, "auc": 0.6776056216624375, "avg_time": 2.107846684414625, "benchmark": 2.2980952479526073, "distinct": 109, "entropy": 2.5074425564193943, "errors": 110, "exp_cost": 2089533, "f1-score": 0.9967876493591097, "falsepos": 0.298917544521628, "fullscore": 0.8640637659001857, "index": 5.070182116858486, "ko": 15.05047908694068, "loss": 6.353006803294647e-06, "meanscore": 0.7278995064953055, "n_docs": 511096, "non_null": 0.00022450688814923403, "precision": 0.950623466123566, "prediction_time": 16.17794026559842, "recall": 0.9673478069722414, "size": 1925, "time": 4.032379678641154, "weighted_avg": 2.884488455172266, "x2": 2.8170463167107935}}