{"branch": {"accuracy": 1.0, "auc": 0.9999999999988697, "avg_time": 14602.252975916914, "benchmark": 5.4252181138309155, "distinct": 814, "entropy": 9.061748792020719, "errors": 434, "exp_cost": 28923353332, "f1-score": 0.9999999999999892, "falsepos": 1.1102230246251565e-16, "fullscore": 0.9999999999999999, "index": 329.20649852475367, "ko": 5.358405988972617, "loss": 4.5630166312093934e-14, "meanscore": 0.9999992160266871, "n_docs": 46801912731, "non_null": 1.205653243907534e-09, "precision": 0.9999999764010492, "prediction_time": 76.94685442494533, "recall": 1.0, "size": 11390306619, "time": 151.51225949364408, "weighted_avg": 6.8090643152140125, "x2": 0.9999999995505191}, "brand": {"auc": 1.0, "avg_time": 2505.8774476229, "benchmark": 8.099156273600606, "distinct": 631, "entropy": 3.7394059362498844, "errors": 836, "exp_cost": 36067710, "f1-score": 1.0, "falsepos": 2.2104540420286867e-13, "fullscore": 0.9999999999998807, "index": 36.79204000658184, "ko": 13236652884, "loss": 3.552737215528623e-09, "meanscore": 0.9999999999997965, "n_docs": 138316448, "non_null": 1.9950707752514063e-13, "precision": 0.9699514036725351, "prediction_time": 822.6616668418388, "recall": 0.9999999986115559, "size": 2441971937, "time": 5138.2129472112065, "weighted_avg": 4.217852140171924, "x2": 1002}, "classifier": {"accuracy": 0.9999995245599749, "auc": 0.9954507713945465, "avg_time": 7024.024832460335, "benchmark": 10.361367793200213, "distinct": 882, "entropy": 6.076457250688041, "errors": 699, "exp_cost": 24698280022, "f1-score": 0.9999999999999998, "falsepos": 1.0074699474671434e-07, "fullscore": 1.0, "index": 10227.705763033498, "ko": 9194668780, "loss": 4.1906294395710475e-06, "n_docs": 1113698331276, "non_null": 2.856384018201652e-09, "precision": 0.999976481774454, "prediction_time": 1591.861414664384, "recall": 0.9999999999489969, "size": 7430980541, "time": 76.57528594621785, "weighted_avg": 7.571823050064632, "x2": 834}, "reports": {"accuracy": 0.9999999976239335, "auc": 0.999999942181294, "avg_time": 1190.5048626189039, "benchmark": 6.547687421965238, "distinct": 982, "entropy": 5.401327227948318, "errors": 677, "exp_cost": 27072804, "f1-score": 1.0, "falsepos": 0.0, "fullscore": 0.9922971014495594, "index": 482.603152820772, "ko": 0.9999999999981212, "loss": 1.3766765505351941e-14, "meanscore": 0.9999999102888231, "n_docs": 14379452887, "non_null": 1.2450140918218722e-10, "precision": 0.9999999999999994, "prediction_time": 1993.2527665698933, "recall": 0.9999999068711155, "size": 257875652164, "time": 553.7610478445371, "weighted_avg": 6.656497930877011, "x2": 6.848965838912591e-13}, "train": {"accuracy": 0.9999999999991405, "auc": 0.9999999481640076, "avg_time": 42.158015432630535, "benchmark": 4.195537360732621, "distinct": 695, "entropy": 5.30361735623573, "errors": 751, "exp_cost": 1167370586, "falsepos": 3.3306690738754696e-16, "fullscore": 1.0, "index": 504.12603148542894, "ko": 1.1791384979531472e-08, "loss": 0.0, "meanscore": 0.9999999997641335, "n_docs": 1482311693567, "non_null": 2.3845798002852803e-08, "precision": 0.9999770611192752, "prediction_time": 609.4614693121022, "recall": 1.0, "size": 873961369, "time": 60.84303150889522, "weighted_avg": 6.025649790977799, "x2": 612}, "train_full": {"accuracy": 0.9999999999999141, "auc": 0.9999998381429271, "avg_time": 267.26496947974664, "benchmark": 6.028073646367127, "distinct": 590, "entropy": 8.217520043341489, "errors": 482, "exp_cost": 298288544589, "f1-score": 1.0, "falsepos": 4.8403268060326354e-09, "fullscore": 0.9999999999060883, "index": 1512.049792782677, "ko": 3481.7539572444316, "loss": 0.0, "meanscore": 0.9999999999989718, "n_docs": 126543245374, "non_null": 0.0, "precision": 0.9999999896118106, "prediction_time": 1668.807459532093, "recall": 0.9999998123460128, "size": 91767725, "time": 705.8020907004246, "weighted_avg": 6.88496222072035, "x2": 7.1631375843110145}}