{"branch": {"accuracy": 0.9975692845388777, "auc": 0.973474528231167, "avg_time": 21.771893483317, "benchmark": 0.9465089772636963, "distinct": 236, "entropy": 2.7954771247732584, "errors": -144, "exp_cost": 227828, "f1-score": 0.9856846541937532, "falsepos": 0.13250199338897484, "fullscore": 0.9959002327950283, "index": 1.3477753491814226, "ko": 1.7886736531971899, "loss": 0.0032901221858762097, "meanscore": 0.8375462809236986, "n_docs": 14849, "non_null": 0.029131009947783726, "precision": 0.9270118327714789, "prediction_time": 1.8754044764288202, "recall": 0.9999702144643208, "size": 2319, "time": 3.199649782919553, "weighted_avg": 0.24813916586417517, "x2": 0.8947292686651018}, "brand": {"auc": 0.9999947080380245, "avg_time": 13.405912939340936, "benchmark": 1.347137786977245, "distinct": 243, "entropy": -0.5600440764383023, "errors": 245, "exp_cost": 31086, "f1-score": 0.9999306114020466, "falsepos": 0.006041801000040703, "fullscore": 0.9436654548390211, "index": 0.3764756667524565, "ko": 45928, "loss": 0.4221286565567771, "meanscore": 0.995062125250642, "n_docs": 32906, "non_null": 0.12801360427778463, "precision": 0.046785983660864394, "prediction_time": 12.396597515669658, "recall": 0.8308642264593122, "size": 12934, "time": 4.795906120250305, "weighted_avg": 0.5351320282554562, "x2": 333}, "classifier": {"accuracy": 0.28322900907551685, "auc": 0.23792748432149946, "avg_time": 15.06001393217998, "benchmark": 3.1176037816071247, "distinct": 271, "entropy": 1.6398985439263851, "errors": 315, "exp_cost": 360745, "f1-score": 0.9930732262557818, "falsepos": 0.11507318229325025, "fullscore": 0.9836665112779871, "index": 98.27995186132217, "ko": 158922, "loss": 0.38013310778452125, "n_docs": 407089, "non_null": 0.21205716407884878, "precision": 0.16193356480029286, "prediction_time": 5.532608685312955, "recall": 0.9418162044137044, "size": 779, "time": 0.513516093125904, "weighted_avg": 2.656584228352895, "x2": 253}, "reports": {"accuracy": 0.9033968825810279, "auc": 0.8345334159195663, "avg_time": 2.500172876106536, "benchmark": 1.5539201799768227, "distinct": 346, "entropy": 0.7395989600559224, "errors": 114, "exp_cost": 676, "f1-score": 0.9999628367778965, "falsepos": 0.0001967615297063796, "fullscore": 0.24450327523639714, "index": 1.5158119094695783, "ko": 0.8996207548331554, "loss": 0.2603459120814592, "meanscore": 0.9595512439814404, "n_docs": 124725, "non_null": 0.12819023021974352, "precision": 0.9894895796659269, "prediction_time": 5.749663167502436, "recall": 0.44943060172447197, "size": 85800, "time": 1.3678298570232241, "weighted_avg": 1.3471764711134204, "x2": 0.03479816373549238}, "train": {"accuracy": 0.8298541347019825, "auc": 0.7249168632260611, "avg_time": 2.041061164943202, "benchmark": -0.7031650320906602, "distinct": 84, "entropy": 0.9301703918962427, "errors": 202, "exp_cost": 24420, "falsepos": 0.002144911034264063, "fullscore": 0.9993600413506037, "index": 6.0809632600983194, "ko": 0.07280955601807437, "loss": 0.0017892459054521526, "meanscore": 0.6572518793985517, "n_docs": 1865438, "non_null": 0.8823294301918425, "precision": 0.259013537088128, "prediction_time": 0.6824275814936762, "recall": 0.9984267194096764, "size": 9258, "time": 0.16860468911729656, "weighted_avg": 1.3561049245792365, "x2": 49}, "train_full": {"accuracy": 0.9409097669780677, "auc": 0.5091428236450257, "avg_time": 1.2957253680454306, "benchmark": 1.8858719693205874, "distinct": 50, "entropy": 1.9337101421060032, "errors": 73, "exp_cost": 510961, "f1-score": 0.9903040519589807, "falsepos": 0.5218732104924191, "fullscore": 0.7278819910994824, "index": 2.778485012970107, "ko": 8.041578490296326, "loss": 7.238122182418039e-05, "meanscore": 0.5023821414917109, "n_docs": 128699, "non_null": 0.0012703992961661248, "precision": 0.8998084278833562, "prediction_time": 11.280007063611441, "recall": 0.929742226299998, "size": 643, "time": 2.2857768945201364, "weighted_avg": 2.452119417894258, "x2": 2.506376399630308}}