{"branch": {"accuracy": 1.0, "auc": 1.0, "avg_time": 112122.1423466518, "benchmark": 6.996599251034092, "distinct": 986, "entropy": 11.101228169256627, "errors": 598, "exp_cost": 1168387034582, "f1-score": 1.0, "falsepos": 0.0, "fullscore": 1.0, "index": 2323.3145854486374, "ko": 6.444478657759238, "loss": 0.0, "meanscore": 0.9999999992764231, "n_docs": 12279667493726, "non_null": 4.04343225568482e-13, "precision": 0.9999999999980084, "prediction_time": 237.14460366584788, "recall": 1.0, "size": 2472863355344, "time": 712.0316030833616, "weighted_avg": 8.719907809511158, "x2": 0.9999999999999887}, "brand": {"auc": 1.0, "avg_time": 13374.77534835696, "benchmark": 10.119244841322436, "distinct": 772, "entropy": 5.293914862645259, "errors": 1007, "exp_cost": 630350250, "f1-score": 1.0, "falsepos": 0.0, "fullscore": 1.0, "index": 152.34379802402, "ko": 697074827657, "loss": 2.731148640577885e-14, "meanscore": 1.0, "n_docs": 2613666131, "non_null": 0.0, "precision": 0.9993262054310821, "prediction_time": 4213.314552002549, "recall": 0.9999999999999909, "size": 148937891876, "time": 56380.22131603957, "weighted_avg": 5.669303776528754, "x2": 1213}, "classifier": {"accuracy": 0.9999999999917132, "auc": 0.999885827297616, "avg_time": 42744.90248718453, "benchmark": 12.74095828967809, "distinct": 1087, "entropy": 7.607743062430592, "errors": 848, "exp_cost": 529514524472, "f1-score": 1.0, "falsepos": 9.021283720045403e-11, "fullscore": 1.0, "index": 64746.951766591395, "ko": 373172824774, "loss": 2.807785781655525e-09, "n_docs": 128975903819827, "non_null": 2.4646951146678475e-14, "precision": 0.9999999896456412, "prediction_time": 9516.964704617068, "recall": 0.9999999999999998, "size": 2222601922643, "time": 387.41598402141847, "weighted_avg": 9.00612055580316, "x2": 1027}, "reports": {"accuracy": 0.9999999999999495, "auc": 0.9999999999939885, "avg_time": 8787.379240320863, "benchmark": 8.208822161033696, "distinct": 1170, "entropy": 6.8773969761646425, "errors": 859, "exp_cost": 1259827249, "f1-score": 1.0, "falsepos": 0.0, "fullscore": 0.9994649924815074, "index": 3887.1050289668856, "ko": 1.0, "loss": 0.0, "meanscore": 0.9999999999141623, "n_docs": 1070413459576, "non_null": 2.220446049250313e-16, "precision": 1.0, "prediction_time": 10798.17942832285, "recall": 0.9999999999977585, "size": 29676109908841, "time": 3936.5804152398623, "weighted_avg": 8.365842373931082, "x2": 0.0}, "train": {"accuracy": 1.0, "auc": 0.9999999999961385, "avg_time": 151.02140829957915, "benchmark": 5.8023302766370906, "distinct": 903, "entropy": 6.708446202219647, "errors": 930, "exp_cost": 27965298051, "falsepos": 0.0, "fullscore": 1.0, "index": 2163.9151186110516, "ko": 3.062439191126032e-12, "loss": 0.0, "meanscore": 0.9999999999999983, "n_docs": 147428875740507, "non_null": 2.6645352591003757e-15, "precision": 0.9999999943298719, "prediction_time": 5191.72590902556, "recall": 1.0, "size": 30286492792, "time": 441.8378713955958, "weighted_avg": 7.387442687576979, "x2": 800}, "train_full": {"accuracy": 1.0, "auc": 0.9999999999961613, "avg_time": 1366.3220322808886, "benchmark": 7.470685676347457, "distinct": 770, "entropy": 10.212041389619928, "errors": 621, "exp_cost": 20962993632419, "f1-score": 1.0, "falsepos": 2.1649348980190553e-14, "fullscore": 0.9999999999999998, "index": 10611.354710377873, "ko": 22894.587200373684, "loss": 0.0, "meanscore": 1.0, "n_docs": 10523824676325, "non_null": 0.0, "precision": 0.9999999999989738, "prediction_time": 9551.77717860838, "recall": 0.999999999870516, "size": 5462052675, "time": 3742.115916309111, "weighted_avg": 8.1658273771283, "x2": 8.90334180676312}}