{"branch": {"accuracy": 0.9703586181562918, "auc": 0.8450885081361244, "avg_time": 10.97991671940358, "benchmark": 0.07844142334649212, "distinct": 171, "entropy": 1.9154624092866985, "errors": -209, "exp_cost": 77001, "f1-score": 0.8825922592905796, "falsepos": 0.4672718211429251, "fullscore": 0.958429990228495, "index": 0.5923154539581241, "ko": 1.3386932948550416, "loss": 0.024126882835531216, "meanscore": 0.6379444782825947, "n_docs": 1527, "non_null": 0.09593732952960932, "precision": 0.7740816711431941, "prediction_time": 0.8918133155125023, "recall": 0.9987231456665232, "size": 284, "time": 2.090157005062493, "weighted_avg": -0.5212064510179903, "x2": 0.7118690342241334}, "brand": {"auc": 0.9998822992133232, "avg_time": 6.900476581686967, "benchmark": 0.15832581763063822, "distinct": 165, "entropy": -1.101953580432368, "errors": 165, "exp_cost": 5688, "f1-score": 0.9976330150288737, "falsepos": 0.03534516235389251, "fullscore": 0.7789098149682777, "index": 0.2207122488064632, "ko": 8078, "loss": 0.6786143934704272, "meanscore": 0.9689280354011284, "n_docs": 7378, "non_null": 0.371818197386111, "precision": 0.014412233409865305, "prediction_time": 5.644432256339759, "recall": 0.5885520740660306, "size": 2045, "time": 1.8562841909402847, "weighted_avg": -0.330399222849779, "x2": 233}, "classifier": {"accuracy": 0.06653040618221445, "auc": 0.10244957696845103, "avg_time": 7.640000763761318, "benchmark": 2.133504083526331, "distinct": 196, "entropy": 0.807061281533446, "errors": 284, "exp_cost": 91707, "f1-score": 0.9537937016256807, "falsepos": 0.2599931226377348, "fullscore": 0.8305416254986162, "index": 37.68454502832044, "ko": 21308, "loss": 0.6364652501015274, "n_docs": 71067, "non_null": 0.5354063119928476, "precision": 0.05339732158376698, "prediction_time": 2.3455509946851363, "recall": 0.7520306828009188, "size": 70, "time": 0.253751247639433, "weighted_avg": 2.166458580838874, "x2": 146}, "reports": {"accuracy": 0.7246052720408114, "auc": 0.7079920503949546, "avg_time": 1.0492833711740974, "benchmark": 0.8106476123836431, "distinct": 273, "entropy": -0.07170461457409147, "errors": 56, "exp_cost": 135, "f1-score": 0.9983174514107358, "falsepos": 0.004048615759260299, "fullscore": 0.10657254932650695, "index": 0.7720284154296454, "ko": 0.7024119679049952, "loss": 0.6020316187314644, "meanscore": 0.8534392861551666, "n_docs": 16317, "non_null": 0.36570562227431547, "precision": 0.8957495017220664, "prediction_time": 2.6079867998197543, "recall": 0.21900300012104368, "size": 9707, "time": 0.45014881749899, "weighted_avg": 0.4868413760334739, "x2": 0.1400610866721882}, "train": {"accuracy": 0.43009008067970617, "auc": 0.5118845285131084, "avg_time": 1.1479646343447225, "benchmark": -1.4754862270828044, "distinct": -9, "entropy": 0.42775510038590525, "errors": 122, "exp_cost": 3448, "falsepos": 0.014148597952080899, "fullscore": 0.9911647017531613, "index": 2.913863209533381, "ko": 0.20841172217781423, "loss": 0.016113214815466792, "meanscore": 0.3004097149292046, "n_docs": 256781, "non_null": 0.9868592161734813, "precision": 0.09338820085019922, "prediction_time": 0.32045434486453284, "recall": 0.9742647261307968, "size": 2590, "time": 0.08318583895736141, "weighted_avg": 0.841217233542157, "x2": -58}, "train_full": {"accuracy": 0.8091053071610923, "auc": 0.22354198962477223, "avg_time": 0.6776276992418359, "benchmark": 1.1332279141624406, "distinct": -19, "entropy": 1.2804099330014052, "errors": 18, "exp_cost": 95291, "f1-score": 0.9564968287311245, "falsepos": 0.7468287757024821, "fullscore": 0.4038083040505711, "index": 1.3442027371224445, "ko": 3.501411915304201, "loss": 0.000970022305087026, "meanscore": 0.13131367682740264, "n_docs": 31383, "non_null": 0.012667240098907628, "precision": 0.7190604835258417, "prediction_time": 4.3205038368361075, "recall": 0.8455678230264725, "size": 94, "time": 1.202028990573856, "weighted_avg": 1.9926742559206705, "x2": 1.6379193076891099}}