{"branch": {"accuracy": 0.9971853740885501, "auc": 0.9632805372309801, "avg_time": 19.21817253332769, "benchmark": 0.6777718563300976, "distinct": 232, "entropy": 2.669579754458357, "errors": -143, "exp_cost": 207995, "f1-score": 0.9789278435213022, "falsepos": 0.16105299025197328, "fullscore": 0.9910314731522418, "index": 1.155780443351467, "ko": 1.7508857974091485, "loss": 0.00355865886583584, "meanscore": 0.8194649977744953, "n_docs": 10523, "non_null": 0.028474577102119092, "precision": 0.9170652279468499, "prediction_time": 1.6966976930042095, "recall": 0.9999324528608566, "size": 1898, "time": 2.9239142847648143, "weighted_avg": -0.030303646327336398, "x2": 0.8471161022131468}, "brand": {"auc": 0.999987560063934, "avg_time": 11.187954483761747, "benchmark": 1.019530404234147, "distinct": 223, "entropy": -0.6396417820495746, "errors": 230, "exp_cost": 18318, "f1-score": 0.9998927883215294, "falsepos": 0.010783760886106997, "fullscore": 0.9237581421851366, "index": 0.35150175115052507, "ko": 36711, "loss": 0.463802506544025, "meanscore": 0.9957967290327678, "n_docs": 18288, "non_null": 0.1901647832925405, "precision": 0.04516326695909134, "prediction_time": 11.233912551210416, "recall": 0.7628230334248369, "size": 10081, "time": 3.736432954252063, "weighted_avg": 0.3630562865917434, "x2": 301}, "classifier": {"accuracy": 0.27293115902299303, "auc": 0.24757120386635884, "avg_time": 15.456000500996135, "benchmark": 2.924629679113756, "distinct": 260, "entropy": 1.5003849371033777, "errors": 299, "exp_cost": 210407, "f1-score": 0.9892322857809196, "falsepos": 0.1489286624886239, "fullscore": 0.9669308571167158, "index": 82.9748079322462, "ko": 126886, "loss": 0.42326955523419874, "n_docs": 232760, "non_null": 0.25973597585910324, "precision": 0.1327558419936773, "prediction_time": 4.500983529625785, "recall": 0.9108758301982334, "size": 466, "time": 0.4621278385820857, "weighted_avg": 2.5784155065316345, "x2": 236}, "reports": {"accuracy": 0.8546895406890409, "auc": 0.8081194391854614, "avg_time": 2.1476633229781084, "benchmark": 1.4783410857734123, "distinct": 334, "entropy": 0.6682118192384133, "errors": 105, "exp_cost": 373, "f1-score": 0.9998332626498172, "falsepos": 0.00021917154206496647, "fullscore": 0.19335912157507829, "index": 1.3964151731949985, "ko": 0.8706396414612354, "loss": 0.3418363720384838, "meanscore": 0.9450013125809744, "n_docs": 82711, "non_null": 0.15267770203525832, "precision": 0.988015588280408, "prediction_time": 4.646075812714375, "recall": 0.38692517790552383, "size": 68993, "time": 1.153139375435379, "weighted_avg": 1.0069204620346588, "x2": 0.042007242441755466}, "train": {"accuracy": 0.7520679982980757, "auc": 0.7321991895490269, "avg_time": 1.8383084976026443, "benchmark": -0.8745977765742298, "distinct": 65, "entropy": 0.8445334891557019, "errors": 198, "exp_cost": 20945, "falsepos": 0.0025592444159627803, "fullscore": 0.9984763956486379, "index": 5.515037014826981, "ko": 0.10333709536763691, "loss": 0.003420782028466074, "meanscore": 0.5634575910962081, "n_docs": 1760139, "non_null": 0.9143607461345586, "precision": 0.18878220782298, "prediction_time": 0.5981031545158277, "recall": 0.9965179707124792, "size": 8602, "time": 0.13969088306470387, "weighted_avg": 1.2343202380467106, "x2": 33}, "train_full": {"accuracy": 0.9255381661096115, "auc": 0.421875479328935, "avg_time": 1.1732723207767284, "benchmark": 1.6963611384376696, "distinct": 49, "entropy": 1.795281101117974, "errors": 67, "exp_cost": 352201, "f1-score": 0.9801700980061039, "falsepos": 0.5595455722771423, "fullscore": 0.7050366541502433, "index": 2.317673728347686, "ko": 6.432787305310052, "loss": 0.00013987441214968754, "meanscore": 0.41951023811507404, "n_docs": 111963, "non_null": 0.0019511909265702565, "precision": 0.8578484186527526, "prediction_time": 9.134643097188825, "recall": 0.9327247507822849, "size": 478, "time": 2.2690051857102507, "weighted_avg": 2.375576465961864, "x2": 2.220599437111099}}