{"branch": {"accuracy": 0.9999999953467611, "auc": 0.9999177648614257, "avg_time": 263.1399996878076, "benchmark": 2.6298786258649733, "distinct": 443, "entropy": 5.138400680089934, "errors": 73, "exp_cost": 18120511, "f1-score": 0.9999833486786326, "falsepos": 5.554989830591772e-05, "fullscore": 0.999999288841309, "index": 12.326594150981972, "ko": 3.1112801295173287, "loss": 2.8905920508304206e-06, "meanscore": 0.9931676233678289, "n_docs": 6295975, "non_null": 0.0002545865342002962, "precision": 0.9982751325044474, "prediction_time": 6.535601176012865, "recall": 0.9999999999941156, "size": 982273, "time": 16.168075023156533, "weighted_avg": 2.670808881330516, "x2": 0.9989897774803899}, "brand": {"auc": 0.9999999998609971, "avg_time": 87.24678860811301, "benchmark": 3.8345978868004322, "distinct": 382, "entropy": 1.0870867245841984, "errors": 480, "exp_cost": 416615, "f1-score": 0.999999999368687, "falsepos": 7.3376198683750005e-06, "fullscore": 0.9998766152137787, "index": 2.103336291810667, "ko": 5877217, "loss": 0.010027208695404521, "meanscore": 0.999994212077491, "n_docs": 827465, "non_null": 0.00014706949978271489, "precision": 0.39713993424134597, "prediction_time": 70.01222357931785, "recall": 0.9978750732769486, "size": 1396356, "time": 66.71800559324636, "weighted_avg": 1.9046523114637417, "x2": 572}, "classifier": {"accuracy": 0.9417802882314723, "auc": 0.693733745509685, "avg_time": 172.86977695305322, "benchmark": 5.851205535559195, "distinct": 512, "entropy": 3.292909015558159, "errors": 453, "exp_cost": 17502275, "f1-score": 0.9999974625204664, "falsepos": 0.004630546621581799, "fullscore": 0.9999989123952129, "index": 589.0241629179557, "ko": 14772331, "loss": 0.028858853820708297, "n_docs": 94035569, "non_null": 0.0026625925590079147, "precision": 0.8371040636624807, "prediction_time": 45.156953288244246, "recall": 0.9996378404190289, "size": 307108, "time": 3.6542585804180248, "weighted_avg": 4.447939038881081, "x2": 462}, "reports": {"accuracy": 0.9984099681818426, "auc": 0.996430843389679, "avg_time": 24.149608895746205, "benchmark": 3.4233434768351394, "distinct": 591, "entropy": 2.551375967724677, "errors": 330, "exp_cost": 33024, "f1-score": 0.9999999990749969, "falsepos": 3.342259802252556e-10, "fullscore": 0.6873971840389377, "index": 13.914732476364678, "ko": 0.9996871320130649, "loss": 0.0007492541442564171, "meanscore": 0.9983965813150036, "n_docs": 14176084, "non_null": 0.0007038880873776465, "precision": 0.9999962603996669, "prediction_time": 46.405840117127234, "recall": 0.9704620548460638, "size": 25557643, "time": 13.594686111977456, "weighted_avg": 3.355217379741167, "x2": 5.569919873493756e-05}, "train": {"accuracy": 0.9994600005419246, "auc": 0.9921038126962033, "avg_time": 5.533759755119586, "benchmark": 1.2076290357967625, "distinct": 317, "entropy": 2.563934655433596, "errors": 421, "exp_cost": 1503611, "falsepos": 4.37391258545361e-07, "fullscore": 0.9999999318255018, "index": 28.68922583234817, "ko": 0.0010636696558415926, "loss": 7.332821783112564e-08, "meanscore": 0.993352160524974, "n_docs": 383176691, "non_null": 0.08369983510580437, "precision": 0.8938694547651984, "prediction_time": 9.016506635662099, "recall": 0.9999997576428439, "size": 721303, "time": 1.4295900154636232, "weighted_avg": 3.051576407343287, "x2": 250}, "train_full": {"accuracy": 0.9999059249001319, "auc": 0.9776512000530198, "avg_time": 8.900955334533537, "benchmark": 3.5100671608048275, "distinct": 265, "entropy": 4.339475176100176, "errors": 233, "exp_cost": 85454742, "f1-score": 0.9999969287409011, "falsepos": 0.016281402484341734, "fullscore": 0.9969026140512047, "index": 29.40887278385143, "ko": 86.11042643972748, "loss": 1.5067114222944156e-09, "meanscore": 0.9957246098389753, "n_docs": 26558716, "non_null": 1.7958095255288242e-07, "precision": 0.9984446104017676, "prediction_time": 71.87875941728288, "recall": 0.9981790580671002, "size": 65122, "time": 19.425855934831727, "weighted_avg": 4.025433887970958, "x2": 4.216942924127944}}