{"branch": {"accuracy": 1.0, "auc": 0.9999999999999992, "avg_time": 46597.287424083304, "benchmark": 6.343016034828196, "distinct": 894, "entropy": 10.175377091610349, "errors": 525, "exp_cost": 184817423392, "f1-score": 1.0, "falsepos": 0.0, "fullscore": 1.0, "index": 986.6496603066688, "ko": 5.957249065713415, "loss": 0.0, "meanscore": 0.9999999814121645, "n_docs": 1225381882413, "non_null": 1.5385581697557882e-11, "precision": 0.9999999998957187, "prediction_time": 129.38064440004834, "recall": 1.0, "size": 228199884941, "time": 360.91525406515717, "weighted_avg": 8.021779795215362, "x2": 0.999999999998564}, "brand": {"auc": 1.0, "avg_time": 5999.1441953889525, "benchmark": 9.261322726405567, "distinct": 711, "entropy": 4.556801237439917, "errors": 917, "exp_cost": 164120715, "f1-score": 1.0, "falsepos": 6.661338147750939e-16, "fullscore": 0.9999999999999998, "index": 81.98199332834925, "ko": 115375329202, "loss": 4.974243239530551e-12, "meanscore": 0.9999999999999999, "n_docs": 1038750835, "non_null": 0.0, "precision": 0.9960489630794205, "prediction_time": 1889.3504654030728, "recall": 0.9999999999988481, "size": 29906353851, "time": 19139.47960076647, "weighted_avg": 5.0017630071197505, "x2": 1103}, "classifier": {"accuracy": 0.9999999984015701, "auc": 0.9991881488584579, "avg_time": 20142.077786341666, "benchmark": 11.676459279742703, "distinct": 995, "entropy": 6.943991536046725, "errors": 791, "exp_cost": 129223742665, "f1-score": 1.0, "falsepos": 7.245744781947394e-09, "fullscore": 1.0, "index": 28788.628917384325, "ko": 73444902197, "loss": 8.338983437106151e-08, "n_docs": 18865400353785, "non_null": 9.486522678514575e-12, "precision": 0.9999992186215086, "prediction_time": 4758.504107427147, "recall": 0.9999999999998338, "size": 172739558415, "time": 198.0548847573606, "weighted_avg": 8.384229593754672, "x2": 936}, "reports": {"accuracy": 0.9999999999829075, "auc": 0.9999999997387967, "avg_time": 3722.542479292465, "benchmark": 7.366537706208517, "distinct": 1090, "entropy": 6.329933631383105, "errors": 777, "exp_cost": 197891817, "f1-score": 1.0, "falsepos": 0.0, "fullscore": 0.9977567087661414, "index": 1752.6622188500144, "ko": 0.999999999999999, "loss": 0.0, "meanscore": 0.9999999983048892, "n_docs": 212753856265, "non_null": 1.7674750552032492e-13, "precision": 1.0, "prediction_time": 5329.945242008405, "recall": 0.9999999998369561, "size": 3412733178512, "time": 1464.444930757579, "weighted_avg": 7.555751782913433, "x2": 1.3322676295501878e-15}, "train": {"accuracy": 0.9999999999999999, "auc": 0.9999999997778288, "avg_time": 88.3096977144333, "benchmark": 5.1973035076722525, "distinct": 816, "entropy": 6.06208156030712, "errors": 854, "exp_cost": 8665324730, "falsepos": 0.0, "fullscore": 1.0, "index": 1272.8258575232928, "ko": 2.9191027373087763e-10, "loss": 0.0, "meanscore": 0.9999999999995315, "n_docs": 19965796838544, "non_null": 1.354916179252541e-12, "precision": 0.9999996365903304, "prediction_time": 1670.8274747948822, "recall": 1.0, "size": 6463853627, "time": 160.43259890262877, "weighted_avg": 6.761013209222076, "x2": 717}, "train_full": {"accuracy": 1.0, "auc": 0.9999999993363158, "avg_time": 584.1541987292709, "benchmark": 6.705282269693401, "distinct": 697, "entropy": 9.242842447947337, "errors": 554, "exp_cost": 2859543589342, "f1-score": 1.0, "falsepos": 4.956146604229161e-12, "fullscore": 0.9999999999997553, "index": 4628.547624066881, "ko": 9322.15563122774, "loss": 0.0, "meanscore": 0.9999999999999997, "n_docs": 2293472665893, "non_null": 0.0, "precision": 0.9999999999569729, "prediction_time": 4497.437365281036, "recall": 0.9999999959227446, "size": 745012547, "time": 1894.1995041334048, "weighted_avg": 7.675855521807692, "x2": 8.163953401402292}}