{"branch": {"accuracy": 0.9999999999997826, "auc": 0.9999998751332179, "avg_time": 1072.3434546652245, "benchmark": 3.6547575970939246, "distinct": 594, "entropy": 6.638941114512523, "errors": 212, "exp_cost": 266415998, "f1-score": 0.9999999816976594, "falsepos": 2.321221326262446e-08, "fullscore": 0.9999999996497525, "index": 43.088308055772835, "ko": 3.849329753739178, "loss": 3.7450560430585256e-09, "meanscore": 0.9996752611166779, "n_docs": 159636501, "non_null": 8.683505709816686e-06, "precision": 0.9999530884774682, "prediction_time": 17.39191247201489, "recall": 1.0, "size": 27723560, "time": 33.31131358135191, "weighted_avg": 3.9889913616677677, "x2": 0.9999894482228495}, "brand": {"auc": 0.9999999999999303, "avg_time": 312.04659777225226, "benchmark": 5.354795443682562, "distinct": 482, "entropy": 2.043452223367801, "errors": 594, "exp_cost": 2764849, "f1-score": 0.9999999999999821, "falsepos": 2.742184979087625e-08, "fullscore": 0.9999997287252086, "index": 6.073622269174052, "ko": 115457467, "loss": 0.0001671405140822868, "meanscore": 0.9999999896807908, "n_docs": 5977653, "non_null": 2.0404165690379727e-07, "precision": 0.6770414833526552, "prediction_time": 166.28384998361443, "recall": 0.9999706297701945, "size": 24945430, "time": 295.84295369413195, "weighted_avg": 2.891765119588818, "x2": 724}, "classifier": {"accuracy": 0.9976925545453487, "auc": 0.8955107125670242, "avg_time": 664.9676283069192, "benchmark": 7.435245789564513, "distinct": 653, "entropy": 4.408621056902063, "errors": 536, "exp_cost": 311999693, "f1-score": 0.9999999982310253, "falsepos": 0.00016289772175015482, "fullscore": 0.9999999999586886, "index": 2059.738302637376, "ko": 114000374, "loss": 0.0012407877478297635, "n_docs": 2921592857, "non_null": 3.949221739774078e-05, "precision": 0.9845375204135036, "prediction_time": 159.39482096570342, "recall": 0.9999982846227011, "size": 13967672, "time": 10.740078789203025, "weighted_avg": 5.576646521857711, "x2": 619}, "reports": {"accuracy": 0.9999799036978934, "auc": 0.9998420225708783, "avg_time": 117.94662543678166, "benchmark": 4.392664671953743, "distinct": 711, "entropy": 3.6276119311375834, "errors": 449, "exp_cost": 457997, "f1-score": 0.9999999999997436, "falsepos": 1.1879386363489175e-14, "fullscore": 0.8786465200338428, "index": 45.95225684112617, "ko": 0.999998923915069, "loss": 5.761831313177979e-07, "meanscore": 0.9999215993191168, "n_docs": 173528813, "non_null": 5.484963661150921e-06, "precision": 0.9999999938340939, "prediction_time": 178.56035393700574, "recall": 0.9991599156928255, "size": 724953824, "time": 53.58759995069676, "weighted_avg": 4.581079084780419, "x2": 2.1345827627694547e-07}, "train": {"accuracy": 0.9999981827837776, "auc": 0.9997752002660074, "avg_time": 13.022680251823285, "benchmark": 2.2068331440960565, "distinct": 461, "entropy": 3.584736844413856, "errors": 543, "exp_cost": 24784799, "falsepos": 8.542131446631629e-10, "fullscore": 0.999999999960691, "index": 85.39176536951892, "ko": 2.181300486658877e-05, "loss": 1.4336198894682184e-11, "meanscore": 0.9999728746177338, "n_docs": 10521683564, "non_null": 0.0018347662347073523, "precision": 0.9885324554447684, "prediction_time": 41.181242688838374, "recall": 0.9999999999122855, "size": 13066494, "time": 5.635006089603305, "weighted_avg": 4.059762022483016, "x2": 398}, "train_full": {"accuracy": 0.9999998613991716, "auc": 0.9991372479323604, "avg_time": 28.76494161561567, "benchmark": 4.51233725053792, "distinct": 377, "entropy": 5.594281857541144, "errors": 327, "exp_cost": 1585241151, "f1-score": 0.9999999980431823, "falsepos": 0.00030747295383426465, "fullscore": 0.9999836092578026, "index": 102.39600476312589, "ko": 314.251921601977, "loss": 8.759659664292485e-14, "meanscore": 0.9999896145999949, "n_docs": 471153731, "non_null": 1.7322965284449765e-10, "precision": 0.9999693772162002, "prediction_time": 264.6964590399352, "recall": 0.9999305493045505, "size": 938539, "time": 65.99042127372388, "weighted_avg": 5.067474153419594, "x2": 5.3465419766694415}}