{"branch": {"accuracy": 0.9760708212644532, "auc": 0.8486482844502712, "avg_time": 11.315196227996987, "benchmark": 0.15418489797596674, "distinct": 181, "entropy": 1.9815073880762641, "errors": -197, "exp_cost": 75986, "f1-score": 0.883895990364438, "falsepos": 0.4580230393658242, "fullscore": 0.9616479825419126, "index": 0.6040956315064633, "ko": 1.334847094277676, "loss": 0.02672731394093819, "meanscore": 0.6501237846421843, "n_docs": 1492, "non_null": 0.0980983471959177, "precision": 0.7949511649294483, "prediction_time": 0.9268971312314758, "recall": 0.9988471019952203, "size": 296, "time": 2.321594978964298, "weighted_avg": -0.5573822673480016, "x2": 0.692952823263366}, "brand": {"auc": 0.999911838492995, "avg_time": 7.078963521983609, "benchmark": 0.10938507170436287, "distinct": 168, "entropy": -1.0864210008516042, "errors": 156, "exp_cost": 6288, "f1-score": 0.9976755079821233, "falsepos": 0.039153458534636476, "fullscore": 0.8262564499952849, "index": 0.2291588229313843, "ko": 8795, "loss": 0.6655884078301404, "meanscore": 0.9750422000816147, "n_docs": 9080, "non_null": 0.33362562697340536, "precision": 0.014593882315673379, "prediction_time": 5.956003673392804, "recall": 0.6221785327861303, "size": 2405, "time": 2.0285303040761735, "weighted_avg": -0.24824454346125036, "x2": 243}, "classifier": {"accuracy": 0.06912038372608276, "auc": 0.0989166679989289, "avg_time": 8.53622114849231, "benchmark": 2.2906970208723525, "distinct": 194, "entropy": 0.8681316988177935, "errors": 282, "exp_cost": 86534, "f1-score": 0.9578794884620347, "falsepos": 0.2689469778141549, "fullscore": 0.8432909098403487, "index": 41.745960778403656, "ko": 21318, "loss": 0.6154231469322387, "n_docs": 70499, "non_null": 0.5179855667101032, "precision": 0.04730373011095346, "prediction_time": 2.5925574314210014, "recall": 0.7653636513157696, "size": 71, "time": 0.25631147958176176, "weighted_avg": 2.150937586233272, "x2": 154}, "reports": {"accuracy": 0.7085369701880945, "auc": 0.7233826648741748, "avg_time": 1.1228619418613839, "benchmark": 0.8090502935199757, "distinct": 273, "entropy": -0.01936595315146844, "errors": 59, "exp_cost": 120, "f1-score": 0.9981819868025313, "falsepos": 0.004273437544008218, "fullscore": 0.10903185192658216, "index": 0.7523323632509036, "ko": 0.7066313506165371, "loss": 0.6028992863689662, "meanscore": 0.8598103382007746, "n_docs": 13811, "non_null": 0.35759344711056684, "precision": 0.9083794645755934, "prediction_time": 2.7210081670153117, "recall": 0.2231418423997778, "size": 10874, "time": 0.49015529757570264, "weighted_avg": 0.4451983907498851, "x2": 0.13019820757111278}, "train": {"accuracy": 0.45022637406918314, "auc": 0.498995846613469, "avg_time": 1.2428743567080605, "benchmark": -1.4311470967165312, "distinct": -3, "entropy": 0.43097867876403606, "errors": 126, "exp_cost": 4915, "falsepos": 0.011678518797492043, "fullscore": 0.9921078685054971, "index": 2.8511258583857626, "ko": 0.19289016714928842, "loss": 0.012806544324369229, "meanscore": 0.29684171892441724, "n_docs": 263905, "non_null": 0.9838387209041377, "precision": 0.10933808823876012, "prediction_time": 0.31655428148578096, "recall": 0.973694539546354, "size": 2550, "time": 0.07983279549763386, "weighted_avg": 0.7645456917247675, "x2": -46}, "train_full": {"accuracy": 0.8231513313288193, "auc": 0.245548959895796, "avg_time": 0.6877147420598918, "benchmark": 1.173066706416547, "distinct": -12, "entropy": 1.2648564868853183, "errors": 25, "exp_cost": 106079, "f1-score": 0.9538709177520789, "falsepos": 0.7345382606773482, "fullscore": 0.43700098503434226, "index": 1.3408369161817328, "ko": 3.7441742837706946, "loss": 0.0010239061444674569, "meanscore": 0.15139735451164765, "n_docs": 31416, "non_null": 0.010772126498831636, "precision": 0.7479994925922383, "prediction_time": 4.686063091902355, "recall": 0.8429307299371507, "size": 99, "time": 1.204887643632304, "weighted_avg": 2.0039489237457726, "x2": 1.6120956121134415}}