{"branch": {"accuracy": 0.9999999999999846, "auc": 0.9999999502078947, "avg_time": 1574.5392818491443, "benchmark": 3.9030984328621403, "distinct": 617, "entropy": 6.988359758475281, "errors": 238, "exp_cost": 457033874, "f1-score": 0.9999999966397977, "falsepos": 3.393788139405274e-09, "fullscore": 0.9999999999245556, "index": 54.252037300835106, "ko": 4.212255983962295, "loss": 2.921953567991409e-09, "meanscore": 0.9998144821016707, "n_docs": 327691028, "non_null": 2.4503812213749754e-06, "precision": 0.9999852983526606, "prediction_time": 21.513630603213894, "recall": 1.0, "size": 58525511, "time": 39.06290932556467, "weighted_avg": 4.2903954474688115, "x2": 0.9999972759545745}, "brand": {"auc": 0.9999999999999886, "avg_time": 413.23601283044684, "benchmark": 5.785986110798124, "distinct": 508, "entropy": 2.263176502532551, "errors": 631, "exp_cost": 3764037, "f1-score": 0.9999999999999977, "falsepos": 5.560196081333402e-09, "fullscore": 0.9999999546851692, "index": 8.127434978255351, "ko": 213538927, "loss": 4.963690455961345e-05, "meanscore": 0.9999999957262116, "n_docs": 10482817, "non_null": 3.4844353624663427e-08, "precision": 0.7683956343394421, "prediction_time": 228.00391872146187, "recall": 0.9999886972200456, "size": 58198545, "time": 421.9865606418973, "weighted_avg": 2.978677480322931, "x2": 769}, "classifier": {"accuracy": 0.9989684695035916, "auc": 0.9307514499280664, "avg_time": 875.889129250511, "benchmark": 7.958047842878664, "distinct": 682, "entropy": 4.560415282437711, "errors": 559, "exp_cost": 505985469, "f1-score": 0.9999999996816533, "falsepos": 7.064919819255167e-05, "fullscore": 0.9999999999934498, "index": 2291.6937358547943, "ko": 301777064, "loss": 0.0006628958047166789, "n_docs": 5113430005, "non_null": 1.6108498900213597e-05, "precision": 0.9877969087253123, "prediction_time": 209.61497018660873, "recall": 0.9999994346750766, "size": 29280567, "time": 13.198082743046957, "weighted_avg": 5.822288742542659, "x2": 649}, "reports": {"accuracy": 0.9999959983962186, "auc": 0.9999555811228191, "avg_time": 140.6488652915927, "benchmark": 4.64605668610636, "distinct": 761, "entropy": 3.9026652700157265, "errors": 483, "exp_cost": 980138, "f1-score": 0.9999999999999728, "falsepos": 8.881784197001252e-16, "fullscore": 0.8959769775021486, "index": 66.96931901847982, "ko": 0.9999997430926391, "loss": 8.527111372558238e-08, "meanscore": 0.9999556374828482, "n_docs": 262344589, "non_null": 1.685526209160848e-06, "precision": 0.9999999988802608, "prediction_time": 261.6723210835422, "recall": 0.999622159161882, "size": 1286375543, "time": 72.21138060350536, "weighted_avg": 4.973499642184704, "x2": 3.0526146388432096e-08}, "train": {"accuracy": 0.999999682423395, "auc": 0.9999043020395558, "avg_time": 13.396947455124456, "benchmark": 2.4840684866509624, "distinct": 489, "entropy": 3.829292554621685, "errors": 557, "exp_cost": 40642085, "falsepos": 1.1483325401684397e-10, "fullscore": 0.9999999999771296, "index": 110.30543476017355, "ko": 1.3256319772336767e-05, "loss": 1.1429746038515987e-12, "meanscore": 0.9999891562062366, "n_docs": 20438747453, "non_null": 0.0006303263360514233, "precision": 0.993145625041071, "prediction_time": 54.046384539388875, "recall": 0.9999999999721891, "size": 19897720, "time": 8.078691400371573, "weighted_avg": 4.444046819695034, "x2": 433}, "train_full": {"accuracy": 0.9999999756114542, "auc": 0.9996862381381535, "avg_time": 40.126869774473086, "benchmark": 4.72515522979732, "distinct": 400, "entropy": 6.057481374995086, "errors": 349, "exp_cost": 3735601237, "f1-score": 0.9999999997712968, "falsepos": 9.885274572496439e-05, "fullscore": 0.9999955733217135, "index": 156.90292586526877, "ko": 430.7534384140631, "loss": 9.43689570931383e-15, "meanscore": 0.9999987301501784, "n_docs": 1051098485, "non_null": 2.5703883466121624e-11, "precision": 0.9999857469436455, "prediction_time": 341.7013439144467, "recall": 0.9999643228669337, "size": 1593791, "time": 107.64358384228457, "weighted_avg": 5.233033838102008, "x2": 5.632973797377056}}