{"branch": {"accuracy": 0.9999999999999998, "auc": 0.9999999895834538, "avg_time": 2694.116901960001, "benchmark": 4.119210258157386, "distinct": 664, "entropy": 7.406342917129447, "errors": 276, "exp_cost": 1120343570, "f1-score": 0.9999999995027362, "falsepos": 1.7264734086808176e-10, "fullscore": 0.9999999999865381, "index": 77.86982156153562, "ko": 4.275061576351518, "loss": 2.5693847049979013e-10, "meanscore": 0.999914542722734, "n_docs": 942196716, "non_null": 7.138131679074178e-07, "precision": 0.99999077095115, "prediction_time": 24.882107496473985, "recall": 1.0, "size": 189303068, "time": 57.215464801445286, "weighted_avg": 4.9018432780694825, "x2": 0.9999996381117806}, "brand": {"auc": 0.9999999999999991, "avg_time": 624.0265480567468, "benchmark": 6.253586042883535, "distinct": 512, "entropy": 2.5594551364732827, "errors": 665, "exp_cost": 4900511, "f1-score": 1.0, "falsepos": 4.2839998215526975e-10, "fullscore": 0.99999999591422, "index": 11.439790034495239, "ko": 509525756, "loss": 7.0937704470530605e-06, "meanscore": 0.9999999989019488, "n_docs": 18732464, "non_null": 1.6430677929335502e-09, "precision": 0.8218919500454096, "prediction_time": 258.46290507229673, "recall": 0.9999982253604879, "size": 139457303, "time": 708.3403491631893, "weighted_avg": 3.2510000861507033, "x2": 824}, "classifier": {"accuracy": 0.9996899719812553, "auc": 0.9588924429153979, "avg_time": 1389.0148149693653, "benchmark": 8.424512426093795, "distinct": 714, "entropy": 4.772514269142152, "errors": 606, "exp_cost": 1305766955, "f1-score": 0.9999999999735822, "falsepos": 2.835000202316973e-05, "fullscore": 0.9999999999999145, "index": 2836.5564895149587, "ko": 348732016, "loss": 0.00025776186748860397, "n_docs": 16260749561, "non_null": 3.862511928964807e-06, "precision": 0.995252173153766, "prediction_time": 348.9020148900645, "recall": 0.9999998810440641, "size": 78010758, "time": 19.663661212781268, "weighted_avg": 6.211691578751707, "x2": 680}, "reports": {"accuracy": 0.9999990273107142, "auc": 0.9999825559133432, "avg_time": 237.38729120093322, "benchmark": 5.019535996944152, "distinct": 812, "entropy": 4.092183604109529, "errors": 531, "exp_cost": 2164058, "f1-score": 0.9999999999999992, "falsepos": 0.0, "fullscore": 0.9320028836660559, "index": 105.94410299205842, "ko": 0.9999999732194239, "loss": 4.01672350935911e-09, "meanscore": 0.9999845431938593, "n_docs": 541692279, "non_null": 3.1600422811806084e-07, "precision": 0.9999999998601083, "prediction_time": 428.9612053954319, "recall": 0.9999391713793242, "size": 3172767351, "time": 117.51836063105797, "weighted_avg": 5.441099574270115, "x2": 6.093222926217834e-09}, "train": {"accuracy": 0.9999999644430446, "auc": 0.9999716890348385, "avg_time": 19.257749333345433, "benchmark": 2.9317989851408015, "distinct": 531, "entropy": 4.184257469731321, "errors": 600, "exp_cost": 62877363, "falsepos": 4.998335079164917e-12, "fullscore": 0.9999999999985478, "index": 153.45837631214326, "ko": 3.1784212645158405e-06, "loss": 3.963496197911809e-14, "meanscore": 0.9999986759131183, "n_docs": 42666124706, "non_null": 0.00011504169199882952, "precision": 0.9979294804966254, "prediction_time": 92.2005262218736, "recall": 0.9999999999973395, "size": 41536723, "time": 14.166005628161825, "weighted_avg": 4.792136370168299, "x2": 464}, "train_full": {"accuracy": 0.9999999959908129, "auc": 0.9999182758276145, "avg_time": 64.18697021263338, "benchmark": 4.97089743414787, "distinct": 436, "entropy": 6.5290181817963475, "errors": 374, "exp_cost": 9533783911, "f1-score": 0.9999999999895451, "falsepos": 1.3949757848075173e-05, "fullscore": 0.9999983347216781, "index": 262.4047439846194, "ko": 597.4351671040097, "loss": 2.220446049250313e-16, "meanscore": 0.9999998999205113, "n_docs": 3156922657, "non_null": 1.5877299475164364e-12, "precision": 0.9999966970837859, "prediction_time": 451.9199495073091, "recall": 0.9999822540295997, "size": 3773963, "time": 167.66248347959595, "weighted_avg": 5.576033460001545, "x2": 5.912541766526849}}