{"branch": {"accuracy": 0.9999999895065056, "auc": 0.9999010081859901, "avg_time": 238.81689535509466, "benchmark": 2.6418088403931033, "distinct": 425, "entropy": 5.043970393861523, "errors": 56, "exp_cost": 18840355, "f1-score": 0.9999798932595266, "falsepos": 0.00010069859845163176, "fullscore": 0.9999976740992869, "index": 10.93619108952539, "ko": 2.889920941995738, "loss": 5.1001173524412025e-06, "meanscore": 0.9916910051588657, "n_docs": 4161611, "non_null": 0.0003733044734592905, "precision": 0.9986754719556863, "prediction_time": 7.075370479952016, "recall": 0.9999999999848301, "size": 703526, "time": 16.65188412594844, "weighted_avg": 2.6962381287826553, "x2": 0.9978755010640155}, "brand": {"auc": 0.9999999997811396, "avg_time": 85.62455742376474, "benchmark": 3.6030651487219916, "distinct": 369, "entropy": 1.022167748648327, "errors": 462, "exp_cost": 328124, "f1-score": 0.9999999990240255, "falsepos": 1.3137455669331999e-05, "fullscore": 0.9997552687357135, "index": 1.9685709917291039, "ko": 4636694, "loss": 0.013110205370993278, "meanscore": 0.9999955087060407, "n_docs": 658074, "non_null": 0.00021506260089199092, "precision": 0.41634702189363293, "prediction_time": 58.3201399178656, "recall": 0.9974603337067129, "size": 1251350, "time": 65.79116953450665, "weighted_avg": 1.8169971442492334, "x2": 553}, "classifier": {"accuracy": 0.9144414736318407, "auc": 0.7007919118963299, "avg_time": 150.97720967032174, "benchmark": 5.754757283613421, "distinct": 512, "entropy": 3.176813874906359, "errors": 463, "exp_cost": 14879787, "f1-score": 0.9999976369567565, "falsepos": 0.008064023123512953, "fullscore": 0.9999983997324033, "index": 548.0394657845419, "ko": 9569122, "loss": 0.024137388704367768, "n_docs": 58340209, "non_null": 0.0044959054667287335, "precision": 0.8148860640109148, "prediction_time": 38.11887760184964, "recall": 0.9996827413458543, "size": 276448, "time": 3.2265613253817325, "weighted_avg": 4.456378707346562, "x2": 460}, "reports": {"accuracy": 0.9974943111355133, "auc": 0.9944070424078167, "avg_time": 26.043060324264083, "benchmark": 3.3424955556910962, "distinct": 567, "entropy": 2.5560108357586473, "errors": 322, "exp_cost": 26100, "f1-score": 0.9999999986936121, "falsepos": 1.1439900138299208e-09, "fullscore": 0.6331072038629331, "index": 11.173794356118288, "ko": 0.9995614189579958, "loss": 0.0011054603829950826, "meanscore": 0.9985586238032765, "n_docs": 10454866, "non_null": 0.0009186308915420938, "precision": 0.9999979219330657, "prediction_time": 44.46936244575517, "recall": 0.9671481334643028, "size": 25233589, "time": 13.871644124540145, "weighted_avg": 3.06115729967122, "x2": 6.648999259262212e-05}, "train": {"accuracy": 0.9990478581081569, "auc": 0.9895987726992372, "avg_time": 5.229384853501987, "benchmark": 1.1551726445126054, "distinct": 304, "entropy": 2.535756135680142, "errors": 406, "exp_cost": 1332121, "falsepos": 7.074130323747596e-07, "fullscore": 0.9999997151455996, "index": 30.060206935041045, "ko": 0.001952252495412754, "loss": 2.718693528080962e-07, "meanscore": 0.9893772003537687, "n_docs": 375373002, "non_null": 0.12122257796244573, "precision": 0.8712165622014119, "prediction_time": 8.79767570804624, "recall": 0.999999573023747, "size": 747103, "time": 1.2973463844838924, "weighted_avg": 2.94989371908039, "x2": 251}, "train_full": {"accuracy": 0.9999085901555967, "auc": 0.9709450602171094, "avg_time": 7.430539483920283, "benchmark": 3.44301827124609, "distinct": 247, "entropy": 4.37971187510761, "errors": 222, "exp_cost": 78899527, "f1-score": 0.9999963938874441, "falsepos": 0.020328302154483113, "fullscore": 0.9972536911975933, "index": 23.460281304017265, "ko": 82.34858869546471, "loss": 4.46130266062994e-09, "meanscore": 0.9953633907636998, "n_docs": 14973322, "non_null": 2.499086141360962e-07, "precision": 0.9980068753061049, "prediction_time": 69.6057952762421, "recall": 0.9972505013288526, "size": 65346, "time": 15.686594494886732, "weighted_avg": 3.975199188090829, "x2": 4.167440260886979}}