{"branch": {"accuracy": 0.9999999999457356, "auc": 0.9999964515666656, "avg_time": 524.8275344775041, "benchmark": 3.224751137111171, "distinct": 528, "entropy": 5.908729463299545, "errors": 135, "exp_cost": 97003400, "f1-score": 0.9999995085717244, "falsepos": 1.1583568194639682e-06, "fullscore": 0.9999999843656185, "index": 21.30077163601469, "ko": 3.5080606048599137, "loss": 2.6424934529423183e-07, "meanscore": 0.9986810874114184, "n_docs": 23963116, "non_null": 5.0262160590008875e-05, "precision": 0.9997737335215741, "prediction_time": 10.299216770762131, "recall": 0.999999999999959, "size": 4665010, "time": 24.1403154733952, "weighted_avg": 3.2297590345681977, "x2": 0.9997560758895814}, "brand": {"auc": 0.9999999999963236, "avg_time": 174.27705105839578, "benchmark": 4.532760962932857, "distinct": 438, "entropy": 1.6194238316220986, "errors": 548, "exp_cost": 798908, "f1-score": 0.9999999999961726, "falsepos": 2.8946253882722317e-07, "fullscore": 0.9999939200031439, "index": 3.680584624109703, "ko": 28553969, "loss": 0.0016025735108180506, "meanscore": 0.9999998719449557, "n_docs": 1932628, "non_null": 1.7668810592064155e-05, "precision": 0.5696442266390274, "prediction_time": 126.56539072372995, "recall": 0.9995624776582294, "size": 8296550, "time": 157.6834774192696, "weighted_avg": 2.5207982579958537, "x2": 669}, "classifier": {"accuracy": 0.9884302411680108, "auc": 0.8482002347199707, "avg_time": 317.7298036911342, "benchmark": 6.779831723545953, "distinct": 576, "entropy": 3.8757960610836686, "errors": 495, "exp_cost": 53471258, "f1-score": 0.9999999440524019, "falsepos": 0.001894615161385782, "fullscore": 0.9999999928507373, "index": 1052.3753565199052, "ko": 50014278, "loss": 0.006099787525864375, "n_docs": 505313232, "non_null": 0.0003225140375124891, "precision": 0.9365461892940912, "prediction_time": 88.53500560586164, "recall": 0.9999737259263418, "size": 2539746, "time": 6.434673835085709, "weighted_avg": 5.203437507101587, "x2": 548}, "reports": {"accuracy": 0.9998844084425728, "auc": 0.9993155888684155, "avg_time": 53.51738428752219, "benchmark": 3.8529397519584103, "distinct": 643, "entropy": 3.1398952007112095, "errors": 387, "exp_cost": 170349, "f1-score": 0.999999999984697, "falsepos": 5.303313344029448e-12, "fullscore": 0.7933421601881774, "index": 25.012265681741372, "ko": 0.9999780616022715, "loss": 3.08239714078562e-05, "meanscore": 0.9997620543747671, "n_docs": 55256466, "non_null": 7.472469478631005e-05, "precision": 0.9999998744816352, "prediction_time": 88.09692248432623, "recall": 0.994975982782041, "size": 146071737, "time": 30.929100565045516, "weighted_avg": 3.941989216695224, "x2": 2.2561950601129865e-06}, "train": {"accuracy": 0.9999390771979358, "auc": 0.9983692835628915, "avg_time": 8.089455998225, "benchmark": 1.7353568810485303, "distinct": 396, "entropy": 3.127091887456293, "errors": 481, "exp_cost": 6081605, "falsepos": 2.7834798466130906e-08, "fullscore": 0.9999999954985911, "index": 54.69448812090581, "ko": 0.0001961972666318923, "loss": 1.707160857122858e-09, "meanscore": 0.9990520417273828, "n_docs": 1846860021, "non_null": 0.015376622840751919, "precision": 0.9434506010393426, "prediction_time": 17.17236656341753, "recall": 0.9999999964929819, "size": 2599548, "time": 3.0729267011673334, "weighted_avg": 3.5726143213693566, "x2": 344}, "train_full": {"accuracy": 0.9999930942212204, "auc": 0.9961578306407604, "avg_time": 16.921000769128625, "benchmark": 4.15610304502099, "distinct": 333, "entropy": 4.910453187389465, "errors": 273, "exp_cost": 304602413, "f1-score": 0.9999998239506553, "falsepos": 0.0026107237080310597, "fullscore": 0.9998146109948544, "index": 48.74238350700439, "ko": 156.91735097149643, "loss": 8.270717444247566e-12, "meanscore": 0.9996799522405986, "n_docs": 138190847, "non_null": 6.241108296833886e-09, "precision": 0.9996537000302418, "prediction_time": 153.0018199700508, "recall": 0.9995905782493727, "size": 257513, "time": 36.428183061939244, "weighted_avg": 4.619749651350089, "x2": 4.903552882950053}}