{"branch": {"accuracy": 1.0, "auc": 1.0, "avg_time": 123119.96526456866, "benchmark": 7.108198454903718, "distinct": 977, "entropy": 11.227592410035928, "errors": 609, "exp_cost": 1199131664866, "f1-score": 1.0, "falsepos": 0.0, "fullscore": 1.0, "index": 2477.2588281898047, "ko": 6.53923388270705, "loss": 0.0, "meanscore": 0.9999999994675941, "n_docs": 16298379158094, "non_null": 8.393286066166183e-14, "precision": 0.9999999999988508, "prediction_time": 262.38560566510057, "recall": 1.0, "size": 2877522071776, "time": 753.1014990002848, "weighted_avg": 8.966153152664608, "x2": 0.9999999999999919}, "brand": {"auc": 1.0, "avg_time": 14480.51635541416, "benchmark": 10.29191750971191, "distinct": 783, "entropy": 5.40968435532216, "errors": 1014, "exp_cost": 767688701, "f1-score": 1.0, "falsepos": 0.0, "fullscore": 1.0, "index": 167.07148531013965, "ko": 790182746025, "loss": 1.2323475573339238e-14, "meanscore": 1.0, "n_docs": 3669657539, "non_null": 0.0, "precision": 0.9993648686248697, "prediction_time": 4531.354339894153, "recall": 0.999999999999998, "size": 173553044372, "time": 67294.02894005264, "weighted_avg": 5.89926794077386, "x2": 1217}, "classifier": {"accuracy": 0.999999999996209, "auc": 0.9999508204079778, "avg_time": 54217.749134719656, "benchmark": 12.823732417144656, "distinct": 1087, "entropy": 7.73679793794733, "errors": 847, "exp_cost": 855061431541, "f1-score": 1.0, "falsepos": 1.8799406475977776e-11, "fullscore": 1.0, "index": 64281.43649514736, "ko": 452128368166, "loss": 1.1187418769154078e-09, "n_docs": 131955121460247, "non_null": 6.5503158452884236e-15, "precision": 0.9999999804279153, "prediction_time": 12483.408991913946, "recall": 1.0, "size": 2541360047718, "time": 406.44447435680604, "weighted_avg": 9.166732284534994, "x2": 1043}, "reports": {"accuracy": 0.9999999999999499, "auc": 0.9999999999957514, "avg_time": 9957.70647134773, "benchmark": 8.34205970299876, "distinct": 1179, "entropy": 6.970187230100036, "errors": 868, "exp_cost": 1241414196, "f1-score": 1.0, "falsepos": 0.0, "fullscore": 0.999668082271965, "index": 3834.1253759228175, "ko": 1.0, "loss": 0.0, "meanscore": 0.9999999999465539, "n_docs": 1241030855800, "non_null": 1.1102230246251565e-16, "precision": 1.0, "prediction_time": 11878.591492290954, "recall": 0.9999999999989192, "size": 36421775157121, "time": 5123.996343040826, "weighted_avg": 8.321723745824128, "x2": 0.0}, "train": {"accuracy": 1.0, "auc": 0.9999999999992462, "avg_time": 168.47281931959475, "benchmark": 5.852062302388241, "distinct": 921, "entropy": 6.725086656267229, "errors": 940, "exp_cost": 35235420493, "falsepos": 0.0, "fullscore": 1.0, "index": 2542.2085106292366, "ko": 1.7666978990860116e-12, "loss": 0.0, "meanscore": 0.9999999999999998, "n_docs": 165351921985355, "non_null": 5.551115123125783e-16, "precision": 0.9999999966557808, "prediction_time": 5282.964956894362, "recall": 1.0, "size": 37993336428, "time": 439.10513893465094, "weighted_avg": 7.45805879657159, "x2": 825}, "train_full": {"accuracy": 1.0, "auc": 0.9999999999989958, "avg_time": 1369.001621184856, "benchmark": 7.598589845703532, "distinct": 776, "entropy": 10.278848035963057, "errors": 624, "exp_cost": 24123096011546, "f1-score": 1.0, "falsepos": 1.1102230246251565e-14, "fullscore": 0.9999999999999998, "index": 10441.822566942634, "ko": 25288.82802366307, "loss": 0.0, "meanscore": 1.0, "n_docs": 12091452691097, "non_null": 0.0, "precision": 0.9999999999997626, "prediction_time": 11079.190279046548, "recall": 0.9999999999512399, "size": 7985833082, "time": 3795.1793536386754, "weighted_avg": 8.20198213849982, "x2": 8.93106610890118}}