{"branch": {"accuracy": 1.0, "auc": 1.0, "avg_time": 67875.71266723887, "benchmark": 6.577844598477109, "distinct": 929, "entropy": 10.508662897878068, "errors": 553, "exp_cost": 505426385868, "f1-score": 1.0, "falsepos": 0.0, "fullscore": 1.0, "index": 1315.2463875421474, "ko": 6.187232119091365, "loss": 0.0, "meanscore": 0.9999999935175962, "n_docs": 2951859740728, "non_null": 2.3141488725286763e-12, "precision": 0.9999999999711522, "prediction_time": 190.05788798087875, "recall": 1.0, "size": 595555234992, "time": 460.85809685420145, "weighted_avg": 8.153915051334934, "x2": 0.9999999999996503}, "brand": {"auc": 1.0, "avg_time": 8936.280414180472, "benchmark": 9.545335009637192, "distinct": 732, "entropy": 4.864321613012771, "errors": 964, "exp_cost": 272731149, "f1-score": 1.0, "falsepos": 0.0, "fullscore": 1.0, "index": 104.55289285365626, "ko": 214213494820, "loss": 5.24469356832924e-13, "meanscore": 1.0, "n_docs": 1146301720, "non_null": 0.0, "precision": 0.9981007389687422, "prediction_time": 2906.3526577061434, "recall": 0.9999999999998779, "size": 49544004790, "time": 29632.061504370726, "weighted_avg": 5.361294995230952, "x2": 1159}, "classifier": {"accuracy": 0.9999999998944278, "auc": 0.9997317246045306, "avg_time": 23989.98369021286, "benchmark": 12.020150581549437, "distinct": 1029, "entropy": 7.219245119831712, "errors": 802, "exp_cost": 319248161762, "f1-score": 1.0, "falsepos": 5.079164866472752e-10, "fullscore": 1.0, "index": 36796.86194747286, "ko": 139128026082, "loss": 1.706177554794408e-08, "n_docs": 37462217293207, "non_null": 6.634692795159935e-13, "precision": 0.9999999194822069, "prediction_time": 6591.524756962472, "recall": 0.9999999999999865, "size": 395496420356, "time": 263.39436985485054, "weighted_avg": 8.693177211144999, "x2": 978}, "reports": {"accuracy": 0.9999999999987907, "auc": 0.9999999999058973, "avg_time": 5427.894226123831, "benchmark": 7.677827919911713, "distinct": 1128, "entropy": 6.591934151158593, "errors": 806, "exp_cost": 456572144, "f1-score": 1.0, "falsepos": 0.0, "fullscore": 0.9989290741441164, "index": 2038.1801420092702, "ko": 0.9999999999999999, "loss": 0.0, "meanscore": 0.9999999988601611, "n_docs": 469873033666, "non_null": 1.887379141862766e-14, "precision": 1.0, "prediction_time": 6638.139485248301, "recall": 0.9999999999801558, "size": 7523174936599, "time": 2388.049439722166, "weighted_avg": 7.833150950242108, "x2": 0.0}, "train": {"accuracy": 1.0, "auc": 0.9999999999615312, "avg_time": 107.01277756854458, "benchmark": 5.290466179737618, "distinct": 851, "entropy": 6.371616874846031, "errors": 884, "exp_cost": 18647242572, "falsepos": 0.0, "fullscore": 1.0, "index": 1340.0091295605955, "ko": 3.892175470809889e-11, "loss": 0.0, "meanscore": 0.999999999999959, "n_docs": 38116860867675, "non_null": 1.3744561044859438e-13, "precision": 0.9999999579563966, "prediction_time": 2784.154371352966, "recall": 1.0, "size": 11242455015, "time": 241.31878566227027, "weighted_avg": 7.000528743532267, "x2": 753}, "train_full": {"accuracy": 1.0, "auc": 0.99999999994578, "avg_time": 789.3819374754491, "benchmark": 7.102312646925871, "distinct": 724, "entropy": 9.737006682682798, "errors": 588, "exp_cost": 8094790179129, "f1-score": 1.0, "falsepos": 5.235811784132238e-13, "fullscore": 0.9999999999999908, "index": 6929.873988538846, "ko": 13530.636000158409, "loss": 0.0, "meanscore": 1.0, "n_docs": 3333558336798, "non_null": 0.0, "precision": 0.999999999991505, "prediction_time": 6086.738903279758, "recall": 0.9999999992999319, "size": 1899930679, "time": 2644.3997417482187, "weighted_avg": 7.906118972536439, "x2": 8.525114878269173}}