{"branch": {"accuracy": 1.0, "auc": 1.0, "avg_time": 72038.56350429046, "benchmark": 6.600672121425611, "distinct": 939, "entropy": 10.659705687345912, "errors": 550, "exp_cost": 448220737337, "f1-score": 1.0, "falsepos": 0.0, "fullscore": 1.0, "index": 1374.1360243946879, "ko": 6.198994292154451, "loss": 0.0, "meanscore": 0.9999999961902142, "n_docs": 3843684046588, "non_null": 2.8806956819948937e-12, "precision": 0.9999999999443453, "prediction_time": 176.02353450856663, "recall": 1.0, "size": 650726843234, "time": 438.97241830527815, "weighted_avg": 8.285920520296921, "x2": 0.999999999999913}, "brand": {"auc": 1.0, "avg_time": 9264.555730446895, "benchmark": 9.75499396282711, "distinct": 735, "entropy": 4.912135977657077, "errors": 963, "exp_cost": 377757479, "f1-score": 1.0, "falsepos": 0.0, "fullscore": 1.0, "index": 110.02512304847845, "ko": 289259003521, "loss": 2.7144952952085077e-13, "meanscore": 1.0, "n_docs": 1335852679, "non_null": 0.0, "precision": 0.9981641175614916, "prediction_time": 2671.0098316006893, "recall": 0.9999999999999313, "size": 70999157570, "time": 31217.12728406145, "weighted_avg": 5.3945523303557135, "x2": 1164}, "classifier": {"accuracy": 0.9999999998794776, "auc": 0.9997141622714523, "avg_time": 25610.07279419775, "benchmark": 12.075637961445759, "distinct": 1033, "entropy": 7.269278022145081, "errors": 814, "exp_cost": 370136053349, "f1-score": 1.0, "falsepos": 4.33598823512682e-10, "fullscore": 1.0, "index": 37370.512464236876, "ko": 163530531682, "loss": 2.1048263576517456e-08, "n_docs": 37530317911806, "non_null": 5.023759186428833e-13, "precision": 0.9999999036458367, "prediction_time": 7468.512618580654, "recall": 0.9999999999999961, "size": 442105750499, "time": 282.1130392665668, "weighted_avg": 8.652700540016989, "x2": 987}, "reports": {"accuracy": 0.9999999999987964, "auc": 0.9999999999523852, "avg_time": 5535.1314188316965, "benchmark": 7.774253464739113, "distinct": 1129, "entropy": 6.608638301872985, "errors": 814, "exp_cost": 469455577, "f1-score": 1.0, "falsepos": 0.0, "fullscore": 0.9988687069337134, "index": 2275.2163465948674, "ko": 0.9999999999999999, "loss": 0.0, "meanscore": 0.9999999995201844, "n_docs": 423856539443, "non_null": 1.4210854715202004e-14, "precision": 1.0, "prediction_time": 7509.749027577556, "recall": 0.9999999999820497, "size": 9844799582654, "time": 2838.6011792803015, "weighted_avg": 7.916794705336431, "x2": 0.0}, "train": {"accuracy": 1.0, "auc": 0.9999999999824063, "avg_time": 113.0631826889273, "benchmark": 5.441768593752503, "distinct": 853, "entropy": 6.335523871011175, "errors": 884, "exp_cost": 20658649794, "falsepos": 0.0, "fullscore": 1.0, "index": 1597.174172665025, "ko": 3.924438551905496e-11, "loss": 0.0, "meanscore": 0.9999999999999838, "n_docs": 39198346342469, "non_null": 4.263256414560601e-14, "precision": 0.999999971545235, "prediction_time": 2943.071481125745, "recall": 1.0, "size": 12081314439, "time": 232.08028493747634, "weighted_avg": 7.162976102619621, "x2": 764}, "train_full": {"accuracy": 1.0, "auc": 0.9999999999472529, "avg_time": 891.9775738564051, "benchmark": 7.104831853527261, "distinct": 730, "entropy": 9.724508009579445, "errors": 588, "exp_cost": 8360471348136, "f1-score": 1.0, "falsepos": 3.5849101465146305e-13, "fullscore": 0.9999999999999846, "index": 7040.5630068395, "ko": 15181.51112375341, "loss": 0.0, "meanscore": 1.0, "n_docs": 4099695197377, "non_null": 0.0, "precision": 0.9999999999953487, "prediction_time": 7028.219739271105, "recall": 0.9999999995617774, "size": 2132676515, "time": 2564.7493142923313, "weighted_avg": 7.922034712610844, "x2": 8.611552956832792}}