{"branch": {"accuracy": 0.9975260278843983, "auc": 0.9737418651195378, "avg_time": 21.851995758870114, "benchmark": 0.9487819420062562, "distinct": 235, "entropy": 2.7939643219093373, "errors": -144, "exp_cost": 223486, "f1-score": 0.9856542606346642, "falsepos": 0.13332432448618003, "fullscore": 0.9960022499989815, "index": 1.3462671124293073, "ko": 1.7844329535583343, "loss": 0.0032831108481805593, "meanscore": 0.8402954624485617, "n_docs": 15567, "non_null": 0.02932378332205876, "precision": 0.9266217851326282, "prediction_time": 1.877161646904557, "recall": 0.9999711526943323, "size": 2349, "time": 3.2136829936040883, "weighted_avg": 0.24193493478488137, "x2": 0.8944950536891372}, "brand": {"auc": 0.9999948365654366, "avg_time": 13.299755420895702, "benchmark": 1.3534992963013968, "distinct": 242, "entropy": -0.5626197253350007, "errors": 246, "exp_cost": 31191, "f1-score": 0.9999305819162032, "falsepos": 0.006115865301052792, "fullscore": 0.94373894788171, "index": 0.37336593498183657, "ko": 45911, "loss": 0.42131452134571923, "meanscore": 0.9951898713732386, "n_docs": 33066, "non_null": 0.12740805686508305, "precision": 0.04633605249106171, "prediction_time": 12.355366480148703, "recall": 0.8330788662787711, "size": 12468, "time": 4.828096913678853, "weighted_avg": 0.5456220417903156, "x2": 333}, "classifier": {"accuracy": 0.28263657738321113, "auc": 0.24323208627677384, "avg_time": 15.312403699008156, "benchmark": 3.1195894449742925, "distinct": 272, "entropy": 1.6410686461999962, "errors": 315, "exp_cost": 361350, "f1-score": 0.9929855827755669, "falsepos": 0.11612925378513528, "fullscore": 0.9840869615977308, "index": 99.09774265281237, "ko": 161370, "loss": 0.38213190751672865, "n_docs": 412727, "non_null": 0.21321436346822986, "precision": 0.16437058577964986, "prediction_time": 5.508114885419175, "recall": 0.943092472763554, "size": 785, "time": 0.5111032719778543, "weighted_avg": 2.652693733062193, "x2": 254}, "reports": {"accuracy": 0.9035390998630435, "auc": 0.8328970311632277, "avg_time": 2.505797774844118, "benchmark": 1.5487637903629736, "distinct": 345, "entropy": 0.7303419824301965, "errors": 113, "exp_cost": 689, "f1-score": 0.9999630900921723, "falsepos": 0.00020120105667453814, "fullscore": 0.2485901391594313, "index": 1.4971622574250798, "ko": 0.9012603035135691, "loss": 0.26470871524077766, "meanscore": 0.9597388156125597, "n_docs": 125132, "non_null": 0.13075565856360882, "precision": 0.9894854998427376, "prediction_time": 5.741573965357057, "recall": 0.4521908783545301, "size": 85854, "time": 1.3888365462805046, "weighted_avg": 1.3334211464959187, "x2": 0.03523044156373345}, "train": {"accuracy": 0.829844616551741, "auc": 0.7226361332792318, "avg_time": 2.024348706556716, "benchmark": -0.710624201293407, "distinct": 83, "entropy": 0.9377101265581194, "errors": 201, "exp_cost": 24585, "falsepos": 0.0020945586521132764, "fullscore": 0.999353466881222, "index": 6.095054027292911, "ko": 0.0723683155872008, "loss": 0.0018455462635227349, "meanscore": 0.6606665978660222, "n_docs": 1865418, "non_null": 0.8807042235041145, "precision": 0.2620826410141013, "prediction_time": 0.6951484300824675, "recall": 0.9984457513211014, "size": 9356, "time": 0.16446612924266535, "weighted_avg": 1.3543658242912766, "x2": 49}, "train_full": {"accuracy": 0.9404476599108653, "auc": 0.5108639287391715, "avg_time": 1.2968875100951363, "benchmark": 1.8865501757469316, "distinct": 50, "entropy": 1.9437572445173112, "errors": 73, "exp_cost": 508300, "f1-score": 0.9904990191760024, "falsepos": 0.515811452723679, "fullscore": 0.7323448776021546, "index": 2.7802448373346196, "ko": 8.1219892075839, "loss": 6.861061064500351e-05, "meanscore": 0.5013777167698729, "n_docs": 129598, "non_null": 0.0013185810746942916, "precision": 0.8979235742248319, "prediction_time": 11.272946291561322, "recall": 0.9316916728183382, "size": 602, "time": 2.280781976135618, "weighted_avg": 2.4620976796183607, "x2": 2.5085603056122356}}