{"branch": {"accuracy": 1.0, "auc": 0.999999999999999, "avg_time": 51568.2698548014, "benchmark": 6.442556534600727, "distinct": 907, "entropy": 10.257753792575365, "errors": 527, "exp_cost": 261720691831, "f1-score": 1.0, "falsepos": 0.0, "fullscore": 1.0, "index": 1023.7387574843307, "ko": 5.912690997023041, "loss": 0.0, "meanscore": 0.9999999850897658, "n_docs": 1149695122400, "non_null": 1.04602992934133e-11, "precision": 0.9999999998334503, "prediction_time": 148.2541740626221, "recall": 1.0, "size": 248047088234, "time": 418.65271090570064, "weighted_avg": 8.13829944043821, "x2": 0.9999999999986207}, "brand": {"auc": 1.0, "avg_time": 6827.540107559242, "benchmark": 9.202386702387509, "distinct": 726, "entropy": 4.630756474279656, "errors": 929, "exp_cost": 246944665, "f1-score": 1.0, "falsepos": 2.220446049250313e-16, "fullscore": 0.9999999999999998, "index": 86.15586855816326, "ko": 128276118926, "loss": 2.7342572650468355e-12, "meanscore": 0.9999999999999998, "n_docs": 1192298343, "non_null": 0.0, "precision": 0.9956017982288379, "prediction_time": 2207.1786095933644, "recall": 0.9999999999993723, "size": 37453809405, "time": 23090.17548990268, "weighted_avg": 5.070716043178223, "x2": 1117}, "classifier": {"accuracy": 0.9999999983941523, "auc": 0.9993412470192278, "avg_time": 22122.43805224357, "benchmark": 11.851897989202772, "distinct": 1012, "entropy": 6.969138512243463, "errors": 782, "exp_cost": 160988358644, "f1-score": 1.0, "falsepos": 3.4210729804584616e-09, "fullscore": 1.0, "index": 29883.69125655592, "ko": 66087412502, "loss": 5.2991842247607224e-08, "n_docs": 16239443289479, "non_null": 5.2694515417783805e-12, "precision": 0.9999990347377425, "prediction_time": 4993.814355070471, "recall": 0.9999999999999482, "size": 195464073156, "time": 214.58813798826932, "weighted_avg": 8.531128637390575, "x2": 951}, "reports": {"accuracy": 0.9999999999877537, "auc": 0.9999999996075372, "avg_time": 3540.506735610758, "benchmark": 7.32769947001881, "distinct": 1092, "entropy": 6.238673842712647, "errors": 783, "exp_cost": 226025717, "f1-score": 1.0, "falsepos": 0.0, "fullscore": 0.9985205161794749, "index": 1704.355482387119, "ko": 0.9999999999999994, "loss": 0.0, "meanscore": 0.9999999974063827, "n_docs": 246968671015, "non_null": 1.0702549957386509e-13, "precision": 1.0, "prediction_time": 5838.322267453774, "recall": 0.9999999998420498, "size": 3543532826510, "time": 1707.8929437664767, "weighted_avg": 7.4913724348855775, "x2": 3.3306690738754696e-16}, "train": {"accuracy": 0.9999999999999999, "auc": 0.9999999998404403, "avg_time": 102.06699179455795, "benchmark": 5.141706333834548, "distinct": 822, "entropy": 6.139812602421788, "errors": 847, "exp_cost": 6879315996, "falsepos": 0.0, "fullscore": 1.0, "index": 1238.652729073879, "ko": 9.554812496759268e-11, "loss": 0.0, "meanscore": 0.9999999999997528, "n_docs": 17614744914017, "non_null": 1.6151524562246777e-12, "precision": 0.9999997713365967, "prediction_time": 2044.6074117859055, "recall": 1.0, "size": 5796582857, "time": 171.90944434194955, "weighted_avg": 6.837059856182823, "x2": 731}, "train_full": {"accuracy": 1.0, "auc": 0.999999999690606, "avg_time": 603.4105567071458, "benchmark": 6.826707498874072, "distinct": 699, "entropy": 9.441065510055136, "errors": 565, "exp_cost": 5361425039873, "f1-score": 1.0, "falsepos": 3.680167282027469e-12, "fullscore": 0.999999999999916, "index": 4722.211692142423, "ko": 11104.254930398276, "loss": 0.0, "meanscore": 0.9999999999999998, "n_docs": 2240957791621, "non_null": 0.0, "precision": 0.9999999999721474, "prediction_time": 4483.250616077335, "recall": 0.9999999966110785, "size": 836386822, "time": 1806.224453131877, "weighted_avg": 7.635437956054796, "x2": 8.159987208933495}}