{"branch": {"accuracy": 0.9999999998555988, "auc": 0.9999941847658795, "avg_time": 431.94395425345317, "benchmark": 3.155925961247439, "distinct": 495, "entropy": 5.71032802473711, "errors": 132, "exp_cost": 67857928, "f1-score": 0.9999992579079107, "falsepos": 3.878406847235283e-06, "fullscore": 0.9999999214511768, "index": 18.414564991773915, "ko": 3.4807483125769796, "loss": 2.1779580405834054e-07, "meanscore": 0.9979691073451877, "n_docs": 19156917, "non_null": 7.827995166387325e-05, "precision": 0.9994624192571302, "prediction_time": 10.768018864851376, "recall": 0.9999999999999277, "size": 3050600, "time": 22.31546084408033, "weighted_avg": 3.15774293775999, "x2": 0.9996215666766594}, "brand": {"auc": 0.999999999995465, "avg_time": 149.85845111190892, "benchmark": 4.254110685955945, "distinct": 416, "entropy": 1.4519056193872095, "errors": 512, "exp_cost": 779240, "f1-score": 0.9999999999946361, "falsepos": 1.5804679300845947e-06, "fullscore": 0.999981072138495, "index": 3.163969466226583, "ko": 16544375, "loss": 0.0026691435012756726, "meanscore": 0.9999995370971115, "n_docs": 1525318, "non_null": 1.5808233170822028e-05, "precision": 0.4763737526124955, "prediction_time": 89.10170487109839, "recall": 0.9994185410221288, "size": 4209564, "time": 123.44495003175723, "weighted_avg": 2.4058744656417774, "x2": 629}, "classifier": {"accuracy": 0.9833571874943186, "auc": 0.8380897551199102, "avg_time": 313.7346150678632, "benchmark": 6.420058508176951, "distinct": 562, "entropy": 3.7403567537520077, "errors": 495, "exp_cost": 48608169, "f1-score": 0.9999998075667592, "falsepos": 0.0015345592758946314, "fullscore": 0.9999999725659678, "index": 934.9113285450534, "ko": 36081204, "loss": 0.007444061895379717, "n_docs": 352973506, "non_null": 0.0006802548433332278, "precision": 0.9210465755502093, "prediction_time": 67.94838596974142, "recall": 0.9999587973952258, "size": 1314533, "time": 5.058667156965519, "weighted_avg": 5.006380768422241, "x2": 537}, "reports": {"accuracy": 0.9995206917536614, "auc": 0.9982181126856415, "avg_time": 44.23740386956523, "benchmark": 3.940751499106616, "distinct": 630, "entropy": 3.0733801951859023, "errors": 370, "exp_cost": 81696, "f1-score": 0.999999999892462, "falsepos": 1.6833201499366623e-11, "fullscore": 0.7717020459194645, "index": 19.50434097242039, "ko": 0.9999441742654862, "loss": 8.538918830414133e-05, "meanscore": 0.9996582436799714, "n_docs": 33860688, "non_null": 0.00011666862587045301, "precision": 0.99999986846053, "prediction_time": 76.44098740198396, "recall": 0.9881284723911055, "size": 87061156, "time": 26.88479358579295, "weighted_avg": 3.6137989363077834, "x2": 1.3255711027060357e-05}, "train": {"accuracy": 0.9998890050602554, "auc": 0.9972228902378233, "avg_time": 8.162557732159529, "benchmark": 1.5106674030028902, "distinct": 373, "entropy": 2.8924240331607085, "errors": 467, "exp_cost": 6970052, "falsepos": 5.881595033230269e-08, "fullscore": 0.9999999964963628, "index": 50.129274092763666, "ko": 0.0003182363837692659, "loss": 8.999260447950519e-09, "meanscore": 0.9989227301881178, "n_docs": 1595145147, "non_null": 0.032426261511428245, "precision": 0.9431104099527257, "prediction_time": 15.883727993796732, "recall": 0.9999999893611877, "size": 2320783, "time": 2.170448692480965, "weighted_avg": 3.3587053744355173, "x2": 316}, "train_full": {"accuracy": 0.999993227632241, "auc": 0.9921256829616385, "avg_time": 12.482760601128312, "benchmark": 4.0011847511584175, "distinct": 305, "entropy": 4.8122536660467325, "errors": 262, "exp_cost": 238966434, "f1-score": 0.9999996921030535, "falsepos": 0.005117957969105413, "fullscore": 0.9996188111995925, "index": 48.49385333502185, "ko": 131.78233884135386, "loss": 6.284994746863504e-11, "meanscore": 0.9995301359486608, "n_docs": 64361542, "non_null": 1.7546019304148786e-08, "precision": 0.999469607237929, "prediction_time": 126.03135525349623, "recall": 0.999193057500856, "size": 215241, "time": 28.662244735715205, "weighted_avg": 4.349629532149216, "x2": 4.599074786162483}}