{"branch": {"accuracy": 0.9999999999995897, "auc": 0.9999997952373733, "avg_time": 1001.7590595707143, "benchmark": 3.6893569897617744, "distinct": 580, "entropy": 6.529348030321669, "errors": 197, "exp_cost": 287930140, "f1-score": 0.9999999822999881, "falsepos": 2.8445658051268197e-08, "fullscore": 0.9999999989150581, "index": 37.592358531437604, "ko": 3.9454039559391036, "loss": 7.991592720912877e-09, "meanscore": 0.9996243747373486, "n_docs": 107228051, "non_null": 9.564415085372424e-06, "precision": 0.9999494164898425, "prediction_time": 17.903540652522068, "recall": 0.9999999999999999, "size": 20873074, "time": 31.761261996366375, "weighted_avg": 3.8724995564779117, "x2": 0.9999763438011391}, "brand": {"auc": 0.9999999999998817, "avg_time": 308.0801458632426, "benchmark": 5.2063587570635645, "distinct": 488, "entropy": 2.0436289327704773, "errors": 581, "exp_cost": 1663634, "f1-score": 0.9999999999999424, "falsepos": 4.3924733073019695e-08, "fullscore": 0.9999997753994927, "index": 5.86016408126541, "ko": 88381646, "loss": 0.0001921439070109443, "meanscore": 0.999999972789159, "n_docs": 5291892, "non_null": 5.789361300356788e-07, "precision": 0.687979223998103, "prediction_time": 182.3949644777657, "recall": 0.999956531868534, "size": 26954041, "time": 278.8402552894583, "weighted_avg": 2.8054261439426726, "x2": 716}, "classifier": {"accuracy": 0.9977652398655567, "auc": 0.9026356913470321, "avg_time": 629.6553082921868, "benchmark": 7.372545114592526, "distinct": 638, "entropy": 4.332959744781425, "errors": 547, "exp_cost": 265781701, "f1-score": 0.9999999977322318, "falsepos": 0.00019278368702080328, "fullscore": 0.9999999998640756, "index": 1947.4354221160208, "ko": 155756614, "loss": 0.0024364072537548243, "n_docs": 1643232693, "non_null": 4.387446562470476e-05, "precision": 0.9830321185900153, "prediction_time": 156.58042306469082, "recall": 0.999996913303222, "size": 10803462, "time": 10.023792789141257, "weighted_avg": 5.63145761682045, "x2": 624}, "reports": {"accuracy": 0.9999784283181615, "auc": 0.999737919438063, "avg_time": 90.96805363666138, "benchmark": 4.480973200382921, "distinct": 711, "entropy": 3.5553857424334736, "errors": 442, "exp_cost": 396155, "f1-score": 0.9999999999996287, "falsepos": 3.108624468950438e-14, "fullscore": 0.8627991021759926, "index": 40.70881461267422, "ko": 0.9999981768147379, "loss": 7.78636689124923e-07, "meanscore": 0.9999396965475713, "n_docs": 131143360, "non_null": 7.88429020781578e-06, "precision": 0.9999999965419069, "prediction_time": 190.635124955167, "recall": 0.9987429522722437, "size": 561787779, "time": 58.39727315487515, "weighted_avg": 4.431689262332648, "x2": 4.2284416312821094e-07}, "train": {"accuracy": 0.9999951771373425, "auc": 0.9997351497543145, "avg_time": 11.099471003096147, "benchmark": 2.1360146895287535, "distinct": 451, "entropy": 3.5365363212718117, "errors": 526, "exp_cost": 21091210, "falsepos": 1.2724651332618464e-09, "fullscore": 0.9999999998038124, "index": 90.14540013605307, "ko": 3.3315122882182635e-05, "loss": 1.7800760865327447e-11, "meanscore": 0.9999518614000276, "n_docs": 6621287450, "non_null": 0.0031909634034624768, "precision": 0.986721165175377, "prediction_time": 39.863777032952584, "recall": 0.9999999999076461, "size": 8363372, "time": 5.2153808712309075, "weighted_avg": 3.9848881879345783, "x2": 395}, "train_full": {"accuracy": 0.9999997142271497, "auc": 0.9991424873352975, "avg_time": 27.16038324695188, "benchmark": 4.487174262954991, "distinct": 362, "entropy": 5.542943161962524, "errors": 328, "exp_cost": 955074140, "f1-score": 0.9999999970988703, "falsepos": 0.0004068976523563528, "fullscore": 0.9999792174811499, "index": 101.76921232665465, "ko": 268.04432619736224, "loss": 2.8888003100746573e-13, "meanscore": 0.9999906695386056, "n_docs": 482806353, "non_null": 1.9855861399520336e-10, "precision": 0.9999464640572139, "prediction_time": 236.65915555278247, "recall": 0.9999302738940397, "size": 725376, "time": 67.35299903051381, "weighted_avg": 5.057990199279061, "x2": 5.2389467665875245}}