{"branch": {"accuracy": 0.9999999999996163, "auc": 0.9999997274758392, "avg_time": 942.2320917358612, "benchmark": 3.5422022781538858, "distinct": 563, "entropy": 6.395644124864171, "errors": 177, "exp_cost": 264439363, "f1-score": 0.9999999771162975, "falsepos": 4.079564053238727e-08, "fullscore": 0.9999999986965372, "index": 33.30248596605719, "ko": 3.9240217230980927, "loss": 2.7515902889518884e-08, "meanscore": 0.9995459827269613, "n_docs": 114034812, "non_null": 9.503657200315985e-06, "precision": 0.9999463400261915, "prediction_time": 16.46059160545335, "recall": 0.9999999999999998, "size": 18611757, "time": 30.481136531962658, "weighted_avg": 3.9142788070003167, "x2": 0.9999717035292943}, "brand": {"auc": 0.9999999999999146, "avg_time": 285.7831721600909, "benchmark": 5.161000520176217, "distinct": 479, "entropy": 1.962553704112268, "errors": 586, "exp_cost": 1564109, "f1-score": 0.9999999999999227, "falsepos": 8.446260768568692e-08, "fullscore": 0.9999996078354549, "index": 5.3322582575077995, "ko": 80404967, "loss": 0.0002623912393616701, "meanscore": 0.9999999599471268, "n_docs": 3576073, "non_null": 1.3568004570974068e-06, "precision": 0.6563354258497935, "prediction_time": 167.177488799062, "recall": 0.9999273044959824, "size": 26937849, "time": 271.0489006201462, "weighted_avg": 2.822706417899856, "x2": 709}, "classifier": {"accuracy": 0.9975976357422733, "auc": 0.9086127201340402, "avg_time": 558.2135947616099, "benchmark": 7.4072417954362475, "distinct": 622, "entropy": 4.209219275384425, "errors": 552, "exp_cost": 206714815, "f1-score": 0.9999999939701514, "falsepos": 0.0002501121020732633, "fullscore": 0.9999999997436672, "index": 1756.0487273501362, "ko": 119255259, "loss": 0.002721245308908493, "n_docs": 1472302562, "non_null": 7.753151798339797e-05, "precision": 0.9765598263337966, "prediction_time": 166.78481881558557, "recall": 0.9999951402383707, "size": 10418997, "time": 8.693620155150253, "weighted_avg": 5.506651528160048, "x2": 611}, "reports": {"accuracy": 0.9999617443572297, "auc": 0.9996534123336009, "avg_time": 80.00745789466289, "benchmark": 4.530899719392851, "distinct": 709, "entropy": 3.471023644352795, "errors": 437, "exp_cost": 297755, "f1-score": 0.999999999999541, "falsepos": 1.2445600106048005e-13, "fullscore": 0.8625994925263261, "index": 42.00009523049933, "ko": 0.9999978308520154, "loss": 1.0265375255391618e-06, "meanscore": 0.9999228920103375, "n_docs": 105614164, "non_null": 1.3164341367777332e-05, "precision": 0.9999999916331954, "prediction_time": 182.94893670748723, "recall": 0.9985100572237025, "size": 452661187, "time": 48.045088748560005, "weighted_avg": 4.432623483966715, "x2": 7.236501234908488e-07}, "train": {"accuracy": 0.9999929267290228, "auc": 0.9997379285555075, "avg_time": 11.909556022209474, "benchmark": 2.0609339047288455, "distinct": 443, "entropy": 3.4499773754378817, "errors": 519, "exp_cost": 12599599, "falsepos": 1.7522558959370826e-09, "fullscore": 0.9999999996682314, "index": 79.08475736007432, "ko": 4.758308219154905e-05, "loss": 4.603739611752644e-11, "meanscore": 0.9999144880701185, "n_docs": 4347138869, "non_null": 0.003044715275930976, "precision": 0.9849164044391653, "prediction_time": 36.42596507531283, "recall": 0.9999999996697148, "size": 6314185, "time": 4.568215816248931, "weighted_avg": 4.011639830138384, "x2": 385}, "train_full": {"accuracy": 0.9999996691218177, "auc": 0.9990926152521229, "avg_time": 24.156569675808484, "benchmark": 4.4186135845286465, "distinct": 365, "entropy": 5.416176955190032, "errors": 317, "exp_cost": 805731649, "f1-score": 0.9999999946943785, "falsepos": 0.0005679080173557338, "fullscore": 0.9999796079925891, "index": 97.94930081215152, "ko": 264.97637346730914, "loss": 7.872591467616985e-13, "meanscore": 0.9999786012922488, "n_docs": 458914277, "non_null": 3.929235825594901e-10, "precision": 0.9999134625567137, "prediction_time": 225.45422142213408, "recall": 0.9999249029008724, "size": 652292, "time": 60.69298730136024, "weighted_avg": 5.016749308891586, "x2": 5.214131809610239}}