{"branch": {"accuracy": 0.9999999998563983, "auc": 0.9999946801867174, "avg_time": 433.69918649305214, "benchmark": 3.1502617175773553, "distinct": 500, "entropy": 5.728324513792405, "errors": 134, "exp_cost": 70711095, "f1-score": 0.9999993377141999, "falsepos": 3.448781138226664e-06, "fullscore": 0.999999920594181, "index": 18.549258850961305, "ko": 3.4851648869793097, "loss": 2.0016970425640324e-07, "meanscore": 0.9981303031307585, "n_docs": 19167816, "non_null": 7.458638806379092e-05, "precision": 0.9994291168133824, "prediction_time": 10.902567956636778, "recall": 0.9999999999999245, "size": 3132407, "time": 22.005325678790925, "weighted_avg": 3.183592505651001, "x2": 0.9996427373940425}, "brand": {"auc": 0.9999999999952869, "avg_time": 150.8356236170415, "benchmark": 4.263149872736064, "distinct": 419, "entropy": 1.4360185643768424, "errors": 515, "exp_cost": 762747, "f1-score": 0.9999999999953353, "falsepos": 1.3878702869174475e-06, "fullscore": 0.9999823809593664, "index": 3.1659152574859846, "ko": 17349079, "loss": 0.0025925154623196445, "meanscore": 0.9999995532987103, "n_docs": 1580263, "non_null": 1.4952684153524132e-05, "precision": 0.4776457850415578, "prediction_time": 88.81971980930295, "recall": 0.9994350495439536, "size": 4232914, "time": 123.69493620652905, "weighted_avg": 2.413871106775068, "x2": 632}, "classifier": {"accuracy": 0.9849217426851826, "auc": 0.8397928347924116, "avg_time": 308.7512322885003, "benchmark": 6.435761073970213, "distinct": 560, "entropy": 3.757122791567584, "errors": 495, "exp_cost": 49088041, "f1-score": 0.9999998316972439, "falsepos": 0.001504397869745766, "fullscore": 0.9999999726695648, "index": 957.8442391333472, "ko": 36649296, "loss": 0.00703691998803202, "n_docs": 355057023, "non_null": 0.0006879022262281653, "precision": 0.9218656850269484, "prediction_time": 68.41052736830144, "recall": 0.9999586198668124, "size": 1313077, "time": 5.103176577877788, "weighted_avg": 5.007898464349512, "x2": 538}, "reports": {"accuracy": 0.9995803865872246, "auc": 0.9982784847066765, "avg_time": 44.423907771068535, "benchmark": 3.935642305252977, "distinct": 633, "entropy": 3.1033914781199337, "errors": 368, "exp_cost": 83155, "f1-score": 0.9999999999008982, "falsepos": 1.6637358157822746e-11, "fullscore": 0.7690613273338357, "index": 19.752030354707195, "ko": 0.9999466377352008, "loss": 7.805217459955216e-05, "meanscore": 0.9996786945261745, "n_docs": 34243095, "non_null": 0.00011627008230630231, "precision": 0.9999998677933389, "prediction_time": 77.88127002702588, "recall": 0.988619321357461, "size": 88296577, "time": 27.31356587946304, "weighted_avg": 3.6451559179880695, "x2": 1.2625453165160394e-05}, "train": {"accuracy": 0.9998839083410219, "auc": 0.9974788526410623, "avg_time": 8.13572898992846, "benchmark": 1.52574049218285, "distinct": 375, "entropy": 2.889393598109461, "errors": 468, "exp_cost": 7201360, "falsepos": 4.870376746346494e-08, "fullscore": 0.999999996312211, "index": 51.42502429765724, "ko": 0.000310071672995349, "loss": 7.853546701852565e-09, "meanscore": 0.9989210012319025, "n_docs": 1608819138, "non_null": 0.030183452617761786, "precision": 0.9437381350327727, "prediction_time": 15.863806349392659, "recall": 0.9999999898114811, "size": 2277641, "time": 2.202778980070188, "weighted_avg": 3.35067468820351, "x2": 318}, "train_full": {"accuracy": 0.9999928517659279, "auc": 0.9919625638330798, "avg_time": 12.77048417347561, "benchmark": 4.039667018511411, "distinct": 307, "entropy": 4.7954156470972595, "errors": 263, "exp_cost": 243305855, "f1-score": 0.9999996711844259, "falsepos": 0.0050820982357977496, "fullscore": 0.9996393145268561, "index": 48.250506656808795, "ko": 130.74080126234912, "loss": 5.314304551973237e-11, "meanscore": 0.9995771150656695, "n_docs": 68544591, "non_null": 1.7424612974714648e-08, "precision": 0.9994869095032848, "prediction_time": 127.85713901123846, "recall": 0.9992564971315291, "size": 224606, "time": 28.897039452279536, "weighted_avg": 4.355215699549192, "x2": 4.617814636233417}}