{"branch": {"accuracy": 1.0, "auc": 0.9999999999996589, "avg_time": 20085.250923642827, "benchmark": 5.552334568678774, "distinct": 840, "entropy": 9.302052536271782, "errors": 456, "exp_cost": 38652548440, "f1-score": 0.999999999999998, "falsepos": 0.0, "fullscore": 1.0, "index": 401.07039820546146, "ko": 5.326488650031611, "loss": 3.5083047578154947e-14, "meanscore": 0.9999995277287669, "n_docs": 96058095452, "non_null": 4.70951944109288e-10, "precision": 0.9999999943493937, "prediction_time": 89.53317193692342, "recall": 1.0, "size": 23188141576, "time": 185.29550265698848, "weighted_avg": 7.003268923216427, "x2": 0.9999999999295566}, "brand": {"auc": 1.0, "avg_time": 3032.007603135441, "benchmark": 8.31803139119743, "distinct": 645, "entropy": 3.8960948996673634, "errors": 854, "exp_cost": 61510832, "f1-score": 1.0, "falsepos": 5.67323965583455e-14, "fullscore": 0.9999999999999473, "index": 44.102432563494766, "ko": 20197018362, "loss": 7.671487889382433e-10, "meanscore": 0.999999999999962, "n_docs": 186568424, "non_null": 1.2323475573339238e-14, "precision": 0.9800271010213588, "prediction_time": 1025.389978468436, "recall": 0.9999999996570292, "size": 3610246927, "time": 7028.5564772541275, "weighted_avg": 4.40653676637071, "x2": 1036}, "classifier": {"accuracy": 0.9999998016796334, "auc": 0.9971961570462766, "avg_time": 9139.92477111, "benchmark": 10.639437508054316, "distinct": 906, "entropy": 6.189871861941727, "errors": 710, "exp_cost": 41553777865, "f1-score": 1.0, "falsepos": 7.490050379921342e-08, "fullscore": 1.0, "index": 11675.693922857221, "ko": 8600795157, "loss": 2.569705620736329e-06, "n_docs": 2153413384786, "non_null": 1.3843113322309364e-09, "precision": 0.9999891472925351, "prediction_time": 2028.0546920930703, "recall": 0.999999999978048, "size": 14398032977, "time": 94.55179735747748, "weighted_avg": 7.705252946159637, "x2": 854}, "reports": {"accuracy": 0.9999999993029666, "auc": 0.999999978642989, "avg_time": 1319.5334830375814, "benchmark": 6.689066922524521, "distinct": 1007, "entropy": 5.495812519854891, "errors": 701, "exp_cost": 44652694, "f1-score": 1.0, "falsepos": 0.0, "fullscore": 0.9938776127588652, "index": 654.9877793295215, "ko": 0.9999999999995987, "loss": 1.5543122344752192e-15, "meanscore": 0.9999999373898569, "n_docs": 20791257683, "non_null": 4.932210195818243e-11, "precision": 0.9999999999999999, "prediction_time": 2241.8222411510333, "recall": 0.9999999738428095, "size": 419388835256, "time": 743.444764351172, "weighted_avg": 6.889103624160088, "x2": 1.7386092565629951e-13}, "train": {"accuracy": 0.9999999999998931, "auc": 0.9999999797863537, "avg_time": 50.192434025116185, "benchmark": 4.386421483682178, "distinct": 717, "entropy": 5.48820120186126, "errors": 780, "exp_cost": 1550829033, "falsepos": 0.0, "fullscore": 1.0, "index": 629.4738059025891, "ko": 5.997373708765963e-09, "loss": 0.0, "meanscore": 0.9999999998888235, "n_docs": 2324180987418, "non_null": 3.780676105513692e-09, "precision": 0.999991705520178, "prediction_time": 725.152411116837, "recall": 1.0, "size": 1303434396, "time": 81.13066983286382, "weighted_avg": 6.230877898925, "x2": 633}, "train_full": {"accuracy": 0.9999999999999858, "auc": 0.9999999376534141, "avg_time": 326.4862000603949, "benchmark": 6.192040951154481, "distinct": 606, "entropy": 8.509331219218959, "errors": 501, "exp_cost": 563278719804, "f1-score": 1.0, "falsepos": 1.045227460139131e-09, "fullscore": 0.9999999999816638, "index": 1968.3223311766362, "ko": 4429.721806361311, "loss": 0.0, "meanscore": 0.9999999999996338, "n_docs": 281510934128, "non_null": 0.0, "precision": 0.9999999962107942, "prediction_time": 1922.8941313278826, "recall": 0.9999999299355725, "size": 149731866, "time": 924.0504912051251, "weighted_avg": 7.0545324830494325, "x2": 7.324959965624123}}