{"branch": {"accuracy": 0.9999999976438436, "auc": 0.9999760329582397, "avg_time": 314.00692744081914, "benchmark": 2.7599492935777032, "distinct": 479, "entropy": 5.378074111538698, "errors": 87, "exp_cost": 33879153, "f1-score": 0.9999956001410942, "falsepos": 1.4666119124484567e-05, "fullscore": 0.9999998374294158, "index": 13.313305589646621, "ko": 3.2582786705813844, "loss": 8.614481883384428e-07, "meanscore": 0.9962071376190897, "n_docs": 7310270, "non_null": 0.00019258005686095814, "precision": 0.9991472128531884, "prediction_time": 7.250525606177431, "recall": 0.9999999999974452, "size": 1478626, "time": 17.42200743105948, "weighted_avg": 2.707363995405498, "x2": 0.9989922887509043}, "brand": {"auc": 0.9999999999496432, "avg_time": 109.17600416089299, "benchmark": 3.9088353774503215, "distinct": 405, "entropy": 1.283469752746107, "errors": 499, "exp_cost": 493688, "f1-score": 0.9999999999133465, "falsepos": 1.8028875968800762e-06, "fullscore": 0.9999478716520964, "index": 2.497117286679567, "ko": 9220846, "loss": 0.0066388202688745235, "meanscore": 0.9999979303831835, "n_docs": 791582, "non_null": 0.0001742479705904021, "precision": 0.42812329325069903, "prediction_time": 83.53528466589752, "recall": 0.9978747819716317, "size": 2525839, "time": 83.13369790186876, "weighted_avg": 2.2192581449963718, "x2": 605}, "classifier": {"accuracy": 0.9632972619785816, "auc": 0.7570965329465927, "avg_time": 196.3550310156737, "benchmark": 6.043702755233383, "distinct": 522, "entropy": 3.4831410174183035, "errors": 469, "exp_cost": 28266102, "f1-score": 0.9999987636991035, "falsepos": 0.0020673230705010592, "fullscore": 0.9999998642566384, "index": 721.6444068731685, "ko": 19412153, "loss": 0.02081225839481249, "n_docs": 148438464, "non_null": 0.001629574989179039, "precision": 0.8524231287305875, "prediction_time": 59.576539902068006, "recall": 0.9998635839157584, "size": 803326, "time": 4.322037706715076, "weighted_avg": 4.798606322426731, "x2": 493}, "reports": {"accuracy": 0.9994103212572314, "auc": 0.9972501330602352, "avg_time": 33.89439269854983, "benchmark": 3.5124758098001405, "distinct": 601, "entropy": 2.683946009671269, "errors": 344, "exp_cost": 65913, "f1-score": 0.9999999998264563, "falsepos": 2.2599400129053038e-10, "fullscore": 0.7375274886213128, "index": 16.012296498556513, "ko": 0.9998673510146978, "loss": 0.00023701621845462206, "meanscore": 0.9992171620185825, "n_docs": 19197589, "non_null": 0.0004371672083107736, "precision": 0.9999981627740832, "prediction_time": 60.80451605095293, "recall": 0.9810334796516776, "size": 37461434, "time": 17.136933704161518, "weighted_avg": 3.4570233772279755, "x2": 2.3317767013475432e-05}, "train": {"accuracy": 0.9995980073436087, "auc": 0.9951843792002961, "avg_time": 7.427573728310287, "benchmark": 1.3365317438153823, "distinct": 340, "entropy": 2.6717281547931186, "errors": 429, "exp_cost": 2424024, "falsepos": 2.0927853316976552e-07, "fullscore": 0.999999979840312, "index": 35.5679435673081, "ko": 0.0006174321820652251, "loss": 2.5982515583500287e-08, "meanscore": 0.9976706221576443, "n_docs": 527295540, "non_null": 0.05136785204355232, "precision": 0.887637459454863, "prediction_time": 10.21733758756702, "recall": 0.9999999572603042, "size": 1075312, "time": 1.7295285828103455, "weighted_avg": 3.1231781052318794, "x2": 290}, "train_full": {"accuracy": 0.9999526972576592, "auc": 0.9892171016144017, "avg_time": 10.40363194363782, "benchmark": 3.6813408353873207, "distinct": 287, "entropy": 4.325564349062006, "errors": 242, "exp_cost": 94332759, "f1-score": 0.9999988292558764, "falsepos": 0.011010076923345213, "fullscore": 0.9989972512699896, "index": 32.51563013937144, "ko": 109.30150929766302, "loss": 2.604044757603674e-10, "meanscore": 0.9978180770070102, "n_docs": 38212119, "non_null": 6.281300202193307e-08, "precision": 0.9984852288764164, "prediction_time": 93.26909139616404, "recall": 0.9989057924836822, "size": 84501, "time": 24.48236370583337, "weighted_avg": 4.228972569874877, "x2": 4.43445652677895}}