{"branch": {"accuracy": 1.0, "auc": 1.0, "avg_time": 116255.71001431152, "benchmark": 7.006788684296843, "distinct": 981, "entropy": 11.080429131741855, "errors": 593, "exp_cost": 1207482273644, "f1-score": 1.0, "falsepos": 0.0, "fullscore": 1.0, "index": 2373.7710233935854, "ko": 6.501386388861701, "loss": 0.0, "meanscore": 0.9999999993942781, "n_docs": 11855222171186, "non_null": 3.516076318987871e-13, "precision": 0.9999999999977438, "prediction_time": 244.58663769695755, "recall": 1.0, "size": 2626065489892, "time": 664.7643048410994, "weighted_avg": 8.79841276779587, "x2": 0.9999999999999944}, "brand": {"auc": 1.0, "avg_time": 13800.735903877827, "benchmark": 10.234592997840291, "distinct": 775, "entropy": 5.319890086122893, "errors": 1019, "exp_cost": 658209347, "f1-score": 1.0, "falsepos": 0.0, "fullscore": 1.0, "index": 152.1136995817067, "ko": 753477119506, "loss": 2.1316282072803006e-14, "meanscore": 1.0, "n_docs": 2614428220, "non_null": 0.0, "precision": 0.9993140314084417, "prediction_time": 4337.85387371239, "recall": 0.9999999999999949, "size": 147708296644, "time": 57842.296353985825, "weighted_avg": 5.735948293978653, "x2": 1219}, "classifier": {"accuracy": 0.9999999999904547, "auc": 0.9998821930049447, "avg_time": 43733.52305673136, "benchmark": 12.707928741751378, "distinct": 1085, "entropy": 7.67165068344078, "errors": 846, "exp_cost": 587318707280, "f1-score": 1.0, "falsepos": 5.2643778225558435e-11, "fullscore": 1.0, "index": 66112.02291521788, "ko": 459608907483, "loss": 2.0895378760599215e-09, "n_docs": 132874041064967, "non_null": 1.887379141862766e-14, "precision": 0.999999987535904, "prediction_time": 10320.119220139279, "recall": 0.9999999999999999, "size": 2470528835715, "time": 376.69164854939953, "weighted_avg": 9.059693338808957, "x2": 1033}, "reports": {"accuracy": 0.9999999999999272, "auc": 0.9999999999938857, "avg_time": 8595.024530074159, "benchmark": 8.168083541793367, "distinct": 1176, "entropy": 6.9127348754587725, "errors": 862, "exp_cost": 1107303373, "f1-score": 1.0, "falsepos": 0.0, "fullscore": 0.9995837390780105, "index": 3764.5744497465835, "ko": 1.0, "loss": 0.0, "meanscore": 0.9999999999229698, "n_docs": 1433774017972, "non_null": 2.220446049250313e-16, "precision": 1.0, "prediction_time": 11110.789268921131, "recall": 0.999999999998348, "size": 35077273314455, "time": 4316.968331587917, "weighted_avg": 8.396962693188797, "x2": 0.0}, "train": {"accuracy": 1.0, "auc": 0.9999999999977826, "avg_time": 149.3685649364235, "benchmark": 5.805968073257369, "distinct": 907, "entropy": 6.702962772933149, "errors": 934, "exp_cost": 37775346467, "falsepos": 0.0, "fullscore": 1.0, "index": 2284.15065325696, "ko": 3.069766663088558e-12, "loss": 0.0, "meanscore": 0.999999999999999, "n_docs": 157307344234667, "non_null": 1.887379141862766e-15, "precision": 0.9999999965566543, "prediction_time": 5198.057879299872, "recall": 1.0, "size": 32244750459, "time": 417.8359101990829, "weighted_avg": 7.448719077330532, "x2": 811}, "train_full": {"accuracy": 1.0, "auc": 0.9999999999976206, "avg_time": 1407.461696864742, "benchmark": 7.532063279554259, "distinct": 775, "entropy": 10.266697991824294, "errors": 626, "exp_cost": 21380284170902, "f1-score": 1.0, "falsepos": 2.3092638912203256e-14, "fullscore": 0.9999999999999998, "index": 10473.340569894537, "ko": 22998.181545146716, "loss": 0.0, "meanscore": 1.0, "n_docs": 10537338443619, "non_null": 0.0, "precision": 0.9999999999994339, "prediction_time": 9622.526772104959, "recall": 0.9999999999076908, "size": 6018501119, "time": 3712.137242540417, "weighted_avg": 8.170890952052634, "x2": 8.9610723052319}}