{"branch": {"accuracy": 0.9999619052734486, "auc": 0.9964469189338911, "avg_time": 59.77443871332317, "benchmark": 1.5554390973781904, "distinct": 340, "entropy": 3.827573785090506, "errors": -58, "exp_cost": 1358766, "f1-score": 0.998210719895277, "falsepos": 0.014116045004034738, "fullscore": 0.999543374158643, "index": 3.2197040524097518, "ko": 2.3418209100668403, "loss": 0.0002637674449759153, "meanscore": 0.9426544243089523, "n_docs": 135222, "non_null": 0.0043998325229048785, "precision": 0.9858352851975998, "prediction_time": 2.801251345517225, "recall": 0.9999998409101202, "size": 25117, "time": 6.205740893896033, "weighted_avg": 1.3100304721688951, "x2": 0.9741525268280349}, "brand": {"auc": 0.9999999000507611, "avg_time": 29.575981152123983, "benchmark": 2.301310552395378, "distinct": 304, "entropy": 0.1225155497923249, "errors": 326, "exp_cost": 85538, "f1-score": 0.9999992803968977, "falsepos": 0.0005211951963629557, "fullscore": 0.9920637444213696, "index": 0.7750484913668126, "ko": 325988, "loss": 0.14597156269336697, "meanscore": 0.9996494675258, "n_docs": 131278, "non_null": 0.01705995057637677, "precision": 0.15292603375266317, "prediction_time": 22.832792897806286, "recall": 0.9580559464488754, "size": 98389, "time": 13.27519826473796, "weighted_avg": 1.0894346958380439, "x2": 428}, "classifier": {"accuracy": 0.6292937011279327, "auc": 0.4571772290472803, "avg_time": 38.20511727476749, "benchmark": 4.160804095182565, "distinct": 378, "entropy": 2.303907520373371, "errors": 387, "exp_cost": 1787931, "f1-score": 0.9995486512397482, "falsepos": 0.0497875081953969, "fullscore": 0.9988630993308565, "index": 181.3744303721225, "ko": 762224, "loss": 0.17594953038754246, "n_docs": 2867351, "non_null": 0.05821432300070972, "precision": 0.4267825536602318, "prediction_time": 11.858177423472736, "recall": 0.9868018920919499, "size": 10392, "time": 1.0877867899162128, "weighted_avg": 3.4203238336679602, "x2": 328}, "reports": {"accuracy": 0.9769785719759906, "auc": 0.9450133506052302, "avg_time": 6.510131905837595, "benchmark": 2.2928598262660196, "distinct": 446, "entropy": 1.3825803898363178, "errors": 202, "exp_cost": 3553, "f1-score": 0.9999986777765106, "falsepos": 3.039050416431266e-06, "fullscore": 0.3523062412132977, "index": 3.912956662499204, "ko": 0.9836122789247232, "loss": 0.043932110784790646, "meanscore": 0.9879199031871715, "n_docs": 767365, "non_null": 0.026079528329388868, "precision": 0.9994068239580913, "prediction_time": 13.507686224900675, "recall": 0.7539285909971138, "size": 834859, "time": 3.235622089461139, "weighted_avg": 2.1601890609173924, "x2": 0.0032505733259303726}, "train": {"accuracy": 0.9715675818807342, "auc": 0.9017424619766037, "avg_time": 3.306311405091335, "benchmark": -0.07055942909747713, "distinct": 182, "entropy": 1.6099217961409504, "errors": 287, "exp_cost": 111677, "falsepos": 0.000157564669913568, "fullscore": 0.9999458648924672, "index": 12.899415845785324, "ko": 0.02346844635671219, "loss": 4.449765441094655e-05, "meanscore": 0.8938844341986323, "n_docs": 17192690, "non_null": 0.5778496236366115, "precision": 0.5449209855664364, "prediction_time": 1.8770078419417728, "recall": 0.9999142796972493, "size": 64956, "time": 0.44428113035081185, "weighted_avg": 2.046565458039297, "x2": 121}, "train_full": {"accuracy": 0.9935567285359359, "auc": 0.7973650213174864, "avg_time": 2.8247745507694333, "benchmark": 2.461273338039526, "distinct": 134, "entropy": 2.9165009635275796, "errors": 127, "exp_cost": 4271627, "f1-score": 0.9991884620120449, "falsepos": 0.18695915519113349, "fullscore": 0.9232333288179457, "index": 7.401052549784732, "ko": 21.155559028058512, "loss": 1.3600216985931723e-06, "meanscore": 0.845998210530915, "n_docs": 1333933, "non_null": 6.309270857851601e-05, "precision": 0.9766321316249456, "prediction_time": 22.75257294127223, "recall": 0.9775355190413997, "size": 3285, "time": 4.972304900520258, "weighted_avg": 3.1267215119761964, "x2": 3.2015210220783223}}