{"branch": {"accuracy": 1.0, "auc": 0.9999999996645756, "avg_time": 5891.45721587655, "benchmark": 4.67219483055808, "distinct": 740, "entropy": 8.087221162615842, "errors": 349, "exp_cost": 4830422595, "f1-score": 0.9999999999912339, "falsepos": 6.951106357178105e-13, "fullscore": 0.9999999999999307, "index": 141.2099069318979, "ko": 4.667777072621332, "loss": 3.496924971813087e-11, "meanscore": 0.9999806021813746, "n_docs": 7470566093, "non_null": 9.845562831678478e-08, "precision": 0.9999991954465971, "prediction_time": 35.307003671563905, "recall": 1.0, "size": 1400048284, "time": 91.1186719212066, "weighted_avg": 5.776854400409156, "x2": 0.9999999794845306}, "brand": {"auc": 1.0, "avg_time": 1038.7114496637107, "benchmark": 6.994801420787214, "distinct": 570, "entropy": 3.037501669952582, "errors": 739, "exp_cost": 14032487, "f1-score": 1.0, "falsepos": 5.536837655029103e-11, "fullscore": 0.9999999997760636, "index": 18.865375229847352, "ko": 1839216172, "loss": 4.06471115876883e-07, "meanscore": 0.999999999960941, "n_docs": 37058810, "non_null": 2.5613067222707286e-11, "precision": 0.9141795872322567, "prediction_time": 428.3397100585815, "recall": 0.9999999217218138, "size": 654012609, "time": 1757.3228083630638, "weighted_avg": 3.696740165179689, "x2": 900}, "classifier": {"accuracy": 0.9999548179329887, "auc": 0.9746508409289749, "avg_time": 3048.131543330645, "benchmark": 9.295994586625676, "distinct": 778, "entropy": 5.280217904640863, "errors": 670, "exp_cost": 3422838856, "f1-score": 0.9999999999997292, "falsepos": 4.14183580488281e-06, "fullscore": 0.9999999999999994, "index": 4559.8431158929725, "ko": 723177896, "loss": 7.467816832418261e-05, "n_docs": 180155544005, "non_null": 2.3046263986081783e-07, "precision": 0.9996523395836243, "prediction_time": 784.3905805883209, "recall": 0.9999999911219328, "size": 708542828, "time": 38.59867298504939, "weighted_avg": 6.7713075614655835, "x2": 728}, "reports": {"accuracy": 0.9999998943544868, "auc": 0.9999989971182366, "avg_time": 459.44253227306996, "benchmark": 5.449562064350044, "distinct": 897, "entropy": 4.573732248061891, "errors": 599, "exp_cost": 5395148, "f1-score": 1.0, "falsepos": 0.0, "fullscore": 0.965553771718663, "index": 289.59802429968397, "ko": 0.9999999995955432, "loss": 2.8523183814854747e-11, "meanscore": 0.9999978038981183, "n_docs": 2297586518, "non_null": 2.445664071260012e-08, "precision": 0.9999999999969726, "prediction_time": 814.6793113595413, "recall": 0.9999955380447195, "size": 20313342390, "time": 202.9603208730992, "weighted_avg": 6.002777879574915, "x2": 7.669531676413044e-11}, "train": {"accuracy": 0.9999999996091952, "auc": 0.9999986927632954, "avg_time": 30.451665518327502, "benchmark": 3.5407076425726656, "distinct": 606, "entropy": 4.665486359828155, "errors": 660, "exp_cost": 157495937, "falsepos": 9.947598300641403e-14, "fullscore": 0.9999999999999825, "index": 235.852677172618, "ko": 4.2825900103959924e-07, "loss": 2.220446049250313e-16, "meanscore": 0.9999998178856333, "n_docs": 143430003682, "non_null": 1.4653222558669299e-06, "precision": 0.9997680601255504, "prediction_time": 222.8033953608047, "recall": 0.999999999999978, "size": 136410006, "time": 23.981057896053223, "weighted_avg": 5.348103430194184, "x2": 513}, "train_full": {"accuracy": 0.9999999999838581, "auc": 0.9999928758421289, "avg_time": 120.444401530379, "benchmark": 5.363154962440882, "distinct": 527, "entropy": 7.2938020208025565, "errors": 414, "exp_cost": 42717022478, "f1-score": 0.9999999999998994, "falsepos": 3.397874068777895e-07, "fullscore": 0.9999999844918234, "index": 669.9405831513637, "ko": 1307.8747263229639, "loss": 0.0, "meanscore": 0.9999999948162634, "n_docs": 21132226803, "non_null": 1.2434497875801753e-14, "precision": 0.9999996849270332, "prediction_time": 700.6748795159181, "recall": 0.9999983081293626, "size": 12832554, "time": 305.7849343674525, "weighted_avg": 6.272955730935165, "x2": 6.36263083626981}}