{"branch": {"accuracy": 0.9999879847942071, "auc": 0.9977484888258416, "avg_time": 69.78415907657276, "benchmark": 1.7283293725018047, "distinct": 330, "entropy": 3.885299754768648, "errors": -37, "exp_cost": 2404382, "f1-score": 0.9988153481519837, "falsepos": 0.0074691398661468344, "fullscore": 0.9998158608442704, "index": 3.455784686544828, "ko": 2.2988675724527843, "loss": 0.00018980043438876493, "meanscore": 0.9479890109645408, "n_docs": 256465, "non_null": 0.005287388796174519, "precision": 0.9825540994597278, "prediction_time": 3.1776839079032055, "recall": 0.999999875858419, "size": 40793, "time": 7.2645323997949225, "weighted_avg": 1.4614049180427842, "x2": 0.9740586099029609}, "brand": {"auc": 0.9999998995637454, "avg_time": 32.03740676385448, "benchmark": 2.3698778829305156, "distinct": 306, "entropy": 0.2946823009387899, "errors": 359, "exp_cost": 75115, "f1-score": 0.9999992731350551, "falsepos": 0.0006271442782821435, "fullscore": 0.9957324619338277, "index": 0.8453962414364222, "ko": 396802, "loss": 0.1154197470395334, "meanscore": 0.999797029261849, "n_docs": 131737, "non_null": 0.012659079481091684, "precision": 0.1683114168820063, "prediction_time": 24.939704783483858, "recall": 0.9595251130975557, "size": 141005, "time": 16.27833169454383, "weighted_avg": 1.2078874000242825, "x2": 446}, "classifier": {"accuracy": 0.638590008863516, "auc": 0.4128962408142389, "avg_time": 51.61887777184363, "benchmark": 4.524411417092996, "distinct": 374, "entropy": 2.4406540789316478, "errors": 376, "exp_cost": 2740273, "f1-score": 0.9997710358899284, "falsepos": 0.025341793755834008, "fullscore": 0.999561963102552, "index": 235.67704769505985, "ko": 956376, "loss": 0.1291877278348259, "n_docs": 4681490, "non_null": 0.047845574274932634, "precision": 0.5411911125404408, "prediction_time": 16.81564156324538, "recall": 0.9932482270082744, "size": 13663, "time": 1.1509964888263873, "weighted_avg": 3.6077124333569204, "x2": 349}, "reports": {"accuracy": 0.9745235045260813, "auc": 0.9562367665072731, "avg_time": 7.058037904111097, "benchmark": 2.443964299671111, "distinct": 451, "entropy": 1.587133207481771, "errors": 219, "exp_cost": 3301, "f1-score": 0.9999993012948747, "falsepos": 1.3978043174045496e-06, "fullscore": 0.41526411196314433, "index": 4.537595037524067, "ko": 0.9880442615367739, "loss": 0.02886408670223317, "meanscore": 0.987776947315024, "n_docs": 809564, "non_null": 0.020867970940420033, "precision": 0.9995218971862355, "prediction_time": 14.735348617753106, "recall": 0.8043965389391812, "size": 932454, "time": 3.593533625072439, "weighted_avg": 2.0863143687285444, "x2": 0.003332669294111912}, "train": {"accuracy": 0.9718912205480675, "auc": 0.9190934820132818, "avg_time": 3.601471539176968, "benchmark": 0.11775305239751445, "distinct": 193, "entropy": 1.728247810321533, "errors": 307, "exp_cost": 231152, "falsepos": 5.752068721120995e-05, "fullscore": 0.9999807132143629, "index": 12.139059643844588, "ko": 0.01619553968782217, "loss": 4.5716730668776684e-05, "meanscore": 0.9166344113866955, "n_docs": 20655144, "non_null": 0.45095580179013184, "precision": 0.5359862069721462, "prediction_time": 2.4114513129696173, "recall": 0.9999222023180576, "size": 76180, "time": 0.45175427017262537, "weighted_avg": 2.1636900914251074, "x2": 135}, "train_full": {"accuracy": 0.9964078625811706, "auc": 0.8571855120105053, "avg_time": 3.0447081382837133, "benchmark": 2.6738895601046475, "distinct": 143, "entropy": 3.07060901290836, "errors": 144, "exp_cost": 3696253, "f1-score": 0.9996893406604526, "falsepos": 0.15639144905863778, "fullscore": 0.9362079217911401, "index": 7.488422559912862, "ko": 20.80084307173812, "loss": 1.3272425738453109e-06, "meanscore": 0.8735794488182749, "n_docs": 1328368, "non_null": 3.532242127612939e-05, "precision": 0.976051907854695, "prediction_time": 24.88791971343819, "recall": 0.9803545679510488, "size": 5631, "time": 6.810920955577861, "weighted_avg": 3.3233131951641846, "x2": 3.230472415470364}}