{"branch": {"accuracy": 0.9999999999938312, "auc": 0.9999984658140353, "avg_time": 726.1991382169452, "benchmark": 3.410837756088428, "distinct": 553, "entropy": 6.162658934541265, "errors": 167, "exp_cost": 181785012, "f1-score": 0.9999998530298728, "falsepos": 2.1274516881497618e-07, "fullscore": 0.9999999952979906, "index": 26.50880676927379, "ko": 3.6579750331947363, "loss": 8.030371456690943e-08, "meanscore": 0.9991965091647428, "n_docs": 49266746, "non_null": 2.762057248928418e-05, "precision": 0.9998540813042303, "prediction_time": 11.766819197944962, "recall": 0.9999999999999987, "size": 8946665, "time": 31.284230310323874, "weighted_avg": 3.61306440623708, "x2": 0.9999189404496546}, "brand": {"auc": 0.9999999999991861, "avg_time": 227.24308567532174, "benchmark": 4.775088333886571, "distinct": 443, "entropy": 1.787933450763459, "errors": 574, "exp_cost": 1086488, "f1-score": 0.9999999999996979, "falsepos": 9.399839240309404e-08, "fullscore": 0.9999981457786062, "index": 4.387015867926789, "ko": 49483279, "loss": 0.0005842140891521019, "meanscore": 0.9999999384363956, "n_docs": 2553381, "non_null": 3.816447454174643e-06, "precision": 0.5993816446776513, "prediction_time": 136.16662110126407, "recall": 0.999807338046711, "size": 10837777, "time": 221.78218528548487, "weighted_avg": 2.6725852745542893, "x2": 702}, "classifier": {"accuracy": 0.9924354475529866, "auc": 0.877771320649952, "avg_time": 431.20610451206505, "benchmark": 7.0390100652378225, "distinct": 599, "entropy": 4.001296061210448, "errors": 522, "exp_cost": 92165241, "f1-score": 0.9999999872436466, "falsepos": 0.00069118715179739, "fullscore": 0.999999998634409, "index": 1235.3065105147712, "ko": 68207508, "loss": 0.0029646167360869446, "n_docs": 797866321, "non_null": 0.00016150777969625718, "precision": 0.9467167702921568, "prediction_time": 127.63259101338677, "recall": 0.99998676479289, "size": 4500687, "time": 8.176260455905012, "weighted_avg": 5.449224533866903, "x2": 573}, "reports": {"accuracy": 0.9999424319072042, "auc": 0.9997091504048501, "avg_time": 72.59869292603999, "benchmark": 4.027132022326025, "distinct": 675, "entropy": 3.4059166604367705, "errors": 417, "exp_cost": 287183, "f1-score": 0.9999999999978282, "falsepos": 4.947153797729698e-13, "fullscore": 0.813334051202085, "index": 33.44806067016233, "ko": 0.9999934542300388, "loss": 6.701420276700176e-06, "meanscore": 0.9998661529811108, "n_docs": 81786679, "non_null": 3.127845226458259e-05, "precision": 0.9999999735673706, "prediction_time": 127.85251897252344, "recall": 0.9977968142417006, "size": 287498986, "time": 38.495130423037125, "weighted_avg": 4.1886499038658735, "x2": 5.995690480764537e-07}, "train": {"accuracy": 0.9999787719509541, "auc": 0.9990432896477023, "avg_time": 10.087598244254057, "benchmark": 1.9522567947454554, "distinct": 418, "entropy": 3.3072138748865494, "errors": 506, "exp_cost": 9626471, "falsepos": 5.925227197778327e-09, "fullscore": 0.999999999628594, "index": 69.58385088409331, "ko": 0.0001184040632136174, "loss": 2.8839597376872916e-10, "meanscore": 0.9995724103980421, "n_docs": 2797038662, "non_null": 0.006977016629151733, "precision": 0.9666300079179022, "prediction_time": 25.40337629613004, "recall": 0.9999999985925183, "size": 4315069, "time": 4.2183482986559575, "weighted_avg": 3.831796759561686, "x2": 365}, "train_full": {"accuracy": 0.999998156235347, "auc": 0.997399454062019, "avg_time": 21.5804480730224, "benchmark": 4.348460822685871, "distinct": 354, "entropy": 5.297729587885867, "errors": 291, "exp_cost": 669094466, "f1-score": 0.9999999580014154, "falsepos": 0.001230419302477026, "fullscore": 0.9999080128225413, "index": 69.2727066547277, "ko": 199.345803897622, "loss": 1.3896661599233084e-12, "meanscore": 0.9999190336869314, "n_docs": 282812554, "non_null": 1.6244718903379862e-09, "precision": 0.9998270383123453, "prediction_time": 188.65106213281587, "recall": 0.999728838850588, "size": 456323, "time": 47.12047523886615, "weighted_avg": 4.788119394250881, "x2": 5.114442133564414}}