{"branch": {"accuracy": 1.0, "auc": 0.9999999978830905, "avg_time": 3900.955417452365, "benchmark": 4.374604275414656, "distinct": 687, "entropy": 7.623817665075078, "errors": 291, "exp_cost": 1986382995, "f1-score": 0.9999999999137237, "falsepos": 1.623334799916165e-11, "fullscore": 0.9999999999992016, "index": 103.32233604282345, "ko": 4.619005496854043, "loss": 1.6916723577509174e-10, "meanscore": 0.999959394901613, "n_docs": 2441641899, "non_null": 2.003161339025894e-07, "precision": 0.9999981847071739, "prediction_time": 29.861479224429715, "recall": 1.0, "size": 485193843, "time": 73.11677693078522, "weighted_avg": 5.323404839143619, "x2": 0.9999998528871192}, "brand": {"auc": 0.9999999999999999, "avg_time": 772.2206558961286, "benchmark": 6.514789827947148, "distinct": 534, "entropy": 2.756113483850226, "errors": 700, "exp_cost": 6898763, "f1-score": 1.0, "falsepos": 9.83345627147969e-11, "fullscore": 0.9999999980206717, "index": 14.239455021333296, "ko": 853681773, "loss": 1.7377095000714604e-06, "meanscore": 0.9999999998144817, "n_docs": 25199568, "non_null": 2.9987812233400746e-10, "precision": 0.8700523755308265, "prediction_time": 326.324340351711, "recall": 0.9999994747906411, "size": 208719156, "time": 1025.250539497862, "weighted_avg": 3.3620767094477797, "x2": 867}, "classifier": {"accuracy": 0.9998917249863173, "auc": 0.9739350926999484, "avg_time": 1842.4856743437147, "benchmark": 8.867869699755335, "distinct": 740, "entropy": 4.979317660194904, "errors": 634, "exp_cost": 2146198828, "f1-score": 0.999999999993676, "falsepos": 2.3357100114473894e-05, "fullscore": 0.9999999999999815, "index": 3311.262090643741, "ko": 756534832, "loss": 0.00016229351591146024, "n_docs": 48259558679, "non_null": 1.4849544225370437e-06, "precision": 0.9975462971011643, "prediction_time": 499.6838454633034, "recall": 0.9999999626346436, "size": 197460958, "time": 24.31079442932523, "weighted_avg": 6.444271690015393, "x2": 701}, "reports": {"accuracy": 0.9999997675383022, "auc": 0.999995835142314, "avg_time": 277.9682190120227, "benchmark": 5.270448759582602, "distinct": 858, "entropy": 4.327170115991154, "errors": 565, "exp_cost": 3973192, "f1-score": 0.9999999999999999, "falsepos": 0.0, "fullscore": 0.9499428423638668, "index": 169.14540977575035, "ko": 0.9999999952411486, "loss": 6.290329368496828e-10, "meanscore": 0.9999930833382584, "n_docs": 1190471257, "non_null": 1.0057962640530604e-07, "precision": 0.9999999999714506, "prediction_time": 544.4619426694467, "recall": 0.9999835172514183, "size": 6565895075, "time": 157.56036184843921, "weighted_avg": 5.7758562995575975, "x2": 8.592685452057935e-10}, "train": {"accuracy": 0.9999999932312647, "auc": 0.9999886561550193, "avg_time": 21.189872414938982, "benchmark": 3.1320288168866743, "distinct": 565, "entropy": 4.395667974235445, "errors": 631, "exp_cost": 92116581, "falsepos": 1.4936940573306856e-12, "fullscore": 0.9999999999999222, "index": 176.7943491949179, "ko": 1.5934500798842066e-06, "loss": 4.3298697960381105e-15, "meanscore": 0.9999995526368483, "n_docs": 79696829807, "non_null": 2.0560850382711493e-05, "precision": 0.9990578792503908, "prediction_time": 130.1273607611491, "recall": 0.9999999999992961, "size": 70513282, "time": 19.28024460398051, "weighted_avg": 5.006171075623333, "x2": 492}, "train_full": {"accuracy": 0.999999999590855, "auc": 0.9999790473288537, "avg_time": 79.34173593335723, "benchmark": 5.072686730697926, "distinct": 468, "entropy": 6.963161800786726, "errors": 391, "exp_cost": 22586686412, "f1-score": 0.9999999999991652, "falsepos": 3.1971456972978984e-06, "fullscore": 0.9999996600707834, "index": 418.2968450091146, "ko": 807.5348180914922, "loss": 0.0, "meanscore": 0.9999999728893543, "n_docs": 7085055361, "non_null": 1.8629542353210127e-13, "precision": 0.9999984548154641, "prediction_time": 537.285797898042, "recall": 0.9999925675175394, "size": 6682311, "time": 198.20632756242105, "weighted_avg": 5.918313267237401, "x2": 6.16289157943673}}