{"branch": {"accuracy": 0.9999999999994116, "auc": 0.9999996114720437, "avg_time": 898.3000451762176, "benchmark": 3.5596729965894167, "distinct": 556, "entropy": 6.35658556883693, "errors": 177, "exp_cost": 181002904, "f1-score": 0.9999999677159356, "falsepos": 5.575949402203406e-08, "fullscore": 0.9999999980050878, "index": 33.577119038017514, "ko": 3.813349253962596, "loss": 4.068848546978643e-08, "meanscore": 0.9995163551730266, "n_docs": 88222466, "non_null": 1.0654805155607683e-05, "precision": 0.9999588322726451, "prediction_time": 15.032160086393262, "recall": 0.9999999999999999, "size": 15350357, "time": 30.795351639224847, "weighted_avg": 3.880759504651047, "x2": 0.9999799919615245}, "brand": {"auc": 0.9999999999998803, "avg_time": 285.7677161811126, "benchmark": 5.200870122712785, "distinct": 473, "entropy": 1.9507532036107118, "errors": 584, "exp_cost": 2068680, "f1-score": 0.9999999999998845, "falsepos": 8.807509477293252e-08, "fullscore": 0.9999996116227872, "index": 5.093000820204241, "ko": 74256151, "loss": 0.000305556078786795, "meanscore": 0.9999999659722859, "n_docs": 3371867, "non_null": 1.9744722130621284e-06, "precision": 0.6591584998082056, "prediction_time": 168.00308299701527, "recall": 0.9999187120204589, "size": 23937445, "time": 274.31280833895926, "weighted_avg": 2.804530759605931, "x2": 706}, "classifier": {"accuracy": 0.9970070083732232, "auc": 0.892816199296796, "avg_time": 523.8574258424777, "benchmark": 7.396895288837139, "distinct": 625, "entropy": 4.1928526220737705, "errors": 547, "exp_cost": 189483670, "f1-score": 0.9999999943224396, "falsepos": 0.00019612293019599658, "fullscore": 0.9999999997822702, "index": 1709.495316177573, "ko": 92428322, "loss": 0.0025217455430572855, "n_docs": 1751026282, "non_null": 9.419641850261229e-05, "precision": 0.9710520789684216, "prediction_time": 154.7742108575404, "recall": 0.9999964224699343, "size": 10251452, "time": 8.455402837536777, "weighted_avg": 5.3420109690796975, "x2": 605}, "reports": {"accuracy": 0.9999553427669432, "auc": 0.9996375684469417, "avg_time": 85.01222074246958, "benchmark": 4.467764240418496, "distinct": 709, "entropy": 3.5316627474712963, "errors": 432, "exp_cost": 273610, "f1-score": 0.999999999999422, "falsepos": 1.5842882561400984e-13, "fullscore": 0.8470986161714755, "index": 37.57029184452916, "ko": 0.999997385968235, "loss": 1.37058385385469e-06, "meanscore": 0.999882708030329, "n_docs": 102900634, "non_null": 1.5174728703715168e-05, "precision": 0.9999999934896917, "prediction_time": 164.5944386724187, "recall": 0.9981975159782187, "size": 423670994, "time": 40.67718630611593, "weighted_avg": 4.472493086503283, "x2": 6.784752848432163e-07}, "train": {"accuracy": 0.9999951189482317, "auc": 0.9997144208535079, "avg_time": 11.465429296632118, "benchmark": 2.0291532446011527, "distinct": 441, "entropy": 3.4326984981837514, "errors": 508, "exp_cost": 14487579, "falsepos": 1.9982961951825473e-09, "fullscore": 0.9999999996220031, "index": 82.56159079582825, "ko": 6.939250308268807e-05, "loss": 5.7965299227191736e-11, "meanscore": 0.9998814650291333, "n_docs": 4830279253, "non_null": 0.0042508400607838, "precision": 0.9834590690925649, "prediction_time": 35.75187777347164, "recall": 0.9999999994826405, "size": 7015942, "time": 4.017026383278745, "weighted_avg": 3.968191149809396, "x2": 379}, "train_full": {"accuracy": 0.9999994468395873, "auc": 0.9989495418760487, "avg_time": 24.105843943878597, "benchmark": 4.449716024433084, "distinct": 367, "entropy": 5.429156165426916, "errors": 316, "exp_cost": 888228545, "f1-score": 0.9999999943615139, "falsepos": 0.0007192703726318639, "fullscore": 0.99997881156892, "index": 97.3685017783945, "ko": 272.63088406068306, "loss": 1.1404210908949608e-12, "meanscore": 0.9999664175725222, "n_docs": 354862976, "non_null": 5.401115110714727e-10, "precision": 0.999898011400934, "prediction_time": 220.03597311705622, "recall": 0.9999155074308426, "size": 613743, "time": 62.139918671255636, "weighted_avg": 4.925855469011432, "x2": 5.189805727644963}}