{"branch": {"accuracy": 1.0, "auc": 0.9999999998317879, "avg_time": 6426.83327494791, "benchmark": 4.7653150716823, "distinct": 740, "entropy": 8.156812735084317, "errors": 363, "exp_cost": 7334658625, "f1-score": 0.9999999999951134, "falsepos": 3.665956427312267e-13, "fullscore": 0.9999999999999603, "index": 147.37941769858014, "ko": 4.829488396115923, "loss": 1.989097775378923e-11, "meanscore": 0.9999851236136443, "n_docs": 8251557654, "non_null": 4.611967774348358e-08, "precision": 0.9999990344383012, "prediction_time": 40.39332540953215, "recall": 1.0, "size": 1653848599, "time": 98.84955447336375, "weighted_avg": 5.823044063100346, "x2": 0.9999999643815378}, "brand": {"auc": 1.0, "avg_time": 1075.871374959096, "benchmark": 6.941441197698626, "distinct": 569, "entropy": 3.1150598840703614, "errors": 736, "exp_cost": 13162788, "f1-score": 1.0, "falsepos": 1.7100654225998824e-11, "fullscore": 0.9999999998258973, "index": 19.91594998391584, "ko": 2075597802, "loss": 2.595197110544234e-07, "meanscore": 0.9999999999657623, "n_docs": 46976537, "non_null": 1.0186962384750586e-11, "precision": 0.9167495966321055, "prediction_time": 430.45259184710727, "recall": 0.999999962680783, "size": 624072421, "time": 1811.3676298794571, "weighted_avg": 3.6810616942905074, "x2": 904}, "classifier": {"accuracy": 0.9999727176809806, "auc": 0.9791256242705889, "avg_time": 3354.1732405336693, "benchmark": 9.334113631746643, "distinct": 797, "entropy": 5.356405052059078, "errors": 666, "exp_cost": 4222936883, "f1-score": 0.9999999999998557, "falsepos": 2.689470452454934e-06, "fullscore": 0.9999999999999999, "index": 5267.035212462135, "ko": 1231123630, "loss": 6.018993255341165e-05, "n_docs": 179017606522, "non_null": 1.6570133243298812e-07, "precision": 0.9997252128585921, "prediction_time": 764.3906662555846, "recall": 0.9999999966416456, "size": 959590518, "time": 40.39158827890172, "weighted_avg": 7.010716062871785, "x2": 741}, "reports": {"accuracy": 0.9999999441985146, "auc": 0.9999993693634104, "avg_time": 506.45689501580614, "benchmark": 5.602379338296498, "distinct": 900, "entropy": 4.586542815907341, "errors": 605, "exp_cost": 7010225, "f1-score": 1.0, "falsepos": 0.0, "fullscore": 0.9640223949055073, "index": 306.5050162018516, "ko": 0.9999999997721492, "loss": 1.0957901253050295e-11, "meanscore": 0.999998546931659, "n_docs": 3025215859, "non_null": 1.4795521363630826e-08, "precision": 0.999999999999031, "prediction_time": 897.6678088201526, "recall": 0.99999668017238, "size": 26539489176, "time": 198.53329750480214, "weighted_avg": 5.93421163758718, "x2": 3.9762748649252444e-11}, "train": {"accuracy": 0.9999999994503196, "auc": 0.9999992038776061, "avg_time": 31.32348237548537, "benchmark": 3.6318695115999513, "distinct": 610, "entropy": 4.712660260656694, "errors": 676, "exp_cost": 169489842, "falsepos": 8.01581023779363e-14, "fullscore": 0.9999999999999946, "index": 277.85055649760784, "ko": 4.849949759577754e-07, "loss": 1.1102230246251565e-16, "meanscore": 0.9999999282009201, "n_docs": 149115898729, "non_null": 9.351348354558198e-07, "precision": 0.9998470933530874, "prediction_time": 230.5515440695369, "recall": 0.9999999999999948, "size": 147444294, "time": 29.840258475354638, "weighted_avg": 5.327467087245964, "x2": 522}, "train_full": {"accuracy": 0.999999999981158, "auc": 0.9999920114463345, "avg_time": 130.53463724600144, "benchmark": 5.403638234501687, "distinct": 528, "entropy": 7.374961990121095, "errors": 425, "exp_cost": 57606769857, "f1-score": 0.9999999999999686, "falsepos": 2.997866657139525e-07, "fullscore": 0.9999999883045866, "index": 642.9362678924149, "ko": 1462.2180032196745, "loss": 0.0, "meanscore": 0.9999999970916554, "n_docs": 23489223709, "non_null": 5.88418203051333e-15, "precision": 0.9999998099903362, "prediction_time": 725.3979415371613, "recall": 0.9999985157925562, "size": 16450706, "time": 358.2727123728733, "weighted_avg": 6.2753443304441765, "x2": 6.388339719085867}}