{"branch": {"accuracy": 0.9999999999999999, "auc": 0.9999999913092095, "avg_time": 2902.4849348159837, "benchmark": 4.211286201155791, "distinct": 662, "entropy": 7.418083218187596, "errors": 269, "exp_cost": 1714919888, "f1-score": 0.9999999997884685, "falsepos": 8.169698251236923e-11, "fullscore": 0.9999999999966449, "index": 85.5484953356596, "ko": 4.364717258816848, "loss": 2.364912710106637e-10, "meanscore": 0.99993669010722, "n_docs": 1448691958, "non_null": 4.1040272158454627e-07, "precision": 0.9999943330585294, "prediction_time": 28.33271027088765, "recall": 1.0, "size": 252249020, "time": 68.11501880238647, "weighted_avg": 5.06620807832086, "x2": 0.9999992387348129}, "brand": {"auc": 0.9999999999999997, "avg_time": 632.8327152469722, "benchmark": 6.1850789645303905, "distinct": 519, "entropy": 2.6478494017304155, "errors": 679, "exp_cost": 4258756, "f1-score": 1.0, "falsepos": 3.642441903650706e-10, "fullscore": 0.9999999955465904, "index": 11.884502974459199, "ko": 599770155, "loss": 5.396824476755491e-06, "meanscore": 0.9999999992003147, "n_docs": 19096533, "non_null": 2.278638944197553e-09, "precision": 0.8230305002086946, "prediction_time": 285.6504948923904, "recall": 0.999998292643674, "size": 134545498, "time": 861.1746967613939, "weighted_avg": 3.36630119625985, "x2": 838}, "classifier": {"accuracy": 0.9997798976341604, "auc": 0.967814937889629, "avg_time": 1409.5487719352418, "benchmark": 8.5197625125101, "distinct": 721, "entropy": 4.828622509579932, "errors": 612, "exp_cost": 1271282523, "f1-score": 0.999999999986386, "falsepos": 4.3041218886541444e-05, "fullscore": 0.9999999999998801, "index": 2894.807454676356, "ko": 450096098, "loss": 0.00023986749329729662, "n_docs": 21465071347, "non_null": 2.7556699065955925e-06, "precision": 0.9953815425237439, "prediction_time": 388.28956729561344, "recall": 0.9999999116588967, "size": 97955992, "time": 19.831547789030285, "weighted_avg": 6.363251908642607, "x2": 690}, "reports": {"accuracy": 0.9999992641097755, "auc": 0.999990887333654, "avg_time": 256.93260345834784, "benchmark": 5.09802609278772, "distinct": 827, "entropy": 4.2071252851635155, "errors": 538, "exp_cost": 2465580, "f1-score": 0.9999999999999994, "falsepos": 0.0, "fullscore": 0.9398179317149936, "index": 127.0006109487983, "ko": 0.9999999821276746, "loss": 3.2516096482027024e-09, "meanscore": 0.9999914483963575, "n_docs": 854028477, "non_null": 2.3976784735424417e-07, "precision": 0.9999999998971987, "prediction_time": 451.8487105432262, "recall": 0.9999504260061989, "size": 3708050208, "time": 124.52133788886538, "weighted_avg": 5.482047322140972, "x2": 2.7932296475796647e-09}, "train": {"accuracy": 0.9999999527885852, "auc": 0.9999763577425428, "avg_time": 21.102940093793382, "benchmark": 2.926054499908245, "distinct": 539, "entropy": 4.201025126764397, "errors": 616, "exp_cost": 70257907, "falsepos": 5.647482481663246e-12, "fullscore": 0.9999999999996276, "index": 148.8890849368997, "ko": 2.9935337342301693e-06, "loss": 1.8984813721090177e-14, "meanscore": 0.9999986158300225, "n_docs": 40276454851, "non_null": 5.698254320207763e-05, "precision": 0.9979417473393305, "prediction_time": 100.27797592198, "recall": 0.9999999999969394, "size": 40571417, "time": 15.82991430119728, "weighted_avg": 4.792318186401719, "x2": 481}, "train_full": {"accuracy": 0.9999999973200073, "auc": 0.9999553036247354, "avg_time": 66.51697169406114, "benchmark": 5.081856735732091, "distinct": 450, "entropy": 6.662536318417914, "errors": 376, "exp_cost": 11554293289, "f1-score": 0.9999999999921769, "falsepos": 1.1142725912516305e-05, "fullscore": 0.9999993282703445, "index": 301.081794645412, "ko": 685.6425971914597, "loss": 2.220446049250313e-16, "meanscore": 0.9999999270691935, "n_docs": 4359617692, "non_null": 8.870681966755001e-13, "precision": 0.9999965393646735, "prediction_time": 475.9304585374372, "recall": 0.9999837828148828, "size": 4271905, "time": 163.76852534193844, "weighted_avg": 5.674553138233348, "x2": 6.027200972935603}}