{"branch": {"accuracy": 0.999999999999966, "auc": 0.9999998816988125, "avg_time": 1409.3614429662616, "benchmark": 3.8270149942487377, "distinct": 607, "entropy": 6.916089096901762, "errors": 227, "exp_cost": 525537784, "f1-score": 0.9999999964595538, "falsepos": 3.97120758499625e-09, "fullscore": 0.9999999997947544, "index": 51.00246182483156, "ko": 4.000859765141409, "loss": 5.654826495948839e-09, "meanscore": 0.9997931835574847, "n_docs": 250888319, "non_null": 2.704412150222879e-06, "precision": 0.9999768093814366, "prediction_time": 20.620363299923902, "recall": 1.0, "size": 48054814, "time": 40.325624865481686, "weighted_avg": 4.206635904055678, "x2": 0.9999931069947554}, "brand": {"auc": 0.9999999999999805, "avg_time": 395.8482954052097, "benchmark": 5.639330191775073, "distinct": 499, "entropy": 2.27715277802618, "errors": 620, "exp_cost": 2289255, "f1-score": 0.9999999999999956, "falsepos": 5.8986777684566505e-09, "fullscore": 0.9999999581914747, "index": 7.524003920942726, "ko": 168544471, "loss": 6.981706962838619e-05, "meanscore": 0.9999999885231472, "n_docs": 8909836, "non_null": 9.678855439343437e-08, "precision": 0.733448770165875, "prediction_time": 227.9602730178078, "recall": 0.9999852081660123, "size": 37944595, "time": 426.4493217116541, "weighted_avg": 2.9550954699074254, "x2": 756}, "classifier": {"accuracy": 0.9990005083945579, "auc": 0.937695528598401, "avg_time": 781.5961744883372, "benchmark": 7.842621652222829, "distinct": 664, "entropy": 4.53390458494184, "errors": 566, "exp_cost": 463546887, "f1-score": 0.9999999996435789, "falsepos": 0.00012576569192446208, "fullscore": 0.9999999999950474, "index": 2168.737494061951, "ko": 186303048, "loss": 0.001018849885850548, "n_docs": 4607957695, "non_null": 1.5814932522228986e-05, "precision": 0.9892896122826345, "prediction_time": 209.53768776347584, "recall": 0.9999988202111263, "size": 23763594, "time": 12.248077263449437, "weighted_avg": 5.888135358818259, "x2": 642}, "reports": {"accuracy": 0.9999938554215093, "auc": 0.9998987430889154, "avg_time": 157.81397972973522, "benchmark": 4.734330491399155, "distinct": 742, "entropy": 3.7251890311157614, "errors": 473, "exp_cost": 799621, "f1-score": 0.9999999999999845, "falsepos": 3.3306690738754696e-15, "fullscore": 0.8917253370289071, "index": 57.23104712467883, "ko": 0.9999996394931113, "loss": 1.6407754110936423e-07, "meanscore": 0.999968768498176, "n_docs": 223619570, "non_null": 2.3765251516705277e-06, "precision": 0.9999999986053504, "prediction_time": 232.42346296926894, "recall": 0.9995389299755446, "size": 1067722561, "time": 78.61330265133405, "weighted_avg": 4.820395035704177, "x2": 1.130941634785998e-07}, "train": {"accuracy": 0.9999990684177592, "auc": 0.999855409585215, "avg_time": 12.734941936232993, "benchmark": 2.519696765281755, "distinct": 480, "entropy": 3.7987757890275957, "errors": 562, "exp_cost": 26293630, "falsepos": 1.3862888614823987e-10, "fullscore": 0.9999999999898446, "index": 105.28674856880129, "ko": 1.3997445796665176e-05, "loss": 1.5606405057155825e-12, "meanscore": 0.999979060807112, "n_docs": 13510984285, "non_null": 0.0010087765487646339, "precision": 0.9916449486319143, "prediction_time": 55.58527905539397, "recall": 0.9999999999788868, "size": 12820625, "time": 7.796399256435865, "weighted_avg": 4.3040680290175555, "x2": 429}, "train_full": {"accuracy": 0.9999999296622913, "auc": 0.9996047758449662, "avg_time": 38.819088627669856, "benchmark": 4.759083051818139, "distinct": 393, "entropy": 5.883454566330801, "errors": 347, "exp_cost": 2100907272, "f1-score": 0.9999999995404683, "falsepos": 0.00012428085827098645, "fullscore": 0.9999886068484923, "index": 131.40123696140816, "ko": 356.1550078485957, "loss": 2.2093438190040615e-14, "meanscore": 0.9999977529033734, "n_docs": 1027292443, "non_null": 4.598210701090011e-11, "precision": 0.999980829126109, "prediction_time": 317.06276959287226, "recall": 0.999956809904694, "size": 1248073, "time": 83.35798280029864, "weighted_avg": 5.263339422925511, "x2": 5.5457360817440735}}