{"branch": {"accuracy": 1.0, "auc": 1.0, "avg_time": 67308.51888183969, "benchmark": 6.568478345312477, "distinct": 932, "entropy": 10.523571647600257, "errors": 552, "exp_cost": 538911908189, "f1-score": 1.0, "falsepos": 0.0, "fullscore": 1.0, "index": 1304.4666885449044, "ko": 6.203378056423914, "loss": 0.0, "meanscore": 0.9999999941057405, "n_docs": 3273590412676, "non_null": 2.4025226252888388e-12, "precision": 0.9999999999591607, "prediction_time": 182.96445794034707, "recall": 1.0, "size": 571179036910, "time": 452.36092596282515, "weighted_avg": 8.13319428310746, "x2": 0.9999999999996668}, "brand": {"auc": 1.0, "avg_time": 8895.092264266643, "benchmark": 9.54363476644221, "distinct": 733, "entropy": 4.882312906133334, "errors": 963, "exp_cost": 292239316, "f1-score": 1.0, "falsepos": 0.0, "fullscore": 1.0, "index": 103.79425022353324, "ko": 223718853356, "loss": 4.708455847435289e-13, "meanscore": 1.0, "n_docs": 1031927686, "non_null": 0.0, "precision": 0.998148967289909, "prediction_time": 2701.1671573456974, "recall": 0.9999999999998715, "size": 50377185848, "time": 30277.59051105684, "weighted_avg": 5.32142240535231, "x2": 1163}, "classifier": {"accuracy": 0.999999999875218, "auc": 0.9997237022005696, "avg_time": 23356.380189015174, "benchmark": 12.019221556415514, "distinct": 1028, "entropy": 7.193321992439321, "errors": 806, "exp_cost": 303229287413, "f1-score": 1.0, "falsepos": 5.628602028906471e-10, "fullscore": 1.0, "index": 37075.473403528486, "ko": 141532270316, "loss": 1.642431868287275e-08, "n_docs": 37096871163979, "non_null": 5.6754601018838e-13, "precision": 0.999999921003538, "prediction_time": 6695.651742140321, "recall": 0.9999999999999903, "size": 422074536418, "time": 269.8834592128052, "weighted_avg": 8.695903408059968, "x2": 981}, "reports": {"accuracy": 0.9999999999988798, "auc": 0.9999999999073081, "avg_time": 5199.230167329007, "benchmark": 7.722132741360545, "distinct": 1127, "entropy": 6.583256224149507, "errors": 805, "exp_cost": 492062787, "f1-score": 1.0, "falsepos": 0.0, "fullscore": 0.9988921637224204, "index": 1972.2037538178695, "ko": 0.9999999999999999, "loss": 0.0, "meanscore": 0.9999999989288354, "n_docs": 410576971072, "non_null": 2.2537527399890678e-14, "precision": 1.0, "prediction_time": 6516.60271677604, "recall": 0.9999999999828659, "size": 7184560300872, "time": 2399.886876860127, "weighted_avg": 7.813615216062163, "x2": 0.0}, "train": {"accuracy": 1.0, "auc": 0.9999999999591593, "avg_time": 107.0341395407105, "benchmark": 5.241032184788055, "distinct": 847, "entropy": 6.316638564795131, "errors": 885, "exp_cost": 18710893325, "falsepos": 0.0, "fullscore": 1.0, "index": 1327.2723638111977, "ko": 3.877520526884837e-11, "loss": 0.0, "meanscore": 0.9999999999999654, "n_docs": 35639585787830, "non_null": 1.694200335577989e-13, "precision": 0.999999958300035, "prediction_time": 2810.077243938058, "recall": 1.0, "size": 11301568438, "time": 243.32464918614707, "weighted_avg": 7.007854686284471, "x2": 754}, "train_full": {"accuracy": 1.0, "auc": 0.9999999999197848, "avg_time": 795.9041606263188, "benchmark": 7.086947543925622, "distinct": 727, "entropy": 9.731037019936188, "errors": 591, "exp_cost": 8499464519517, "f1-score": 1.0, "falsepos": 5.637712519046545e-13, "fullscore": 0.9999999999999926, "index": 7016.2551494472955, "ko": 14311.098349802309, "loss": 0.0, "meanscore": 1.0, "n_docs": 3325050524832, "non_null": 0.0, "precision": 0.9999999999884208, "prediction_time": 6309.6007592723945, "recall": 0.9999999993135145, "size": 1855700711, "time": 2638.7691212917043, "weighted_avg": 7.910477476426197, "x2": 8.560079861640633}}