{"branch": {"accuracy": 0.9999999999999901, "auc": 0.999999964719658, "avg_time": 1651.3197184153282, "benchmark": 3.967611861459419, "distinct": 616, "entropy": 7.026046186893868, "errors": 236, "exp_cost": 565214063, "f1-score": 0.999999996304204, "falsepos": 2.324610504089719e-09, "fullscore": 0.9999999999058153, "index": 55.30220065767358, "ko": 4.176355193970624, "loss": 1.676840666320345e-09, "meanscore": 0.9998271317461586, "n_docs": 315048499, "non_null": 2.3537895417202748e-06, "precision": 0.9999797265453789, "prediction_time": 20.309521829597042, "recall": 1.0, "size": 59779107, "time": 40.235008492915505, "weighted_avg": 4.372636144358882, "x2": 0.9999970894747602}, "brand": {"auc": 0.9999999999999903, "avg_time": 440.0543446522167, "benchmark": 5.8390640226885235, "distinct": 504, "entropy": 2.263976901055825, "errors": 637, "exp_cost": 2823154, "f1-score": 0.9999999999999989, "falsepos": 3.7188462309600823e-09, "fullscore": 0.9999999563301086, "index": 8.509423752780663, "ko": 224458338, "loss": 4.173427510312244e-05, "meanscore": 0.999999993341215, "n_docs": 10688110, "non_null": 2.2788853248911778e-08, "precision": 0.7610505756965897, "prediction_time": 217.52062310497504, "recall": 0.9999905329305565, "size": 62685094, "time": 434.764068340157, "weighted_avg": 3.0234554639909144, "x2": 775}, "classifier": {"accuracy": 0.9990393108969711, "auc": 0.9421450690572148, "avg_time": 900.4659395134759, "benchmark": 7.955391468271329, "distinct": 676, "entropy": 4.586782164624749, "errors": 558, "exp_cost": 550348749, "f1-score": 0.9999999997361407, "falsepos": 8.948592967872315e-05, "fullscore": 0.9999999999978245, "index": 2328.260942362645, "ko": 277834030, "loss": 0.000818041108181955, "n_docs": 7567232293, "non_null": 1.1883343904450783e-05, "precision": 0.9897722703217718, "prediction_time": 231.95730411066774, "recall": 0.9999994972307102, "size": 29702653, "time": 13.731704135275073, "weighted_avg": 5.914553311839208, "x2": 647}, "reports": {"accuracy": 0.9999963062156897, "auc": 0.9999611971840874, "avg_time": 147.49547203805778, "benchmark": 4.6838164540507, "distinct": 771, "entropy": 3.9112204656246266, "errors": 489, "exp_cost": 1047055, "f1-score": 0.999999999999992, "falsepos": 4.440892098500626e-16, "fullscore": 0.8900474958509821, "index": 65.83472629127083, "ko": 0.9999997890124785, "loss": 6.2330802297339e-08, "meanscore": 0.9999682507438562, "n_docs": 290658809, "non_null": 1.4311072222827903e-06, "precision": 0.9999999994660258, "prediction_time": 252.88623202082124, "recall": 0.9996069637216471, "size": 1242342963, "time": 85.97474704883737, "weighted_avg": 5.026577554075104, "x2": 2.6342830916625815e-08}, "train": {"accuracy": 0.9999996586967197, "auc": 0.9999157018080022, "avg_time": 14.456535334414541, "benchmark": 2.641599850313246, "distinct": 494, "entropy": 3.8699889400251326, "errors": 568, "exp_cost": 41450634, "falsepos": 8.352085689722344e-11, "fullscore": 0.9999999999844031, "index": 124.30679347694958, "ko": 1.6057212922304664e-05, "loss": 1.1818324097134791e-12, "meanscore": 0.9999922892369986, "n_docs": 18388733395, "non_null": 0.0006689991510197002, "precision": 0.9939270067267315, "prediction_time": 61.12213006870564, "recall": 0.9999999999758651, "size": 17901971, "time": 9.19605554773166, "weighted_avg": 4.473587998155178, "x2": 431}, "train_full": {"accuracy": 0.9999999797812384, "auc": 0.9997761341872019, "avg_time": 41.52716663354732, "benchmark": 4.731069087326124, "distinct": 408, "entropy": 6.157684612083083, "errors": 349, "exp_cost": 2970521397, "f1-score": 0.9999999997673849, "falsepos": 7.835774723086164e-05, "fullscore": 0.9999933397475544, "index": 172.71081919265862, "ko": 407.2773653670781, "loss": 8.659739592076221e-15, "meanscore": 0.999998499585744, "n_docs": 1269328254, "non_null": 1.671385252421942e-11, "precision": 0.9999861574827489, "prediction_time": 339.6942489021934, "recall": 0.9999639821507335, "size": 1886128, "time": 109.24089283050459, "weighted_avg": 5.300246747935859, "x2": 5.627082650330619}}