{"branch": {"accuracy": 1.0, "auc": 0.9999999999999278, "avg_time": 29280.372891828578, "benchmark": 5.918134201343504, "distinct": 867, "entropy": 9.672284406455331, "errors": 479, "exp_cost": 114472644549, "f1-score": 0.9999999999999999, "falsepos": 0.0, "fullscore": 1.0, "index": 616.3214025674384, "ko": 5.558060756750711, "loss": 4.440892098500626e-16, "meanscore": 0.9999998638915504, "n_docs": 342416964013, "non_null": 6.761080584283263e-11, "precision": 0.9999999988770522, "prediction_time": 96.1419430444124, "recall": 1.0, "size": 61992984774, "time": 284.06014243692334, "weighted_avg": 7.52579964850185, "x2": 0.9999999999584583}, "brand": {"auc": 1.0, "avg_time": 4043.271607557205, "benchmark": 8.593933089182288, "distinct": 683, "entropy": 4.138013406039677, "errors": 868, "exp_cost": 75969112, "f1-score": 1.0, "falsepos": 1.199040866595169e-14, "fullscore": 0.9999999999999847, "index": 58.50196916990346, "ko": 39764995320, "loss": 1.0855394361186654e-10, "meanscore": 0.9999999999999961, "n_docs": 510383140, "non_null": 2.220446049250313e-16, "precision": 0.9896512098941388, "prediction_time": 1453.8132738884365, "recall": 0.9999999999705231, "size": 9015648689, "time": 11660.661436856335, "weighted_avg": 4.689468073873632, "x2": 1059}, "classifier": {"accuracy": 0.9999999788093697, "auc": 0.9983860501314648, "avg_time": 12081.609476542444, "benchmark": 11.10775229128962, "distinct": 944, "entropy": 6.494697928581638, "errors": 751, "exp_cost": 51933844466, "f1-score": 1.0, "falsepos": 2.5700911399084703e-08, "fullscore": 1.0, "index": 19046.582875778113, "ko": 16670902240, "loss": 5.68447208970646e-07, "n_docs": 4799540474376, "non_null": 1.1195588900392295e-10, "precision": 0.9999950313289488, "prediction_time": 2951.377196849147, "recall": 0.9999999999982903, "size": 52129603229, "time": 126.4875558124128, "weighted_avg": 8.103767430385913, "x2": 884}, "reports": {"accuracy": 0.9999999997943718, "auc": 0.9999999965354219, "avg_time": 1980.743061119716, "benchmark": 7.044448746725667, "distinct": 1047, "entropy": 5.892194925933282, "errors": 734, "exp_cost": 82277097, "f1-score": 1.0, "falsepos": 0.0, "fullscore": 0.996387634181199, "index": 1071.366449624676, "ko": 0.9999999999999802, "loss": 0.0, "meanscore": 0.9999999821520806, "n_docs": 65620389926, "non_null": 3.6374236955794004e-12, "precision": 1.0, "prediction_time": 3534.5047614035084, "recall": 0.9999999972428344, "size": 1137017179081, "time": 826.6019525066989, "weighted_avg": 7.211151945545161, "x2": 2.7644553313166398e-14}, "train": {"accuracy": 0.9999999999999876, "auc": 0.9999999969796045, "avg_time": 73.91855866708295, "benchmark": 4.798202682869388, "distinct": 765, "entropy": 5.747316988553371, "errors": 815, "exp_cost": 3086962629, "falsepos": 0.0, "fullscore": 1.0, "index": 848.2664815827234, "ko": 1.4899937950119124e-09, "loss": 0.0, "meanscore": 0.9999999999874893, "n_docs": 5487213305179, "non_null": 1.4133871850674495e-10, "precision": 0.9999978378164383, "prediction_time": 1116.3692806701963, "recall": 1.0, "size": 2292872357, "time": 106.9947470022054, "weighted_avg": 6.371134028480189, "x2": 674}, "train_full": {"accuracy": 0.9999999999999998, "auc": 0.9999999898806731, "avg_time": 411.0927028333883, "benchmark": 6.523202326720171, "distinct": 658, "entropy": 8.807180266178745, "errors": 531, "exp_cost": 1304670458605, "f1-score": 1.0, "falsepos": 1.1702561142357126e-10, "fullscore": 0.9999999999956733, "index": 2985.502313509647, "ko": 5625.886834522843, "loss": 0.0, "meanscore": 0.9999999999999769, "n_docs": 620062463193, "non_null": 0.0, "precision": 0.9999999994762059, "prediction_time": 2779.9497202119987, "recall": 0.9999999736498038, "size": 255547205, "time": 1278.8339766265951, "weighted_avg": 7.313954529443254, "x2": 7.747939364143447}}