{"branch": {"accuracy": 0.9999999999168098, "auc": 0.9999961739483681, "avg_time": 498.0370857464814, "benchmark": 3.1902619894422672, "distinct": 522, "entropy": 5.857508255591493, "errors": 132, "exp_cost": 67141594, "f1-score": 0.9999994863037956, "falsepos": 1.365966074029501e-06, "fullscore": 0.9999999821832752, "index": 21.554838786911553, "ko": 3.433293460500912, "loss": 2.9613370688963414e-07, "meanscore": 0.9986368211758267, "n_docs": 25804072, "non_null": 6.133637923244617e-05, "precision": 0.9998104336624472, "prediction_time": 10.310266193512371, "recall": 0.9999999999999444, "size": 4505369, "time": 24.34086759550296, "weighted_avg": 3.240362649183097, "x2": 0.9998078712701656}, "brand": {"auc": 0.9999999999962993, "avg_time": 163.53492485324563, "benchmark": 4.621236488915269, "distinct": 430, "entropy": 1.560366370417337, "errors": 544, "exp_cost": 955814, "f1-score": 0.9999999999959582, "falsepos": 2.7482835340819634e-07, "fullscore": 0.9999902583053986, "index": 3.4607885387912773, "ko": 25378707, "loss": 0.001791676086994487, "meanscore": 0.9999997940634529, "n_docs": 1726283, "non_null": 1.9419566292588897e-05, "precision": 0.5658341731336076, "prediction_time": 116.47257423457667, "recall": 0.9994886677057084, "size": 6769910, "time": 159.27401560088455, "weighted_avg": 2.516438253536772, "x2": 665}, "classifier": {"accuracy": 0.9887227691735693, "auc": 0.829295763427694, "avg_time": 302.0022087608635, "benchmark": 6.730082233951728, "distinct": 575, "entropy": 3.8914587355482477, "errors": 496, "exp_cost": 49257727, "f1-score": 0.9999999436077812, "falsepos": 0.0014158909564856437, "fullscore": 0.9999999950153569, "index": 1031.151027933729, "ko": 41062275, "loss": 0.008591232062519438, "n_docs": 336078204, "non_null": 0.00032539338874770785, "precision": 0.9332269901635407, "prediction_time": 86.69655668517917, "recall": 0.9999670461566338, "size": 2463306, "time": 6.2428968674391205, "weighted_avg": 5.047576140665254, "x2": 546}, "reports": {"accuracy": 0.9998485479613468, "auc": 0.9991511398235464, "avg_time": 56.62971094950066, "benchmark": 3.89500797774058, "distinct": 644, "entropy": 3.0945425054837545, "errors": 382, "exp_cost": 151668, "f1-score": 0.9999999999923994, "falsepos": 7.636002941069364e-12, "fullscore": 0.8026174422649729, "index": 25.725737459774326, "ko": 0.9999742755765318, "loss": 3.9805002614912155e-05, "meanscore": 0.9996517848762078, "n_docs": 49087437, "non_null": 8.388802198111556e-05, "precision": 0.999999829300431, "prediction_time": 88.10564573990659, "recall": 0.9934457461864582, "size": 124789186, "time": 26.233654006020355, "weighted_avg": 3.993721903382934, "x2": 4.366089195184664e-06}, "train": {"accuracy": 0.9999569637031877, "auc": 0.9981611386095353, "avg_time": 8.081443662466533, "benchmark": 1.8102046958734368, "distinct": 391, "entropy": 3.0685519873521607, "errors": 472, "exp_cost": 5220417, "falsepos": 4.033741651809919e-08, "fullscore": 0.9999999959307984, "index": 50.42520357571137, "ko": 0.00019250390848157828, "loss": 3.2118345760778766e-09, "meanscore": 0.9988986945967953, "n_docs": 1699506439, "non_null": 0.015151562490742676, "precision": 0.9418340849433541, "prediction_time": 17.048515485353953, "recall": 0.9999999967945528, "size": 2377470, "time": 2.6707855481336886, "weighted_avg": 3.549898395343533, "x2": 338}, "train_full": {"accuracy": 0.9999922836371672, "auc": 0.9960966929866528, "avg_time": 15.773646328092203, "benchmark": 4.19060094917929, "distinct": 325, "entropy": 4.8215531224962085, "errors": 270, "exp_cost": 273636157, "f1-score": 0.9999997852118587, "falsepos": 0.003070787277870912, "fullscore": 0.999710327774938, "index": 49.83956467276785, "ko": 158.6655748230177, "loss": 1.3970491430370657e-11, "meanscore": 0.9996803986510565, "n_docs": 138567270, "non_null": 6.892011183978752e-09, "precision": 0.9995652848811412, "prediction_time": 148.80704481581893, "recall": 0.9995230971565202, "size": 271398, "time": 37.83123165080215, "weighted_avg": 4.585377602096903, "x2": 4.861556232953311}}