{"branch": {"accuracy": 0.9999999461289976, "auc": 0.9999000964757528, "avg_time": 193.49787139823613, "benchmark": 2.3459485748458917, "distinct": 437, "entropy": 4.893108406104556, "errors": 40, "exp_cost": 11208340, "f1-score": 0.9999689192726766, "falsepos": 0.00017669525044894385, "fullscore": 0.9999977077686906, "index": 8.57278953629582, "ko": 2.9192827687040586, "loss": 6.754914045337124e-06, "meanscore": 0.9878274188961313, "n_docs": 2053558, "non_null": 0.0005358318044397237, "precision": 0.9974925876529056, "prediction_time": 5.93885169530464, "recall": 0.9999999999194991, "size": 441254, "time": 12.989249407728309, "weighted_avg": 2.3989950455307874, "x2": 0.9973558139926583}, "brand": {"auc": 0.9999999991726473, "avg_time": 73.99027544655938, "benchmark": 3.4656283122657277, "distinct": 374, "entropy": 0.9341076601227355, "errors": 448, "exp_cost": 350305, "f1-score": 0.9999999989875175, "falsepos": 1.6889223186544733e-05, "fullscore": 0.9997972119053257, "index": 1.7219356721766197, "ko": 2596276, "loss": 0.019506762070269135, "meanscore": 0.9999939350699211, "n_docs": 444442, "non_null": 0.0007926219705357562, "precision": 0.335703542914745, "prediction_time": 48.48311934272813, "recall": 0.9939169788669144, "size": 963387, "time": 48.1918714389282, "weighted_avg": 1.8862838215039983, "x2": 531}, "classifier": {"accuracy": 0.9115673159240636, "auc": 0.655004549298665, "avg_time": 116.89085475554577, "benchmark": 5.561209160073315, "distinct": 487, "entropy": 3.10867818648957, "errors": 437, "exp_cost": 13415589, "f1-score": 0.9999889269571814, "falsepos": 0.005350368428427066, "fullscore": 0.9999960337975458, "index": 530.9772650446207, "ko": 6458254, "loss": 0.04782563761871561, "n_docs": 37234165, "non_null": 0.0070091846385388346, "precision": 0.7370268675225473, "prediction_time": 34.86065494374636, "recall": 0.9994629180993723, "size": 163882, "time": 2.5196970440709303, "weighted_avg": 4.330123559859258, "x2": 443}, "reports": {"accuracy": 0.9975258308055075, "auc": 0.9940876367407785, "avg_time": 18.583942067785888, "benchmark": 3.177184858495129, "distinct": 561, "entropy": 2.2381642276047655, "errors": 304, "exp_cost": 25454, "f1-score": 0.999999996900972, "falsepos": 2.8914064476026624e-09, "fullscore": 0.6209305769319137, "index": 9.250783276636414, "ko": 0.9991612633195593, "loss": 0.0017892747367098671, "meanscore": 0.9981352472996841, "n_docs": 6209093, "non_null": 0.0016214662198481555, "precision": 0.9999865395271139, "prediction_time": 35.86265217842051, "recall": 0.9530549384201592, "size": 10619658, "time": 11.122699146302857, "weighted_avg": 3.0230492190774685, "x2": 0.00013664627671661211}, "train": {"accuracy": 0.998576703584796, "auc": 0.9876482307449514, "avg_time": 6.373553709499307, "benchmark": 0.935992118314373, "distinct": 291, "entropy": 2.378319943227801, "errors": 395, "exp_cost": 1009466, "falsepos": 2.204203998878995e-06, "fullscore": 0.9999997382391488, "index": 23.69959422600551, "ko": 0.002032220224065018, "loss": 5.886404739197104e-07, "meanscore": 0.9915556751097212, "n_docs": 236241090, "non_null": 0.15439978076998995, "precision": 0.817817395205304, "prediction_time": 6.52579083492859, "recall": 0.9999994376333973, "size": 544590, "time": 1.2308187848145027, "weighted_avg": 2.830196225083334, "x2": 242}, "train_full": {"accuracy": 0.9998528305044455, "auc": 0.9681911780941829, "avg_time": 6.841372164347672, "benchmark": 3.2334776382260895, "distinct": 221, "entropy": 3.9705250947263266, "errors": 212, "exp_cost": 49434548, "f1-score": 0.9999929445731368, "falsepos": 0.027680035238369594, "fullscore": 0.9955962673789759, "index": 22.22155191577385, "ko": 66.1347871012871, "loss": 6.097280680350536e-09, "meanscore": 0.9886456130189085, "n_docs": 9668562, "non_null": 8.285972964428012e-07, "precision": 0.996372534963762, "prediction_time": 59.735448951944136, "recall": 0.9963976478515368, "size": 32859, "time": 14.583947889234013, "weighted_avg": 3.8927953347347395, "x2": 4.045854966068826}}