{"branch": {"accuracy": 0.9999999678791307, "auc": 0.9999114870544314, "avg_time": 198.9053734706062, "benchmark": 2.4090920812109324, "distinct": 431, "entropy": 4.948359860960739, "errors": 40, "exp_cost": 11470776, "f1-score": 0.999969653815753, "falsepos": 0.00015872663561677935, "fullscore": 0.9999982051781817, "index": 9.094779455680849, "ko": 2.934612565570704, "loss": 3.949202504238691e-06, "meanscore": 0.9897570549285473, "n_docs": 2320348, "non_null": 0.0005683124830626607, "precision": 0.9977178121737722, "prediction_time": 6.12754115083247, "recall": 0.9999999999451022, "size": 461486, "time": 12.560931967586491, "weighted_avg": 2.492785745294121, "x2": 0.9977652052097731}, "brand": {"auc": 0.9999999991116221, "avg_time": 76.13578867929746, "benchmark": 3.589460782752183, "distinct": 377, "entropy": 0.9560913926133058, "errors": 443, "exp_cost": 357365, "f1-score": 0.9999999990221384, "falsepos": 1.8327712500987303e-05, "fullscore": 0.9997676149810133, "index": 1.762731003108246, "ko": 3020234, "loss": 0.01807119026480708, "meanscore": 0.9999922517719997, "n_docs": 530720, "non_null": 0.0005596250110823098, "precision": 0.35149608138320093, "prediction_time": 50.30283531554107, "recall": 0.9952603725628477, "size": 948052, "time": 49.57243657423915, "weighted_avg": 1.872422482737143, "x2": 532}, "classifier": {"accuracy": 0.9112640293751911, "auc": 0.6422159107255649, "avg_time": 119.52337339635463, "benchmark": 5.637126061967093, "distinct": 496, "entropy": 3.131360827872273, "errors": 438, "exp_cost": 12364725, "f1-score": 0.9999909668077426, "falsepos": 0.006030407145116046, "fullscore": 0.9999968602317965, "index": 537.0619564858868, "ko": 8471670, "loss": 0.04717054323386538, "n_docs": 38105978, "non_null": 0.006170265032193423, "precision": 0.7667913767881247, "prediction_time": 33.59886236229965, "recall": 0.9995223666864892, "size": 168334, "time": 2.7561460672365774, "weighted_avg": 4.307924816119523, "x2": 446}, "reports": {"accuracy": 0.9973777121214189, "auc": 0.9948487623936079, "avg_time": 19.63962743423393, "benchmark": 3.1421089979532995, "distinct": 563, "entropy": 2.2919813204329547, "errors": 307, "exp_cost": 24378, "f1-score": 0.99999999770723, "falsepos": 1.689021256190415e-09, "fullscore": 0.6422120086539367, "index": 9.344344570662098, "ko": 0.999216436783665, "loss": 0.0018542392290612497, "meanscore": 0.9982900992556243, "n_docs": 7305524, "non_null": 0.0013374205010898699, "precision": 0.9999900736966891, "prediction_time": 36.174759760591854, "recall": 0.9536327823326072, "size": 13288972, "time": 11.932886133074675, "weighted_avg": 3.052447886499759, "x2": 0.00010777600762779116}, "train": {"accuracy": 0.9988261816116061, "auc": 0.9881879240347533, "avg_time": 6.054039199474177, "benchmark": 0.9865904502938826, "distinct": 293, "entropy": 2.4212531109921795, "errors": 397, "exp_cost": 870850, "falsepos": 1.5655979116457885e-06, "fullscore": 0.9999997796965909, "index": 23.17928942978968, "ko": 0.00204283313509801, "loss": 4.851278394557568e-07, "meanscore": 0.9911513354229502, "n_docs": 290691222, "non_null": 0.1577175521262828, "precision": 0.8399745565495136, "prediction_time": 6.977385008746063, "recall": 0.9999993918811055, "size": 648515, "time": 1.2079402412972202, "weighted_avg": 2.928940213602205, "x2": 241}, "train_full": {"accuracy": 0.9998565500105675, "auc": 0.9686019737897961, "avg_time": 6.727156694027771, "benchmark": 3.2637852408999675, "distinct": 227, "entropy": 4.042948457954003, "errors": 213, "exp_cost": 55234018, "f1-score": 0.9999917147398409, "falsepos": 0.026222994976074387, "fullscore": 0.9961639308252985, "index": 22.446038104939777, "ko": 68.161883921266, "loss": 6.943150943072851e-09, "meanscore": 0.9905781600794221, "n_docs": 10236273, "non_null": 6.787972428590194e-07, "precision": 0.9972133809555404, "prediction_time": 60.17828210031339, "recall": 0.9965593381725084, "size": 37194, "time": 15.223718388964095, "weighted_avg": 3.9045961653282393, "x2": 4.096085139673728}}