{"branch": {"accuracy": 0.9999999999996071, "auc": 0.9999997517190458, "avg_time": 968.8966752931022, "benchmark": 3.644199943131043, "distinct": 576, "entropy": 6.563788193146457, "errors": 198, "exp_cost": 300017387, "f1-score": 0.9999999803009038, "falsepos": 3.24989406497167e-08, "fullscore": 0.9999999986835869, "index": 38.244218362134745, "ko": 3.9580865954884916, "loss": 1.0293312979747782e-08, "meanscore": 0.9996325188619379, "n_docs": 108553208, "non_null": 9.552793884481936e-06, "precision": 0.9999469220904947, "prediction_time": 17.3781082252822, "recall": 0.9999999999999999, "size": 21551814, "time": 31.22057156044497, "weighted_avg": 3.8331020442894492, "x2": 0.9999761767591943}, "brand": {"auc": 0.9999999999998739, "avg_time": 310.5999052676377, "benchmark": 5.231859456520576, "distinct": 487, "entropy": 2.062107247838913, "errors": 582, "exp_cost": 1675063, "f1-score": 0.9999999999999255, "falsepos": 4.753187465844633e-08, "fullscore": 0.9999997478444035, "index": 5.832557162079848, "ko": 93647790, "loss": 0.00022829193890694377, "meanscore": 0.9999999748743914, "n_docs": 5691326, "non_null": 4.932129188395251e-07, "precision": 0.6796888632924948, "prediction_time": 180.9062236223497, "recall": 0.9999606226915562, "size": 27071204, "time": 275.27063204529094, "weighted_avg": 2.7909267769312986, "x2": 713}, "classifier": {"accuracy": 0.9975395312552806, "auc": 0.9049678036728885, "avg_time": 626.100221394055, "benchmark": 7.362666758272786, "distinct": 639, "entropy": 4.360999413577571, "errors": 545, "exp_cost": 278291971, "f1-score": 0.9999999973933726, "falsepos": 0.00022721960438776279, "fullscore": 0.999999999879141, "index": 1939.954873443393, "ko": 146278635, "loss": 0.002317793800540535, "n_docs": 1666840339, "non_null": 4.097368686994951e-05, "precision": 0.9836721063794467, "prediction_time": 150.40701500513268, "recall": 0.9999962303281593, "size": 11316162, "time": 10.013117474581357, "weighted_avg": 5.628679393907687, "x2": 617}, "reports": {"accuracy": 0.9999765576584112, "auc": 0.9996874908003763, "avg_time": 93.1323068581503, "benchmark": 4.454469273562692, "distinct": 710, "entropy": 3.5446114950243457, "errors": 443, "exp_cost": 401830, "f1-score": 0.9999999999995464, "falsepos": 4.085620730620576e-14, "fullscore": 0.8663092887338696, "index": 38.86154755000176, "ko": 0.9999984544866349, "loss": 8.703003433474521e-07, "meanscore": 0.9999327738894007, "n_docs": 137435223, "non_null": 7.461706972300419e-06, "precision": 0.9999999956282732, "prediction_time": 185.75327207263962, "recall": 0.9985445001732476, "size": 497929285, "time": 59.51459237896232, "weighted_avg": 4.457163380061303, "x2": 6.098454971015244e-07}, "train": {"accuracy": 0.9999956282353656, "auc": 0.9997118031146431, "avg_time": 11.111704371001498, "benchmark": 2.132031813444692, "distinct": 453, "entropy": 3.5543852460890233, "errors": 531, "exp_cost": 20437327, "falsepos": 1.1703868985080135e-09, "fullscore": 0.9999999998021448, "index": 90.6487983674309, "ko": 3.0780837815269635e-05, "loss": 1.3839374091162426e-11, "meanscore": 0.9999518483758845, "n_docs": 7016132202, "non_null": 0.003099930932788375, "precision": 0.9857022023676376, "prediction_time": 38.411800395038846, "recall": 0.999999999900609, "size": 8747206, "time": 5.236527267284508, "weighted_avg": 3.9529194742815776, "x2": 397}, "train_full": {"accuracy": 0.9999997192209132, "auc": 0.9992515893276952, "avg_time": 27.82907093027514, "benchmark": 4.488450778474673, "distinct": 361, "entropy": 5.530158285042071, "errors": 327, "exp_cost": 881449270, "f1-score": 0.9999999969789248, "falsepos": 0.0003932915996975872, "fullscore": 0.9999780065864018, "index": 101.26871683211465, "ko": 274.5331150140452, "loss": 2.510214258677479e-13, "meanscore": 0.9999913082487516, "n_docs": 488599390, "non_null": 1.9893975355955718e-10, "precision": 0.9999554207817118, "prediction_time": 237.6484851052563, "recall": 0.9999307917235114, "size": 691159, "time": 66.05510655753031, "weighted_avg": 5.046955876926918, "x2": 5.239590285771626}}