{"branch": {"accuracy": 1.0, "auc": 0.9999999999998035, "avg_time": 20561.665750813867, "benchmark": 5.564867883082314, "distinct": 833, "entropy": 9.29205472800564, "errors": 463, "exp_cost": 38389769791, "f1-score": 0.9999999999999986, "falsepos": 0.0, "fullscore": 1.0, "index": 408.8600776346245, "ko": 5.370414771327355, "loss": 1.5765166949677223e-14, "meanscore": 0.9999995298714505, "n_docs": 110567659814, "non_null": 6.987586065321238e-10, "precision": 0.9999999946534053, "prediction_time": 91.28380431502875, "recall": 1.0, "size": 25079264622, "time": 205.86209175099165, "weighted_avg": 6.962995514562402, "x2": 0.9999999998978631}, "brand": {"auc": 1.0, "avg_time": 3104.1982244538426, "benchmark": 8.288229912479139, "distinct": 648, "entropy": 3.918219155505705, "errors": 847, "exp_cost": 67068921, "f1-score": 1.0, "falsepos": 2.631228568361621e-14, "fullscore": 0.9999999999999131, "index": 43.772348307827514, "ko": 20238583372, "loss": 6.802594043620047e-10, "meanscore": 0.9999999999999865, "n_docs": 186542764, "non_null": 9.103828801926284e-15, "precision": 0.9799647653892438, "prediction_time": 1048.5078429228613, "recall": 0.9999999997796218, "size": 4052513962, "time": 7033.668912332558, "weighted_avg": 4.4923023104618744, "x2": 1038}, "classifier": {"accuracy": 0.9999998252539016, "auc": 0.9965562268205669, "avg_time": 9279.886839021005, "benchmark": 10.762300271350586, "distinct": 906, "entropy": 6.213743333589833, "errors": 716, "exp_cost": 40058230399, "f1-score": 1.0, "falsepos": 9.166436976126846e-08, "fullscore": 1.0, "index": 11687.929954528074, "ko": 9689209267, "loss": 1.9405644725578597e-06, "n_docs": 2138773443011, "non_null": 9.056084770975303e-10, "precision": 0.9999933055597262, "prediction_time": 2244.516824439693, "recall": 0.9999999999823856, "size": 15546807795, "time": 103.23969753838252, "weighted_avg": 7.728983591908723, "x2": 856}, "reports": {"accuracy": 0.9999999996301254, "auc": 0.9999999835155603, "avg_time": 1306.4067688006276, "benchmark": 6.683335012009356, "distinct": 1011, "entropy": 5.545350996022161, "errors": 703, "exp_cost": 56367516, "f1-score": 1.0, "falsepos": 0.0, "fullscore": 0.9935847392873055, "index": 696.335464048345, "ko": 0.999999999999688, "loss": 1.6653345369377348e-15, "meanscore": 0.9999999460891212, "n_docs": 24747874686, "non_null": 4.341949022546032e-11, "precision": 1.0, "prediction_time": 2327.649013774565, "recall": 0.999999977651469, "size": 418532361283, "time": 767.6863617889119, "weighted_avg": 6.917164627592741, "x2": 1.7219559111936178e-13}, "train": {"accuracy": 0.9999999999999245, "auc": 0.9999999879815638, "avg_time": 54.00821948538013, "benchmark": 4.436702389081403, "distinct": 723, "entropy": 5.48691397919775, "errors": 784, "exp_cost": 1380444848, "falsepos": 1.1102230246251565e-16, "fullscore": 1.0, "index": 644.5902782350786, "ko": 5.619318343974555e-09, "loss": 0.0, "meanscore": 0.9999999998898446, "n_docs": 2364772148212, "non_null": 2.2630297635828356e-09, "precision": 0.9999945403431533, "prediction_time": 770.8260817193292, "recall": 1.0, "size": 1385051625, "time": 89.769232548028, "weighted_avg": 6.174906834905427, "x2": 634}, "train_full": {"accuracy": 0.9999999999999909, "auc": 0.999999956766888, "avg_time": 332.30968712999146, "benchmark": 6.228190139724453, "distinct": 608, "entropy": 8.50401065063412, "errors": 498, "exp_cost": 625703103713, "f1-score": 1.0, "falsepos": 1.094617174679513e-09, "fullscore": 0.9999999999846457, "index": 1962.4995592990745, "ko": 4471.579157603204, "loss": 0.0, "meanscore": 0.9999999999997105, "n_docs": 318707239715, "non_null": 0.0, "precision": 0.9999999974995897, "prediction_time": 2020.2465941010644, "recall": 0.9999999495653613, "size": 171836160, "time": 922.8617976913656, "weighted_avg": 7.068434141364388, "x2": 7.357962099457887}}