{"branch": {"accuracy": 0.9850669188918497, "auc": 0.8781742528876633, "avg_time": 13.900316694470623, "benchmark": 0.2722172012968789, "distinct": 192, "entropy": 2.2000859131573915, "errors": -193, "exp_cost": 128520, "f1-score": 0.9270401370770662, "falsepos": 0.34457792262288955, "fullscore": 0.9676518015824123, "index": 0.7373230506802414, "ko": 1.381954222815761, "loss": 0.009819294486258956, "meanscore": 0.6977101494394609, "n_docs": 4797, "non_null": 0.05759418187210663, "precision": 0.862360279696798, "prediction_time": 1.1847544666286467, "recall": 0.9994927720265472, "size": 636, "time": 2.3613796416637443, "weighted_avg": -0.30949483444230896, "x2": 0.7572327229718661}, "brand": {"auc": 0.9999295269189075, "avg_time": 8.233158469362506, "benchmark": 0.41837492941092247, "distinct": 177, "entropy": -0.9385488274271545, "errors": 185, "exp_cost": 8692, "f1-score": 0.9993420147464849, "falsepos": 0.020177805025441087, "fullscore": 0.8551497454889306, "index": 0.26032603388380093, "ko": 12480, "loss": 0.5869389078894744, "meanscore": 0.9812606652972892, "n_docs": 12461, "non_null": 0.2470784788715401, "precision": 0.029052022396573896, "prediction_time": 7.991944480275885, "recall": 0.6844686231158974, "size": 5115, "time": 2.204065867683561, "weighted_avg": 0.034502013344681504, "x2": 269}, "classifier": {"accuracy": 0.1338821767284385, "auc": 0.15283972653390254, "avg_time": 9.445441342855235, "benchmark": 2.413572767962606, "distinct": 216, "entropy": 1.0285611919785353, "errors": 273, "exp_cost": 102290, "f1-score": 0.9652613251447846, "falsepos": 0.23836512964591605, "fullscore": 0.8960497466827186, "index": 55.882446655194606, "ko": 35887, "loss": 0.5399260178000208, "n_docs": 109250, "non_null": 0.4465847574292706, "precision": 0.0860063596412684, "prediction_time": 3.275299924012922, "recall": 0.8313122697890191, "size": 125, "time": 0.3311683803686146, "weighted_avg": 2.3950132426527335, "x2": 180}, "reports": {"accuracy": 0.8084960140914498, "auc": 0.7426689582648565, "avg_time": 1.1806314507918305, "benchmark": 0.9984143855564015, "distinct": 293, "entropy": 0.2904528002918716, "errors": 78, "exp_cost": 253, "f1-score": 0.9993765489658298, "falsepos": 0.0017201422330004323, "fullscore": 0.12700734663798213, "index": 0.9763167572634404, "ko": 0.7688075289855213, "loss": 0.5273882503031054, "meanscore": 0.8856345435039759, "n_docs": 23400, "non_null": 0.2904951858326863, "precision": 0.9649374036933209, "prediction_time": 3.238383703845653, "recall": 0.26483440452947826, "size": 17554, "time": 0.6401251617512121, "weighted_avg": 0.7296323385182927, "x2": 0.07417178344571596}, "train": {"accuracy": 0.5572059374559158, "auc": 0.5622818662379064, "avg_time": 1.7002938466143047, "benchmark": -1.2013096113783697, "distinct": 13, "entropy": 0.5996269136530474, "errors": 157, "exp_cost": 8579, "falsepos": 0.007529521964018349, "fullscore": 0.9925265271488058, "index": 4.431520151777589, "ko": 0.20053879474674785, "loss": 0.00946398581146779, "meanscore": 0.3729004894807319, "n_docs": 408249, "non_null": 0.9574029480213403, "precision": 0.13849741093930978, "prediction_time": 0.39025897962248857, "recall": 0.9904042979990244, "size": 3642, "time": 0.12334627034003029, "weighted_avg": 0.9916486313448392, "x2": -25}, "train_full": {"accuracy": 0.8676945201040126, "auc": 0.3182200793627201, "avg_time": 0.8078418056625449, "benchmark": 1.2320027736739028, "distinct": 14, "entropy": 1.3325932865563568, "errors": 52, "exp_cost": 185533, "f1-score": 0.9549314862273486, "falsepos": 0.668962728515379, "fullscore": 0.4959789101378416, "index": 1.6805039671221484, "ko": 4.765870352294539, "loss": 0.0003277011312370348, "meanscore": 0.22935818971692323, "n_docs": 39735, "non_null": 0.006474551609965351, "precision": 0.8027778558809742, "prediction_time": 5.254174299849728, "recall": 0.8812822431924845, "size": 191, "time": 1.650211425222757, "weighted_avg": 2.1842744782561523, "x2": 1.831154395642385}}