{"branch": {"accuracy": 1.0, "auc": 0.9999999999999998, "avg_time": 60385.3432121345, "benchmark": 6.567545457406211, "distinct": 908, "entropy": 10.384310087434248, "errors": 559, "exp_cost": 329698345886, "f1-score": 1.0, "falsepos": 0.0, "fullscore": 1.0, "index": 1275.183823988542, "ko": 6.0355647567176645, "loss": 0.0, "meanscore": 0.9999999922689052, "n_docs": 2129175546351, "non_null": 2.822631017806998e-12, "precision": 0.9999999999716913, "prediction_time": 181.48303587779733, "recall": 1.0, "size": 429770131680, "time": 449.40547420060136, "weighted_avg": 8.106747236980462, "x2": 0.9999999999994869}, "brand": {"auc": 1.0, "avg_time": 8100.1750817628445, "benchmark": 9.596699446183365, "distinct": 731, "entropy": 4.777264297030694, "errors": 947, "exp_cost": 186055105, "f1-score": 1.0, "falsepos": 0.0, "fullscore": 1.0, "index": 94.60052912432474, "ko": 183763126116, "loss": 9.78772618509538e-13, "meanscore": 1.0, "n_docs": 1086331067, "non_null": 0.0, "precision": 0.997004950401945, "prediction_time": 2750.6173059815014, "recall": 0.9999999999995948, "size": 36944783858, "time": 29123.585589894854, "weighted_avg": 5.1773121230203385, "x2": 1146}, "classifier": {"accuracy": 0.9999999995634425, "auc": 0.9995701729244426, "avg_time": 25630.5896146776, "benchmark": 11.894777252299377, "distinct": 1017, "entropy": 7.10540783003437, "errors": 793, "exp_cost": 204579371596, "f1-score": 1.0, "falsepos": 1.0348372159185715e-09, "fullscore": 1.0, "index": 35978.92214790099, "ko": 76449521826, "loss": 1.284993311756466e-08, "n_docs": 32798703413115, "non_null": 2.4235058404542542e-12, "precision": 0.9999998325230212, "prediction_time": 5696.018481356234, "recall": 0.9999999999999556, "size": 378737810672, "time": 221.33535024011985, "weighted_avg": 8.617272419477606, "x2": 972}, "reports": {"accuracy": 0.9999999999982139, "auc": 0.9999999997664144, "avg_time": 4360.061963348592, "benchmark": 7.404449937520632, "distinct": 1117, "entropy": 6.463908426253104, "errors": 798, "exp_cost": 414912454, "f1-score": 1.0, "falsepos": 0.0, "fullscore": 0.9990567607080091, "index": 1802.9908180783189, "ko": 0.9999999999999998, "loss": 0.0, "meanscore": 0.9999999990359857, "n_docs": 267843138306, "non_null": 3.419486915845482e-14, "precision": 1.0, "prediction_time": 6468.145063791015, "recall": 0.999999999953444, "size": 5700785071940, "time": 1748.401837322156, "weighted_avg": 7.720483913767894, "x2": 0.0}, "train": {"accuracy": 1.0, "auc": 0.9999999998721356, "avg_time": 105.48208981826124, "benchmark": 5.2695432725991225, "distinct": 840, "entropy": 6.240746241083462, "errors": 878, "exp_cost": 12259767799, "falsepos": 0.0, "fullscore": 1.0, "index": 1220.9354686946717, "ko": 5.099554112319993e-11, "loss": 0.0, "meanscore": 0.9999999999998401, "n_docs": 37999301998727, "non_null": 7.900347043232614e-13, "precision": 0.9999998605003722, "prediction_time": 2359.892656296813, "recall": 1.0, "size": 9889944778, "time": 247.6353507744552, "weighted_avg": 7.015542886939028, "x2": 737}, "train_full": {"accuracy": 1.0, "auc": 0.9999999998769358, "avg_time": 764.0870482809402, "benchmark": 7.014201779398114, "distinct": 727, "entropy": 9.675844351838174, "errors": 586, "exp_cost": 4942716339187, "f1-score": 1.0, "falsepos": 1.4579448759377556e-12, "fullscore": 0.9999999999999893, "index": 6058.990214249805, "ko": 11593.393730789145, "loss": 0.0, "meanscore": 1.0, "n_docs": 3308281014871, "non_null": 0.0, "precision": 0.9999999999700377, "prediction_time": 5522.28021784635, "recall": 0.9999999981895207, "size": 1522765816, "time": 2330.710521242158, "weighted_avg": 7.815546137465635, "x2": 8.280668720363257}}