{"branch": {"accuracy": 1.0, "auc": 0.9999999998528997, "avg_time": 8789.904337755399, "benchmark": 5.011760789507566, "distinct": 756, "entropy": 8.39573122858806, "errors": 379, "exp_cost": 9236651545, "f1-score": 0.9999999999990498, "falsepos": 4.796163466380676e-14, "fullscore": 0.9999999999999956, "index": 204.47358611800024, "ko": 5.029145225875761, "loss": 1.1303180613708719e-12, "meanscore": 0.9999943987432085, "n_docs": 16656384895, "non_null": 1.1496492646756451e-08, "precision": 0.9999996026989639, "prediction_time": 45.01428663879886, "recall": 1.0, "size": 3091095034, "time": 123.16357749038312, "weighted_avg": 6.12954655534836, "x2": 0.9999999965504187}, "brand": {"auc": 1.0, "avg_time": 1469.657758296231, "benchmark": 7.343701111564326, "distinct": 603, "entropy": 3.256190174889137, "errors": 774, "exp_cost": 25927111, "f1-score": 1.0, "falsepos": 2.5316415630527445e-12, "fullscore": 0.9999999999890015, "index": 23.896359930633768, "ko": 4180376605, "loss": 5.185701257293118e-08, "meanscore": 0.999999999996721, "n_docs": 91880398, "non_null": 1.1004530620084552e-12, "precision": 0.9343504887729386, "prediction_time": 600.9187549585424, "recall": 0.9999999889150646, "size": 887944572, "time": 2933.936201766401, "weighted_avg": 3.8464228527428603, "x2": 932}, "classifier": {"accuracy": 0.9999916297838556, "auc": 0.9873568217059845, "avg_time": 3726.2617136188674, "benchmark": 9.772005951737647, "distinct": 821, "entropy": 5.553132739989713, "errors": 681, "exp_cost": 9517311697, "f1-score": 0.9999999999999906, "falsepos": 6.223466652022225e-07, "fullscore": 1.0, "index": 6463.152881576974, "ko": 2326619729, "loss": 2.8374845057799192e-05, "n_docs": 274683389202, "non_null": 8.1507606664033e-08, "precision": 0.999829730268597, "prediction_time": 989.5658152856913, "recall": 0.9999999982871031, "size": 1696836110, "time": 49.47508491005444, "weighted_avg": 7.072857754609841, "x2": 762}, "reports": {"accuracy": 0.9999999880070102, "auc": 0.9999996560412452, "avg_time": 638.652577863003, "benchmark": 5.927575728220935, "distinct": 931, "entropy": 4.822032597583197, "errors": 628, "exp_cost": 13719575, "f1-score": 1.0, "falsepos": 0.0, "fullscore": 0.982250217265306, "index": 342.5887767184404, "ko": 0.9999999999506329, "loss": 8.8662410746565e-13, "meanscore": 0.9999988970630596, "n_docs": 3738384768, "non_null": 3.140842808058153e-09, "precision": 0.9999999999997953, "prediction_time": 1245.1803255062064, "recall": 0.9999990826330802, "size": 59798171051, "time": 291.76810246222624, "weighted_avg": 6.270155019026152, "x2": 1.0176304243714185e-11}, "train": {"accuracy": 0.999999999937702, "auc": 0.9999995243572273, "avg_time": 37.900325922073215, "benchmark": 3.79731814839193, "distinct": 637, "entropy": 4.894911134859146, "errors": 699, "exp_cost": 275733476, "falsepos": 8.881784197001252e-15, "fullscore": 0.9999999999999991, "index": 301.98649270077266, "ko": 1.451163950116907e-07, "loss": 0.0, "meanscore": 0.9999999870492868, "n_docs": 333962732499, "non_null": 4.441910108621272e-07, "precision": 0.9999120023452627, "prediction_time": 317.01547663431114, "recall": 0.9999999999999982, "size": 251674553, "time": 43.173222857884404, "weighted_avg": 5.641235991275579, "x2": 552}, "train_full": {"accuracy": 0.999999999998835, "auc": 0.9999966853221252, "avg_time": 153.4160229814808, "benchmark": 5.712151760812634, "distinct": 542, "entropy": 7.7313428835946985, "errors": 458, "exp_cost": 141908113066, "f1-score": 0.9999999999999989, "falsepos": 7.247577471503064e-08, "fullscore": 0.9999999947876428, "index": 858.9252711627456, "ko": 1691.553058439549, "loss": 0.0, "meanscore": 0.9999999998493736, "n_docs": 49250097803, "non_null": 7.771561172376096e-16, "precision": 0.9999999347685853, "prediction_time": 927.062942046384, "recall": 0.9999990380466134, "size": 23596499, "time": 451.1683603532486, "weighted_avg": 6.508376345579162, "x2": 6.712544005264991}}