{"branch": {"accuracy": 1.0, "auc": 0.9999999999999991, "avg_time": 45527.53236195385, "benchmark": 6.27509297376141, "distinct": 901, "entropy": 10.070103991384737, "errors": 515, "exp_cost": 187777702953, "f1-score": 1.0, "falsepos": 0.0, "fullscore": 1.0, "index": 929.2164324476449, "ko": 5.912336714868688, "loss": 1.1102230246251565e-16, "meanscore": 0.9999999742920458, "n_docs": 1163452129643, "non_null": 1.1356693363495651e-11, "precision": 0.9999999998376873, "prediction_time": 127.26999513853708, "recall": 1.0, "size": 209101364576, "time": 349.2156196730039, "weighted_avg": 7.956263603742345, "x2": 0.9999999999983353}, "brand": {"auc": 1.0, "avg_time": 5872.627787707834, "benchmark": 9.280213094796775, "distinct": 708, "entropy": 4.522589809779719, "errors": 911, "exp_cost": 155281815, "f1-score": 1.0, "falsepos": 7.771561172376096e-16, "fullscore": 1.0, "index": 77.50818999788217, "ko": 101085097654, "loss": 5.575762074272461e-12, "meanscore": 0.9999999999999999, "n_docs": 947047884, "non_null": 0.0, "precision": 0.9960468927951438, "prediction_time": 1801.0072568940027, "recall": 0.9999999999990222, "size": 26949191002, "time": 17585.470193274425, "weighted_avg": 5.011872157938476, "x2": 1101}, "classifier": {"accuracy": 0.999999998443307, "auc": 0.9993621215459166, "avg_time": 17887.187992551626, "benchmark": 11.632123724469013, "distinct": 985, "entropy": 6.899487387240529, "errors": 789, "exp_cost": 139489065428, "f1-score": 1.0, "falsepos": 7.0595320700306274e-09, "fullscore": 1.0, "index": 25782.66694755545, "ko": 62363511297, "loss": 1.1265561761231169e-07, "n_docs": 19167573482521, "non_null": 1.0383915949319089e-11, "precision": 0.9999991616578308, "prediction_time": 4932.66765072816, "recall": 0.999999999999789, "size": 138210270717, "time": 194.391090769045, "weighted_avg": 8.318200227408152, "x2": 933}, "reports": {"accuracy": 0.9999999999803637, "auc": 0.9999999997372337, "avg_time": 3350.581111057924, "benchmark": 7.4143818890339555, "distinct": 1085, "entropy": 6.276474512796281, "errors": 774, "exp_cost": 188760205, "f1-score": 1.0, "falsepos": 0.0, "fullscore": 0.9978437274216028, "index": 1705.7050909691186, "ko": 0.9999999999999984, "loss": 0.0, "meanscore": 0.9999999980047874, "n_docs": 151500905534, "non_null": 2.751132655021138e-13, "precision": 1.0, "prediction_time": 5203.326654646414, "recall": 0.9999999998251548, "size": 2930976046463, "time": 1453.9521871393194, "weighted_avg": 7.602844113687408, "x2": 1.5543122344752192e-15}, "train": {"accuracy": 0.9999999999999998, "auc": 0.9999999998142842, "avg_time": 88.41043465288365, "benchmark": 5.178437325875323, "distinct": 811, "entropy": 6.061904912672124, "errors": 851, "exp_cost": 7463324377, "falsepos": 0.0, "fullscore": 1.0, "index": 1191.4965796807974, "ko": 2.9710178761632733e-10, "loss": 0.0, "meanscore": 0.9999999999995798, "n_docs": 16439750965089, "non_null": 1.2606582444618653e-12, "precision": 0.999999724112031, "prediction_time": 1607.5354414005499, "recall": 1.0, "size": 5865860601, "time": 157.17447813894094, "weighted_avg": 6.816327495051501, "x2": 716}, "train_full": {"accuracy": 1.0, "auc": 0.9999999993340756, "avg_time": 572.0146639916509, "benchmark": 6.674993974415714, "distinct": 689, "entropy": 9.21244812730878, "errors": 549, "exp_cost": 2853378945103, "f1-score": 1.0, "falsepos": 7.30837612650248e-12, "fullscore": 0.9999999999995846, "index": 4660.600216226704, "ko": 8706.162581072527, "loss": 0.0, "meanscore": 0.9999999999999997, "n_docs": 2184445034412, "non_null": 0.0, "precision": 0.9999999999630418, "prediction_time": 4362.53281113772, "recall": 0.9999999961735035, "size": 667855503, "time": 1893.864927822716, "weighted_avg": 7.649761838335339, "x2": 8.189997432971191}}