{"branch": {"accuracy": 1.0, "auc": 0.9999999999999996, "avg_time": 56747.09625198589, "benchmark": 6.515831923813923, "distinct": 906, "entropy": 10.332199042571588, "errors": 543, "exp_cost": 306714584157, "f1-score": 1.0, "falsepos": 0.0, "fullscore": 1.0, "index": 1153.1066269728944, "ko": 5.993335933801981, "loss": 0.0, "meanscore": 0.9999999878311114, "n_docs": 1443887606436, "non_null": 9.154677016454116e-12, "precision": 0.9999999999510272, "prediction_time": 171.45356078104695, "recall": 1.0, "size": 339625140584, "time": 456.2652074670239, "weighted_avg": 8.147919829556315, "x2": 0.9999999999992117}, "brand": {"auc": 1.0, "avg_time": 7549.833476331218, "benchmark": 9.396736684972543, "distinct": 723, "entropy": 4.738988020941363, "errors": 937, "exp_cost": 176163493, "f1-score": 1.0, "falsepos": 2.220446049250313e-16, "fullscore": 0.9999999999999999, "index": 93.38164936599172, "ko": 154103170895, "loss": 1.538325022920617e-12, "meanscore": 0.9999999999999999, "n_docs": 1246929393, "non_null": 0.0, "precision": 0.9967589448715204, "prediction_time": 2491.806739920258, "recall": 0.9999999999996488, "size": 36427765533, "time": 27050.66793216664, "weighted_avg": 5.179687208875514, "x2": 1127}, "classifier": {"accuracy": 0.9999999993051567, "auc": 0.99926961868042, "avg_time": 24257.707767853288, "benchmark": 11.88121629034201, "distinct": 1008, "entropy": 7.013226559566698, "errors": 796, "exp_cost": 185322485186, "f1-score": 1.0, "falsepos": 2.1911159553411608e-09, "fullscore": 1.0, "index": 30703.469038786166, "ko": 79572625015, "loss": 2.252891495579945e-08, "n_docs": 30261282287870, "non_null": 4.068967385251199e-12, "precision": 0.9999995020097399, "prediction_time": 5848.938476049779, "recall": 0.9999999999999181, "size": 268539098899, "time": 232.42362914151715, "weighted_avg": 8.600025004755091, "x2": 959}, "reports": {"accuracy": 0.999999999993483, "auc": 0.999999999793823, "avg_time": 4104.325758167522, "benchmark": 7.332509043632266, "distinct": 1114, "entropy": 6.3862120517942, "errors": 794, "exp_cost": 267984372, "f1-score": 1.0, "falsepos": 0.0, "fullscore": 0.9985414490332174, "index": 1881.6286836084007, "ko": 0.9999999999999998, "loss": 0.0, "meanscore": 0.9999999986223259, "n_docs": 283602149300, "non_null": 6.905587213168474e-14, "precision": 1.0, "prediction_time": 6352.4574020425225, "recall": 0.9999999999455788, "size": 4046713410558, "time": 1565.4093916020283, "weighted_avg": 7.685722417470613, "x2": 1.1102230246251565e-16}, "train": {"accuracy": 1.0, "auc": 0.9999999998840043, "avg_time": 115.5809540260903, "benchmark": 5.259838301143129, "distinct": 826, "entropy": 6.222697442605208, "errors": 869, "exp_cost": 9662365642, "falsepos": 0.0, "fullscore": 1.0, "index": 1193.8720264925562, "ko": 9.603784434375484e-11, "loss": 0.0, "meanscore": 0.9999999999997293, "n_docs": 25992076065321, "non_null": 7.958078640513122e-13, "precision": 0.999999833496604, "prediction_time": 2049.3294768516494, "recall": 1.0, "size": 8553358182, "time": 206.69011870873828, "weighted_avg": 6.870737322976594, "x2": 739}, "train_full": {"accuracy": 1.0, "auc": 0.9999999998270903, "avg_time": 683.1785254471489, "benchmark": 6.932423718836872, "distinct": 712, "entropy": 9.538939337685528, "errors": 572, "exp_cost": 5083820188386, "f1-score": 1.0, "falsepos": 1.6286971771251046e-12, "fullscore": 0.9999999999999661, "index": 5858.583173839453, "ko": 10696.48329167658, "loss": 0.0, "meanscore": 0.9999999999999999, "n_docs": 3391109061672, "non_null": 0.0, "precision": 0.9999999999757054, "prediction_time": 4826.4000519730735, "recall": 0.9999999980868087, "size": 1152173943, "time": 2277.5341053618176, "weighted_avg": 7.767304668323926, "x2": 8.233739700582447}}