{"branch": {"accuracy": 1.0, "auc": 1.0, "avg_time": 82660.67950224444, "benchmark": 6.829081371355117, "distinct": 946, "entropy": 10.721253422008546, "errors": 578, "exp_cost": 734495384792, "f1-score": 1.0, "falsepos": 0.0, "fullscore": 1.0, "index": 1623.4396022228143, "ko": 6.2030344879704495, "loss": 0.0, "meanscore": 0.9999999980750842, "n_docs": 5223626747242, "non_null": 5.004885395010206e-13, "precision": 0.9999999999899767, "prediction_time": 178.2080508417219, "recall": 1.0, "size": 778293727849, "time": 498.52925481126823, "weighted_avg": 8.574099434335656, "x2": 0.9999999999998612}, "brand": {"auc": 1.0, "avg_time": 10351.031612467063, "benchmark": 9.833317623570924, "distinct": 754, "entropy": 5.0101697373154, "errors": 982, "exp_cost": 373302532, "f1-score": 1.0, "falsepos": 0.0, "fullscore": 1.0, "index": 116.96279681990953, "ko": 381080904401, "loss": 1.2434497875801753e-13, "meanscore": 1.0, "n_docs": 2281552966, "non_null": 0.0, "precision": 0.9983460621234523, "prediction_time": 2838.7234369273424, "recall": 0.999999999999963, "size": 95087090445, "time": 37031.41788677133, "weighted_avg": 5.421199882068774, "x2": 1166}, "classifier": {"accuracy": 0.9999999999181504, "auc": 0.9997863116305152, "avg_time": 35735.34225285017, "benchmark": 12.379163792005139, "distinct": 1057, "entropy": 7.3826053358265815, "errors": 821, "exp_cost": 461345699231, "f1-score": 1.0, "falsepos": 1.9627566238966665e-10, "fullscore": 1.0, "index": 44829.14598996002, "ko": 160285332090, "loss": 4.355077409812225e-09, "n_docs": 66941564578644, "non_null": 1.1501910535116622e-13, "precision": 0.9999998757716929, "prediction_time": 8802.40457434346, "recall": 0.999999999999996, "size": 733645223979, "time": 285.8199632860438, "weighted_avg": 8.964298690815838, "x2": 1000}, "reports": {"accuracy": 0.999999999999533, "auc": 0.9999999999640299, "avg_time": 5549.252727660366, "benchmark": 7.800507022671026, "distinct": 1138, "entropy": 6.617125679148648, "errors": 827, "exp_cost": 621286853, "f1-score": 1.0, "falsepos": 0.0, "fullscore": 0.9994986703474391, "index": 2636.2447136172564, "ko": 1.0, "loss": 0.0, "meanscore": 0.9999999996359237, "n_docs": 657799444569, "non_null": 3.1086244689504383e-15, "precision": 1.0, "prediction_time": 8902.223105195102, "recall": 0.9999999999899499, "size": 12460304778725, "time": 2739.587631760648, "weighted_avg": 7.926616816220977, "x2": 0.0}, "train": {"accuracy": 1.0, "auc": 0.9999999999898843, "avg_time": 121.30077806005689, "benchmark": 5.492930158934502, "distinct": 873, "entropy": 6.4048561563975435, "errors": 902, "exp_cost": 16835061417, "falsepos": 0.0, "fullscore": 1.0, "index": 1831.1379960955503, "ko": 9.11559716598731e-12, "loss": 0.0, "meanscore": 0.9999999999999952, "n_docs": 63392201222137, "non_null": 2.6756374893466273e-14, "precision": 0.9999999694010251, "prediction_time": 3284.825073201553, "recall": 1.0, "size": 20281326906, "time": 308.21473426918334, "weighted_avg": 7.200300942674052, "x2": 778}, "train_full": {"accuracy": 1.0, "auc": 0.9999999999859237, "avg_time": 970.1792626869534, "benchmark": 7.122049311928737, "distinct": 739, "entropy": 9.885234935828514, "errors": 586, "exp_cost": 14963787363813, "f1-score": 1.0, "falsepos": 2.462474668618597e-13, "fullscore": 0.9999999999999989, "index": 7508.7385807910705, "ko": 18412.377802389874, "loss": 0.0, "meanscore": 1.0, "n_docs": 7012461881886, "non_null": 0.0, "precision": 0.9999999999972853, "prediction_time": 7404.8840143736425, "recall": 0.9999999996340138, "size": 2654098736, "time": 2810.8289340438705, "weighted_avg": 7.950309781310871, "x2": 8.56361411694441}}