{"branch": {"accuracy": 1.0, "auc": 0.9999999996526246, "avg_time": 5952.670977349438, "benchmark": 4.667217413573953, "distinct": 739, "entropy": 8.089959705782306, "errors": 348, "exp_cost": 4783049596, "f1-score": 0.9999999999909083, "falsepos": 6.595834989298055e-13, "fullscore": 0.9999999999999267, "index": 141.03876268279308, "ko": 4.672549666307723, "loss": 3.606737131178761e-11, "meanscore": 0.9999803380250143, "n_docs": 7428547766, "non_null": 9.886500695888145e-08, "precision": 0.9999991819563987, "prediction_time": 35.12582985679682, "recall": 1.0, "size": 1409091507, "time": 91.76807377147635, "weighted_avg": 5.7789908523219, "x2": 0.9999999788510141}, "brand": {"auc": 1.0, "avg_time": 1051.6359297473653, "benchmark": 6.9907570195251605, "distinct": 571, "entropy": 3.0381018411723577, "errors": 739, "exp_cost": 14208506, "f1-score": 1.0, "falsepos": 5.082656517885198e-11, "fullscore": 0.9999999997778792, "index": 18.85350353790343, "ko": 1817775786, "loss": 3.9415417685262355e-07, "meanscore": 0.9999999999630662, "n_docs": 37153425, "non_null": 2.4338975279647457e-11, "precision": 0.9139186887664565, "prediction_time": 428.51290885590146, "recall": 0.999999926756278, "size": 653730665, "time": 1770.5429281752313, "weighted_avg": 3.695237815773377, "x2": 901}, "classifier": {"accuracy": 0.9999560259594794, "auc": 0.9746397610622479, "avg_time": 3034.2777083524925, "benchmark": 9.30307305733834, "distinct": 779, "entropy": 5.279665794430588, "errors": 671, "exp_cost": 3376715149, "f1-score": 0.9999999999997299, "falsepos": 4.124937407756768e-06, "fullscore": 0.9999999999999993, "index": 4568.524757297476, "ko": 727321907, "loss": 7.415897710982833e-05, "n_docs": 180642610344, "non_null": 2.247545231037762e-07, "precision": 0.999653470277777, "prediction_time": 785.015165765689, "recall": 0.999999991531621, "size": 716467642, "time": 38.452728256708326, "weighted_avg": 6.766694910751702, "x2": 728}, "reports": {"accuracy": 0.9999998950206352, "auc": 0.999998989073461, "avg_time": 465.83122380452204, "benchmark": 5.4533170101309345, "distinct": 896, "entropy": 4.564782776940058, "errors": 600, "exp_cost": 5488144, "f1-score": 1.0, "falsepos": 0.0, "fullscore": 0.9652695408476049, "index": 288.680282924198, "ko": 0.999999999584274, "loss": 2.756650463453525e-11, "meanscore": 0.9999978823599397, "n_docs": 2275447064, "non_null": 2.6716979850682776e-08, "precision": 0.999999999996982, "prediction_time": 811.986823492674, "recall": 0.9999955677111771, "size": 20067007892, "time": 204.58655604074704, "weighted_avg": 6.002135067614361, "x2": 7.24964532849981e-11}, "train": {"accuracy": 0.99999999955626, "auc": 0.9999987187969128, "avg_time": 30.51374664461709, "benchmark": 3.5452045548298745, "distinct": 606, "entropy": 4.652173681645732, "errors": 660, "exp_cost": 153437727, "falsepos": 9.126033262418787e-14, "fullscore": 0.9999999999999816, "index": 236.59347308953807, "ko": 4.336926228143412e-07, "loss": 2.220446049250313e-16, "meanscore": 0.9999998076937968, "n_docs": 144630286184, "non_null": 1.442452030597785e-06, "precision": 0.9997708991895082, "prediction_time": 223.3090729047208, "recall": 0.9999999999999791, "size": 136162200, "time": 23.79882875317441, "weighted_avg": 5.336798639640122, "x2": 513}, "train_full": {"accuracy": 0.9999999999843316, "auc": 0.9999927793973218, "avg_time": 119.80512065449298, "benchmark": 5.36923188683433, "distinct": 529, "entropy": 7.295417847880798, "errors": 413, "exp_cost": 43791090923, "f1-score": 0.9999999999998977, "falsepos": 3.301099299468646e-07, "fullscore": 0.9999999848519718, "index": 670.0816794540368, "ko": 1302.01940064908, "loss": 0.0, "meanscore": 0.9999999947812082, "n_docs": 20529311334, "non_null": 1.3322676295501878e-14, "precision": 0.9999996727404641, "prediction_time": 700.6680015539646, "recall": 0.9999983459789141, "size": 12733761, "time": 304.18890280055786, "weighted_avg": 6.2715993989614605, "x2": 6.36580382401757}}