{"branch": {"accuracy": 0.9999999977983558, "auc": 0.9999745544475854, "avg_time": 312.9949815361194, "benchmark": 2.769255482965103, "distinct": 476, "entropy": 5.372600869948546, "errors": 87, "exp_cost": 33147723, "f1-score": 0.9999956284473501, "falsepos": 1.525988412276469e-05, "fullscore": 0.9999998401645398, "index": 13.486448674141158, "ko": 3.23702405265145, "loss": 8.395216595236121e-07, "meanscore": 0.9958010964914392, "n_docs": 7175644, "non_null": 0.00018646813436529186, "precision": 0.9992420626953881, "prediction_time": 7.1949738957856795, "recall": 0.9999999999975735, "size": 1498875, "time": 17.481979318100873, "weighted_avg": 2.707887572594736, "x2": 0.99901928657748}, "brand": {"auc": 0.9999999999453959, "avg_time": 107.50790496692406, "benchmark": 3.9165119708522242, "distinct": 407, "entropy": 1.2876483235008784, "errors": 502, "exp_cost": 506852, "f1-score": 0.9999999999141457, "falsepos": 1.9563066606664847e-06, "fullscore": 0.9999469047331105, "index": 2.4362762939742524, "ko": 9217180, "loss": 0.0069906725185731045, "meanscore": 0.9999981118492745, "n_docs": 852413, "non_null": 0.000159597191378813, "precision": 0.4403919308172958, "prediction_time": 82.27987093869254, "recall": 0.9978558166125219, "size": 2413519, "time": 82.66561280788858, "weighted_avg": 2.2341279613671126, "x2": 605}, "classifier": {"accuracy": 0.964876933382994, "auc": 0.7510336080950033, "avg_time": 197.24953020166183, "benchmark": 6.045978319057497, "distinct": 522, "entropy": 3.496091326113889, "errors": 468, "exp_cost": 27832513, "f1-score": 0.999998751347533, "falsepos": 0.0018585851973149659, "fullscore": 0.9999998538289014, "index": 722.9346079578293, "ko": 19685260, "loss": 0.02115765654282553, "n_docs": 148404106, "non_null": 0.0017173597149702235, "precision": 0.856558593291335, "prediction_time": 60.20831048411273, "recall": 0.9998602043122855, "size": 807755, "time": 4.220223461271653, "weighted_avg": 4.7845579155117095, "x2": 489}, "reports": {"accuracy": 0.9993685118906874, "auc": 0.997326987912487, "avg_time": 33.72049718562541, "benchmark": 3.504342871427568, "distinct": 603, "entropy": 2.6878821906943386, "errors": 343, "exp_cost": 63460, "f1-score": 0.9999999998397696, "falsepos": 1.8686052705163547e-10, "fullscore": 0.7365309351745504, "index": 16.62282812269206, "ko": 0.9998699271005875, "loss": 0.00024052372067806527, "meanscore": 0.9992294151336384, "n_docs": 19901829, "non_null": 0.0004207116492985774, "precision": 0.9999980779451638, "prediction_time": 60.846625342901056, "recall": 0.9810098013390665, "size": 40238001, "time": 17.094948095895973, "weighted_avg": 3.4562691634347744, "x2": 2.376239600043739e-05}, "train": {"accuracy": 0.9996167290136441, "auc": 0.995314362452913, "avg_time": 7.422355850768211, "benchmark": 1.347729459213652, "distinct": 342, "entropy": 2.6884498872218496, "errors": 429, "exp_cost": 2508710, "falsepos": 1.9731877842765755e-07, "fullscore": 0.9999999787617264, "index": 35.302817546271335, "ko": 0.000633747885968261, "loss": 2.4241854079676273e-08, "meanscore": 0.9974807002566772, "n_docs": 555375287, "non_null": 0.0501380238607434, "precision": 0.8853781062098456, "prediction_time": 10.247227106351836, "recall": 0.9999999547808784, "size": 1078270, "time": 1.7152228876312883, "weighted_avg": 3.117994576376385, "x2": 288}, "train_full": {"accuracy": 0.9999577598826759, "auc": 0.9891584537092675, "avg_time": 10.501500444325929, "benchmark": 3.684618922006723, "distinct": 286, "entropy": 4.317448696180158, "errors": 239, "exp_cost": 92965640, "f1-score": 0.9999988897215788, "falsepos": 0.010215973889594165, "fullscore": 0.9989201502169356, "index": 33.04710929296204, "ko": 110.9468022460212, "loss": 2.706852519906988e-10, "meanscore": 0.9978126445868649, "n_docs": 37648259, "non_null": 6.221730031175099e-08, "precision": 0.9985518206325883, "prediction_time": 91.3350994774205, "recall": 0.9988432210028745, "size": 84520, "time": 24.45654970616742, "weighted_avg": 4.228225174003459, "x2": 4.428946455116712}}