{"branch": {"accuracy": 1.0, "auc": 1.0, "avg_time": 85174.24006608868, "benchmark": 6.904731591067214, "distinct": 942, "entropy": 10.748550876318106, "errors": 587, "exp_cost": 728148181137, "f1-score": 1.0, "falsepos": 0.0, "fullscore": 1.0, "index": 1676.4653370273716, "ko": 6.346910518440935, "loss": 0.0, "meanscore": 0.9999999976546102, "n_docs": 4559981024500, "non_null": 5.362377208939506e-13, "precision": 0.9999999999951554, "prediction_time": 199.32718475120353, "recall": 1.0, "size": 983227265854, "time": 533.2952503417822, "weighted_avg": 8.684017272671756, "x2": 0.9999999999999276}, "brand": {"auc": 1.0, "avg_time": 10994.587678424587, "benchmark": 9.775528661627717, "distinct": 765, "entropy": 5.0824924941071865, "errors": 991, "exp_cost": 503297089, "f1-score": 1.0, "falsepos": 0.0, "fullscore": 1.0, "index": 122.27058005684218, "ko": 379752210648, "loss": 1.5343282200319663e-13, "meanscore": 1.0, "n_docs": 2742652770, "non_null": 0.0, "precision": 0.9988331619475491, "prediction_time": 2877.647228321319, "recall": 0.9999999999999694, "size": 94825258890, "time": 38464.691988938815, "weighted_avg": 5.491385505607942, "x2": 1171}, "classifier": {"accuracy": 0.9999999999482414, "auc": 0.9998382938401296, "avg_time": 38935.731283065135, "benchmark": 12.38289615854443, "distinct": 1063, "entropy": 7.394095926776241, "errors": 816, "exp_cost": 471926523998, "f1-score": 1.0, "falsepos": 2.1906521041614724e-10, "fullscore": 1.0, "index": 44862.72026463099, "ko": 225155150629, "loss": 2.5356096111650572e-09, "n_docs": 60044185359022, "non_null": 1.1168843627729075e-13, "precision": 0.9999999204842764, "prediction_time": 8193.219356430467, "recall": 0.9999999999999986, "size": 822638221150, "time": 282.7906563965539, "weighted_avg": 8.95999758021639, "x2": 1005}, "reports": {"accuracy": 0.999999999999552, "auc": 0.9999999999629966, "avg_time": 6622.516341466083, "benchmark": 7.775975251046592, "distinct": 1154, "entropy": 6.662048408806087, "errors": 835, "exp_cost": 669293517, "f1-score": 1.0, "falsepos": 0.0, "fullscore": 0.9995358705413906, "index": 2737.688303071743, "ko": 1.0, "loss": 0.0, "meanscore": 0.9999999996408544, "n_docs": 709075007603, "non_null": 2.4424906541753444e-15, "precision": 1.0, "prediction_time": 8741.121006886566, "recall": 0.9999999999921444, "size": 14576491970340, "time": 3287.030578263715, "weighted_avg": 7.962219478935198, "x2": 0.0}, "train": {"accuracy": 1.0, "auc": 0.9999999999913464, "avg_time": 127.48909480844625, "benchmark": 5.658572515768288, "distinct": 880, "entropy": 6.488886817275501, "errors": 914, "exp_cost": 20110210324, "falsepos": 0.0, "fullscore": 1.0, "index": 1687.1943763718723, "ko": 5.929812196825424e-12, "loss": 0.0, "meanscore": 0.9999999999999978, "n_docs": 61339619238232, "non_null": 3.5083047578154947e-14, "precision": 0.9999999758153043, "prediction_time": 3595.4566038758353, "recall": 1.0, "size": 17779332739, "time": 326.73265765450293, "weighted_avg": 7.200675710449891, "x2": 786}, "train_full": {"accuracy": 1.0, "auc": 0.9999999999888789, "avg_time": 1007.4115427919882, "benchmark": 7.140832106247586, "distinct": 734, "entropy": 9.952507825339874, "errors": 589, "exp_cost": 16843407925165, "f1-score": 1.0, "falsepos": 1.4599432773820809e-13, "fullscore": 0.9999999999999969, "index": 8327.223984029451, "ko": 19545.691153688178, "loss": 0.0, "meanscore": 1.0, "n_docs": 6493763501811, "non_null": 0.0, "precision": 0.999999999997097, "prediction_time": 7157.167598050808, "recall": 0.9999999996205943, "size": 2545498288, "time": 3150.5604448077383, "weighted_avg": 8.005998392058103, "x2": 8.555561756070595}}