{"branch": {"accuracy": 0.9999999999997833, "auc": 0.9999998749725098, "avg_time": 1072.1664021222753, "benchmark": 3.6541543165449686, "distinct": 594, "entropy": 6.638326387391196, "errors": 212, "exp_cost": 266039164, "f1-score": 0.9999999817518233, "falsepos": 2.3076461075355326e-08, "fullscore": 0.9999999996496404, "index": 42.967363002967026, "ko": 3.849459538638167, "loss": 3.752838706461148e-09, "meanscore": 0.9996773743625591, "n_docs": 159584700, "non_null": 8.65908635705459e-06, "precision": 0.9999529997099998, "prediction_time": 17.388991251812897, "recall": 1.0, "size": 27746524, "time": 33.33212422734333, "weighted_avg": 3.9912940214915005, "x2": 0.9999894340122968}, "brand": {"auc": 0.9999999999999303, "avg_time": 312.0422835349044, "benchmark": 5.355200456433641, "distinct": 482, "entropy": 2.042808396823577, "errors": 594, "exp_cost": 2779333, "f1-score": 0.999999999999982, "falsepos": 2.7429636006992553e-08, "fullscore": 0.9999997276005577, "index": 6.071482086442346, "ko": 115403258, "loss": 0.0001669584387862244, "meanscore": 0.9999999896444847, "n_docs": 5984751, "non_null": 2.0379754739341394e-07, "precision": 0.6771611902859866, "prediction_time": 166.22805490340883, "recall": 0.9999706808950894, "size": 24940829, "time": 295.7932626429414, "weighted_avg": 2.893164673214508, "x2": 724}, "classifier": {"accuracy": 0.9976868013285761, "auc": 0.8956991149595632, "avg_time": 665.0769009556017, "benchmark": 7.435231887134955, "distinct": 653, "entropy": 4.4109237167257955, "errors": 536, "exp_cost": 312209005, "f1-score": 0.9999999982438376, "falsepos": 0.0001624197810908834, "fullscore": 0.9999999999583867, "index": 2057.1866225257186, "ko": 113907899, "loss": 0.0012422346111347071, "n_docs": 2913322115, "non_null": 3.933196426908481e-05, "precision": 0.9845128768693585, "prediction_time": 159.50684493366234, "recall": 0.9999982768239223, "size": 13946981, "time": 10.739862452964408, "weighted_avg": 5.576478543461745, "x2": 619}, "reports": {"accuracy": 0.9999799590764387, "auc": 0.9998423113478602, "avg_time": 117.81809164513069, "benchmark": 4.39198306184552, "distinct": 711, "entropy": 3.6281327558013543, "errors": 449, "exp_cost": 458981, "f1-score": 0.9999999999997414, "falsepos": 1.199040866595169e-14, "fullscore": 0.8789069543457364, "index": 45.9408113320337, "ko": 0.9999989272604451, "loss": 5.794803913383717e-07, "meanscore": 0.9999219689156996, "n_docs": 174020347, "non_null": 5.5004854793150315e-06, "precision": 0.9999999938143296, "prediction_time": 178.49473205624315, "recall": 0.9991584376858176, "size": 727293822, "time": 53.60321005649693, "weighted_avg": 4.580504379974367, "x2": 2.1356187041021713e-07}, "train": {"accuracy": 0.9999981876760506, "auc": 0.9997742719137318, "avg_time": 13.03483128581972, "benchmark": 2.2088980395230378, "distinct": 461, "entropy": 3.583951236685333, "errors": 543, "exp_cost": 24771104, "falsepos": 8.51076098484782e-10, "fullscore": 0.9999999999606766, "index": 85.46097888607018, "ko": 2.2060639823573425e-05, "loss": 1.4288015215413452e-11, "meanscore": 0.999972861008924, "n_docs": 10500202533, "non_null": 0.0018399761952838656, "precision": 0.988549201229224, "prediction_time": 41.202908035467715, "recall": 0.9999999999126463, "size": 13090894, "time": 5.618779097718988, "weighted_avg": 4.060891459861483, "x2": 398}, "train_full": {"accuracy": 0.9999998613287436, "auc": 0.9991365947554482, "avg_time": 28.746427943096883, "benchmark": 4.511655640429696, "distinct": 377, "entropy": 5.594106463505798, "errors": 327, "exp_cost": 1588649058, "f1-score": 0.9999999980473114, "falsepos": 0.0003081132062803249, "fullscore": 0.9999834996059777, "index": 102.3259437443367, "ko": 314.2639528874495, "loss": 8.859579736508749e-14, "meanscore": 0.9999896049672987, "n_docs": 471432383, "non_null": 1.7257972828588208e-10, "precision": 0.9999692161236141, "prediction_time": 264.5519641585851, "recall": 0.9999306502506019, "size": 937641, "time": 65.94986763800605, "weighted_avg": 5.068069326883709, "x2": 5.346835351059577}}