{"branch": {"accuracy": 1.0, "auc": 0.9999999998059791, "avg_time": 8233.294997793662, "benchmark": 4.8694582668425435, "distinct": 767, "entropy": 8.344463673137504, "errors": 384, "exp_cost": 8855857696, "f1-score": 0.9999999999973149, "falsepos": 8.593126210598712e-14, "fullscore": 0.9999999999999876, "index": 182.30081396604143, "ko": 4.98227671352809, "loss": 4.1416869933641465e-12, "meanscore": 0.9999904471342687, "n_docs": 12469923422, "non_null": 1.6792160328904515e-08, "precision": 0.9999994723659463, "prediction_time": 41.67816397964991, "recall": 1.0, "size": 2675666805, "time": 130.28910443854824, "weighted_avg": 6.096668750547029, "x2": 0.9999999934650979}, "brand": {"auc": 1.0, "avg_time": 1376.024469617849, "benchmark": 7.126584550050725, "distinct": 594, "entropy": 3.1616616027176376, "errors": 756, "exp_cost": 24695149, "f1-score": 1.0, "falsepos": 6.945999331264829e-12, "fullscore": 0.9999999999521751, "index": 22.647387371862145, "ko": 3212779668, "loss": 7.98746717656229e-08, "meanscore": 0.9999999999921416, "n_docs": 67441837, "non_null": 2.1619372958525673e-12, "precision": 0.9316906595919768, "prediction_time": 546.8090056862897, "recall": 0.9999999853775183, "size": 895425483, "time": 2662.5854627992067, "weighted_avg": 3.8700961502548363, "x2": 924}, "classifier": {"accuracy": 0.9999824655468763, "auc": 0.9835994159352882, "avg_time": 4118.510869358534, "benchmark": 9.592031092444833, "distinct": 806, "entropy": 5.466605687668026, "errors": 686, "exp_cost": 6622809030, "f1-score": 0.9999999999999835, "falsepos": 1.2234188510040767e-06, "fullscore": 1.0, "index": 5749.884765628337, "ko": 1702128802, "loss": 4.2087010017399784e-05, "n_docs": 259620722651, "non_null": 1.102785387452343e-07, "precision": 0.9998614066186587, "prediction_time": 1048.7301917629243, "recall": 0.9999999973619494, "size": 1540872307, "time": 47.752018066704636, "weighted_avg": 7.07678733702465, "x2": 750}, "reports": {"accuracy": 0.9999999717728184, "auc": 0.9999995713670585, "avg_time": 606.4792535483574, "benchmark": 5.730656441234649, "distinct": 926, "entropy": 4.754561201754055, "errors": 624, "exp_cost": 9720446, "f1-score": 1.0, "falsepos": 0.0, "fullscore": 0.9750808346339691, "index": 361.1483027619212, "ko": 0.9999999999387329, "loss": 1.8030021919912542e-12, "meanscore": 0.9999985461803867, "n_docs": 4326619647, "non_null": 6.181521516879229e-09, "precision": 0.9999999999994433, "prediction_time": 1212.009726954825, "recall": 0.9999986051006734, "size": 39361763565, "time": 244.80053823126073, "weighted_avg": 6.11227721228323, "x2": 1.1190048887499415e-11}, "train": {"accuracy": 0.9999999999081046, "auc": 0.9999996096201245, "avg_time": 41.28930437330747, "benchmark": 3.7497903979534852, "distinct": 627, "entropy": 4.873599430808307, "errors": 691, "exp_cost": 233566539, "falsepos": 1.3322676295501878e-14, "fullscore": 0.9999999999999986, "index": 302.1275708600598, "ko": 1.6427195326240707e-07, "loss": 0.0, "meanscore": 0.9999999643561174, "n_docs": 223901144421, "non_null": 4.088096923204887e-07, "precision": 0.9999277097865693, "prediction_time": 316.84644711132586, "recall": 0.9999999999999978, "size": 239059625, "time": 37.08269996277505, "weighted_avg": 5.481271336107424, "x2": 530}, "train_full": {"accuracy": 0.9999999999977266, "auc": 0.999996298445834, "avg_time": 150.64463278767633, "benchmark": 5.648194190324455, "distinct": 547, "entropy": 7.600113949214768, "errors": 446, "exp_cost": 127122889906, "f1-score": 0.999999999999996, "falsepos": 9.551529323026386e-08, "fullscore": 0.9999999943682241, "index": 845.7953025690575, "ko": 1598.3126708139537, "loss": 0.0, "meanscore": 0.999999999541693, "n_docs": 48539469566, "non_null": 1.5543122344752192e-15, "precision": 0.9999999194284723, "prediction_time": 853.4266770728862, "recall": 0.9999990748644645, "size": 18006129, "time": 441.2965357950023, "weighted_avg": 6.464259173141675, "x2": 6.527783537713296}}