{"branch": {"accuracy": 1.0, "auc": 0.9999999999999962, "avg_time": 35576.072361911414, "benchmark": 6.114193314429359, "distinct": 878, "entropy": 9.925179429563526, "errors": 498, "exp_cost": 111186540444, "f1-score": 1.0, "falsepos": 0.0, "fullscore": 1.0, "index": 714.5934609312004, "ko": 5.874348977889325, "loss": 1.1102230246251565e-16, "meanscore": 0.999999950039612, "n_docs": 538384016131, "non_null": 2.8784308270246584e-11, "precision": 0.9999999991013272, "prediction_time": 134.85037802466385, "recall": 1.0, "size": 109976904195, "time": 318.05646937338696, "weighted_avg": 7.517477671094881, "x2": 0.9999999999965374}, "brand": {"auc": 1.0, "avg_time": 5266.654128387855, "benchmark": 8.956218122332787, "distinct": 699, "entropy": 4.428857160693235, "errors": 905, "exp_cost": 130951853, "f1-score": 1.0, "falsepos": 6.661338147750939e-16, "fullscore": 0.9999999999999976, "index": 66.93575464630884, "ko": 63211190232, "loss": 2.794564579744474e-11, "meanscore": 0.9999999999999997, "n_docs": 464005567, "non_null": 1.1102230246251565e-16, "precision": 0.9937471246285339, "prediction_time": 1858.480470131821, "recall": 0.9999999999945235, "size": 15941577777, "time": 15026.181675628659, "weighted_avg": 4.989125372562429, "x2": 1093}, "classifier": {"accuracy": 0.9999999886315887, "auc": 0.9992292613729423, "avg_time": 13951.688283451565, "benchmark": 11.327091963661779, "distinct": 961, "entropy": 6.73720778901728, "errors": 750, "exp_cost": 118216185378, "f1-score": 1.0, "falsepos": 9.281210910927484e-09, "fullscore": 1.0, "index": 20784.873202236588, "ko": 34564119554, "loss": 1.9053371846933231e-07, "n_docs": 10220531169690, "non_null": 4.946509868375415e-11, "precision": 0.9999985318677517, "prediction_time": 3840.823039805725, "recall": 0.9999999999994762, "size": 65633358487, "time": 149.07645429544428, "weighted_avg": 8.065814299350928, "x2": 918}, "reports": {"accuracy": 0.999999999979478, "auc": 0.9999999980186565, "avg_time": 3068.0309617125185, "benchmark": 7.047719097100335, "distinct": 1059, "entropy": 5.957082497576109, "errors": 751, "exp_cost": 169848042, "f1-score": 1.0, "falsepos": 0.0, "fullscore": 0.9981084524809731, "index": 1072.9469168454505, "ko": 0.9999999999999902, "loss": 0.0, "meanscore": 0.9999999938050053, "n_docs": 132574549952, "non_null": 1.0607070777268746e-12, "precision": 1.0, "prediction_time": 4196.491664033377, "recall": 0.9999999986093064, "size": 2057369170541, "time": 1387.1822993999797, "weighted_avg": 7.408692894747668, "x2": 1.9984014443252818e-15}, "train": {"accuracy": 0.9999999999999993, "auc": 0.9999999993360327, "avg_time": 83.0212879216806, "benchmark": 4.851251454802136, "distinct": 793, "entropy": 5.895630987169071, "errors": 821, "exp_cost": 4323049485, "falsepos": 0.0, "fullscore": 1.0, "index": 853.3105588444506, "ko": 2.7165303340126457e-10, "loss": 0.0, "meanscore": 0.9999999999979077, "n_docs": 9599010721402, "non_null": 2.628530726411782e-11, "precision": 0.9999995000295512, "prediction_time": 1369.4394383303716, "recall": 1.0, "size": 3996806831, "time": 132.47316289534987, "weighted_avg": 6.547898437362317, "x2": 694}, "train_full": {"accuracy": 0.9999999999999999, "auc": 0.9999999980195164, "avg_time": 502.4669225011419, "benchmark": 6.729559385202425, "distinct": 667, "entropy": 9.135334326522651, "errors": 544, "exp_cost": 1905063461451, "f1-score": 1.0, "falsepos": 3.5387026642297315e-11, "fullscore": 0.9999999999986673, "index": 3181.281548590954, "ko": 7529.997147243707, "loss": 0.0, "meanscore": 0.9999999999999987, "n_docs": 1145851648556, "non_null": 0.0, "precision": 0.9999999998611984, "prediction_time": 3364.3086316266194, "recall": 0.9999999941336328, "size": 556284442, "time": 1305.5596055294445, "weighted_avg": 7.377509800005782, "x2": 7.914909898357693}}