{"branch": {"accuracy": 1.0, "auc": 0.9999999999999992, "avg_time": 42670.86141406385, "benchmark": 6.296710559169446, "distinct": 891, "entropy": 10.022901077126898, "errors": 515, "exp_cost": 185659373838, "f1-score": 1.0, "falsepos": 0.0, "fullscore": 1.0, "index": 864.1257931137407, "ko": 5.801889266854058, "loss": 2.220446049250313e-16, "meanscore": 0.9999999697978947, "n_docs": 1011266248630, "non_null": 1.613886801976605e-11, "precision": 0.9999999998443876, "prediction_time": 131.45443648416918, "recall": 1.0, "size": 210003909188, "time": 332.12280264151065, "weighted_avg": 7.873197062898101, "x2": 0.9999999999978424}, "brand": {"auc": 1.0, "avg_time": 5908.779507416718, "benchmark": 9.14195158729594, "distinct": 702, "entropy": 4.559445624872491, "errors": 910, "exp_cost": 204630884, "f1-score": 1.0, "falsepos": 6.661338147750939e-16, "fullscore": 0.9999999999999999, "index": 74.3935637412236, "ko": 90149890520, "loss": 9.077849583150055e-12, "meanscore": 0.9999999999999999, "n_docs": 849387396, "non_null": 0.0, "precision": 0.9955915883579902, "prediction_time": 1741.572350310584, "recall": 0.999999999998713, "size": 22068407281, "time": 16846.67813983935, "weighted_avg": 5.020860517251736, "x2": 1096}, "classifier": {"accuracy": 0.9999999984654682, "auc": 0.9994049716371902, "avg_time": 17966.42972787282, "benchmark": 11.613726133290886, "distinct": 990, "entropy": 6.883304783840688, "errors": 790, "exp_cost": 124531480746, "f1-score": 1.0, "falsepos": 5.727037954983416e-09, "fullscore": 1.0, "index": 25075.839457676364, "ko": 45304948203, "loss": 7.363226273149337e-08, "n_docs": 14054197347979, "non_null": 1.1134093647058307e-11, "precision": 0.999999022340279, "prediction_time": 4540.294708352018, "recall": 0.9999999999998833, "size": 131734840519, "time": 186.4186697711884, "weighted_avg": 8.295599114360192, "x2": 928}, "reports": {"accuracy": 0.9999999999789297, "auc": 0.9999999996917929, "avg_time": 2973.7742495293205, "benchmark": 7.345718472921633, "distinct": 1086, "entropy": 6.265393438513989, "errors": 768, "exp_cost": 181515461, "f1-score": 1.0, "falsepos": 0.0, "fullscore": 0.9977687425198255, "index": 1621.0725957060083, "ko": 0.9999999999999982, "loss": 0.0, "meanscore": 0.9999999964977512, "n_docs": 148632759934, "non_null": 3.164135620181696e-13, "precision": 1.0, "prediction_time": 5399.279902227661, "recall": 0.9999999998061507, "size": 2524253618422, "time": 1562.334367364835, "weighted_avg": 7.499531358647859, "x2": 1.3322676295501878e-15}, "train": {"accuracy": 0.9999999999999998, "auc": 0.9999999997712303, "avg_time": 87.28623951144141, "benchmark": 5.023544827418811, "distinct": 808, "entropy": 6.052691385669654, "errors": 850, "exp_cost": 7502987826, "falsepos": 0.0, "fullscore": 1.0, "index": 1055.520290695378, "ko": 3.567244277746795e-10, "loss": 0.0, "meanscore": 0.9999999999992126, "n_docs": 12619980897412, "non_null": 1.7850165789923267e-12, "precision": 0.9999996832746862, "prediction_time": 1626.6744034882502, "recall": 1.0, "size": 4588910615, "time": 161.53347731284137, "weighted_avg": 6.760859503791976, "x2": 715}, "train_full": {"accuracy": 1.0, "auc": 0.9999999993333171, "avg_time": 577.0906139902062, "benchmark": 6.66736612713074, "distinct": 686, "entropy": 9.18195710492334, "errors": 545, "exp_cost": 3417858343708, "f1-score": 1.0, "falsepos": 9.985234861176195e-12, "fullscore": 0.9999999999995647, "index": 4639.799875421182, "ko": 9262.64969861713, "loss": 0.0, "meanscore": 0.9999999999999998, "n_docs": 1686062745206, "non_null": 0.0, "precision": 0.9999999999453811, "prediction_time": 4205.792567385247, "recall": 0.999999996910604, "size": 667908010, "time": 1860.8153843642747, "weighted_avg": 7.605010720940566, "x2": 8.132674662903183}}