{"branch": {"accuracy": 1.0, "auc": 0.9999999979270142, "avg_time": 4233.066114735273, "benchmark": 4.439042791472952, "distinct": 691, "entropy": 7.662749678977478, "errors": 302, "exp_cost": 2848834820, "f1-score": 0.9999999999559096, "falsepos": 1.4814593995993164e-11, "fullscore": 0.9999999999995287, "index": 106.48534994704086, "ko": 4.565278184679766, "loss": 9.431111447355534e-11, "meanscore": 0.9999579985859289, "n_docs": 3084028801, "non_null": 1.6546301784270412e-07, "precision": 0.9999984686728352, "prediction_time": 33.02994557924325, "recall": 1.0, "size": 572125910, "time": 77.08262474963718, "weighted_avg": 5.410681395574808, "x2": 0.9999997896277442}, "brand": {"auc": 1.0, "avg_time": 763.3939608482594, "benchmark": 6.452991091500685, "distinct": 533, "entropy": 2.816776300911296, "errors": 701, "exp_cost": 6092015, "f1-score": 1.0, "falsepos": 1.1387346621205552e-10, "fullscore": 0.9999999987464472, "index": 14.730619831323422, "ko": 922682398, "loss": 1.5049406922873487e-06, "meanscore": 0.9999999997275609, "n_docs": 25608518, "non_null": 3.0201041667510253e-10, "precision": 0.8773443623307353, "prediction_time": 315.37376010064116, "recall": 0.999999604395591, "size": 244692798, "time": 1101.8209946057245, "weighted_avg": 3.397423189843486, "x2": 873}, "classifier": {"accuracy": 0.9998918395939339, "auc": 0.9728824083967285, "avg_time": 1858.0432151976304, "benchmark": 8.862640387589085, "distinct": 756, "entropy": 5.008998511972238, "errors": 629, "exp_cost": 2240897445, "f1-score": 0.9999999999970139, "falsepos": 1.4117676651270727e-05, "fullscore": 0.9999999999999878, "index": 3431.1953546119316, "ko": 613720400, "loss": 0.00019635105487592064, "n_docs": 42065129800, "non_null": 1.0217955839220139e-06, "precision": 0.9983259362461063, "prediction_time": 465.7201923392542, "recall": 0.9999999704118374, "size": 205362119, "time": 25.95847530187293, "weighted_avg": 6.619459999820431, "x2": 708}, "reports": {"accuracy": 0.9999997553723207, "auc": 0.9999972605978736, "avg_time": 284.02699131778377, "benchmark": 5.306157917995153, "distinct": 861, "entropy": 4.298879404670137, "errors": 569, "exp_cost": 4259237, "f1-score": 1.0, "falsepos": 0.0, "fullscore": 0.9493262967630623, "index": 190.8097301983269, "ko": 0.9999999958392312, "loss": 4.806334219509267e-10, "meanscore": 0.9999950089575768, "n_docs": 1296741918, "non_null": 7.515602651331221e-08, "precision": 0.9999999999837631, "prediction_time": 627.0850325281125, "recall": 0.9999811413223776, "size": 8333747323, "time": 153.17563886662273, "weighted_avg": 5.736174660523458, "x2": 4.808073938988855e-10}, "train": {"accuracy": 0.9999999893845031, "auc": 0.9999911533574061, "avg_time": 23.258468908523312, "benchmark": 3.3217392377822534, "distinct": 568, "entropy": 4.4169628318374405, "errors": 629, "exp_cost": 88747114, "falsepos": 1.2568834861781397e-12, "fullscore": 0.9999999999998648, "index": 187.8521061997797, "ko": 1.950352826352031e-06, "loss": 2.3314683517128287e-15, "meanscore": 0.999999624982039, "n_docs": 65047074135, "non_null": 1.1721042857959496e-05, "precision": 0.9990412395722594, "prediction_time": 132.35477369432726, "recall": 0.9999999999996282, "size": 57402839, "time": 18.799685211679687, "weighted_avg": 5.030687729310739, "x2": 497}, "train_full": {"accuracy": 0.9999999996339253, "auc": 0.9999773304057462, "avg_time": 88.83717958249453, "benchmark": 5.103888893128843, "distinct": 469, "entropy": 7.090337834019225, "errors": 394, "exp_cost": 28390182024, "f1-score": 0.9999999999993038, "falsepos": 2.324993455538049e-06, "fullscore": 0.9999998658808212, "index": 433.11888623264457, "ko": 933.1456661427134, "loss": 0.0, "meanscore": 0.999999985102548, "n_docs": 8368371535, "non_null": 1.4455103780619538e-13, "precision": 0.9999987130295565, "prediction_time": 534.2486108096886, "recall": 0.9999919694077476, "size": 6684856, "time": 210.1779627894389, "weighted_avg": 6.021166734065788, "x2": 6.211544526194154}}