{"branch": {"accuracy": 1.0, "auc": 0.9999999999999991, "avg_time": 41762.71799525942, "benchmark": 6.221488385330071, "distinct": 891, "entropy": 9.99832298529488, "errors": 512, "exp_cost": 178080097098, "f1-score": 1.0, "falsepos": 0.0, "fullscore": 1.0, "index": 822.2497220786071, "ko": 5.800306486325423, "loss": 2.220446049250313e-16, "meanscore": 0.9999999667345376, "n_docs": 1061836759883, "non_null": 1.1338485705891799e-11, "precision": 0.9999999997799713, "prediction_time": 129.8545840962834, "recall": 1.0, "size": 198582871962, "time": 301.40877332857673, "weighted_avg": 7.769685866421724, "x2": 0.9999999999985367}, "brand": {"auc": 1.0, "avg_time": 5730.938639641102, "benchmark": 9.144043503950945, "distinct": 698, "entropy": 4.51473098615386, "errors": 920, "exp_cost": 188153663, "f1-score": 1.0, "falsepos": 4.440892098500626e-16, "fullscore": 0.9999999999999999, "index": 72.0616778331904, "ko": 86628545755, "loss": 9.872991313386592e-12, "meanscore": 0.9999999999999999, "n_docs": 702960959, "non_null": 0.0, "precision": 0.9952361557052619, "prediction_time": 1680.6427352608764, "recall": 0.9999999999985124, "size": 18815309873, "time": 15520.212304656956, "weighted_avg": 5.000073779746742, "x2": 1099}, "classifier": {"accuracy": 0.9999999979092338, "auc": 0.9994901510760392, "avg_time": 16556.14144620702, "benchmark": 11.460036624045133, "distinct": 981, "entropy": 6.861794346210874, "errors": 784, "exp_cost": 136831138493, "f1-score": 1.0, "falsepos": 4.598081915219154e-09, "fullscore": 1.0, "index": 23024.902633952148, "ko": 34532097863, "loss": 8.302784870739544e-08, "n_docs": 13480454967762, "non_null": 1.6013856907193258e-11, "precision": 0.9999992383777977, "prediction_time": 4523.980807281812, "recall": 0.999999999999847, "size": 109298283345, "time": 171.18206651136373, "weighted_avg": 8.236605582266712, "x2": 925}, "reports": {"accuracy": 0.9999999999841522, "auc": 0.9999999996459542, "avg_time": 2901.575441866171, "benchmark": 7.30905897034007, "distinct": 1086, "entropy": 6.210394178704945, "errors": 764, "exp_cost": 200001672, "f1-score": 1.0, "falsepos": 0.0, "fullscore": 0.9979658335318938, "index": 1528.0780929825078, "ko": 0.9999999999999973, "loss": 0.0, "meanscore": 0.9999999958735073, "n_docs": 156224476229, "non_null": 4.548583731889266e-13, "precision": 1.0, "prediction_time": 5205.975454430028, "recall": 0.9999999997288795, "size": 2493157131582, "time": 1563.6887765679244, "weighted_avg": 7.513974261263161, "x2": 1.3322676295501878e-15}, "train": {"accuracy": 0.9999999999999998, "auc": 0.999999999755203, "avg_time": 82.91576479158803, "benchmark": 4.987209702211961, "distinct": 806, "entropy": 6.026130625183984, "errors": 846, "exp_cost": 8807259402, "falsepos": 0.0, "fullscore": 1.0, "index": 995.052558907323, "ko": 3.6319502960679984e-10, "loss": 0.0, "meanscore": 0.9999999999993305, "n_docs": 11063756052946, "non_null": 2.0681234502717416e-12, "precision": 0.9999997396381397, "prediction_time": 1623.7717380247952, "recall": 1.0, "size": 4799044014, "time": 168.48258900511055, "weighted_avg": 6.785869758787984, "x2": 707}, "train_full": {"accuracy": 1.0, "auc": 0.9999999992918018, "avg_time": 593.7515305382598, "benchmark": 6.640118993022454, "distinct": 680, "entropy": 9.184979512368265, "errors": 543, "exp_cost": 3249738572228, "f1-score": 1.0, "falsepos": 1.2412959549124025e-11, "fullscore": 0.9999999999994535, "index": 4556.56813132692, "ko": 8776.013562948578, "loss": 0.0, "meanscore": 0.9999999999999998, "n_docs": 1528845562365, "non_null": 0.0, "precision": 0.9999999999375488, "prediction_time": 4157.300105120766, "recall": 0.9999999967187436, "size": 631192247, "time": 1812.0413181467256, "weighted_avg": 7.584384052222366, "x2": 8.118680826003196}}