{"branch": {"accuracy": 0.9999619477622467, "auc": 0.996439955265872, "avg_time": 59.90967112644622, "benchmark": 1.5553677472784215, "distinct": 340, "entropy": 3.8296800408794955, "errors": -58, "exp_cost": 1359612, "f1-score": 0.9982025296103594, "falsepos": 0.013931991190083703, "fullscore": 0.9995438097826909, "index": 3.214656832414804, "ko": 2.3453917663279507, "loss": 0.0002667469910997422, "meanscore": 0.9423194328405258, "n_docs": 134451, "non_null": 0.004404186494232354, "precision": 0.9855239914580398, "prediction_time": 2.796438434488982, "recall": 0.9999998398536326, "size": 24980, "time": 6.206720223426974, "weighted_avg": 1.3090442995033797, "x2": 0.9742440557920548}, "brand": {"auc": 0.9999998983632323, "avg_time": 29.597239593834793, "benchmark": 2.303579668654746, "distinct": 304, "entropy": 0.11870218124745555, "errors": 326, "exp_cost": 86029, "f1-score": 0.9999992699739525, "falsepos": 0.0005043855229872607, "fullscore": 0.9920746147161996, "index": 0.7749354359241585, "ko": 325844, "loss": 0.14636518245663466, "meanscore": 0.9996495159752327, "n_docs": 130667, "non_null": 0.017043336443356205, "precision": 0.1528033090727462, "prediction_time": 22.851745758197996, "recall": 0.9575408202180765, "size": 98208, "time": 13.28016856658589, "weighted_avg": 1.0916945191488332, "x2": 428}, "classifier": {"accuracy": 0.6273960429767222, "auc": 0.45757993634124405, "avg_time": 38.14522679145608, "benchmark": 4.161324121475287, "distinct": 378, "entropy": 2.304955878096369, "errors": 387, "exp_cost": 1787601, "f1-score": 0.9995633611358306, "falsepos": 0.049945997250086194, "fullscore": 0.9988536612321993, "index": 181.6129648184679, "ko": 761774, "loss": 0.17635305823120817, "n_docs": 2862061, "non_null": 0.05814986849258175, "precision": 0.4257701328229229, "prediction_time": 11.913468235806302, "recall": 0.9868819186437345, "size": 10416, "time": 1.0929002641012042, "weighted_avg": 3.419620933249419, "x2": 328}, "reports": {"accuracy": 0.9770157560772081, "auc": 0.9450891982791998, "avg_time": 6.533271484352355, "benchmark": 2.294489952469277, "distinct": 446, "entropy": 1.3833251151259298, "errors": 202, "exp_cost": 3540, "f1-score": 0.9999987106988204, "falsepos": 3.0451479540172244e-06, "fullscore": 0.35214881534821674, "index": 3.9099540604757705, "ko": 0.983549256251132, "loss": 0.04412923203350738, "meanscore": 0.9877827422408907, "n_docs": 763635, "non_null": 0.026191101804292516, "precision": 0.9994086251048951, "prediction_time": 13.590971548822408, "recall": 0.7536758050275995, "size": 839579, "time": 3.243941277210105, "weighted_avg": 2.1606574981100968, "x2": 0.003206506486132521}, "train": {"accuracy": 0.9713117803770924, "auc": 0.9017300225757776, "avg_time": 3.307706483813348, "benchmark": -0.07028994354122652, "distinct": 182, "entropy": 1.6069008227355992, "errors": 287, "exp_cost": 109960, "falsepos": 0.00015599703808499843, "fullscore": 0.9999458873920715, "index": 12.896927254711692, "ko": 0.023420461640399903, "loss": 4.5722848857288056e-05, "meanscore": 0.894044116080782, "n_docs": 17124749, "non_null": 0.5795738023156012, "precision": 0.5451066740944611, "prediction_time": 1.8837796794048312, "recall": 0.9999141523971218, "size": 65489, "time": 0.4430924343920622, "weighted_avg": 2.04127929919012, "x2": 121}, "train_full": {"accuracy": 0.9935182972116439, "auc": 0.7969623047801457, "avg_time": 2.819435660708276, "benchmark": 2.471940926166672, "distinct": 134, "entropy": 2.9170209898203012, "errors": 127, "exp_cost": 4315566, "f1-score": 0.9991862200343696, "falsepos": 0.1874902453802918, "fullscore": 0.9229290633931176, "index": 7.336535006488753, "ko": 21.138181027603878, "loss": 1.3617507657048833e-06, "meanscore": 0.846205009035144, "n_docs": 1329347, "non_null": 6.343167815914263e-05, "precision": 0.9766697863305598, "prediction_time": 22.665974216670953, "recall": 0.9774073286249114, "size": 3316, "time": 4.950968409383356, "weighted_avg": 3.1239563056283233, "x2": 3.200092765096534}}