{"branch": {"accuracy": 0.9999999983081285, "auc": 0.9999827615941712, "avg_time": 330.5006827484952, "benchmark": 2.7963139408484876, "distinct": 484, "entropy": 5.41620672568129, "errors": 87, "exp_cost": 30258951, "f1-score": 0.9999968518391819, "falsepos": 1.3353330833409949e-05, "fullscore": 0.9999998265218188, "index": 13.27915159627083, "ko": 3.1702419343277803, "loss": 5.54200224378576e-07, "meanscore": 0.9964034649985236, "n_docs": 6930492, "non_null": 0.000173729310318671, "precision": 0.9993834459220353, "prediction_time": 7.877940345567146, "recall": 0.9999999999973573, "size": 1522505, "time": 17.816948952127465, "weighted_avg": 2.7730343294727, "x2": 0.9993167709529968}, "brand": {"auc": 0.9999999999564841, "avg_time": 117.65283773541815, "benchmark": 3.9814806898838007, "distinct": 410, "entropy": 1.3267307130857278, "errors": 501, "exp_cost": 710699, "f1-score": 0.999999999954914, "falsepos": 1.950027859631831e-06, "fullscore": 0.9999497950222946, "index": 2.534456112143791, "ko": 10264370, "loss": 0.005924748061803542, "meanscore": 0.9999986613335332, "n_docs": 842411, "non_null": 0.00013383976281822196, "precision": 0.4590679544181939, "prediction_time": 80.74367471604006, "recall": 0.9980504303617831, "size": 3172578, "time": 85.27047693498037, "weighted_avg": 2.277022506536056, "x2": 608}, "classifier": {"accuracy": 0.9622370872633574, "auc": 0.75481450017854, "avg_time": 202.14828414762133, "benchmark": 6.140887153426382, "distinct": 516, "entropy": 3.4952621478434405, "errors": 478, "exp_cost": 30686346, "f1-score": 0.9999988927380873, "falsepos": 0.0023800937378420928, "fullscore": 0.9999997922444044, "index": 729.6573857887622, "ko": 15850281, "loss": 0.01682430244051858, "n_docs": 124509895, "non_null": 0.0016292714220444982, "precision": 0.8670641105069974, "prediction_time": 66.36086355693993, "recall": 0.9999026460224408, "size": 941165, "time": 4.441462545946689, "weighted_avg": 4.7495276404752955, "x2": 500}, "reports": {"accuracy": 0.9994575644021757, "auc": 0.9975322584430626, "avg_time": 38.43853707598513, "benchmark": 3.475017237178821, "distinct": 599, "entropy": 2.713280200699651, "errors": 346, "exp_cost": 70803, "f1-score": 0.9999999996901973, "falsepos": 2.0623047713996812e-10, "fullscore": 0.7273245032365997, "index": 15.64556671149093, "ko": 0.9998857177499478, "loss": 0.00019276309145899173, "meanscore": 0.999318717988041, "n_docs": 19398632, "non_null": 0.0003874958252398919, "precision": 0.999998864112275, "prediction_time": 65.88205003684494, "recall": 0.9846251762830394, "size": 42281648, "time": 16.62777403869127, "weighted_avg": 3.5296686896614546, "x2": 1.4233002094021785e-05}, "train": {"accuracy": 0.9997349954234329, "auc": 0.9956003891723909, "avg_time": 8.092386387333736, "benchmark": 1.2457551937208289, "distinct": 343, "entropy": 2.7199172633363804, "errors": 429, "exp_cost": 2593410, "falsepos": 1.5895450866665328e-07, "fullscore": 0.9999999677316287, "index": 39.25427994606313, "ko": 0.0007172556483544534, "loss": 2.0469704153924795e-08, "meanscore": 0.9981389293252586, "n_docs": 678688364, "non_null": 0.053855873652238095, "precision": 0.8959642590744945, "prediction_time": 11.440741619493854, "recall": 0.9999999540669285, "size": 1384047, "time": 1.8057425922273185, "weighted_avg": 3.139044765045422, "x2": 297}, "train_full": {"accuracy": 0.9999677480985133, "auc": 0.9896509298315144, "avg_time": 10.493972179452458, "benchmark": 3.683592357490846, "distinct": 284, "entropy": 4.400725523342572, "errors": 242, "exp_cost": 149843919, "f1-score": 0.9999992773433694, "falsepos": 0.009464782814552763, "fullscore": 0.9990663208587137, "index": 31.82402003420908, "ko": 103.17480004483238, "loss": 1.8657619893502897e-10, "meanscore": 0.998309494033709, "n_docs": 39555936, "non_null": 4.629694183577726e-08, "precision": 0.9986272725563197, "prediction_time": 98.74076138989685, "recall": 0.9989363641411838, "size": 88999, "time": 24.87397053837695, "weighted_avg": 4.294709741208698, "x2": 4.491465599598424}}