{"branch": {"accuracy": 0.9999999998591791, "auc": 0.9999937063891957, "avg_time": 420.9842078470332, "benchmark": 3.0850563801686595, "distinct": 483, "entropy": 5.697275960490683, "errors": 122, "exp_cost": 62512105, "f1-score": 0.9999991457554253, "falsepos": 4.658046228289692e-06, "fullscore": 0.9999998826685181, "index": 17.621546623745612, "ko": 3.4544629051910456, "loss": 2.4532936870880206e-07, "meanscore": 0.9975294963478104, "n_docs": 19068444, "non_null": 6.297476870287255e-05, "precision": 0.9994510125357738, "prediction_time": 10.49284170206714, "recall": 0.9999999999999107, "size": 2860109, "time": 22.623559070896405, "weighted_avg": 3.197614092208168, "x2": 0.9995433035130674}, "brand": {"auc": 0.999999999994422, "avg_time": 144.29512101985677, "benchmark": 4.202841005053562, "distinct": 413, "entropy": 1.4068954022405344, "errors": 520, "exp_cost": 758064, "f1-score": 0.9999999999934799, "falsepos": 1.978132134095034e-06, "fullscore": 0.9999633002975166, "index": 3.1549418729109915, "ko": 14327886, "loss": 0.002890145064151417, "meanscore": 0.9999995105966737, "n_docs": 1316116, "non_null": 1.9726364674177432e-05, "precision": 0.4678096225845799, "prediction_time": 84.60194304784599, "recall": 0.9993643462579582, "size": 4266435, "time": 122.01560780323202, "weighted_avg": 2.3878297537852085, "x2": 620}, "classifier": {"accuracy": 0.9824063643529315, "auc": 0.8513297796387345, "avg_time": 291.1047276922431, "benchmark": 6.377999285208202, "distinct": 559, "entropy": 3.6778378874643494, "errors": 491, "exp_cost": 52917763, "f1-score": 0.9999997843036902, "falsepos": 0.0013338728018961188, "fullscore": 0.9999999643586178, "index": 948.7087010313242, "ko": 36278355, "loss": 0.008252727394255643, "n_docs": 325166381, "non_null": 0.0007334274015380338, "precision": 0.9136019424542199, "prediction_time": 67.19089150336669, "recall": 0.9999503865907643, "size": 1245556, "time": 4.846653272348346, "weighted_avg": 4.938042929121113, "x2": 529}, "reports": {"accuracy": 0.9994350119533167, "auc": 0.9979424774891361, "avg_time": 43.66376615387159, "benchmark": 3.945452713374559, "distinct": 628, "entropy": 3.019250928354835, "errors": 367, "exp_cost": 73416, "f1-score": 0.9999999998947243, "falsepos": 2.1279311646082988e-11, "fullscore": 0.7467908792972942, "index": 18.850612712741906, "ko": 0.9999377608087135, "loss": 8.231185614915315e-05, "meanscore": 0.9996213937198533, "n_docs": 36919354, "non_null": 0.00013852333121189275, "precision": 0.9999998170740415, "prediction_time": 75.53177936495273, "recall": 0.9874130855924033, "size": 71359756, "time": 25.502270420759135, "weighted_avg": 3.629555062433665, "x2": 1.4073949156867549e-05}, "train": {"accuracy": 0.9998658412205892, "auc": 0.9974945037794781, "avg_time": 8.432565147409763, "benchmark": 1.4613300548692685, "distinct": 367, "entropy": 2.8709038450360125, "errors": 463, "exp_cost": 4981593, "falsepos": 8.795649975024133e-08, "fullscore": 0.999999995429137, "index": 46.81797972834051, "ko": 0.0003999686978528594, "loss": 1.0482388956845057e-08, "meanscore": 0.9989880583852413, "n_docs": 1371654031, "non_null": 0.03375762118164927, "precision": 0.9447298490924823, "prediction_time": 15.368780939243711, "recall": 0.9999999797042409, "size": 1904561, "time": 2.0720228592556893, "weighted_avg": 3.3412492955087747, "x2": 310}, "train_full": {"accuracy": 0.9999919679674418, "auc": 0.9913140751476704, "avg_time": 12.755721485038181, "benchmark": 3.9631917025047976, "distinct": 299, "entropy": 4.74852528830759, "errors": 264, "exp_cost": 215350668, "f1-score": 0.9999997457653182, "falsepos": 0.005160296062143743, "fullscore": 0.9996353303792607, "index": 46.796133552947495, "ko": 131.0013520601554, "loss": 9.831702119100783e-11, "meanscore": 0.999433403004237, "n_docs": 58774781, "non_null": 2.111460883913452e-08, "precision": 0.9994198117790409, "prediction_time": 117.41149234049257, "recall": 0.9992277859988016, "size": 203284, "time": 28.052017489935825, "weighted_avg": 4.329759999962841, "x2": 4.602344693248036}}