{"branch": {"accuracy": 1.0, "auc": 0.9999999999989136, "avg_time": 14761.428337376497, "benchmark": 5.428348296067379, "distinct": 813, "entropy": 9.066491532243647, "errors": 434, "exp_cost": 29631979940, "f1-score": 0.9999999999999876, "falsepos": 1.1102230246251565e-16, "fullscore": 0.9999999999999999, "index": 330.1409941751012, "ko": 5.358763423695726, "loss": 5.029310301551959e-14, "meanscore": 0.999999166871989, "n_docs": 46536794848, "non_null": 1.1539873501220654e-09, "precision": 0.999999977543482, "prediction_time": 77.43890370855203, "recall": 1.0, "size": 12172645870, "time": 152.4243705751686, "weighted_avg": 6.809229153916517, "x2": 0.9999999995464859}, "brand": {"auc": 1.0, "avg_time": 2518.272428574142, "benchmark": 8.094686577913027, "distinct": 631, "entropy": 3.730394428698037, "errors": 835, "exp_cost": 36193051, "f1-score": 1.0, "falsepos": 2.0738966099997924e-13, "fullscore": 0.9999999999998691, "index": 37.4083831335314, "ko": 12865897167, "loss": 3.5878732207450525e-09, "meanscore": 0.9999999999997973, "n_docs": 143553547, "non_null": 2.0528023725319144e-13, "precision": 0.9691446411022151, "prediction_time": 800.1800732261104, "recall": 0.9999999986222567, "size": 2403885452, "time": 5119.593900493151, "weighted_avg": 4.239038916266948, "x2": 1004}, "classifier": {"accuracy": 0.9999995118379719, "auc": 0.9954856640103329, "avg_time": 7092.6588543126645, "benchmark": 10.360600618740055, "distinct": 881, "entropy": 6.079191918066758, "errors": 698, "exp_cost": 25040559912, "f1-score": 0.9999999999999998, "falsepos": 1.1069834926491495e-07, "fullscore": 1.0, "index": 10196.616060810706, "ko": 9128963309, "loss": 4.541069525076935e-06, "n_docs": 1111637493891, "non_null": 3.1695908120354943e-09, "precision": 0.9999766235865938, "prediction_time": 1584.3358963312128, "recall": 0.9999999999454614, "size": 7424605185, "time": 76.42781018097529, "weighted_avg": 7.581295910513079, "x2": 833}, "reports": {"accuracy": 0.9999999974591127, "auc": 0.999999937102996, "avg_time": 1180.7856147271666, "benchmark": 6.535207010903035, "distinct": 983, "entropy": 5.396605144855499, "errors": 678, "exp_cost": 27575412, "f1-score": 1.0, "falsepos": 0.0, "fullscore": 0.9921349814212401, "index": 487.6686115890087, "ko": 0.9999999999980091, "loss": 1.3322676295501878e-14, "meanscore": 0.9999999038353458, "n_docs": 14817475367, "non_null": 1.4420054039732122e-10, "precision": 0.9999999999999994, "prediction_time": 1980.2524718431434, "recall": 0.9999998985372403, "size": 251557096445, "time": 556.1849905503075, "weighted_avg": 6.671013863282023, "x2": 7.259748358023899e-13}, "train": {"accuracy": 0.9999999999990353, "auc": 0.9999999489139576, "avg_time": 43.08631767968334, "benchmark": 4.18807510706088, "distinct": 697, "entropy": 5.31800903370824, "errors": 752, "exp_cost": 1216324149, "falsepos": 3.3306690738754696e-16, "fullscore": 1.0, "index": 504.89143341588147, "ko": 1.1669129329483496e-08, "loss": 0.0, "meanscore": 0.9999999997864987, "n_docs": 1498865250508, "non_null": 2.2325220117025424e-08, "precision": 0.9999763008831059, "prediction_time": 596.3426350837985, "recall": 1.0, "size": 835326933, "time": 61.327685558183724, "weighted_avg": 6.008690834480106, "x2": 612}, "train_full": {"accuracy": 0.9999999999999049, "auc": 0.9999998450066373, "avg_time": 267.8361588189957, "benchmark": 6.023873290393301, "distinct": 590, "entropy": 8.211088381124329, "errors": 483, "exp_cost": 280395344197, "f1-score": 1.0, "falsepos": 4.729291513960732e-09, "fullscore": 0.9999999998905181, "index": 1498.4889006129226, "ko": 3434.245932707337, "loss": 0.0, "meanscore": 0.999999999999068, "n_docs": 126489435328, "non_null": 0.0, "precision": 0.9999999903404221, "prediction_time": 1638.862053447915, "recall": 0.9999997969439831, "size": 92145909, "time": 703.8815581294155, "weighted_avg": 6.8823095596552415, "x2": 7.1645823132164175}}