{"branch": {"accuracy": 1.0, "auc": 1.0, "avg_time": 68423.18700359928, "benchmark": 6.572178224068082, "distinct": 929, "entropy": 10.517151883043285, "errors": 551, "exp_cost": 503485737746, "f1-score": 1.0, "falsepos": 0.0, "fullscore": 1.0, "index": 1314.0544386357005, "ko": 6.1921780805838464, "loss": 0.0, "meanscore": 0.9999999940904639, "n_docs": 3011103346182, "non_null": 2.3709922913894843e-12, "precision": 0.9999999999664341, "prediction_time": 183.71085267395844, "recall": 1.0, "size": 580373813752, "time": 454.1108706484272, "weighted_avg": 8.144326915847282, "x2": 0.9999999999996534}, "brand": {"auc": 1.0, "avg_time": 9020.283891517278, "benchmark": 9.540779822734592, "distinct": 732, "entropy": 4.872009835342589, "errors": 964, "exp_cost": 272838341, "f1-score": 1.0, "falsepos": 0.0, "fullscore": 1.0, "index": 105.18350757587497, "ko": 210425412878, "loss": 5.513367540288527e-13, "meanscore": 1.0, "n_docs": 1101367794, "non_null": 0.0, "precision": 0.9980000503179365, "prediction_time": 2838.787148332963, "recall": 0.9999999999998811, "size": 50440324243, "time": 29305.935072973843, "weighted_avg": 5.3465750358740545, "x2": 1159}, "classifier": {"accuracy": 0.9999999998978886, "auc": 0.9997387681276892, "avg_time": 24033.601880029826, "benchmark": 12.018801865742333, "distinct": 1029, "entropy": 7.204083128248232, "errors": 806, "exp_cost": 321229830545, "f1-score": 1.0, "falsepos": 4.253761787254007e-10, "fullscore": 1.0, "index": 36798.27572870191, "ko": 141428290798, "loss": 1.8287159231356043e-08, "n_docs": 37793179848886, "non_null": 5.406786129924512e-13, "precision": 0.9999999184170939, "prediction_time": 6742.719302993754, "recall": 0.9999999999999879, "size": 402957953469, "time": 263.3036452386712, "weighted_avg": 8.704823017246017, "x2": 981}, "reports": {"accuracy": 0.9999999999987617, "auc": 0.9999999999113494, "avg_time": 5394.526241461563, "benchmark": 7.691001612370686, "distinct": 1128, "entropy": 6.590757070081197, "errors": 808, "exp_cost": 469575441, "f1-score": 1.0, "falsepos": 0.0, "fullscore": 0.9989466483733611, "index": 2039.431255997935, "ko": 0.9999999999999999, "loss": 0.0, "meanscore": 0.9999999988632818, "n_docs": 426549159824, "non_null": 1.9095836023552692e-14, "precision": 1.0, "prediction_time": 6629.450522411876, "recall": 0.9999999999791289, "size": 7246185524585, "time": 2388.768647281911, "weighted_avg": 7.820860329951928, "x2": 0.0}, "train": {"accuracy": 1.0, "auc": 0.9999999999598479, "avg_time": 105.73855327664972, "benchmark": 5.276071158963924, "distinct": 848, "entropy": 6.357232264575966, "errors": 884, "exp_cost": 17751452288, "falsepos": 0.0, "fullscore": 1.0, "index": 1333.4311333906446, "ko": 3.9814818109107364e-11, "loss": 0.0, "meanscore": 0.9999999999999599, "n_docs": 37600008677531, "non_null": 1.6919798895287386e-13, "precision": 0.9999999577108252, "prediction_time": 2811.9783092279476, "recall": 1.0, "size": 11317452853, "time": 243.67257783228936, "weighted_avg": 7.001627758932816, "x2": 753}, "train_full": {"accuracy": 1.0, "auc": 0.9999999999357516, "avg_time": 790.5666593480898, "benchmark": 7.096103827124482, "distinct": 725, "entropy": 9.736609581405226, "errors": 589, "exp_cost": 8441994948747, "f1-score": 1.0, "falsepos": 5.631051180898794e-13, "fullscore": 0.9999999999999919, "index": 6793.682706914746, "ko": 13730.758871897682, "loss": 0.0, "meanscore": 1.0, "n_docs": 3383190244560, "non_null": 0.0, "precision": 0.9999999999909297, "prediction_time": 6204.867275146678, "recall": 0.9999999992965906, "size": 1875489521, "time": 2636.0003706815437, "weighted_avg": 7.904439172350263, "x2": 8.539672457707216}}