{"branch": {"accuracy": 0.9999999999999947, "auc": 0.9999999675584196, "avg_time": 1815.0511491989319, "benchmark": 3.9817590056687737, "distinct": 621, "entropy": 7.103152153731844, "errors": 246, "exp_cost": 666185612, "f1-score": 0.9999999972716641, "falsepos": 1.621097367454638e-09, "fullscore": 0.9999999998607363, "index": 60.568384463299424, "ko": 4.140534355484487, "loss": 8.537772711036951e-10, "meanscore": 0.9998492541316419, "n_docs": 331289596, "non_null": 1.9398113811908146e-06, "precision": 0.9999868454047888, "prediction_time": 19.926055075651945, "recall": 1.0, "size": 71828196, "time": 46.191988827327904, "weighted_avg": 4.54577596000354, "x2": 0.999997937375442}, "brand": {"auc": 0.9999999999999929, "avg_time": 498.7058240842785, "benchmark": 5.841252790042317, "distinct": 496, "entropy": 2.348625958547074, "errors": 641, "exp_cost": 4186554, "f1-score": 0.9999999999999998, "falsepos": 3.0452741439646047e-09, "fullscore": 0.9999999781950888, "index": 8.910155028713579, "ko": 258478687, "loss": 2.9793125712829216e-05, "meanscore": 0.9999999973368426, "n_docs": 11727770, "non_null": 1.6185160989223846e-08, "precision": 0.7689456632569882, "prediction_time": 217.00517717369843, "recall": 0.9999934617137173, "size": 58843915, "time": 516.1335512902384, "weighted_avg": 3.134787092188679, "x2": 787}, "classifier": {"accuracy": 0.9994013169710045, "auc": 0.936732861532179, "avg_time": 983.014544049326, "benchmark": 8.095943331890393, "distinct": 694, "entropy": 4.622742870209403, "errors": 577, "exp_cost": 681803686, "f1-score": 0.9999999998914297, "falsepos": 7.756794169133663e-05, "fullscore": 0.9999999999972886, "index": 2387.157948697705, "ko": 255837734, "loss": 0.0008849592499642345, "n_docs": 6622310658, "non_null": 1.1431709949993873e-05, "precision": 0.9929918588023244, "prediction_time": 237.44747497358756, "recall": 0.9999994796911049, "size": 39000929, "time": 14.900940694549412, "weighted_avg": 5.985935601595025, "x2": 652}, "reports": {"accuracy": 0.999996744358695, "auc": 0.9999493512353268, "avg_time": 186.05957380854395, "benchmark": 4.868634362733399, "distinct": 771, "entropy": 3.8116811136382482, "errors": 495, "exp_cost": 1177246, "f1-score": 0.9999999999999871, "falsepos": 4.440892098500626e-16, "fullscore": 0.8997274782433, "index": 67.28772559083507, "ko": 0.9999998595816947, "loss": 4.031722267150428e-08, "meanscore": 0.9999688990603557, "n_docs": 306195511, "non_null": 1.048872108611043e-06, "precision": 0.999999999746026, "prediction_time": 309.02072821439776, "recall": 0.9997148330872226, "size": 1634645301, "time": 77.92979614130397, "weighted_avg": 5.028766321428897, "x2": 4.329607006248182e-08}, "train": {"accuracy": 0.9999997653184578, "auc": 0.9999296951970771, "avg_time": 16.778518005877505, "benchmark": 2.580558689454389, "distinct": 503, "entropy": 3.959065713932776, "errors": 580, "exp_cost": 32960351, "falsepos": 4.016231791581504e-11, "fullscore": 0.9999999999966704, "index": 139.8363695193047, "ko": 1.1534807064395025e-05, "loss": 6.388223283693151e-13, "meanscore": 0.9999941930714324, "n_docs": 24110641438, "non_null": 0.0006199631198041677, "precision": 0.9948876568703038, "prediction_time": 63.56321570622116, "recall": 0.9999999999905034, "size": 23472416, "time": 9.785440680519752, "weighted_avg": 4.506854783250203, "x2": 437}, "train_full": {"accuracy": 0.9999999761937323, "auc": 0.9997892458049782, "avg_time": 47.48963343250448, "benchmark": 4.8447324520388175, "distinct": 406, "entropy": 6.1896233763308235, "errors": 354, "exp_cost": 5694950976, "f1-score": 0.9999999999060739, "falsepos": 4.867466785840602e-05, "fullscore": 0.9999971967594086, "index": 173.00199549665388, "ko": 485.8299813218966, "loss": 5.773159728050814e-15, "meanscore": 0.9999994454766921, "n_docs": 1568822941, "non_null": 1.2570833263225722e-11, "precision": 0.999988993605094, "prediction_time": 349.6895899521493, "recall": 0.9999623272628534, "size": 2286943, "time": 103.73424561591283, "weighted_avg": 5.439205505748037, "x2": 5.656082580355632}}