{"branch": {"accuracy": 1.0, "auc": 0.9999999999999848, "avg_time": 31525.377220420163, "benchmark": 5.980977812961147, "distinct": 855, "entropy": 9.808653133051275, "errors": 504, "exp_cost": 120570408343, "f1-score": 1.0, "falsepos": 0.0, "fullscore": 1.0, "index": 693.2779629071885, "ko": 5.617632691608848, "loss": 1.1102230246251565e-16, "meanscore": 0.9999999260096641, "n_docs": 503291538626, "non_null": 6.962741494476177e-11, "precision": 0.9999999993581573, "prediction_time": 108.8638384615608, "recall": 1.0, "size": 91387495732, "time": 311.9135186021036, "weighted_avg": 7.500107988286643, "x2": 0.999999999974626}, "brand": {"auc": 1.0, "avg_time": 4372.289171930187, "benchmark": 8.775979441840002, "distinct": 699, "entropy": 4.278990441266559, "errors": 880, "exp_cost": 88102442, "f1-score": 1.0, "falsepos": 1.9984014443252818e-15, "fullscore": 0.9999999999999969, "index": 63.162104027760904, "ko": 52436956935, "loss": 5.542566405836169e-11, "meanscore": 0.9999999999999971, "n_docs": 405192469, "non_null": 4.440892098500626e-16, "precision": 0.9914557883129791, "prediction_time": 1663.9581822317023, "recall": 0.9999999999826146, "size": 9408991623, "time": 13278.153083514402, "weighted_avg": 4.826202963318419, "x2": 1082}, "classifier": {"accuracy": 0.9999999823822452, "auc": 0.9982285284536622, "avg_time": 13906.227909704725, "benchmark": 11.310622099230882, "distinct": 941, "entropy": 6.64374450779874, "errors": 747, "exp_cost": 91251772762, "f1-score": 1.0, "falsepos": 7.690518444292138e-09, "fullscore": 1.0, "index": 20323.11454062464, "ko": 20912015813, "loss": 2.408667943987197e-07, "n_docs": 4780328465190, "non_null": 6.994049783770606e-11, "precision": 0.999998627711846, "prediction_time": 3519.903770131544, "recall": 0.9999999999989673, "size": 58315169316, "time": 138.77562489744133, "weighted_avg": 8.17580923003235, "x2": 900}, "reports": {"accuracy": 0.9999999999548013, "auc": 0.9999999980755265, "avg_time": 2317.3865016324917, "benchmark": 7.004804005686976, "distinct": 1055, "entropy": 6.018282991530454, "errors": 740, "exp_cost": 135099025, "f1-score": 1.0, "falsepos": 0.0, "fullscore": 0.9964661777207594, "index": 1044.4603155233942, "ko": 0.9999999999999785, "loss": 0.0, "meanscore": 0.9999999883391124, "n_docs": 82814483664, "non_null": 1.8107737531636303e-12, "precision": 1.0, "prediction_time": 3798.9608861510937, "recall": 0.9999999985831363, "size": 1489013152139, "time": 1057.238850901803, "weighted_avg": 7.182938435306954, "x2": 1.5210055437364645e-14}, "train": {"accuracy": 0.9999999999999932, "auc": 0.9999999984742396, "avg_time": 72.90408083151947, "benchmark": 4.851399242873456, "distinct": 784, "entropy": 5.764465493924267, "errors": 822, "exp_cost": 3989577474, "falsepos": 0.0, "fullscore": 1.0, "index": 936.966935263436, "ko": 1.120229686790708e-09, "loss": 0.0, "meanscore": 0.9999999999975278, "n_docs": 7560948047483, "non_null": 3.905431533723913e-11, "precision": 0.9999989995221411, "prediction_time": 1360.387937548407, "recall": 1.0, "size": 2819185801, "time": 136.94380706922783, "weighted_avg": 6.487934668614494, "x2": 672}, "train_full": {"accuracy": 0.9999999999999999, "auc": 0.9999999959369924, "avg_time": 417.2665781424234, "benchmark": 6.630245698812678, "distinct": 655, "entropy": 8.943084459216672, "errors": 543, "exp_cost": 1665790953488, "f1-score": 1.0, "falsepos": 5.087219534516407e-11, "fullscore": 0.9999999999985325, "index": 3035.308038177805, "ko": 6179.584470899488, "loss": 0.0, "meanscore": 0.9999999999999968, "n_docs": 705952569001, "non_null": 0.0, "precision": 0.9999999996474535, "prediction_time": 3143.117036064814, "recall": 0.9999999853101658, "size": 368294786, "time": 1328.3888589687997, "weighted_avg": 7.395580890439252, "x2": 7.816347510796958}}