{"branch": {"accuracy": 1.0, "auc": 1.0, "avg_time": 79284.29181424763, "benchmark": 6.695301003840916, "distinct": 953, "entropy": 10.73434281031179, "errors": 557, "exp_cost": 719210339643, "f1-score": 1.0, "falsepos": 0.0, "fullscore": 1.0, "index": 1492.6116776555389, "ko": 6.1753856092671215, "loss": 0.0, "meanscore": 0.9999999969261864, "n_docs": 3987314194861, "non_null": 1.6135981439902025e-12, "precision": 0.999999999976774, "prediction_time": 173.34734133746386, "recall": 1.0, "size": 694052119114, "time": 446.7758441394667, "weighted_avg": 8.453972407928266, "x2": 0.9999999999998758}, "brand": {"auc": 1.0, "avg_time": 9963.379807614296, "benchmark": 9.839704950994747, "distinct": 746, "entropy": 4.9073091339886465, "errors": 972, "exp_cost": 302336942, "f1-score": 1.0, "falsepos": 0.0, "fullscore": 1.0, "index": 118.72177688842314, "ko": 321262880070, "loss": 1.474376176702208e-13, "meanscore": 1.0, "n_docs": 1613583812, "non_null": 0.0, "precision": 0.9982125758567775, "prediction_time": 2555.2828982785704, "recall": 0.9999999999999563, "size": 66983356183, "time": 31239.035874929494, "weighted_avg": 5.3566144330835375, "x2": 1173}, "classifier": {"accuracy": 0.9999999998775408, "auc": 0.9996593459329574, "avg_time": 28483.132325551567, "benchmark": 12.165026200106292, "distinct": 1039, "entropy": 7.298993416558143, "errors": 806, "exp_cost": 456968533313, "f1-score": 1.0, "falsepos": 1.2307233010488972e-10, "fullscore": 1.0, "index": 39230.45357425654, "ko": 154878154803, "loss": 1.0042567999413166e-08, "n_docs": 69536431176390, "non_null": 2.8133051444001467e-13, "precision": 0.9999998886847463, "prediction_time": 8531.12438156077, "recall": 0.9999999999999936, "size": 602302803850, "time": 299.5040993699635, "weighted_avg": 8.858064516680045, "x2": 994}, "reports": {"accuracy": 0.999999999999055, "auc": 0.9999999999349549, "avg_time": 5540.769377012137, "benchmark": 7.755193917616574, "distinct": 1135, "entropy": 6.52355435886903, "errors": 823, "exp_cost": 537686961, "f1-score": 1.0, "falsepos": 0.0, "fullscore": 0.9992422944661361, "index": 2311.757188309728, "ko": 1.0, "loss": 0.0, "meanscore": 0.9999999994504651, "n_docs": 482418312232, "non_null": 9.103828801926284e-15, "precision": 1.0, "prediction_time": 8265.678236536782, "recall": 0.9999999999837298, "size": 9465557820192, "time": 2658.8031959844584, "weighted_avg": 8.00150569350407, "x2": 0.0}, "train": {"accuracy": 1.0, "auc": 0.999999999987792, "avg_time": 106.4007141999248, "benchmark": 5.380458261133025, "distinct": 862, "entropy": 6.38819438273032, "errors": 893, "exp_cost": 16983140032, "falsepos": 0.0, "fullscore": 1.0, "index": 1642.6288009303878, "ko": 1.317712605697352e-11, "loss": 0.0, "meanscore": 0.9999999999999949, "n_docs": 50339974675569, "non_null": 3.774758283725532e-14, "precision": 0.9999999797368365, "prediction_time": 3011.925322517842, "recall": 1.0, "size": 15515273466, "time": 287.5747731591913, "weighted_avg": 7.26107384397763, "x2": 771}, "train_full": {"accuracy": 1.0, "auc": 0.9999999999818716, "avg_time": 908.8249659699875, "benchmark": 7.063359664302566, "distinct": 742, "entropy": 9.915880332322505, "errors": 592, "exp_cost": 11995799116672, "f1-score": 1.0, "falsepos": 2.517985819849855e-13, "fullscore": 0.9999999999999972, "index": 7516.3429900705005, "ko": 16222.632623611988, "loss": 0.0, "meanscore": 1.0, "n_docs": 5621228654070, "non_null": 0.0, "precision": 0.9999999999971181, "prediction_time": 6974.742792835631, "recall": 0.9999999995428357, "size": 1990976733, "time": 2758.731240268939, "weighted_avg": 7.8951725722950075, "x2": 8.603914972185704}}