{"branch": {"accuracy": 1.0, "auc": 1.0, "avg_time": 68148.91567510509, "benchmark": 6.563532183366156, "distinct": 929, "entropy": 10.526599426162425, "errors": 551, "exp_cost": 518413282772, "f1-score": 1.0, "falsepos": 0.0, "fullscore": 1.0, "index": 1318.0623186558112, "ko": 6.185077329536134, "loss": 0.0, "meanscore": 0.9999999938432759, "n_docs": 3154987214264, "non_null": 2.382316566240661e-12, "precision": 0.9999999999655514, "prediction_time": 184.16922930435723, "recall": 1.0, "size": 583263432347, "time": 456.62318061591833, "weighted_avg": 8.147847649292823, "x2": 0.999999999999643}, "brand": {"auc": 1.0, "avg_time": 8905.52903891063, "benchmark": 9.533448329362692, "distinct": 732, "entropy": 4.883623031796204, "errors": 963, "exp_cost": 280596815, "f1-score": 1.0, "falsepos": 0.0, "fullscore": 1.0, "index": 105.50113249947262, "ko": 211754307413, "loss": 5.609956943430916e-13, "meanscore": 1.0, "n_docs": 1108436766, "non_null": 0.0, "precision": 0.9980980851659225, "prediction_time": 2817.84643682039, "recall": 0.9999999999998627, "size": 50114429736, "time": 29563.166223027907, "weighted_avg": 5.346089355439123, "x2": 1160}, "classifier": {"accuracy": 0.9999999998977173, "auc": 0.9997385046934865, "avg_time": 23803.732607061876, "benchmark": 12.00411232227896, "distinct": 1028, "entropy": 7.194312378465526, "errors": 807, "exp_cost": 303623276069, "f1-score": 1.0, "falsepos": 4.284822496813945e-10, "fullscore": 1.0, "index": 37373.04825517495, "ko": 144784655551, "loss": 1.8380085675673286e-08, "n_docs": 38655725465613, "non_null": 5.395683899678261e-13, "precision": 0.9999999148073917, "prediction_time": 6718.113216542988, "recall": 0.9999999999999881, "size": 401461227126, "time": 264.60178528450206, "weighted_avg": 8.707729697932347, "x2": 981}, "reports": {"accuracy": 0.9999999999987816, "auc": 0.9999999999088872, "avg_time": 5313.423739944407, "benchmark": 7.701618894917709, "distinct": 1127, "entropy": 6.585598023909765, "errors": 806, "exp_cost": 466959370, "f1-score": 1.0, "falsepos": 0.0, "fullscore": 0.9989033346738255, "index": 2033.8905055480795, "ko": 0.9999999999999999, "loss": 0.0, "meanscore": 0.999999998870953, "n_docs": 433790462872, "non_null": 1.865174681370263e-14, "precision": 1.0, "prediction_time": 6588.39018247664, "recall": 0.9999999999795974, "size": 7244184501451, "time": 2372.4388539346037, "weighted_avg": 7.815111967538502, "x2": 0.0}, "train": {"accuracy": 1.0, "auc": 0.9999999999604883, "avg_time": 106.30109200158756, "benchmark": 5.260246141885982, "distinct": 848, "entropy": 6.347563085981124, "errors": 884, "exp_cost": 17566843644, "falsepos": 0.0, "fullscore": 1.0, "index": 1326.6085652572299, "ko": 3.978195550757846e-11, "loss": 0.0, "meanscore": 0.9999999999999629, "n_docs": 37361710615889, "non_null": 1.7175150190951172e-13, "precision": 0.9999999608005803, "prediction_time": 2774.760654837302, "recall": 1.0, "size": 11283066268, "time": 245.5099152852462, "weighted_avg": 7.002390967703597, "x2": 753}, "train_full": {"accuracy": 1.0, "auc": 0.9999999999303159, "avg_time": 793.2596437751043, "benchmark": 7.101169433738578, "distinct": 725, "entropy": 9.727264218488031, "errors": 588, "exp_cost": 8367573927941, "f1-score": 1.0, "falsepos": 5.260236690673992e-13, "fullscore": 0.9999999999999923, "index": 6818.43254415168, "ko": 13974.160888473934, "loss": 0.0, "meanscore": 1.0, "n_docs": 3408602369522, "non_null": 0.0, "precision": 0.9999999999900403, "prediction_time": 6211.680218795887, "recall": 0.999999999285924, "size": 1894722036, "time": 2642.0590298848633, "weighted_avg": 7.901588224774471, "x2": 8.545664181922266}}