{"branch": {"accuracy": 0.9760775964366085, "auc": 0.8484051023308581, "avg_time": 11.305714666303203, "benchmark": 0.15304787904659894, "distinct": 181, "entropy": 1.9811191359265976, "errors": -197, "exp_cost": 76122, "f1-score": 0.883943522251235, "falsepos": 0.45797201166571255, "fullscore": 0.9616148862292451, "index": 0.6029643195304047, "ko": 1.3333048132781793, "loss": 0.026713231501875656, "meanscore": 0.6500909746506023, "n_docs": 1494, "non_null": 0.09802509129483572, "precision": 0.7952492567815076, "prediction_time": 0.9266174484259508, "recall": 0.9988456872383483, "size": 295, "time": 2.322888111914802, "weighted_avg": -0.5568491713874364, "x2": 0.6929135997938244}, "brand": {"auc": 0.9999124886988549, "avg_time": 7.085657601808717, "benchmark": 0.11035823321418761, "distinct": 168, "entropy": -1.087483633611995, "errors": 156, "exp_cost": 6275, "f1-score": 0.9976765142812758, "falsepos": 0.039185946494695756, "fullscore": 0.8260985040488011, "index": 0.2289211739320073, "ko": 8799, "loss": 0.6657408674682711, "meanscore": 0.9750192671105569, "n_docs": 9092, "non_null": 0.33357884551927497, "precision": 0.014632743074411814, "prediction_time": 5.967065468138023, "recall": 0.6227487552510436, "size": 2405, "time": 2.0258628773598257, "weighted_avg": -0.2483331516030136, "x2": 243}, "classifier": {"accuracy": 0.06922380772897829, "auc": 0.0992424612540429, "avg_time": 8.538726156429055, "benchmark": 2.290050595403172, "distinct": 194, "entropy": 0.8687439763994323, "errors": 282, "exp_cost": 86692, "f1-score": 0.9579323738275859, "falsepos": 0.2698528446019576, "fullscore": 0.8429855024414625, "index": 41.753761000376294, "ko": 21278, "loss": 0.6153374482186484, "n_docs": 70320, "non_null": 0.5176078102757216, "precision": 0.047271732520645315, "prediction_time": 2.590236086585966, "recall": 0.7654020538177139, "size": 71, "time": 0.256284755017134, "weighted_avg": 2.1504792815402243, "x2": 154}, "reports": {"accuracy": 0.7080216546055207, "auc": 0.7233713688679199, "avg_time": 1.123644327653207, "benchmark": 0.8100808838669058, "distinct": 273, "entropy": -0.020328932379548303, "errors": 59, "exp_cost": 120, "f1-score": 0.9981797596632449, "falsepos": 0.004281178360955873, "fullscore": 0.1086893972294235, "index": 0.7518151282368636, "ko": 0.707034166603468, "loss": 0.6029255433474211, "meanscore": 0.8598146790763489, "n_docs": 13810, "non_null": 0.35770144036188634, "precision": 0.9083617966800284, "prediction_time": 2.7201284381812623, "recall": 0.22348401351166503, "size": 10883, "time": 0.4900689380832687, "weighted_avg": 0.4436971154768752, "x2": 0.13024355388917042}, "train": {"accuracy": 0.4498990234089056, "auc": 0.49940063650102506, "avg_time": 1.2432073628115248, "benchmark": -1.4309228359952402, "distinct": -3, "entropy": 0.4317703765324007, "errors": 126, "exp_cost": 4921, "falsepos": 0.01163759989035884, "fullscore": 0.9920921579197338, "index": 2.8580988911276397, "ko": 0.19260802780600872, "loss": 0.012772417157067784, "meanscore": 0.2967424654577675, "n_docs": 265394, "non_null": 0.9839660291771947, "precision": 0.10939078887006254, "prediction_time": 0.31723252123156204, "recall": 0.973674811716581, "size": 2550, "time": 0.07991968320320066, "weighted_avg": 0.7656914819815137, "x2": -46}, "train_full": {"accuracy": 0.8229728070318734, "auc": 0.24565704173188707, "avg_time": 0.6878561426285486, "benchmark": 1.1729901110663246, "distinct": -12, "entropy": 1.2672442739234817, "errors": 25, "exp_cost": 106012, "f1-score": 0.9538964395737735, "falsepos": 0.7345488986433361, "fullscore": 0.43689389997462813, "index": 1.3392235121298135, "ko": 3.7462349588464297, "loss": 0.001024719534952645, "meanscore": 0.15144872897299888, "n_docs": 31324, "non_null": 0.010799541480342012, "precision": 0.7487608739603044, "prediction_time": 4.685574494996147, "recall": 0.8428373838307202, "size": 99, "time": 1.2055507756737411, "weighted_avg": 2.0037393946703843, "x2": 1.611956879520414}}