{"branch": {"accuracy": 1.0, "auc": 1.0, "avg_time": 137271.4558537804, "benchmark": 7.2894111240462, "distinct": 1006, "entropy": 11.30088744364122, "errors": 633, "exp_cost": 1603236305412, "f1-score": 1.0, "falsepos": 0.0, "fullscore": 1.0, "index": 2875.106094679069, "ko": 6.706409592033062, "loss": 0.0, "meanscore": 0.9999999997669313, "n_docs": 20793277252908, "non_null": 1.3034018309099338e-13, "precision": 0.9999999999996464, "prediction_time": 269.7785200951828, "recall": 1.0, "size": 3433320703999, "time": 694.2997340061657, "weighted_avg": 8.987288332067438, "x2": 0.9999999999999971}, "brand": {"auc": 1.0, "avg_time": 16560.304309605563, "benchmark": 10.613865971709513, "distinct": 788, "entropy": 5.444163863406297, "errors": 1027, "exp_cost": 640462439, "f1-score": 1.0, "falsepos": 0.0, "fullscore": 1.0, "index": 175.1851009166247, "ko": 1106074553817, "loss": 6.439293542825908e-15, "meanscore": 1.0, "n_docs": 4810309077, "non_null": 0.0, "precision": 0.9996486378184655, "prediction_time": 4842.88447176479, "recall": 0.9999999999999977, "size": 266547800928, "time": 76632.89619827333, "weighted_avg": 5.961612095810241, "x2": 1218}, "classifier": {"accuracy": 0.9999999999983744, "auc": 0.9999149685767038, "avg_time": 55263.20115078894, "benchmark": 12.842040726957924, "distinct": 1109, "entropy": 7.869968692481326, "errors": 854, "exp_cost": 1145660515451, "f1-score": 1.0, "falsepos": 1.5771051131707736e-11, "fullscore": 1.0, "index": 73694.72955250536, "ko": 746060026625, "loss": 4.875678749627355e-10, "n_docs": 173869298589435, "non_null": 5.329070518200751e-15, "precision": 0.9999999942121632, "prediction_time": 13967.119445952267, "recall": 1.0, "size": 3264637488499, "time": 446.9619104351801, "weighted_avg": 9.18197180727353, "x2": 1057}, "reports": {"accuracy": 0.9999999999999909, "auc": 0.9999999999975497, "avg_time": 11583.489670017218, "benchmark": 8.404424926218425, "distinct": 1195, "entropy": 7.0511456391360205, "errors": 880, "exp_cost": 2127976714, "f1-score": 1.0, "falsepos": 0.0, "fullscore": 0.9997498518723342, "index": 4376.224346873108, "ko": 1.0, "loss": 0.0, "meanscore": 0.9999999999704922, "n_docs": 2070069755888, "non_null": 0.0, "precision": 1.0, "prediction_time": 13691.844101453706, "recall": 0.9999999999993328, "size": 52410780097658, "time": 4943.899087809302, "weighted_avg": 8.518048306284737, "x2": 0.0}, "train": {"accuracy": 1.0, "auc": 0.9999999999992667, "avg_time": 194.11624287077746, "benchmark": 5.907844159529209, "distinct": 931, "entropy": 6.827464023081723, "errors": 957, "exp_cost": 57428117496, "falsepos": 0.0, "fullscore": 1.0, "index": 2464.5695727272227, "ko": 4.397593400540245e-13, "loss": 0.0, "meanscore": 1.0, "n_docs": 282455664376134, "non_null": 2.220446049250313e-16, "precision": 0.9999999958978292, "prediction_time": 5938.022671573725, "recall": 1.0, "size": 52663288972, "time": 560.1793765897635, "weighted_avg": 7.658241342917132, "x2": 821}, "train_full": {"accuracy": 1.0, "auc": 0.9999999999996009, "avg_time": 1617.1500554215595, "benchmark": 7.6531165828255, "distinct": 775, "entropy": 10.388121320497659, "errors": 622, "exp_cost": 31040303179575, "f1-score": 1.0, "falsepos": 8.770761894538737e-15, "fullscore": 1.0, "index": 12623.808272049066, "ko": 27963.958669259926, "loss": 0.0, "meanscore": 1.0, "n_docs": 20343124795613, "non_null": 0.0, "precision": 0.9999999999997198, "prediction_time": 11115.076169529684, "recall": 0.9999999999579802, "size": 9744929230, "time": 4702.568172408057, "weighted_avg": 8.30249226311993, "x2": 9.01449404300139}}