{"branch": {"accuracy": 0.9999999970742915, "auc": 0.999940024609395, "avg_time": 282.70068708160585, "benchmark": 2.686146482415217, "distinct": 456, "entropy": 5.186902127386811, "errors": 85, "exp_cost": 29883324, "f1-score": 0.9999909913036766, "falsepos": 3.792176520822643e-05, "fullscore": 0.9999995489209521, "index": 12.866287007866317, "ko": 3.152655084212787, "loss": 2.3867787217746184e-06, "meanscore": 0.9935756504623253, "n_docs": 7373061, "non_null": 0.00014579524408886435, "precision": 0.9987512574567724, "prediction_time": 6.762472402425026, "recall": 0.9999999999939058, "size": 1090735, "time": 16.417227688450154, "weighted_avg": 2.676807156252039, "x2": 0.9987878486038386}, "brand": {"auc": 0.9999999999317761, "avg_time": 96.70808921501026, "benchmark": 3.776285045527162, "distinct": 395, "entropy": 1.192142274424438, "errors": 489, "exp_cost": 376020, "f1-score": 0.9999999998018587, "falsepos": 6.6747913045617224e-06, "fullscore": 0.9999445688522995, "index": 2.227528109620312, "ko": 6564716, "loss": 0.00863133040386077, "meanscore": 0.9999979295685351, "n_docs": 1012911, "non_null": 0.00011201114798420342, "precision": 0.4156149408535692, "prediction_time": 74.45730776288545, "recall": 0.998166082383009, "size": 1558330, "time": 66.6595329071831, "weighted_avg": 1.9987941302119439, "x2": 585}, "classifier": {"accuracy": 0.9555096663966158, "auc": 0.7651090947044601, "avg_time": 205.0442100020011, "benchmark": 5.949588107013078, "distinct": 523, "entropy": 3.3726931315171544, "errors": 461, "exp_cost": 17924946, "f1-score": 0.9999979784142103, "falsepos": 0.003918373474760539, "fullscore": 0.9999995634992765, "index": 593.2067952847797, "ko": 14740045, "loss": 0.025583953275329252, "n_docs": 123279589, "non_null": 0.002238188039170641, "precision": 0.8740797863324523, "prediction_time": 46.72037581289505, "recall": 0.9997754575885613, "size": 434804, "time": 3.682172128404026, "weighted_avg": 4.650694842440439, "x2": 474}, "reports": {"accuracy": 0.9985370075052282, "auc": 0.9974170881431941, "avg_time": 27.922814011003908, "benchmark": 3.511075543675896, "distinct": 597, "entropy": 2.551986652767482, "errors": 338, "exp_cost": 34947, "f1-score": 0.999999999358372, "falsepos": 2.3658108805335587e-10, "fullscore": 0.6790842276869111, "index": 14.83549070911384, "ko": 0.9997695805328121, "loss": 0.0005743163244530392, "meanscore": 0.9989747456461658, "n_docs": 13574310, "non_null": 0.0005628912706038269, "precision": 0.9999970322567453, "prediction_time": 53.503332596154124, "recall": 0.9784154906721046, "size": 25804301, "time": 16.28319459310218, "weighted_avg": 3.236932019800715, "x2": 3.252386366914273e-05}, "train": {"accuracy": 0.9993586436748377, "auc": 0.9922118750720407, "avg_time": 6.004395979457042, "benchmark": 1.317404043581699, "distinct": 327, "entropy": 2.5982450080161814, "errors": 420, "exp_cost": 1903738, "falsepos": 3.6547759274530023e-07, "fullscore": 0.9999999531585052, "index": 30.420574115264913, "ko": 0.0008899301331164455, "loss": 4.93813466784232e-08, "meanscore": 0.9948088242444735, "n_docs": 477681787, "non_null": 0.07665177483043095, "precision": 0.895863386476401, "prediction_time": 10.300921953731597, "recall": 0.999999867032357, "size": 881644, "time": 1.3561582731041681, "weighted_avg": 3.064767501215365, "x2": 258}, "train_full": {"accuracy": 0.9999409830416233, "auc": 0.9840045915185941, "avg_time": 9.692929733195639, "benchmark": 3.524049409089529, "distinct": 276, "entropy": 4.3863025786406356, "errors": 231, "exp_cost": 92333537, "f1-score": 0.9999973393919156, "falsepos": 0.013095323083251342, "fullscore": 0.9981140966814628, "index": 31.604678716301795, "ko": 96.17556802887603, "loss": 7.27892079943615e-10, "meanscore": 0.9970820210159017, "n_docs": 28483982, "non_null": 1.1759589257920311e-07, "precision": 0.9987387839871233, "prediction_time": 81.94652325907703, "recall": 0.9982923802539099, "size": 72166, "time": 21.72527541409273, "weighted_avg": 4.138982919148301, "x2": 4.239738888647587}}