{"branch": {"accuracy": 0.9999999997939321, "auc": 0.999993080413455, "avg_time": 408.4934979004811, "benchmark": 3.002041221333932, "distinct": 475, "entropy": 5.597286756103843, "errors": 109, "exp_cost": 53063128, "f1-score": 0.9999984752632571, "falsepos": 5.566817719460104e-06, "fullscore": 0.9999998253566462, "index": 16.52868057000772, "ko": 3.4474590915983887, "loss": 4.973835661115089e-07, "meanscore": 0.9972411855619077, "n_docs": 16505307, "non_null": 7.525275420505739e-05, "precision": 0.9994469818332569, "prediction_time": 10.111448646851303, "recall": 0.9999999999998792, "size": 2690810, "time": 20.446961847665804, "weighted_avg": 3.19412237453735, "x2": 0.9996087203731439}, "brand": {"auc": 0.9999999999901509, "avg_time": 135.82402460604635, "benchmark": 4.256304809181597, "distinct": 407, "entropy": 1.384367789000073, "errors": 504, "exp_cost": 730852, "f1-score": 0.9999999999861062, "falsepos": 1.8200273513846454e-06, "fullscore": 0.9999705737380938, "index": 2.9730246280199952, "ko": 13326852, "loss": 0.0032922147920202427, "meanscore": 0.9999996161338436, "n_docs": 1089780, "non_null": 3.1424146467839975e-05, "precision": 0.46911012577440003, "prediction_time": 80.75261896567092, "recall": 0.9991732484608384, "size": 4291803, "time": 121.21549920018283, "weighted_avg": 2.383352093071643, "x2": 617}, "classifier": {"accuracy": 0.977634990454896, "auc": 0.8344193521412229, "avg_time": 256.15009154834814, "benchmark": 6.446900951086091, "distinct": 551, "entropy": 3.6222186940252863, "errors": 492, "exp_cost": 53660501, "f1-score": 0.9999997613967385, "falsepos": 0.0012593405483523057, "fullscore": 0.9999999449661332, "index": 927.5381849898818, "ko": 36154752, "loss": 0.01021579268019246, "n_docs": 267158584, "non_null": 0.0007760444588735815, "precision": 0.8918117962479526, "prediction_time": 68.95444094113205, "recall": 0.999938386584201, "size": 1176871, "time": 4.937785284194305, "weighted_avg": 4.885264477631968, "x2": 524}, "reports": {"accuracy": 0.999456388788055, "auc": 0.997564034109529, "avg_time": 39.71729710513935, "benchmark": 3.8574731383669913, "distinct": 628, "entropy": 2.950478520366497, "errors": 365, "exp_cost": 75816, "f1-score": 0.9999999999019558, "falsepos": 3.690314720472543e-11, "fullscore": 0.7288101605443528, "index": 18.590142639300403, "ko": 0.9999319472688007, "loss": 8.258117472315085e-05, "meanscore": 0.9995703193250052, "n_docs": 26359504, "non_null": 0.00017938081327117938, "precision": 0.9999997304103379, "prediction_time": 73.06025961766042, "recall": 0.9880108857325641, "size": 66745176, "time": 23.099572947303887, "weighted_avg": 3.656358400348892, "x2": 1.397177662199045e-05}, "train": {"accuracy": 0.9998301315457463, "auc": 0.9974639270783853, "avg_time": 8.83431523937892, "benchmark": 1.401339299983473, "distinct": 359, "entropy": 2.8577331135281008, "errors": 460, "exp_cost": 4165243, "falsepos": 1.3689179545472996e-07, "fullscore": 0.9999999941225381, "index": 44.4700899510851, "ko": 0.000514069616178725, "loss": 1.9450920096808488e-08, "meanscore": 0.998922069902576, "n_docs": 1100449390, "non_null": 0.03370151387349618, "precision": 0.9377125812750403, "prediction_time": 14.364206294061976, "recall": 0.9999999701360516, "size": 1929833, "time": 2.114076715747217, "weighted_avg": 3.4137556286305557, "x2": 310}, "train_full": {"accuracy": 0.9999895909382486, "auc": 0.9911561807547482, "avg_time": 12.151106364108845, "benchmark": 3.8989184486919757, "distinct": 295, "entropy": 4.68519151775828, "errors": 260, "exp_cost": 192155513, "f1-score": 0.9999997534138202, "falsepos": 0.006278786414131821, "fullscore": 0.9996147748851625, "index": 43.68392072993955, "ko": 130.31158444829327, "loss": 1.5165591005228407e-10, "meanscore": 0.9992369205187747, "n_docs": 54857320, "non_null": 3.006234194913304e-08, "precision": 0.9992479272228749, "prediction_time": 114.54765490340225, "recall": 0.9992120420321934, "size": 180002, "time": 27.516423250519246, "weighted_avg": 4.3105978064909465, "x2": 4.61912531176676}}