{"branch": {"accuracy": 0.999999999854867, "auc": 0.999994738021929, "avg_time": 433.11548521887016, "benchmark": 3.149301950067162, "distinct": 499, "entropy": 5.72855089047613, "errors": 134, "exp_cost": 70888899, "f1-score": 0.9999993423766471, "falsepos": 3.477635259874212e-06, "fullscore": 0.9999999202718786, "index": 18.536759089782425, "ko": 3.484957207677617, "loss": 1.9883170321310928e-07, "meanscore": 0.9981283732210234, "n_docs": 19191084, "non_null": 7.436038234087672e-05, "precision": 0.9994325445446443, "prediction_time": 10.919715206406352, "recall": 0.9999999999999238, "size": 3108156, "time": 21.999326573442072, "weighted_avg": 3.184905504336103, "x2": 0.9996384913457391}, "brand": {"auc": 0.9999999999952653, "avg_time": 150.98573465129147, "benchmark": 4.264464916889962, "distinct": 419, "entropy": 1.4356487580511699, "errors": 514, "exp_cost": 761909, "f1-score": 0.999999999995248, "falsepos": 1.388701968862982e-06, "fullscore": 0.9999824262751431, "index": 3.1652102174849763, "ko": 17409503, "loss": 0.0025878023166223674, "meanscore": 0.9999995521867652, "n_docs": 1578192, "non_null": 1.5015624910796888e-05, "precision": 0.4774700374323798, "prediction_time": 88.9918275613443, "recall": 0.9994421866456229, "size": 4239361, "time": 123.82724529336603, "weighted_avg": 2.4139826216715408, "x2": 632}, "classifier": {"accuracy": 0.984868761431182, "auc": 0.8397161963928544, "avg_time": 309.11141966560626, "benchmark": 6.433966745365061, "distinct": 560, "entropy": 3.759217818911601, "errors": 495, "exp_cost": 49488137, "f1-score": 0.9999998327180856, "falsepos": 0.0015053566378552263, "fullscore": 0.9999999725394424, "index": 954.5257179407774, "ko": 36278268, "loss": 0.007039289811396232, "n_docs": 357955305, "non_null": 0.0006856740916906245, "precision": 0.922343840554098, "prediction_time": 68.38075516988796, "recall": 0.999958750008121, "size": 1308706, "time": 5.1120115716952945, "weighted_avg": 5.007964370711524, "x2": 538}, "reports": {"accuracy": 0.9995790549353607, "auc": 0.9982739132604013, "avg_time": 44.44013876163269, "benchmark": 3.9380960374314427, "distinct": 633, "entropy": 3.102911634576182, "errors": 368, "exp_cost": 83226, "f1-score": 0.9999999999029381, "falsepos": 1.6766255050981727e-11, "fullscore": 0.7693526747547125, "index": 19.783167001441655, "ko": 0.9999468261226883, "loss": 7.824258914634896e-05, "meanscore": 0.9996779131396785, "n_docs": 33990877, "non_null": 0.00011722051545726142, "precision": 0.9999998643568746, "prediction_time": 77.78898835086368, "recall": 0.9886998634532184, "size": 88426880, "time": 27.2491330148578, "weighted_avg": 3.644847213087292, "x2": 1.2753706156720668e-05}, "train": {"accuracy": 0.9998841161376959, "auc": 0.9974939856689738, "avg_time": 8.147465251495131, "benchmark": 1.5279368754604112, "distinct": 375, "entropy": 2.890417765002814, "errors": 468, "exp_cost": 7170928, "falsepos": 4.9644521160630006e-08, "fullscore": 0.9999999963065461, "index": 51.400866194513604, "ko": 0.0003140642446837205, "loss": 7.864918383226893e-09, "meanscore": 0.998924143628006, "n_docs": 1611089884, "non_null": 0.030212189358936214, "precision": 0.9438673214737985, "prediction_time": 15.90323541154906, "recall": 0.9999999899080392, "size": 2279266, "time": 2.1996349569832905, "weighted_avg": 3.3508692291525994, "x2": 318}, "train_full": {"accuracy": 0.999992903320978, "auc": 0.9919402027562423, "avg_time": 12.727351494310835, "benchmark": 4.0411921336318635, "distinct": 307, "entropy": 4.794236859877144, "errors": 263, "exp_cost": 245227259, "f1-score": 0.9999996710889345, "falsepos": 0.005087336506534479, "fullscore": 0.9996410536367237, "index": 48.15730026009047, "ko": 130.59339014256128, "loss": 5.3769100283318494e-11, "meanscore": 0.9995760889240541, "n_docs": 68782468, "non_null": 1.7503021698672683e-08, "precision": 0.9994853763990632, "prediction_time": 127.76074258791016, "recall": 0.9992492058852714, "size": 225678, "time": 28.900837652834124, "weighted_avg": 4.354514505677709, "x2": 4.6194628468610315}}