{"branch": {"accuracy": 1.0, "auc": 0.9999999999999909, "avg_time": 32314.498967884716, "benchmark": 6.009569319438605, "distinct": 866, "entropy": 9.850342751078431, "errors": 499, "exp_cost": 137231900204, "f1-score": 1.0, "falsepos": 0.0, "fullscore": 1.0, "index": 707.6287940697904, "ko": 5.668671289783082, "loss": 1.1102230246251565e-16, "meanscore": 0.9999999390262253, "n_docs": 570598701833, "non_null": 3.280298255248226e-11, "precision": 0.999999999370192, "prediction_time": 111.45308540622891, "recall": 1.0, "size": 96624948706, "time": 303.1078478249147, "weighted_avg": 7.513605819926107, "x2": 0.9999999999840444}, "brand": {"auc": 1.0, "avg_time": 4581.153685053092, "benchmark": 8.823029414562173, "distinct": 703, "entropy": 4.314030524991327, "errors": 892, "exp_cost": 96175551, "f1-score": 1.0, "falsepos": 1.7763568394002505e-15, "fullscore": 0.9999999999999963, "index": 63.752218675730006, "ko": 56903018649, "loss": 4.744826753722009e-11, "meanscore": 0.9999999999999989, "n_docs": 443586289, "non_null": 2.220446049250313e-16, "precision": 0.9923725132091344, "prediction_time": 1697.7397195383166, "recall": 0.9999999999903785, "size": 10567491382, "time": 13422.366633357371, "weighted_avg": 4.910710648252078, "x2": 1082}, "classifier": {"accuracy": 0.9999999887176624, "auc": 0.9988284884821997, "avg_time": 13071.50683983834, "benchmark": 11.258862808031294, "distinct": 942, "entropy": 6.702971295163613, "errors": 753, "exp_cost": 96173220450, "f1-score": 1.0, "falsepos": 8.226234249342212e-09, "fullscore": 1.0, "index": 20233.639892727137, "ko": 21525230490, "loss": 2.22825173645802e-07, "n_docs": 5440916787871, "non_null": 5.162414939974269e-11, "precision": 0.9999987313155847, "prediction_time": 3884.1752126842557, "recall": 0.9999999999992504, "size": 60517322014, "time": 137.37648721619925, "weighted_avg": 8.157217158842544, "x2": 905}, "reports": {"accuracy": 0.9999999999608928, "auc": 0.9999999985771874, "avg_time": 2416.0395761649456, "benchmark": 7.109800264531601, "distinct": 1060, "entropy": 6.059452112192897, "errors": 742, "exp_cost": 142053599, "f1-score": 1.0, "falsepos": 0.0, "fullscore": 0.9972240522335516, "index": 1100.3712382153449, "ko": 0.9999999999999826, "loss": 0.0, "meanscore": 0.9999999900773132, "n_docs": 113413008497, "non_null": 1.5656365093263958e-12, "precision": 1.0, "prediction_time": 3946.402144617065, "recall": 0.999999998588778, "size": 1765602539436, "time": 1109.588320183567, "weighted_avg": 7.275504186977055, "x2": 9.992007221626409e-15}, "train": {"accuracy": 0.9999999999999958, "auc": 0.9999999991308794, "avg_time": 78.62645147862402, "benchmark": 4.901260031261663, "distinct": 789, "entropy": 5.805934448264812, "errors": 826, "exp_cost": 5472173032, "falsepos": 0.0, "fullscore": 1.0, "index": 919.7077187478112, "ko": 7.605720497849688e-10, "loss": 0.0, "meanscore": 0.999999999998118, "n_docs": 7701506682041, "non_null": 2.218369932194264e-11, "precision": 0.9999993140144933, "prediction_time": 1377.118480937261, "recall": 1.0, "size": 3206729882, "time": 139.9619639082553, "weighted_avg": 6.497756359547206, "x2": 681}, "train_full": {"accuracy": 0.9999999999999999, "auc": 0.9999999971952432, "avg_time": 447.86378919877603, "benchmark": 6.664384161455662, "distinct": 653, "entropy": 8.936411897120289, "errors": 540, "exp_cost": 1867787340878, "f1-score": 1.0, "falsepos": 4.783617946202412e-11, "fullscore": 0.9999999999984306, "index": 3210.822901148048, "ko": 6198.394984030287, "loss": 0.0, "meanscore": 0.9999999999999978, "n_docs": 793754591515, "non_null": 0.0, "precision": 0.9999999997971145, "prediction_time": 3385.860730912169, "recall": 0.9999999895477927, "size": 404093320, "time": 1384.6339075515282, "weighted_avg": 7.407385014670236, "x2": 7.9212955670315806}}