{"branch": {"accuracy": 0.9999999999996171, "auc": 0.9999997354722643, "avg_time": 977.3550196193352, "benchmark": 3.6571288588099136, "distinct": 577, "entropy": 6.5705218943038135, "errors": 198, "exp_cost": 297594336, "f1-score": 0.999999980217496, "falsepos": 3.157154315758248e-08, "fullscore": 0.9999999987143839, "index": 37.954694885626374, "ko": 3.9457440575620732, "loss": 9.749383633739228e-09, "meanscore": 0.9996140722880698, "n_docs": 108520385, "non_null": 9.262125434061907e-06, "precision": 0.9999454880346902, "prediction_time": 17.289557522205232, "recall": 0.9999999999999999, "size": 22013553, "time": 31.331227302328468, "weighted_avg": 3.8274522205295343, "x2": 0.9999760385877299}, "brand": {"auc": 0.9999999999998818, "avg_time": 307.04591828232196, "benchmark": 5.227230244075472, "distinct": 486, "entropy": 2.0738912936277916, "errors": 582, "exp_cost": 1676584, "f1-score": 0.9999999999999307, "falsepos": 4.626439498167656e-08, "fullscore": 0.9999997437185317, "index": 5.818060928487294, "ko": 92908536, "loss": 0.00022763740081910289, "meanscore": 0.9999999751092208, "n_docs": 5660019, "non_null": 5.070606902135566e-07, "precision": 0.6848764729934147, "prediction_time": 182.40812568221645, "recall": 0.9999585980171426, "size": 27088668, "time": 275.29892524842444, "weighted_avg": 2.791732935933896, "x2": 713}, "classifier": {"accuracy": 0.9974965875215394, "auc": 0.9052645502685496, "avg_time": 620.8007513436462, "benchmark": 7.365728476213991, "distinct": 638, "entropy": 4.337189640980338, "errors": 545, "exp_cost": 270265817, "f1-score": 0.9999999972664488, "falsepos": 0.00023076030889368493, "fullscore": 0.9999999998804817, "index": 1969.2720326005133, "ko": 152724761, "loss": 0.0023396333894430965, "n_docs": 1684728537, "non_null": 4.0124338853253505e-05, "precision": 0.9834936467341109, "prediction_time": 151.38728474010617, "recall": 0.9999962634350117, "size": 11379172, "time": 10.033400310519209, "weighted_avg": 5.631642886142336, "x2": 618}, "reports": {"accuracy": 0.9999766980103187, "auc": 0.999681579988454, "avg_time": 93.32353861348473, "benchmark": 4.44871831692461, "distinct": 710, "entropy": 3.542857521529379, "errors": 441, "exp_cost": 403539, "f1-score": 0.9999999999995358, "falsepos": 3.8413716652030416e-14, "fullscore": 0.8641516237660644, "index": 38.72578013243595, "ko": 0.9999984153481929, "loss": 8.662146042670571e-07, "meanscore": 0.9999319873366062, "n_docs": 143632334, "non_null": 7.421850646838202e-06, "precision": 0.999999995981536, "prediction_time": 185.10092515771464, "recall": 0.998526598199895, "size": 494069903, "time": 58.6567479045399, "weighted_avg": 4.453578073633884, "x2": 5.810298747688236e-07}, "train": {"accuracy": 0.9999953529257071, "auc": 0.9997155786964883, "avg_time": 10.990411134853721, "benchmark": 2.1278777606215606, "distinct": 453, "entropy": 3.5461082795322296, "errors": 531, "exp_cost": 20757891, "falsepos": 1.0357859014931137e-09, "fullscore": 0.9999999997972528, "index": 90.54263307134568, "ko": 2.9866655227972494e-05, "loss": 1.581446085197058e-11, "meanscore": 0.9999515283129247, "n_docs": 6794231892, "non_null": 0.0030406346394273864, "precision": 0.9858318666382457, "prediction_time": 38.48891736262535, "recall": 0.9999999998950693, "size": 8599257, "time": 5.249042818280521, "weighted_avg": 3.9518660981122986, "x2": 398}, "train_full": {"accuracy": 0.999999710997773, "auc": 0.9992214632249736, "avg_time": 27.878201299997883, "benchmark": 4.4828634789480635, "distinct": 360, "entropy": 5.52416033520809, "errors": 326, "exp_cost": 866837229, "f1-score": 0.9999999968019229, "falsepos": 0.0003889115285616862, "fullscore": 0.9999776379559489, "index": 101.8446953008047, "ko": 273.8682452744433, "loss": 2.490230244234226e-13, "meanscore": 0.9999915524633071, "n_docs": 489108856, "non_null": 1.960068773954049e-10, "precision": 0.999955121150053, "prediction_time": 238.02607743518837, "recall": 0.999930466804688, "size": 686066, "time": 66.42466409524468, "weighted_avg": 5.036911003774902, "x2": 5.240618930364375}}