{"branch": {"accuracy": 0.9999999896720954, "auc": 0.9999010168547388, "avg_time": 238.7771020719978, "benchmark": 2.640660795313741, "distinct": 425, "entropy": 5.043307670060912, "errors": 56, "exp_cost": 18721594, "f1-score": 0.9999801857932635, "falsepos": 0.00010006912504567644, "fullscore": 0.9999976517853533, "index": 10.931636783378371, "ko": 2.8917464679603575, "loss": 5.051390437826875e-06, "meanscore": 0.9916830075789664, "n_docs": 4177218, "non_null": 0.00037962042282391195, "precision": 0.9986730658727518, "prediction_time": 7.0743147573466265, "recall": 0.9999999999847253, "size": 703456, "time": 16.683806440027265, "weighted_avg": 2.699569449770087, "x2": 0.9978580481397319}, "brand": {"auc": 0.9999999997803224, "avg_time": 85.95742517659967, "benchmark": 3.603210796201004, "distinct": 369, "entropy": 1.0221642129442303, "errors": 462, "exp_cost": 329272, "f1-score": 0.9999999990042256, "falsepos": 1.28682794425794e-05, "fullscore": 0.9997553337727504, "index": 1.9620275534520695, "ko": 4664689, "loss": 0.013022042215725671, "meanscore": 0.9999955388959726, "n_docs": 658821, "non_null": 0.00021516166849733231, "precision": 0.41528103852972803, "prediction_time": 58.48652974160104, "recall": 0.9974688013655219, "size": 1251668, "time": 65.93331290488689, "weighted_avg": 1.8205632333062571, "x2": 553}, "classifier": {"accuracy": 0.9141033194892794, "auc": 0.7007732070301662, "avg_time": 151.14169171872402, "benchmark": 5.754935386327179, "distinct": 512, "entropy": 3.179096365305318, "errors": 463, "exp_cost": 14796624, "f1-score": 0.9999976285284018, "falsepos": 0.007991630619132328, "fullscore": 0.9999984246807727, "index": 548.1116696421691, "ko": 9559747, "loss": 0.02424255382691254, "n_docs": 58444940, "non_null": 0.004472813562537148, "precision": 0.8149700658084151, "prediction_time": 38.03799334535048, "recall": 0.9996843659967741, "size": 276143, "time": 3.2234626259860066, "weighted_avg": 4.456194196523814, "x2": 460}, "reports": {"accuracy": 0.9975082973429981, "auc": 0.9943690914853349, "avg_time": 26.05537197043822, "benchmark": 3.3394860164284865, "distinct": 567, "entropy": 2.5564869967652437, "errors": 322, "exp_cost": 26171, "f1-score": 0.999999998698192, "falsepos": 1.1495602247890702e-09, "fullscore": 0.6321271182184014, "index": 11.180047463105701, "ko": 0.9995613168506952, "loss": 0.0011106754465853852, "meanscore": 0.9985541739297944, "n_docs": 10443593, "non_null": 0.0009243335479863779, "precision": 0.9999979559231635, "prediction_time": 44.58465745167231, "recall": 0.9673507676661722, "size": 25116146, "time": 13.890402538416662, "weighted_avg": 3.0581509423548425, "x2": 6.650173642586132e-05}, "train": {"accuracy": 0.9990470133512056, "auc": 0.9895814031901619, "avg_time": 5.236205197364124, "benchmark": 1.1548782179071582, "distinct": 304, "entropy": 2.5334968668491578, "errors": 406, "exp_cost": 1332615, "falsepos": 7.083619629755233e-07, "fullscore": 0.9999997167220869, "index": 30.070708832389347, "ko": 0.0019651450111413116, "loss": 2.7171219751931375e-07, "meanscore": 0.9893768450225285, "n_docs": 373139991, "non_null": 0.12110420880044348, "precision": 0.8712160529668269, "prediction_time": 8.826023955296945, "recall": 0.9999995700851988, "size": 745608, "time": 1.2908438953093635, "weighted_avg": 2.947779363636277, "x2": 251}, "train_full": {"accuracy": 0.9999074992374984, "auc": 0.9711058271021344, "avg_time": 7.42710738305268, "benchmark": 3.4415964786671593, "distinct": 247, "entropy": 4.3775922293366, "errors": 222, "exp_cost": 79125172, "f1-score": 0.9999963796682423, "falsepos": 0.020401595646468373, "fullscore": 0.9972505251922272, "index": 23.501748505718044, "ko": 82.3508671806131, "loss": 4.419877686068219e-09, "meanscore": 0.9953716729988795, "n_docs": 14989864, "non_null": 2.5330853703486866e-07, "precision": 0.9980021830564055, "prediction_time": 69.37729582059214, "recall": 0.9972566487157635, "size": 65536, "time": 15.679413778780424, "weighted_avg": 3.9747052358292, "x2": 4.168915938886534}}