{"branch": {"accuracy": 0.999999999946116, "auc": 0.999996382170444, "avg_time": 516.5311634757107, "benchmark": 3.2255774497025147, "distinct": 526, "entropy": 5.916898489820011, "errors": 134, "exp_cost": 98240707, "f1-score": 0.9999994986338157, "falsepos": 1.1354626900939024e-06, "fullscore": 0.9999999842855619, "index": 21.33302109128682, "ko": 3.506488850979531, "loss": 2.686714202226881e-07, "meanscore": 0.9986578812507891, "n_docs": 23312379, "non_null": 5.0392375262831024e-05, "precision": 0.9997706348742056, "prediction_time": 10.1834869459119, "recall": 0.9999999999999586, "size": 4613085, "time": 24.211009584619642, "weighted_avg": 3.2133578396314446, "x2": 0.9997592724019582}, "brand": {"auc": 0.999999999996541, "avg_time": 174.78238476515517, "benchmark": 4.52539247861705, "distinct": 437, "entropy": 1.6282121554514015, "errors": 547, "exp_cost": 793916, "f1-score": 0.999999999996345, "falsepos": 2.868045131387831e-07, "fullscore": 0.9999944711498199, "index": 3.6449791070644406, "ko": 28948110, "loss": 0.0015676695444020172, "meanscore": 0.9999998675529254, "n_docs": 1934805, "non_null": 1.768296841775374e-05, "precision": 0.5641423368164634, "prediction_time": 126.63100453972702, "recall": 0.9995616725859607, "size": 8117327, "time": 157.14088424468085, "weighted_avg": 2.518468749215018, "x2": 669}, "classifier": {"accuracy": 0.9885427497112923, "auc": 0.8507217417621356, "avg_time": 314.66522778526524, "benchmark": 6.780066072995891, "distinct": 576, "entropy": 3.8760422207957625, "errors": 495, "exp_cost": 53271790, "f1-score": 0.9999999451090347, "falsepos": 0.0018601244591631705, "fullscore": 0.9999999932924668, "index": 1058.049667770988, "ko": 50206390, "loss": 0.006212253592643879, "n_docs": 503643226, "non_null": 0.0003296705941404632, "precision": 0.9367128139571752, "prediction_time": 89.0219905619885, "recall": 0.9999738916002311, "size": 2439840, "time": 6.438951280206288, "weighted_avg": 5.1949847651726495, "x2": 549}, "reports": {"accuracy": 0.999882499673278, "auc": 0.9992984695981942, "avg_time": 53.00233685852457, "benchmark": 3.8546908383227825, "distinct": 641, "entropy": 3.143888017229241, "errors": 386, "exp_cost": 171704, "f1-score": 0.9999999999849721, "falsepos": 5.086930876530005e-12, "fullscore": 0.7913636446871101, "index": 24.58892384316837, "ko": 0.9999786924628267, "loss": 3.2070504598080696e-05, "meanscore": 0.9997655860820241, "n_docs": 55867495, "non_null": 7.436221759160588e-05, "precision": 0.999999880225135, "prediction_time": 88.31635331187178, "recall": 0.9949927138167155, "size": 141709066, "time": 30.9773193524501, "weighted_avg": 3.9354334093354155, "x2": 2.2415931382191445e-06}, "train": {"accuracy": 0.9999371734080337, "auc": 0.998368873124936, "avg_time": 8.077160613038174, "benchmark": 1.7269696701136528, "distinct": 396, "entropy": 3.1282554453688793, "errors": 482, "exp_cost": 6002388, "falsepos": 2.7024560367294725e-08, "fullscore": 0.9999999953996747, "index": 54.33775439357037, "ko": 0.00019448401392552217, "loss": 1.690527051678714e-09, "meanscore": 0.9990229362978952, "n_docs": 1828647646, "non_null": 0.015023670131350308, "precision": 0.9418458632910105, "prediction_time": 17.28890914218216, "recall": 0.9999999964872716, "size": 2595269, "time": 3.1156647888360536, "weighted_avg": 3.569544949445832, "x2": 344}, "train_full": {"accuracy": 0.9999926195526325, "auc": 0.996134011821916, "avg_time": 16.990094462088457, "benchmark": 4.16048654831931, "distinct": 333, "entropy": 4.910727071490205, "errors": 276, "exp_cost": 297837663, "f1-score": 0.9999998264768737, "falsepos": 0.00258483901667661, "fullscore": 0.9998209048730258, "index": 48.583663340559454, "ko": 157.82826018820947, "loss": 9.183431792791907e-12, "meanscore": 0.9996767608959055, "n_docs": 138736338, "non_null": 5.841297334718831e-09, "precision": 0.9996491954294093, "prediction_time": 153.4637624003532, "recall": 0.9995924711364249, "size": 257466, "time": 36.503733849762696, "weighted_avg": 4.625383924557203, "x2": 4.9136600580689445}}