{"branch": {"accuracy": 0.9999999892623865, "auc": 0.9998998749575181, "avg_time": 239.75913226392944, "benchmark": 2.6436430670018107, "distinct": 425, "entropy": 5.033539349493795, "errors": 54, "exp_cost": 19129230, "f1-score": 0.9999804606429407, "falsepos": 0.00010217779414389838, "fullscore": 0.9999976614534256, "index": 10.819861986735944, "ko": 2.8952709172447286, "loss": 4.950918557344863e-06, "meanscore": 0.9917966404926901, "n_docs": 4164559, "non_null": 0.0003701802230101636, "precision": 0.9986946758052063, "prediction_time": 7.080501821205815, "recall": 0.9999999999844865, "size": 715837, "time": 16.64902891484549, "weighted_avg": 2.691867578817207, "x2": 0.9979174669349143}, "brand": {"auc": 0.9999999997788369, "avg_time": 85.28690226863743, "benchmark": 3.614457336961014, "distinct": 370, "entropy": 1.024801120191376, "errors": 462, "exp_cost": 317450, "f1-score": 0.9999999990118983, "falsepos": 1.3377659174751422e-05, "fullscore": 0.9997535136012817, "index": 1.9751390321187534, "ko": 4606044, "loss": 0.013035722116839565, "meanscore": 0.99999556269952, "n_docs": 660332, "non_null": 0.00021558776023566928, "precision": 0.41751972828316974, "prediction_time": 58.32998325950125, "recall": 0.9974688670529259, "size": 1238850, "time": 65.68316073434977, "weighted_avg": 1.8341533787349642, "x2": 553}, "classifier": {"accuracy": 0.9148952280901749, "auc": 0.6998321433409982, "avg_time": 151.0493720127345, "benchmark": 5.762542033034079, "distinct": 512, "entropy": 3.1769681872023847, "errors": 463, "exp_cost": 14855903, "f1-score": 0.9999976579218643, "falsepos": 0.007995402953689501, "fullscore": 0.9999983866783928, "index": 547.2298353117799, "ko": 9694565, "loss": 0.023812100480289367, "n_docs": 58520521, "non_null": 0.004519225398472049, "precision": 0.8143735104117971, "prediction_time": 37.86057894322393, "recall": 0.9996896034594649, "size": 271901, "time": 3.24381760336318, "weighted_avg": 4.462714843177983, "x2": 459}, "reports": {"accuracy": 0.9974763644138276, "auc": 0.9943745523194645, "avg_time": 25.961243219429708, "benchmark": 3.3486352806868016, "distinct": 567, "entropy": 2.5519417506702666, "errors": 322, "exp_cost": 26400, "f1-score": 0.9999999986960665, "falsepos": 1.066878363431556e-09, "fullscore": 0.6336647088427744, "index": 11.002962160344165, "ko": 0.9995573601714376, "loss": 0.0011076080372218744, "meanscore": 0.9985913527229697, "n_docs": 10595978, "non_null": 0.0008549786530072101, "precision": 0.9999979396713421, "prediction_time": 44.54212512597641, "recall": 0.9672191611708474, "size": 25004945, "time": 13.756305701425982, "weighted_avg": 3.0562158293350894, "x2": 6.75656886144349e-05}, "train": {"accuracy": 0.9990566855928353, "auc": 0.9894887875491358, "avg_time": 5.237488654122124, "benchmark": 1.1482133708802866, "distinct": 304, "entropy": 2.538508754931335, "errors": 406, "exp_cost": 1362917, "falsepos": 7.041862788437214e-07, "fullscore": 0.9999997099351218, "index": 29.933596522379467, "ko": 0.001987941891055778, "loss": 2.6742453707040426e-07, "meanscore": 0.9894287083941073, "n_docs": 371464173, "non_null": 0.12111536834430581, "precision": 0.8704949905199193, "prediction_time": 8.86074936400534, "recall": 0.9999995786910543, "size": 747001, "time": 1.295758009644269, "weighted_avg": 2.947466415551453, "x2": 251}, "train_full": {"accuracy": 0.9999075878024709, "auc": 0.971347176967898, "avg_time": 7.345962991722297, "benchmark": 3.4435667556553216, "distinct": 246, "entropy": 4.381907875744552, "errors": 221, "exp_cost": 78634509, "f1-score": 0.999996423768416, "falsepos": 0.0199260434856825, "fullscore": 0.9972678694863346, "index": 23.44185549354337, "ko": 82.37764452042468, "loss": 4.967062761096486e-09, "meanscore": 0.9953174851787284, "n_docs": 14746077, "non_null": 2.614893315211475e-07, "precision": 0.9979346864949652, "prediction_time": 69.78711793171756, "recall": 0.9971601764880534, "size": 64353, "time": 15.558394716790012, "weighted_avg": 3.9785583480738467, "x2": 4.168004789361754}}