{"branch": {"accuracy": 0.9999998407824364, "auc": 0.9997569640314585, "avg_time": 158.59647562156522, "benchmark": 2.314453835692026, "distinct": 415, "entropy": 4.738376168819231, "errors": 20, "exp_cost": 9636406, "f1-score": 0.9999503286110716, "falsepos": 0.00031827769548398166, "fullscore": 0.9999902070471095, "index": 7.850952208953937, "ko": 2.8822526283759204, "loss": 2.0802617620274688e-05, "meanscore": 0.985117578488324, "n_docs": 1361518, "non_null": 0.0008394347213870335, "precision": 0.9971616351814613, "prediction_time": 5.745980067829557, "recall": 0.9999999994883875, "size": 303755, "time": 11.612949165267697, "weighted_avg": 2.168081970753277, "x2": 0.9949730820439476}, "brand": {"auc": 0.9999999983932059, "avg_time": 65.97691102273767, "benchmark": 3.2631511308159107, "distinct": 352, "entropy": 0.7503834629492587, "errors": 427, "exp_cost": 241322, "f1-score": 0.9999999937060672, "falsepos": 2.5706143113812807e-05, "fullscore": 0.9996574648991672, "index": 1.5363759821881497, "ko": 2017731, "loss": 0.028444617550237083, "meanscore": 0.999990389721076, "n_docs": 338233, "non_null": 0.001464983934882369, "precision": 0.30531656807565566, "prediction_time": 50.72173770985312, "recall": 0.9915812752988474, "size": 661888, "time": 41.98354628984673, "weighted_avg": 1.7016541911818894, "x2": 518}, "classifier": {"accuracy": 0.8771222176296349, "auc": 0.6348679341098789, "avg_time": 99.09275553809411, "benchmark": 5.327263249767095, "distinct": 475, "entropy": 3.0450682390584087, "errors": 441, "exp_cost": 10164799, "f1-score": 0.9999825900331997, "falsepos": 0.00704822262204452, "fullscore": 0.9999891098730637, "index": 487.2366028728744, "ko": 5993119, "loss": 0.04578964519184525, "n_docs": 22944004, "non_null": 0.009257099441652983, "precision": 0.7158573221830771, "prediction_time": 29.075346281792044, "recall": 0.9992313430279337, "size": 113756, "time": 2.23048074137657, "weighted_avg": 4.246104568291656, "x2": 431}, "reports": {"accuracy": 0.9966299498537577, "auc": 0.9880033409759291, "avg_time": 16.148396320894015, "benchmark": 3.0527175775427513, "distinct": 532, "entropy": 2.193686490232249, "errors": 287, "exp_cost": 19087, "f1-score": 0.9999999924963192, "falsepos": 1.221781420479573e-08, "fullscore": 0.5622222011082134, "index": 7.674866170980573, "ko": 0.99860402170734, "loss": 0.0033546411460042558, "meanscore": 0.9975426672817088, "n_docs": 4665552, "non_null": 0.0024983601882633266, "precision": 0.9999895337071194, "prediction_time": 30.3824168478709, "recall": 0.9411167636501665, "size": 7619855, "time": 10.168950572473738, "weighted_avg": 2.8245980508550055, "x2": 0.00022190476257599734}, "train": {"accuracy": 0.9972220862205161, "auc": 0.9829028552535468, "avg_time": 4.962157060086234, "benchmark": 0.7794917243245271, "distinct": 277, "entropy": 2.267966778826705, "errors": 372, "exp_cost": 894981, "falsepos": 5.48596495875131e-06, "fullscore": 0.9999995567187406, "index": 25.231421833012828, "ko": 0.003801012282499072, "loss": 1.948584968269884e-06, "meanscore": 0.9847193023424989, "n_docs": 169838851, "non_null": 0.2027057330123767, "precision": 0.7743948507155427, "prediction_time": 5.469602526012207, "recall": 0.999998524609065, "size": 402068, "time": 0.9571613029968592, "weighted_avg": 2.676850885518772, "x2": 231}, "train_full": {"accuracy": 0.9996665457829064, "auc": 0.9588958375742253, "avg_time": 6.062528394745493, "benchmark": 3.1877936582370014, "distinct": 207, "entropy": 3.880130399654801, "errors": 208, "exp_cost": 25382474, "f1-score": 0.9999809556316953, "falsepos": 0.038451156910114026, "fullscore": 0.9914149731378968, "index": 16.447787756418325, "ko": 59.27787308717562, "loss": 1.7547854280763886e-08, "meanscore": 0.9824001816869941, "n_docs": 6214298, "non_null": 1.3691792926096014e-06, "precision": 0.9948893079548865, "prediction_time": 56.49144775376781, "recall": 0.9959286041254435, "size": 29206, "time": 13.169971336625322, "weighted_avg": 3.8431890914943234, "x2": 3.98334036428608}}