{"branch": {"accuracy": 0.9543040243309564, "auc": 0.819467674356361, "avg_time": 9.0325589568636, "benchmark": -0.09533166023076411, "distinct": 163, "entropy": 1.7707521137206181, "errors": -216, "exp_cost": 52831, "f1-score": 0.8738263251244334, "falsepos": 0.5370901397934271, "fullscore": 0.9272175583319417, "index": 0.538152519723448, "ko": 1.2353201357729637, "loss": 0.025925465298038408, "meanscore": 0.6145421139390521, "n_docs": 1299, "non_null": 0.1190003810071818, "precision": 0.7484963531456112, "prediction_time": 0.922376075265674, "recall": 0.9967148222236817, "size": 218, "time": 1.7559385968676804, "weighted_avg": -0.7422895981282058, "x2": 0.6684564908504912}, "brand": {"auc": 0.9997866768178817, "avg_time": 5.573366490476554, "benchmark": -0.01774937925014569, "distinct": 158, "entropy": -1.223638686627432, "errors": 155, "exp_cost": 4884, "f1-score": 0.9971393429197144, "falsepos": 0.05055191316933216, "fullscore": 0.7396187634930775, "index": 0.1962807017694535, "ko": 5696, "loss": 0.7429986664612122, "meanscore": 0.9597811325915255, "n_docs": 5999, "non_null": 0.4505092385169702, "precision": 0.011509069897493007, "prediction_time": 5.385041249914568, "recall": 0.5332090632486804, "size": 1313, "time": 1.4776337590119168, "weighted_avg": -0.35873185395693835, "x2": 215}, "classifier": {"accuracy": 0.0627354450615758, "auc": 0.0865039786514335, "avg_time": 6.37987076998512, "benchmark": 1.916202860564867, "distinct": 183, "entropy": 0.7250514910313843, "errors": 259, "exp_cost": 69821, "f1-score": 0.9349094695795028, "falsepos": 0.3151723956830019, "fullscore": 0.823369689714311, "index": 34.995502040900725, "ko": 16702, "loss": 0.6176289266315391, "n_docs": 44172, "non_null": 0.5851000243271531, "precision": 0.046831291392866736, "prediction_time": 1.9291972377248245, "recall": 0.7130990182176787, "size": 46, "time": 0.218119438443622, "weighted_avg": 2.012947059375437, "x2": 139}, "reports": {"accuracy": 0.6872969480462723, "auc": 0.6113987762033729, "avg_time": 0.8913162754907031, "benchmark": 0.596541882673132, "distinct": 246, "entropy": -0.04198055110074998, "errors": 40, "exp_cost": 105, "f1-score": 0.9982644856295787, "falsepos": 0.005124189813726199, "fullscore": 0.07679585132469091, "index": 0.7147920994143604, "ko": 0.6456082053685983, "loss": 0.6776145048353959, "meanscore": 0.8326540282749867, "n_docs": 11811, "non_null": 0.4109907685718537, "precision": 0.9036125045904801, "prediction_time": 2.2093119454547008, "recall": 0.14940597933766497, "size": 6123, "time": 0.3881540161908033, "weighted_avg": 0.34420418807028985, "x2": 0.14179460313757786}, "train": {"accuracy": 0.360678683482423, "auc": 0.45808441637535313, "avg_time": 1.1559837326219202, "benchmark": -1.5017019516881591, "distinct": -23, "entropy": 0.2685875943682533, "errors": 107, "exp_cost": 3908, "falsepos": 0.019768431973995915, "fullscore": 0.9877179942915304, "index": 3.1112348476172627, "ko": 0.26701343263549093, "loss": 0.023814218312233737, "meanscore": 0.28051310972573357, "n_docs": 192508, "non_null": 0.9891662923351843, "precision": 0.07021168859121862, "prediction_time": 0.25578259462712416, "recall": 0.972511511423353, "size": 1868, "time": 0.06725316512831761, "weighted_avg": 0.7318252820892697, "x2": -68}, "train_full": {"accuracy": 0.7564295817044814, "auc": 0.1989202497053254, "avg_time": 0.5807379208417984, "benchmark": 1.011246909843794, "distinct": -35, "entropy": 0.9653247661878821, "errors": 8, "exp_cost": 60390, "f1-score": 0.9309229662195205, "falsepos": 0.7840602915575142, "fullscore": 0.32212238610541205, "index": 1.0014352723449698, "ko": 3.1514592102970296, "loss": 0.0012400924884943265, "meanscore": 0.09790108750167081, "n_docs": 18635, "non_null": 0.018500273299083547, "precision": 0.683157455130808, "prediction_time": 3.675923342891977, "recall": 0.8297302799787866, "size": 76, "time": 0.9584277072694394, "weighted_avg": 1.9503870281360591, "x2": 1.508240962538759}}