{"branch": {"accuracy": 0.9999999998520406, "auc": 0.9999943007403629, "avg_time": 431.15540291935787, "benchmark": 3.156026122363585, "distinct": 497, "entropy": 5.715563262790913, "errors": 132, "exp_cost": 69180558, "f1-score": 0.9999992608507398, "falsepos": 3.743779080411791e-06, "fullscore": 0.9999999204580401, "index": 18.319710281955835, "ko": 3.480146327763192, "loss": 2.1595727905943107e-07, "meanscore": 0.9980105253899396, "n_docs": 19200400, "non_null": 8.065744120833163e-05, "precision": 0.9994457076073219, "prediction_time": 10.797272657973263, "recall": 0.9999999999999328, "size": 3038354, "time": 22.26417377179722, "weighted_avg": 3.165903942930574, "x2": 0.9996186427373797}, "brand": {"auc": 0.9999999999954499, "avg_time": 148.1389907028676, "benchmark": 4.252462901808766, "distinct": 416, "entropy": 1.4479128489350233, "errors": 512, "exp_cost": 764761, "f1-score": 0.9999999999947493, "falsepos": 1.5197809239975157e-06, "fullscore": 0.9999809492268408, "index": 3.1610004802329983, "ko": 16677911, "loss": 0.002627120995517984, "meanscore": 0.9999995348617375, "n_docs": 1558369, "non_null": 1.5957392095145018e-05, "precision": 0.4772670713178978, "prediction_time": 87.51208204374322, "recall": 0.9994235551574245, "size": 4251193, "time": 123.26481357462053, "weighted_avg": 2.393306866007996, "x2": 630}, "classifier": {"accuracy": 0.9837149825645001, "auc": 0.8394747732030908, "avg_time": 311.1886805206498, "benchmark": 6.42629669035039, "distinct": 561, "entropy": 3.7379361207380644, "errors": 495, "exp_cost": 48823653, "f1-score": 0.9999998186671206, "falsepos": 0.0014875781255055953, "fullscore": 0.999999971554236, "index": 940.5523085662376, "ko": 35937977, "loss": 0.007340819544699673, "n_docs": 341491049, "non_null": 0.0006956636960635532, "precision": 0.921209581400225, "prediction_time": 67.96956950503863, "recall": 0.9999607888431161, "size": 1315806, "time": 5.0755544495831275, "weighted_avg": 5.010244566429015, "x2": 537}, "reports": {"accuracy": 0.9995484366896678, "auc": 0.998231254423462, "avg_time": 44.083881283149395, "benchmark": 3.9410322519610546, "distinct": 631, "entropy": 3.0757376261048623, "errors": 369, "exp_cost": 83208, "f1-score": 0.9999999998939506, "falsepos": 1.798317050827336e-11, "fullscore": 0.7683011168374525, "index": 19.20407045687122, "ko": 0.9999457125269454, "loss": 8.309103721337863e-05, "meanscore": 0.9996562349191138, "n_docs": 33635497, "non_null": 0.00011363892733184944, "precision": 0.9999998629260178, "prediction_time": 76.8339385999918, "recall": 0.9883133259340457, "size": 86462256, "time": 27.02126070395605, "weighted_avg": 3.617234558987259, "x2": 1.3338532047324492e-05}, "train": {"accuracy": 0.9998866231433908, "auc": 0.9973057264097642, "avg_time": 8.125258511676861, "benchmark": 1.5151939640504966, "distinct": 374, "entropy": 2.8778079096255715, "errors": 467, "exp_cost": 6983481, "falsepos": 5.739151631711792e-08, "fullscore": 0.9999999965289994, "index": 50.20605376439055, "ko": 0.0003159766935943997, "loss": 8.598011191907062e-09, "meanscore": 0.9988867698439502, "n_docs": 1575091895, "non_null": 0.032349385396311714, "precision": 0.9426090868576018, "prediction_time": 15.789820316303155, "recall": 0.9999999895862544, "size": 2288092, "time": 2.1734338990407105, "weighted_avg": 3.3535068509707284, "x2": 317}, "train_full": {"accuracy": 0.9999935421862551, "auc": 0.9919598911203789, "avg_time": 12.507368645292438, "benchmark": 4.004072186021269, "distinct": 305, "entropy": 4.812847413554368, "errors": 263, "exp_cost": 240640684, "f1-score": 0.9999996525400215, "falsepos": 0.005087051777553309, "fullscore": 0.9996163109134475, "index": 48.18470207241633, "ko": 131.0944772839565, "loss": 6.739886426743169e-11, "meanscore": 0.9995263331775728, "n_docs": 64976304, "non_null": 1.7265293417167982e-08, "precision": 0.9994633724567044, "prediction_time": 127.50425633664456, "recall": 0.9992182591994012, "size": 216973, "time": 28.45635569644908, "weighted_avg": 4.352890874637737, "x2": 4.605709746760933}}