{"branch": {"accuracy": 0.9994331585833864, "auc": 0.9867445304623219, "avg_time": 29.280581716880672, "benchmark": 1.0357630373816116, "distinct": 262, "entropy": 3.1193796534586293, "errors": -103, "exp_cost": 398679, "f1-score": 0.9923490784331904, "falsepos": 0.06515358932905968, "fullscore": 0.9975342531600745, "index": 1.9237985030947684, "ko": 2.010079269792635, "loss": 0.0017630485355393244, "meanscore": 0.8897334818847663, "n_docs": 33499, "non_null": 0.020757946575802988, "precision": 0.9560409425867122, "prediction_time": 1.970384325201228, "recall": 0.9999927520506127, "size": 5696, "time": 4.184468819999508, "weighted_avg": 0.4388998832476353, "x2": 0.9164844933632867}, "brand": {"auc": 0.9999976920772757, "avg_time": 17.218329983448452, "benchmark": 1.63280710902457, "distinct": 252, "entropy": -0.1976294786775693, "errors": 276, "exp_cost": 41981, "f1-score": 0.9999799553514798, "falsepos": 0.004389680482352443, "fullscore": 0.9623023488276938, "index": 0.4661669558648344, "ko": 80068, "loss": 0.3181023777950097, "meanscore": 0.9977948138393413, "n_docs": 35239, "non_null": 0.08988646099902198, "precision": 0.08148001417662942, "prediction_time": 15.730271966377911, "recall": 0.8640849191752479, "size": 26376, "time": 6.901362415785914, "weighted_avg": 0.6787309116319613, "x2": 344}, "classifier": {"accuracy": 0.4257454779136902, "auc": 0.2733443919716212, "avg_time": 24.651152642085176, "benchmark": 3.468820343245949, "distinct": 317, "entropy": 1.9267808651005613, "errors": 329, "exp_cost": 407777, "f1-score": 0.9972575820579064, "falsepos": 0.10411564097994463, "fullscore": 0.9923896624634686, "index": 136.70962870407428, "ko": 410554, "loss": 0.27242075328661375, "n_docs": 794822, "non_null": 0.13989632100889993, "precision": 0.2347102886398511, "prediction_time": 6.265377324891483, "recall": 0.9688060705174737, "size": 1449, "time": 0.5917078870057021, "weighted_avg": 2.8447858634504715, "x2": 275}, "reports": {"accuracy": 0.9196992130337653, "auc": 0.8869887982966608, "avg_time": 3.489000194195894, "benchmark": 1.6923346031689048, "distinct": 372, "entropy": 1.1046824745167187, "errors": 142, "exp_cost": 831, "f1-score": 0.9999706061134335, "falsepos": 4.448012094826481e-05, "fullscore": 0.2553216688355978, "index": 1.827797439332945, "ko": 0.9333756225930571, "loss": 0.20092389050119053, "meanscore": 0.9669009481127405, "n_docs": 237023, "non_null": 0.07607345199178428, "precision": 0.9973178172347814, "prediction_time": 7.452942292240341, "recall": 0.5204823028342141, "size": 182738, "time": 1.975648168177992, "weighted_avg": 1.4416172373729248, "x2": 0.01366861243528883}, "train": {"accuracy": 0.8985795166843333, "auc": 0.8346344930968376, "avg_time": 2.107055464022131, "benchmark": -0.4992951008177341, "distinct": 116, "entropy": 1.207394814004566, "errors": 240, "exp_cost": 65760, "falsepos": 0.0010331186549514815, "fullscore": 0.999669516064411, "index": 7.901279822011746, "ko": 0.05995565330247987, "loss": 0.0011936758424320182, "meanscore": 0.6988237050990275, "n_docs": 4286783, "non_null": 0.8145722669510059, "precision": 0.29424585338167114, "prediction_time": 0.902092793539948, "recall": 0.9994348268677176, "size": 17078, "time": 0.2056938477862177, "weighted_avg": 1.5123554020753973, "x2": 75}, "train_full": {"accuracy": 0.9734748140108308, "auc": 0.6082044214745808, "avg_time": 1.4870169956832042, "benchmark": 2.096301441691517, "distinct": 91, "entropy": 2.1493346014154002, "errors": 103, "exp_cost": 976013, "f1-score": 0.9924477539694446, "falsepos": 0.3971432666957325, "fullscore": 0.7929194830324698, "index": 3.529299602060973, "ko": 11.480391036127475, "loss": 2.558427525778395e-05, "meanscore": 0.676503447738531, "n_docs": 199807, "non_null": 0.0005140327690688062, "precision": 0.9195451018333012, "prediction_time": 13.80491776270898, "recall": 0.9593693930719445, "size": 1439, "time": 3.3057973025089726, "weighted_avg": 2.7074212167036915, "x2": 2.584727129263476}}