{"branch": {"accuracy": 0.9999999999704858, "auc": 0.9999978605614447, "avg_time": 569.0190218115989, "benchmark": 3.3311301194166285, "distinct": 526, "entropy": 5.996378986690739, "errors": 149, "exp_cost": 80856744, "f1-score": 0.9999997486307357, "falsepos": 7.342549429578682e-07, "fullscore": 0.9999999728943718, "index": 24.139818173343482, "ko": 3.6225489591398827, "loss": 1.303224475002196e-07, "meanscore": 0.9988815152127013, "n_docs": 23966490, "non_null": 4.0651315837303414e-05, "precision": 0.9997421651954957, "prediction_time": 12.122649157296138, "recall": 0.9999999999999938, "size": 5593208, "time": 23.84374382916738, "weighted_avg": 3.2898376531995845, "x2": 0.999907882653988}, "brand": {"auc": 0.9999999999975109, "avg_time": 198.22008181748558, "benchmark": 4.735042074596862, "distinct": 451, "entropy": 1.714170381436085, "errors": 550, "exp_cost": 1195771, "f1-score": 0.9999999999986067, "falsepos": 1.4861610297955963e-07, "fullscore": 0.9999955078334538, "index": 3.85911374970695, "ko": 33310675, "loss": 0.0011886294556195942, "meanscore": 0.9999998882345097, "n_docs": 2265374, "non_null": 1.0804347564952188e-05, "precision": 0.5533349970680692, "prediction_time": 125.7695108500647, "recall": 0.9996317219789854, "size": 7558143, "time": 155.47374352184934, "weighted_avg": 2.5843869544156965, "x2": 674}, "classifier": {"accuracy": 0.9892991940197254, "auc": 0.8387936398560023, "avg_time": 353.32978192663535, "benchmark": 6.800929854913602, "distinct": 583, "entropy": 3.901683552777276, "errors": 518, "exp_cost": 63032968, "f1-score": 0.9999999426320548, "falsepos": 0.0011634851263837565, "fullscore": 0.9999999979201248, "index": 1103.7552522836547, "ko": 65865855, "loss": 0.00438623865953891, "n_docs": 446727994, "non_null": 0.00027509478619103245, "precision": 0.9271952634790726, "prediction_time": 99.0418896514807, "recall": 0.9999829893815033, "size": 2822713, "time": 6.771917671176679, "weighted_avg": 5.089762111083094, "x2": 563}, "reports": {"accuracy": 0.999916595214768, "auc": 0.9992203881622644, "avg_time": 56.66466435764144, "benchmark": 3.9446559086483144, "distinct": 658, "entropy": 3.321423635307912, "errors": 395, "exp_cost": 198063, "f1-score": 0.9999999999960604, "falsepos": 4.6244119644711645e-12, "fullscore": 0.779907031436927, "index": 25.043268383906867, "ko": 0.999985243448617, "loss": 2.1524354349988783e-05, "meanscore": 0.9996957285965804, "n_docs": 59169103, "non_null": 5.321855740192394e-05, "precision": 0.999999963232669, "prediction_time": 108.8254800252742, "recall": 0.9952012992508634, "size": 180377690, "time": 28.599800159055178, "weighted_avg": 4.15828023920301, "x2": 1.9635716586030583e-06}, "train": {"accuracy": 0.999974674158149, "auc": 0.9984801353866977, "avg_time": 8.939186902898793, "benchmark": 1.9036101423506482, "distinct": 401, "entropy": 3.2142370414984396, "errors": 493, "exp_cost": 8738972, "falsepos": 1.5684953447170358e-08, "fullscore": 0.999999998988243, "index": 67.6546541648666, "ko": 0.00020870970892938878, "loss": 7.767742005171385e-10, "meanscore": 0.999451323864532, "n_docs": 2314374475, "non_null": 0.01412588450535568, "precision": 0.9499844675318634, "prediction_time": 20.762037804520695, "recall": 0.9999999964392288, "size": 3323158, "time": 3.4145286556378496, "weighted_avg": 3.6186539946953653, "x2": 359}, "train_full": {"accuracy": 0.9999963845539446, "auc": 0.9963932422902155, "avg_time": 17.580084839674008, "benchmark": 4.111907133037622, "distinct": 330, "entropy": 5.111950891410559, "errors": 277, "exp_cost": 426096586, "f1-score": 0.9999998414383671, "falsepos": 0.002300616522236232, "fullscore": 0.9997860810152789, "index": 57.361263147000805, "ko": 172.77125575743833, "loss": 7.083333919410961e-12, "meanscore": 0.9998546089254408, "n_docs": 170796063, "non_null": 4.892713123538783e-09, "precision": 0.9996765332670678, "prediction_time": 158.69668239955422, "recall": 0.9996901646441609, "size": 271252, "time": 39.18417479424117, "weighted_avg": 4.583930317207878, "x2": 4.937619121171145}}