{"branch": {"accuracy": 1.0, "auc": 0.9999999933357232, "avg_time": 3353.5115489307505, "benchmark": 4.332298558171765, "distinct": 664, "entropy": 7.509023862743176, "errors": 289, "exp_cost": 1797907154, "f1-score": 0.9999999998494777, "falsepos": 3.6746272691345894e-11, "fullscore": 0.9999999999961073, "index": 94.24200542430552, "ko": 4.429797017896664, "loss": 4.062741254529101e-10, "meanscore": 0.9999490470996479, "n_docs": 1485998330, "non_null": 2.4141877408290213e-07, "precision": 0.999996706998512, "prediction_time": 30.231046334077778, "recall": 1.0, "size": 301556083, "time": 73.10723456887311, "weighted_avg": 5.164905863122188, "x2": 0.9999996454190301}, "brand": {"auc": 0.9999999999999998, "avg_time": 709.2884249508031, "benchmark": 6.374947281428092, "distinct": 544, "entropy": 2.666479361786059, "errors": 697, "exp_cost": 5191303, "f1-score": 1.0, "falsepos": 1.9566170905704894e-10, "fullscore": 0.9999999970266551, "index": 13.106237974528591, "ko": 652180149, "loss": 3.0901684631157167e-06, "meanscore": 0.9999999995771879, "n_docs": 23213796, "non_null": 9.793990063400315e-10, "precision": 0.8602534599728171, "prediction_time": 355.3830892924316, "recall": 0.9999990381526447, "size": 206835390, "time": 1028.607373845098, "weighted_avg": 3.367410753259633, "x2": 848}, "classifier": {"accuracy": 0.9998898379573159, "auc": 0.9711105955187131, "avg_time": 1576.532675582844, "benchmark": 8.653651101222994, "distinct": 729, "entropy": 4.926780741693271, "errors": 606, "exp_cost": 1667260516, "f1-score": 0.9999999999936703, "falsepos": 1.73818307225293e-05, "fullscore": 0.9999999999999487, "index": 3123.226611454542, "ko": 489350965, "loss": 0.00023978864645024522, "n_docs": 26792358393, "non_null": 1.9606709885655604e-06, "precision": 0.996826339585253, "prediction_time": 441.1580308984992, "recall": 0.9999999540063647, "size": 135389542, "time": 21.547285741228976, "weighted_avg": 6.40097596198525, "x2": 692}, "reports": {"accuracy": 0.9999996316873364, "auc": 0.9999945325071545, "avg_time": 244.31129109718344, "benchmark": 5.284611381754417, "distinct": 830, "entropy": 4.112819063504513, "errors": 553, "exp_cost": 3140293, "f1-score": 0.9999999999999998, "falsepos": 0.0, "fullscore": 0.9324676927254095, "index": 136.33227578282342, "ko": 0.9999999906876308, "loss": 1.4245331581008713e-09, "meanscore": 0.9999926199077406, "n_docs": 955855791, "non_null": 1.6466023178285383e-07, "precision": 0.9999999999859515, "prediction_time": 525.6505249720508, "recall": 0.9999700223183754, "size": 6441159503, "time": 143.09843403503206, "weighted_avg": 5.636013753038542, "x2": 3.0195951294942347e-09}, "train": {"accuracy": 0.9999999821465466, "auc": 0.9999843950691882, "avg_time": 20.753142010867638, "benchmark": 3.031145939569384, "distinct": 552, "entropy": 4.30381607914171, "errors": 608, "exp_cost": 56232418, "falsepos": 4.2487124929380116e-12, "fullscore": 0.9999999999994388, "index": 196.38161702724557, "ko": 4.126295843787098e-06, "loss": 5.10702591327572e-15, "meanscore": 0.9999986696857308, "n_docs": 57858049079, "non_null": 5.1076226241342226e-05, "precision": 0.9985820302390974, "prediction_time": 108.68055865608883, "recall": 0.9999999999992735, "size": 51191006, "time": 16.100990803987663, "weighted_avg": 4.922451780068755, "x2": 483}, "train_full": {"accuracy": 0.9999999994514002, "auc": 0.9999499378901677, "avg_time": 69.19166891905179, "benchmark": 5.136873409228356, "distinct": 453, "entropy": 6.825608112170701, "errors": 390, "exp_cost": 15300437449, "f1-score": 0.9999999999961868, "falsepos": 5.714133137102451e-06, "fullscore": 0.9999995049611571, "index": 317.67584989998034, "ko": 729.4147010553476, "loss": 2.220446049250313e-16, "meanscore": 0.9999999669974748, "n_docs": 5137438319, "non_null": 5.618838727627917e-13, "precision": 0.9999972244187683, "prediction_time": 478.4487377938188, "recall": 0.9999906553070974, "size": 4299541, "time": 196.1138414687725, "weighted_avg": 5.834541318393587, "x2": 6.046910488508525}}