{"branch": {"accuracy": 1.0, "auc": 0.9999999999971522, "avg_time": 13805.988661320533, "benchmark": 5.400269176391777, "distinct": 812, "entropy": 8.881667163328888, "errors": 413, "exp_cost": 27697066258, "f1-score": 0.9999999999999802, "falsepos": 3.3306690738754696e-16, "fullscore": 0.9999999999999998, "index": 311.580023545403, "ko": 5.346004110615913, "loss": 7.194245199571014e-14, "meanscore": 0.9999988180673971, "n_docs": 49301229680, "non_null": 2.387730235753338e-09, "precision": 0.9999999587326505, "prediction_time": 71.99535918265947, "recall": 1.0, "size": 9051549016, "time": 162.29808276565834, "weighted_avg": 6.742192957546838, "x2": 0.9999999990731273}, "brand": {"auc": 1.0, "avg_time": 2375.4097811060806, "benchmark": 7.888928742425995, "distinct": 623, "entropy": 3.7009723871031373, "errors": 813, "exp_cost": 32956130, "f1-score": 1.0, "falsepos": 2.857714065385153e-13, "fullscore": 0.9999999999993417, "index": 33.71087733619937, "ko": 10963521709, "loss": 5.2445704445958086e-09, "meanscore": 0.9999999999998319, "n_docs": 166434605, "non_null": 1.0402789740737717e-13, "precision": 0.9647310716717709, "prediction_time": 760.3553533336543, "recall": 0.9999999986026321, "size": 2373736665, "time": 4654.135454697336, "weighted_avg": 4.1056252815943015, "x2": 984}, "classifier": {"accuracy": 0.9999988232238199, "auc": 0.9928934073756115, "avg_time": 5683.59951796657, "benchmark": 10.325924259359574, "distinct": 884, "entropy": 5.975639724846332, "errors": 697, "exp_cost": 19934762321, "f1-score": 0.9999999999999996, "falsepos": 1.2300989060687328e-07, "fullscore": 1.0, "index": 10439.094530695445, "ko": 5621315411, "loss": 4.751965907989764e-06, "n_docs": 1067589264325, "non_null": 4.978092604801532e-09, "precision": 0.999953458614999, "prediction_time": 1393.2083686747492, "recall": 0.9999999999166188, "size": 7298437793, "time": 73.2775721622833, "weighted_avg": 7.44585574088651, "x2": 821}, "reports": {"accuracy": 0.9999999970750661, "auc": 0.9999999071226622, "avg_time": 993.53844323155, "benchmark": 6.318665850692248, "distinct": 981, "entropy": 5.3288301226534305, "errors": 671, "exp_cost": 24995445, "f1-score": 1.0, "falsepos": 0.0, "fullscore": 0.9890883360157067, "index": 470.48593251449154, "ko": 0.9999999999976326, "loss": 1.587618925213974e-14, "meanscore": 0.9999998808493865, "n_docs": 15088006417, "non_null": 1.7709522737163752e-10, "precision": 0.9999999999999981, "prediction_time": 1917.8918130917473, "recall": 0.999999903719718, "size": 182001094038, "time": 473.9840774507408, "weighted_avg": 6.733971678842358, "x2": 8.991696276439143e-13}, "train": {"accuracy": 0.9999999999980569, "auc": 0.9999999252879256, "avg_time": 41.89470127761203, "benchmark": 4.112479127558592, "distinct": 690, "entropy": 5.231955241428376, "errors": 745, "exp_cost": 814626118, "falsepos": 5.551115123125783e-16, "fullscore": 1.0, "index": 444.6412676328972, "ko": 1.3202765325459609e-08, "loss": 0.0, "meanscore": 0.9999999994896821, "n_docs": 1262281794502, "non_null": 4.4722388015117076e-08, "precision": 0.9999709505938157, "prediction_time": 536.7855501336173, "recall": 1.0, "size": 728924865, "time": 58.75263054464975, "weighted_avg": 5.8733971466201895, "x2": 615}, "train_full": {"accuracy": 0.9999999999998949, "auc": 0.9999996853454927, "avg_time": 237.46157894915763, "benchmark": 5.946928024639634, "distinct": 595, "entropy": 8.130098545213185, "errors": 482, "exp_cost": 244080524202, "f1-score": 1.0, "falsepos": 8.063814505021583e-09, "fullscore": 0.9999999997459564, "index": 1481.7547482701536, "ko": 3153.8181645271698, "loss": 0.0, "meanscore": 0.9999999999968904, "n_docs": 110742134421, "non_null": 0.0, "precision": 0.999999989624822, "prediction_time": 1580.94672421038, "recall": 0.9999997476987504, "size": 80701572, "time": 657.3891457909209, "weighted_avg": 6.8385109578410255, "x2": 7.202264254166138}}