{"branch": {"accuracy": 1.0, "auc": 0.999999999999998, "avg_time": 36978.568364296465, "benchmark": 6.172089424109391, "distinct": 878, "entropy": 9.949744405898993, "errors": 502, "exp_cost": 156968062092, "f1-score": 1.0, "falsepos": 0.0, "fullscore": 1.0, "index": 780.3944672191054, "ko": 5.831556234847931, "loss": 2.220446049250313e-16, "meanscore": 0.9999999588789099, "n_docs": 644300972380, "non_null": 2.442468449714852e-11, "precision": 0.9999999991593455, "prediction_time": 140.33002611561494, "recall": 1.0, "size": 136507585947, "time": 315.2941568258585, "weighted_avg": 7.5456979441852035, "x2": 0.9999999999945388}, "brand": {"auc": 1.0, "avg_time": 5507.798898425534, "benchmark": 8.9911513913516, "distinct": 694, "entropy": 4.476617400246929, "errors": 907, "exp_cost": 103441200, "f1-score": 1.0, "falsepos": 8.881784197001252e-16, "fullscore": 0.9999999999999988, "index": 69.7222272127293, "ko": 69970519809, "loss": 1.916944381008534e-11, "meanscore": 0.9999999999999996, "n_docs": 494121125, "non_null": 1.1102230246251565e-16, "precision": 0.9929828916480258, "prediction_time": 1773.9093443825684, "recall": 0.9999999999964181, "size": 16749005032, "time": 14996.40542577166, "weighted_avg": 4.977572740168666, "x2": 1098}, "classifier": {"accuracy": 0.999999992796363, "auc": 0.999047733958609, "avg_time": 14785.557651262614, "benchmark": 11.416832654682693, "distinct": 956, "entropy": 6.761545016909753, "errors": 759, "exp_cost": 127283835476, "f1-score": 1.0, "falsepos": 4.814222132054624e-09, "fullscore": 1.0, "index": 21015.250191341755, "ko": 31114090039, "loss": 1.0051787413534186e-07, "n_docs": 8932040995296, "non_null": 3.5716318791401136e-11, "precision": 0.9999986552623398, "prediction_time": 4222.187813892207, "recall": 0.9999999999993141, "size": 70329877338, "time": 151.31860241798384, "weighted_avg": 8.214679344285656, "x2": 920}, "reports": {"accuracy": 0.9999999999838307, "auc": 0.9999999985173375, "avg_time": 2834.63249605416, "benchmark": 7.027838809750477, "distinct": 1066, "entropy": 5.979072688995294, "errors": 755, "exp_cost": 189963306, "f1-score": 1.0, "falsepos": 0.0, "fullscore": 0.9981233127556786, "index": 1142.371670995732, "ko": 0.9999999999999933, "loss": 0.0, "meanscore": 0.9999999953270361, "n_docs": 135693414475, "non_null": 8.757439218243235e-13, "precision": 1.0, "prediction_time": 4061.2335446682764, "recall": 0.9999999990363859, "size": 1906105364015, "time": 1226.885507939625, "weighted_avg": 7.451632429793789, "x2": 1.1102230246251565e-15}, "train": {"accuracy": 0.999999999999999, "auc": 0.9999999994464837, "avg_time": 81.31752015078362, "benchmark": 4.9937485216867215, "distinct": 794, "entropy": 5.942981275714934, "errors": 820, "exp_cost": 4894754053, "falsepos": 0.0, "fullscore": 1.0, "index": 824.5106994502315, "ko": 2.7933189095108446e-10, "loss": 0.0, "meanscore": 0.9999999999982266, "n_docs": 10671783920213, "non_null": 1.4615753052282798e-11, "precision": 0.9999995901052561, "prediction_time": 1492.232709847076, "recall": 1.0, "size": 4204078852, "time": 145.63444499521583, "weighted_avg": 6.588566497803051, "x2": 697}, "train_full": {"accuracy": 0.9999999999999999, "auc": 0.9999999988981811, "avg_time": 545.1422307103568, "benchmark": 6.665264780617133, "distinct": 664, "entropy": 9.205686253655148, "errors": 544, "exp_cost": 2048778117489, "f1-score": 1.0, "falsepos": 2.818878463983765e-11, "fullscore": 0.9999999999990459, "index": 3585.7765501869003, "ko": 7042.2500722112745, "loss": 0.0, "meanscore": 0.9999999999999986, "n_docs": 1190079363077, "non_null": 0.0, "precision": 0.9999999998627604, "prediction_time": 3498.764589054745, "recall": 0.9999999956205428, "size": 601269453, "time": 1365.6867961846938, "weighted_avg": 7.405783383685797, "x2": 7.935800465206246}}