{"branch": {"accuracy": 0.9999999999999962, "auc": 0.9999999617525466, "avg_time": 1908.5723520017211, "benchmark": 3.9631669344789677, "distinct": 630, "entropy": 7.140000639536852, "errors": 254, "exp_cost": 631565892, "f1-score": 0.9999999982552917, "falsepos": 1.1290033352651108e-09, "fullscore": 0.9999999999182012, "index": 60.59311302158624, "ko": 4.2690517287669785, "loss": 9.170312287309912e-10, "meanscore": 0.9998592308988759, "n_docs": 415937533, "non_null": 1.6135798766026e-06, "precision": 0.9999910388673676, "prediction_time": 21.66666097100099, "recall": 1.0, "size": 86676165, "time": 49.48895304033371, "weighted_avg": 4.594104371876865, "x2": 0.9999986771474676}, "brand": {"auc": 0.9999999999999946, "avg_time": 504.8390888669354, "benchmark": 5.977809362682963, "distinct": 500, "entropy": 2.407877039329748, "errors": 641, "exp_cost": 3802255, "f1-score": 0.9999999999999998, "falsepos": 2.176466562531232e-09, "fullscore": 0.9999999865174991, "index": 9.24007910299054, "ko": 287798742, "loss": 2.5110910072401182e-05, "meanscore": 0.9999999968462847, "n_docs": 12802423, "non_null": 1.5463416325189883e-08, "precision": 0.7924279976267, "prediction_time": 232.8224745700658, "recall": 0.9999944090701035, "size": 71215990, "time": 570.1682870624126, "weighted_avg": 3.1665039870218235, "x2": 791}, "classifier": {"accuracy": 0.9994669073330174, "auc": 0.944829091348788, "avg_time": 1046.9108852236182, "benchmark": 8.169937742882151, "distinct": 691, "entropy": 4.634546994440387, "errors": 586, "exp_cost": 743111864, "f1-score": 0.9999999999308004, "falsepos": 4.882295196984021e-05, "fullscore": 0.9999999999990563, "index": 2442.828906455244, "ko": 343939435, "loss": 0.000599249820347203, "n_docs": 8126335393, "non_null": 9.1339187155981e-06, "precision": 0.9926606484562628, "prediction_time": 254.53875889322663, "recall": 0.9999997032282313, "size": 45111318, "time": 15.418418595545386, "weighted_avg": 5.962759020785966, "x2": 660}, "reports": {"accuracy": 0.9999971429436937, "auc": 0.9999520941225595, "avg_time": 174.7749114545555, "benchmark": 4.890434387751092, "distinct": 772, "entropy": 3.853191110743214, "errors": 501, "exp_cost": 1260553, "f1-score": 0.9999999999999962, "falsepos": 4.440892098500626e-16, "fullscore": 0.9112809239950036, "index": 74.27676253084935, "ko": 0.9999998846458857, "loss": 3.128782877226399e-08, "meanscore": 0.9999701659848494, "n_docs": 349729518, "non_null": 9.14020000797322e-07, "precision": 0.9999999996402716, "prediction_time": 310.7478986356295, "recall": 0.999798171804631, "size": 1958815480, "time": 90.33595314431521, "weighted_avg": 5.165322894069543, "x2": 3.559029360111765e-08}, "train": {"accuracy": 0.9999998551504317, "auc": 0.9999358983129482, "avg_time": 17.165683178576316, "benchmark": 2.7391098700986354, "distinct": 506, "entropy": 3.982809680153064, "errors": 574, "exp_cost": 36266181, "falsepos": 3.1452174198420835e-11, "fullscore": 0.9999999999947922, "index": 132.36893172683847, "ko": 7.6104635954310496e-06, "loss": 3.2085445411667024e-13, "meanscore": 0.9999939682295893, "n_docs": 25683568912, "non_null": 0.00043680517521860196, "precision": 0.9955040801329313, "prediction_time": 66.36379772260021, "recall": 0.9999999999924276, "size": 25003707, "time": 9.452145996178789, "weighted_avg": 4.541010043398972, "x2": 444}, "train_full": {"accuracy": 0.999999976964785, "auc": 0.9997732813865603, "avg_time": 50.53617599978147, "benchmark": 4.915108295712114, "distinct": 415, "entropy": 6.18556778515113, "errors": 359, "exp_cost": 4639097493, "f1-score": 0.9999999999421813, "falsepos": 4.444905050937642e-05, "fullscore": 0.9999964176574155, "index": 175.1871867779692, "ko": 473.029153352722, "loss": 3.3306690738754696e-15, "meanscore": 0.9999994609113629, "n_docs": 1565110297, "non_null": 1.1406875444208708e-11, "precision": 0.9999912045393304, "prediction_time": 369.9101803141798, "recall": 0.9999652502130407, "size": 2252075, "time": 115.21829621248465, "weighted_avg": 5.422570246629739, "x2": 5.71229692549978}}