{"branch": {"accuracy": 0.9999999997207627, "auc": 0.9999931750088309, "avg_time": 387.08427791173045, "benchmark": 2.9968314251975023, "distinct": 472, "entropy": 5.561576593791211, "errors": 102, "exp_cost": 44523994, "f1-score": 0.9999984335980833, "falsepos": 5.78528673733647e-06, "fullscore": 0.9999997695569149, "index": 16.5753804141902, "ko": 3.3808990925842304, "loss": 4.302233902464536e-07, "meanscore": 0.9970368101973694, "n_docs": 12463588, "non_null": 7.671684302279491e-05, "precision": 0.9993638992258858, "prediction_time": 10.058671380933827, "recall": 0.9999999999997602, "size": 2235055, "time": 19.09978513622018, "weighted_avg": 3.1261537568731494, "x2": 0.9995997858124522}, "brand": {"auc": 0.999999999986678, "avg_time": 136.95650959415178, "benchmark": 4.295548572178179, "distinct": 413, "entropy": 1.369117656912605, "errors": 499, "exp_cost": 627368, "f1-score": 0.9999999999844653, "falsepos": 1.409298487242694e-06, "fullscore": 0.999966478363193, "index": 2.8844049989915215, "ko": 12565687, "loss": 0.0037761615587563746, "meanscore": 0.9999992810870187, "n_docs": 1062597, "non_null": 3.893145942035492e-05, "precision": 0.47014583402942095, "prediction_time": 79.3174842490896, "recall": 0.9990110817406104, "size": 4321465, "time": 109.20575337000834, "weighted_avg": 2.3683846617292925, "x2": 609}, "classifier": {"accuracy": 0.9726698670003953, "auc": 0.8199892343832572, "avg_time": 236.6463581318384, "benchmark": 6.445476818662076, "distinct": 553, "entropy": 3.600114852454749, "errors": 492, "exp_cost": 49001562, "f1-score": 0.9999996867083789, "falsepos": 0.0018896017002357768, "fullscore": 0.9999999589869605, "index": 896.7881102653483, "ko": 30121894, "loss": 0.009251433490935379, "n_docs": 235180560, "non_null": 0.0007761943327539989, "precision": 0.8907369268895349, "prediction_time": 64.76008477952372, "recall": 0.9999047594329116, "size": 1093774, "time": 4.846948969168213, "weighted_avg": 4.831986289219421, "x2": 522}, "reports": {"accuracy": 0.9994002288526795, "auc": 0.9974708040078233, "avg_time": 37.46661760072356, "benchmark": 3.7678093037607945, "distinct": 619, "entropy": 2.9620673923241405, "errors": 362, "exp_cost": 70391, "f1-score": 0.9999999999483566, "falsepos": 5.581268780474602e-11, "fullscore": 0.7108896810264369, "index": 16.267538611425913, "ko": 0.9999249921201654, "loss": 9.832523261699144e-05, "meanscore": 0.9993759369019006, "n_docs": 24302256, "non_null": 0.00020601692834210095, "precision": 0.9999997657494342, "prediction_time": 66.38582493214237, "recall": 0.9883010842821737, "size": 67637880, "time": 21.475593772141682, "weighted_avg": 3.6670708872764406, "x2": 1.0627530351969838e-05}, "train": {"accuracy": 0.9998246477748769, "auc": 0.9973712533947091, "avg_time": 8.894908999311612, "benchmark": 1.5003772464474001, "distinct": 355, "entropy": 2.824017577337378, "errors": 460, "exp_cost": 4064479, "falsepos": 1.525604322871743e-07, "fullscore": 0.9999999860830924, "index": 45.79219501646761, "ko": 0.0006783182667615684, "loss": 2.507073515456426e-08, "meanscore": 0.9989955262385004, "n_docs": 849143393, "non_null": 0.043834345751965986, "precision": 0.9334107054710917, "prediction_time": 12.759682938465412, "recall": 0.9999999555146988, "size": 1509565, "time": 2.1318642863107526, "weighted_avg": 3.348298577139657, "x2": 308}, "train_full": {"accuracy": 0.9999887300436892, "auc": 0.9891176810806859, "avg_time": 11.715824000011636, "benchmark": 3.8478135544491217, "distinct": 295, "entropy": 4.6763027264127555, "errors": 257, "exp_cost": 139939822, "f1-score": 0.9999997300681334, "falsepos": 0.007214114391099868, "fullscore": 0.9994899559282069, "index": 37.918806957393066, "ko": 133.7678745598514, "loss": 1.871631738481483e-10, "meanscore": 0.9989228425133518, "n_docs": 57923579, "non_null": 3.495378564366547e-08, "precision": 0.9992063583624853, "prediction_time": 113.26223138040064, "recall": 0.9991586870254421, "size": 159297, "time": 24.427019610349465, "weighted_avg": 4.290599990798767, "x2": 4.60504476806984}}