{"branch": {"accuracy": 1.0, "auc": 0.9999999999999312, "avg_time": 29449.919762910908, "benchmark": 5.919550730168261, "distinct": 867, "entropy": 9.675735676461077, "errors": 480, "exp_cost": 115138628430, "f1-score": 0.9999999999999999, "falsepos": 0.0, "fullscore": 1.0, "index": 616.8117905544623, "ko": 5.562036560091371, "loss": 3.3306690738754696e-16, "meanscore": 0.9999998651809887, "n_docs": 341500730838, "non_null": 6.565836763172683e-11, "precision": 0.9999999989008352, "prediction_time": 96.32034935244137, "recall": 1.0, "size": 62851220174, "time": 284.5818726179939, "weighted_avg": 7.528040489307085, "x2": 0.9999999999593551}, "brand": {"auc": 1.0, "avg_time": 4082.173953942107, "benchmark": 8.596932247156504, "distinct": 684, "entropy": 4.143878901651352, "errors": 869, "exp_cost": 75720172, "f1-score": 1.0, "falsepos": 1.2212453270876722e-14, "fullscore": 0.9999999999999848, "index": 58.790592898585885, "ko": 39622133976, "loss": 1.0600564870344442e-10, "meanscore": 0.9999999999999961, "n_docs": 516240822, "non_null": 2.220446049250313e-16, "precision": 0.9897298770092312, "prediction_time": 1452.7491616932298, "recall": 0.999999999972444, "size": 8822251170, "time": 11746.425042485735, "weighted_avg": 4.684034848816308, "x2": 1059}, "classifier": {"accuracy": 0.9999999789487015, "auc": 0.9984005389959469, "avg_time": 12071.92387625706, "benchmark": 11.110245771553473, "distinct": 944, "entropy": 6.494916312172943, "errors": 751, "exp_cost": 52284612584, "f1-score": 1.0, "falsepos": 2.5545384030323248e-08, "fullscore": 1.0, "index": 19077.70929962095, "ko": 16714320723, "loss": 5.634744094651367e-07, "n_docs": 4882775120902, "non_null": 1.165634255784198e-10, "precision": 0.9999949672967664, "prediction_time": 2958.7965387074555, "recall": 0.9999999999983478, "size": 52249072104, "time": 126.89931434271317, "weighted_avg": 8.102738486237305, "x2": 885}, "reports": {"accuracy": 0.9999999997983495, "auc": 0.9999999965804898, "avg_time": 1992.428741008586, "benchmark": 7.050125908036011, "distinct": 1048, "entropy": 5.900171797666305, "errors": 734, "exp_cost": 82812196, "f1-score": 1.0, "falsepos": 0.0, "fullscore": 0.9964278146133034, "index": 1073.0426177241961, "ko": 0.9999999999999809, "loss": 0.0, "meanscore": 0.999999982137413, "n_docs": 65969195736, "non_null": 3.6257663538208362e-12, "precision": 1.0, "prediction_time": 3544.065834169898, "recall": 0.9999999971996991, "size": 1149135286963, "time": 826.3070297942978, "weighted_avg": 7.205066260860526, "x2": 2.6978419498391304e-14}, "train": {"accuracy": 0.9999999999999876, "auc": 0.9999999970418357, "avg_time": 74.01004892657231, "benchmark": 4.80245715772027, "distinct": 766, "entropy": 5.751092643072979, "errors": 815, "exp_cost": 3061836697, "falsepos": 0.0, "fullscore": 1.0, "index": 849.9345707306514, "ko": 1.4697075778613566e-09, "loss": 0.0, "meanscore": 0.9999999999871381, "n_docs": 5487011275398, "non_null": 1.3902579087954337e-10, "precision": 0.9999978429306392, "prediction_time": 1117.7900042652598, "recall": 1.0, "size": 2317244172, "time": 107.55930573478183, "weighted_avg": 6.372915361366753, "x2": 674}, "train_full": {"accuracy": 0.9999999999999998, "auc": 0.9999999899202626, "avg_time": 413.2415704460744, "benchmark": 6.519492805788556, "distinct": 658, "entropy": 8.809595276100321, "errors": 532, "exp_cost": 1323945206615, "f1-score": 1.0, "falsepos": 1.1573875191572824e-10, "fullscore": 0.999999999995784, "index": 2985.4243470279334, "ko": 5649.270605073621, "loss": 0.0, "meanscore": 0.9999999999999768, "n_docs": 626512992879, "non_null": 0.0, "precision": 0.9999999994793262, "prediction_time": 2787.1664695391896, "recall": 0.9999999744072946, "size": 256008574, "time": 1281.1472745488297, "weighted_avg": 7.3170553693067655, "x2": 7.751021983617742}}