{"branch": {"accuracy": 1.0, "auc": 0.9999999999986668, "avg_time": 17036.39724113522, "benchmark": 5.544777498811239, "distinct": 815, "entropy": 9.193379206251105, "errors": 436, "exp_cost": 31814111174, "f1-score": 0.9999999999999906, "falsepos": 0.0, "fullscore": 1.0, "index": 361.806981511192, "ko": 5.322203790977121, "loss": 1.7319479184152442e-14, "meanscore": 0.9999993722604956, "n_docs": 93209330941, "non_null": 5.976491523895788e-10, "precision": 0.9999999898355711, "prediction_time": 69.71474880631195, "recall": 1.0, "size": 19925356651, "time": 186.94944391684567, "weighted_avg": 6.950011326279384, "x2": 0.9999999998276068}, "brand": {"auc": 1.0, "avg_time": 2584.8030253713996, "benchmark": 8.234862745316226, "distinct": 654, "entropy": 3.735716796819578, "errors": 837, "exp_cost": 45581656, "f1-score": 1.0, "falsepos": 1.0969003483296547e-13, "fullscore": 0.9999999999998812, "index": 40.74518287711334, "ko": 15679557972, "loss": 1.6884476039535912e-09, "meanscore": 0.9999999999999215, "n_docs": 172260746, "non_null": 4.085620730620576e-14, "precision": 0.9789401156276808, "prediction_time": 1017.2083488960627, "recall": 0.9999999992668623, "size": 3563336569, "time": 6751.966552119904, "weighted_avg": 4.392695364799386, "x2": 1020}, "classifier": {"accuracy": 0.9999997914934267, "auc": 0.9965938001262604, "avg_time": 8180.64440442027, "benchmark": 10.440248610959584, "distinct": 894, "entropy": 6.144977001813965, "errors": 720, "exp_cost": 30312763188, "f1-score": 1.0, "falsepos": 1.2999162901650152e-07, "fullscore": 1.0, "index": 11030.41947376811, "ko": 8418542601, "loss": 1.6142860612688992e-06, "n_docs": 1260428214265, "non_null": 2.161180345794378e-09, "precision": 0.9999743686573341, "prediction_time": 1784.2279067945801, "recall": 0.9999999999531533, "size": 9957613127, "time": 84.10535747586344, "weighted_avg": 7.618155909825443, "x2": 836}, "reports": {"accuracy": 0.9999999984734114, "auc": 0.9999999826377439, "avg_time": 1375.5553909005278, "benchmark": 6.576122079087744, "distinct": 992, "entropy": 5.385123134767914, "errors": 690, "exp_cost": 34392234, "f1-score": 1.0, "falsepos": 0.0, "fullscore": 0.9915770615586619, "index": 655.7374902162635, "ko": 0.9999999999991165, "loss": 4.6629367034256575e-15, "meanscore": 0.9999999310397343, "n_docs": 17555175622, "non_null": 8.236900050917484e-11, "precision": 0.9999999999999998, "prediction_time": 2157.1069151577517, "recall": 0.999999957507606, "size": 275801374488, "time": 652.0553206647273, "weighted_avg": 6.803015631042668, "x2": 2.3381296898605797e-13}, "train": {"accuracy": 0.9999999999997242, "auc": 0.999999969483539, "avg_time": 53.93022501933159, "benchmark": 4.276687038581089, "distinct": 710, "entropy": 5.378546715065075, "errors": 758, "exp_cost": 1210804979, "falsepos": 1.1102230246251565e-16, "fullscore": 1.0, "index": 558.9336861603509, "ko": 1.559904516668098e-08, "loss": 0.0, "meanscore": 0.9999999998373521, "n_docs": 1991577157695, "non_null": 3.778768187245873e-09, "precision": 0.9999860707835859, "prediction_time": 671.2562866231987, "recall": 1.0, "size": 1094079017, "time": 61.98216373815769, "weighted_avg": 6.120552671115638, "x2": 614}, "train_full": {"accuracy": 0.9999999999999877, "auc": 0.9999999300905327, "avg_time": 272.2669781025193, "benchmark": 6.205622519989886, "distinct": 595, "entropy": 8.399965389915673, "errors": 498, "exp_cost": 366411166682, "f1-score": 1.0, "falsepos": 2.9262250400563516e-09, "fullscore": 0.9999999999550889, "index": 1694.8245093280923, "ko": 3929.7651066909275, "loss": 0.0, "meanscore": 0.9999999999994755, "n_docs": 200050743779, "non_null": 0.0, "precision": 0.9999999921796954, "prediction_time": 1736.66109249579, "recall": 0.9999998637878136, "size": 96740259, "time": 697.6109153380513, "weighted_avg": 6.861400202284577, "x2": 7.223729244008467}}