{"branch": {"accuracy": 1.0, "auc": 0.9999999991952336, "avg_time": 5708.590927955272, "benchmark": 4.626100482163308, "distinct": 719, "entropy": 7.915868034855024, "errors": 330, "exp_cost": 4136375167, "f1-score": 0.9999999999775185, "falsepos": 1.3462564396604648e-12, "fullscore": 0.9999999999999161, "index": 133.90175249324278, "ko": 4.594475628627342, "loss": 4.6416204213528545e-11, "meanscore": 0.9999782146569989, "n_docs": 6917102708, "non_null": 8.472354628974443e-08, "precision": 0.9999989463715886, "prediction_time": 34.89981911588798, "recall": 1.0, "size": 1222330682, "time": 90.60553529829967, "weighted_avg": 5.706383169791773, "x2": 0.9999999711572078}, "brand": {"auc": 1.0, "avg_time": 964.2496981766008, "benchmark": 6.812705114196254, "distinct": 562, "entropy": 2.9942815158996217, "errors": 717, "exp_cost": 11634643, "f1-score": 1.0, "falsepos": 4.744993287175703e-11, "fullscore": 0.9999999996109497, "index": 17.16507868490382, "ko": 1700898709, "loss": 4.7130058455913115e-07, "meanscore": 0.9999999999740449, "n_docs": 35944704, "non_null": 4.3426706675120386e-11, "precision": 0.9033386671733898, "prediction_time": 408.3939646485268, "recall": 0.9999998469091786, "size": 481760494, "time": 1653.895434444768, "weighted_avg": 3.585327639600529, "x2": 905}, "classifier": {"accuracy": 0.9999533813181263, "auc": 0.9785009159003657, "avg_time": 2498.4195445178484, "benchmark": 9.059227236912081, "distinct": 770, "entropy": 5.211302580556523, "errors": 662, "exp_cost": 3165404723, "f1-score": 0.9999999999993545, "falsepos": 5.861555521513573e-06, "fullscore": 0.9999999999999987, "index": 3866.6773070582663, "ko": 668806821, "loss": 9.413872099328646e-05, "n_docs": 146748662920, "non_null": 4.473999379861482e-07, "precision": 0.999250775821081, "prediction_time": 691.7626852726937, "recall": 0.999999985072634, "size": 460964175, "time": 33.84000580318418, "weighted_avg": 6.673243657377899, "x2": 720}, "reports": {"accuracy": 0.9999999110521638, "auc": 0.999999044688417, "avg_time": 387.10231846984937, "benchmark": 5.518858462199472, "distinct": 888, "entropy": 4.476726602920797, "errors": 592, "exp_cost": 5900196, "f1-score": 1.0, "falsepos": 0.0, "fullscore": 0.9665517838738997, "index": 268.9412816533551, "ko": 0.9999999992256852, "loss": 6.542266728359891e-11, "meanscore": 0.9999970551351779, "n_docs": 2356600518, "non_null": 3.6341005760220924e-08, "precision": 0.9999999999960081, "prediction_time": 748.8831863038246, "recall": 0.9999950479192679, "size": 17803571706, "time": 200.6801740496888, "weighted_avg": 6.083721664107606, "x2": 1.414025563306609e-10}, "train": {"accuracy": 0.9999999991454818, "auc": 0.9999968826792777, "avg_time": 26.636142074227834, "benchmark": 3.508687403233619, "distinct": 596, "entropy": 4.614882970527198, "errors": 653, "exp_cost": 165678771, "falsepos": 2.8965718712470334e-13, "fullscore": 0.9999999999999682, "index": 211.85509652651737, "ko": 7.712531473469397e-07, "loss": 1.1102230246251565e-16, "meanscore": 0.9999997469548823, "n_docs": 125816447676, "non_null": 2.561402133061108e-06, "precision": 0.9995828779721007, "prediction_time": 195.47778118705492, "recall": 0.9999999999999118, "size": 124418644, "time": 24.71296274909499, "weighted_avg": 5.221837035728827, "x2": 515}, "train_full": {"accuracy": 0.9999999999745086, "auc": 0.9999892322735128, "avg_time": 105.00008834507976, "benchmark": 5.296846995511778, "distinct": 512, "entropy": 7.301448892553072, "errors": 409, "exp_cost": 42186193409, "f1-score": 0.9999999999998817, "falsepos": 5.224690905469842e-07, "fullscore": 0.9999999692827942, "index": 615.2711614648416, "ko": 1226.1391364927745, "loss": 0.0, "meanscore": 0.9999999942186057, "n_docs": 18176828071, "non_null": 1.765254609153999e-14, "precision": 0.9999993898292057, "prediction_time": 612.3779137297132, "recall": 0.9999969581138728, "size": 11443767, "time": 287.4981339252796, "weighted_avg": 6.245851671605722, "x2": 6.408363912626169}}