{"branch": {"accuracy": 1.0, "auc": 1.0, "avg_time": 151104.2781374711, "benchmark": 7.374940748421947, "distinct": 1005, "entropy": 11.376521213769715, "errors": 640, "exp_cost": 2162573205720, "f1-score": 1.0, "falsepos": 0.0, "fullscore": 1.0, "index": 3000.499300914738, "ko": 6.583088840292926, "loss": 0.0, "meanscore": 0.9999999998144892, "n_docs": 19629664613035, "non_null": 7.049916206369744e-14, "precision": 0.9999999999992242, "prediction_time": 291.99145729662257, "recall": 1.0, "size": 3962416372350, "time": 686.9117542776198, "weighted_avg": 9.135437544268534, "x2": 0.9999999999999974}, "brand": {"auc": 1.0, "avg_time": 19017.760704175234, "benchmark": 10.55264141046528, "distinct": 799, "entropy": 5.462406816099262, "errors": 1040, "exp_cost": 1024420797, "f1-score": 1.0, "falsepos": 0.0, "fullscore": 1.0, "index": 182.78026580953636, "ko": 1339278455556, "loss": 3.3306690738754696e-15, "meanscore": 1.0, "n_docs": 5810359758, "non_null": 0.0, "precision": 0.9996502278521936, "prediction_time": 4532.8651671237885, "recall": 0.9999999999999987, "size": 395821619617, "time": 75089.80504603045, "weighted_avg": 5.941580865469673, "x2": 1228}, "classifier": {"accuracy": 0.9999999999993868, "auc": 0.9999465046736011, "avg_time": 62402.17840592127, "benchmark": 13.017172135895539, "distinct": 1121, "entropy": 7.895124786814847, "errors": 847, "exp_cost": 1380655917115, "f1-score": 1.0, "falsepos": 2.857980518911063e-11, "fullscore": 1.0, "index": 75823.880129724, "ko": 561633519695, "loss": 3.3464642168468117e-10, "n_docs": 317416723471744, "non_null": 2.4424906541753444e-15, "precision": 0.9999999978323081, "prediction_time": 14032.206451971026, "recall": 1.0, "size": 3512421216083, "time": 475.94103847098273, "weighted_avg": 9.3119450861218, "x2": 1070}, "reports": {"accuracy": 0.9999999999999934, "auc": 0.9999999999972891, "avg_time": 10660.477442051573, "benchmark": 8.358839513833994, "distinct": 1213, "entropy": 7.230069777458876, "errors": 886, "exp_cost": 2466980040, "f1-score": 1.0, "falsepos": 0.0, "fullscore": 0.9998033709362041, "index": 4268.132023963859, "ko": 1.0, "loss": 0.0, "meanscore": 0.9999999999681717, "n_docs": 2315470075303, "non_null": 0.0, "precision": 1.0, "prediction_time": 15414.394144215818, "recall": 0.9999999999998068, "size": 74699665536889, "time": 6246.001938245035, "weighted_avg": 8.456823745040504, "x2": 0.0}, "train": {"accuracy": 1.0, "auc": 0.9999999999994609, "avg_time": 180.12673112125321, "benchmark": 6.072893436885208, "distinct": 938, "entropy": 6.915313566278239, "errors": 952, "exp_cost": 86705913586, "falsepos": 0.0, "fullscore": 1.0, "index": 2221.9370308939806, "ko": 2.4558133304708463e-13, "loss": 0.0, "meanscore": 1.0, "n_docs": 254786077970201, "non_null": 3.3306690738754696e-16, "precision": 0.9999999971718379, "prediction_time": 6477.204164064523, "recall": 1.0, "size": 47504350390, "time": 531.8493025077667, "weighted_avg": 7.715282892845369, "x2": 834}, "train_full": {"accuracy": 1.0, "auc": 0.9999999999995288, "avg_time": 1637.436596738763, "benchmark": 7.594079825449162, "distinct": 786, "entropy": 10.501589140374632, "errors": 625, "exp_cost": 52607901599446, "f1-score": 1.0, "falsepos": 3.219646771412954e-15, "fullscore": 1.0, "index": 15091.12815402968, "ko": 31657.118618888973, "loss": 0.0, "meanscore": 1.0, "n_docs": 21238590584929, "non_null": 0.0, "precision": 0.9999999999997559, "prediction_time": 12072.336944568215, "recall": 0.9999999999597421, "size": 9096167833, "time": 4951.932006843788, "weighted_avg": 8.467492423826332, "x2": 9.097108275072115}}