{"branch": {"accuracy": 0.9942961683462919, "auc": 0.9441608800732166, "avg_time": 17.887005326977263, "benchmark": 0.6247518920101058, "distinct": 221, "entropy": 2.6107876025472936, "errors": -170, "exp_cost": 195591, "f1-score": 0.9719984390278609, "falsepos": 0.209614110856569, "fullscore": 0.9871146677582562, "index": 0.9761319039214508, "ko": 1.6796233982337256, "loss": 0.004088398376187019, "meanscore": 0.7853938273660127, "n_docs": 9373, "non_null": 0.046729561900001104, "precision": 0.8987502431501309, "prediction_time": 1.598419471906559, "recall": 0.9998969152795779, "size": 1403, "time": 2.873617368135957, "weighted_avg": -0.006886086180944662, "x2": 0.8271371186259349}, "brand": {"auc": 0.9999838085208312, "avg_time": 10.291319128439877, "benchmark": 0.8329362131532414, "distinct": 212, "entropy": -0.7408348624310612, "errors": 219, "exp_cost": 16815, "f1-score": 0.9998284046150414, "falsepos": 0.008658678984923673, "fullscore": 0.9184869546831333, "index": 0.33638459053425773, "ko": 27670, "loss": 0.4875590079282752, "meanscore": 0.9941513627338948, "n_docs": 20402, "non_null": 0.17628634209196192, "precision": 0.037837323635890985, "prediction_time": 10.43823915592643, "recall": 0.7605818329587892, "size": 10019, "time": 3.226997387300089, "weighted_avg": 0.3789454970378344, "x2": 308}, "classifier": {"accuracy": 0.20207225412194652, "auc": 0.17598485714748846, "avg_time": 11.871073158591997, "benchmark": 2.8580523163775053, "distinct": 233, "entropy": 1.3839025873290998, "errors": 286, "exp_cost": 186198, "f1-score": 0.9852459527501198, "falsepos": 0.16793861932020915, "fullscore": 0.9554066873530604, "index": 82.08458381988416, "ko": 89930, "loss": 0.4558066854632129, "n_docs": 218879, "non_null": 0.3007211982546941, "precision": 0.1279821424013361, "prediction_time": 4.866015685353491, "recall": 0.8902709913876445, "size": 301, "time": 0.3991718979555804, "weighted_avg": 2.596394783990828, "x2": 223}, "reports": {"accuracy": 0.8725985179850718, "auc": 0.797014641864729, "avg_time": 2.0250376089003073, "benchmark": 1.19881537547304, "distinct": 327, "entropy": 0.5408284501197879, "errors": 96, "exp_cost": 451, "f1-score": 0.9998414181539272, "falsepos": 0.0005764074006366915, "fullscore": 0.16778952727423208, "index": 1.2242316838585043, "ko": 0.845123023633654, "loss": 0.38974451894407147, "meanscore": 0.9352518093491544, "n_docs": 55192, "non_null": 0.19597590303998502, "precision": 0.9836265118073589, "prediction_time": 4.476426914876013, "recall": 0.34678867832135696, "size": 46106, "time": 1.0628646092463687, "weighted_avg": 1.0765046278006105, "x2": 0.045158713555579544}, "train": {"accuracy": 0.7155676640023128, "auc": 0.6545977088479191, "avg_time": 2.0481109275906024, "benchmark": -0.9427057360867234, "distinct": 52, "entropy": 0.7618576036821498, "errors": 187, "exp_cost": 17861, "falsepos": 0.003679789643833198, "fullscore": 0.9977775988656776, "index": 5.615090141775891, "ko": 0.12247870811751893, "loss": 0.0042817664781142906, "meanscore": 0.5231409553820717, "n_docs": 995631, "non_null": 0.9118472127422377, "precision": 0.19253326511787483, "prediction_time": 0.5641452250193396, "recall": 0.9962610398349573, "size": 6993, "time": 0.1516283201213061, "weighted_avg": 1.1337734991773676, "x2": 12}, "train_full": {"accuracy": 0.9132133422399598, "auc": 0.41258654159528113, "avg_time": 1.0219159663192572, "benchmark": 1.6099395775967567, "distinct": 38, "entropy": 1.6082136115569579, "errors": 70, "exp_cost": 321224, "f1-score": 0.9774750817008333, "falsepos": 0.5768246544474653, "fullscore": 0.6674003065757919, "index": 2.2566014496828064, "ko": 5.7561685371706, "loss": 0.00013043561948655746, "meanscore": 0.3879496545118282, "n_docs": 84163, "non_null": 0.002655346142061421, "precision": 0.8562144619529618, "prediction_time": 7.79752641278362, "recall": 0.9112268517551176, "size": 373, "time": 2.088958477793714, "weighted_avg": 2.3075421712036075, "x2": 2.2336575150783053}}