{"branch": {"accuracy": 0.9972827195281226, "auc": 0.9683998416065495, "avg_time": 20.693802643573953, "benchmark": 0.880273314299703, "distinct": 237, "entropy": 2.756934335687171, "errors": -150, "exp_cost": 274577, "f1-score": 0.9843413949531562, "falsepos": 0.13839161557759683, "fullscore": 0.9942512646343162, "index": 1.2565686215819158, "ko": 1.8047564762575836, "loss": 0.002970577238891492, "meanscore": 0.8331431571265203, "n_docs": 14967, "non_null": 0.031929190409035746, "precision": 0.9346625387201953, "prediction_time": 1.810588808279737, "recall": 0.9999639398030196, "size": 2223, "time": 2.967380796421695, "weighted_avg": 0.15521127727030848, "x2": 0.8661750144079102}, "brand": {"auc": 0.9999937930897302, "avg_time": 12.614570938929319, "benchmark": 1.2054274183318456, "distinct": 234, "entropy": -0.566884248312508, "errors": 243, "exp_cost": 22822, "f1-score": 0.9999338974890359, "falsepos": 0.005690830045490758, "fullscore": 0.9344024132307465, "index": 0.3700121799833101, "ko": 41508, "loss": 0.438084777140586, "meanscore": 0.9960133777896222, "n_docs": 29972, "non_null": 0.13111521125292358, "precision": 0.04948370817106201, "prediction_time": 12.995776650695161, "recall": 0.8206684589074257, "size": 13780, "time": 4.33756161939684, "weighted_avg": 0.54790472714291, "x2": 327}, "classifier": {"accuracy": 0.2885277914933343, "auc": 0.22458055956630008, "avg_time": 14.161816826632839, "benchmark": 3.04682297649647, "distinct": 261, "entropy": 1.6207895587763541, "errors": 308, "exp_cost": 341127, "f1-score": 0.9914761389016477, "falsepos": 0.10463072145268837, "fullscore": 0.9760546796275873, "index": 96.86870217856072, "ko": 164918, "loss": 0.37502951435409004, "n_docs": 307269, "non_null": 0.23227565638620074, "precision": 0.1538420952223657, "prediction_time": 5.542875681746938, "recall": 0.9280117441327423, "size": 757, "time": 0.4935434434172168, "weighted_avg": 2.7376406484423588, "x2": 250}, "reports": {"accuracy": 0.9014084071852406, "auc": 0.8094835522990996, "avg_time": 2.3437096763291834, "benchmark": 1.4516707997270333, "distinct": 340, "entropy": 0.7617779349262858, "errors": 111, "exp_cost": 638, "f1-score": 0.9999341871014894, "falsepos": 0.00021213858847801692, "fullscore": 0.22357078186920593, "index": 1.521055732310416, "ko": 0.8926695645528813, "loss": 0.27216319275831813, "meanscore": 0.9534519240206265, "n_docs": 112536, "non_null": 0.13379591626993426, "precision": 0.9910854977370082, "prediction_time": 5.111527564383639, "recall": 0.4188429813836093, "size": 81454, "time": 1.2635975884247954, "weighted_avg": 1.205466102468021, "x2": 0.030699406566774945}, "train": {"accuracy": 0.791030401439781, "auc": 0.7132079252407746, "avg_time": 2.1031830812645964, "benchmark": -0.8417623043705418, "distinct": 80, "entropy": 0.8883309220441047, "errors": 208, "exp_cost": 25700, "falsepos": 0.002389801966359184, "fullscore": 0.9989577068450409, "index": 6.466942985842046, "ko": 0.08647387754974634, "loss": 0.0024033832839837066, "meanscore": 0.6598305806168594, "n_docs": 2137504, "non_null": 0.8816467039619398, "precision": 0.24398104795433906, "prediction_time": 0.6638433258662287, "recall": 0.9985043471013672, "size": 10608, "time": 0.17631813113648262, "weighted_avg": 1.3335937548939767, "x2": 45}, "train_full": {"accuracy": 0.9416024937205757, "auc": 0.4907823924488156, "avg_time": 1.2146364412375992, "benchmark": 1.8151480739672279, "distinct": 43, "entropy": 1.8251713259350961, "errors": 73, "exp_cost": 356285, "f1-score": 0.988308845258121, "falsepos": 0.5392307554103782, "fullscore": 0.7572912128192172, "index": 2.6147645232981187, "ko": 7.295481587495832, "loss": 7.454204768631012e-05, "meanscore": 0.45554182028434437, "n_docs": 137394, "non_null": 0.001332767678440483, "precision": 0.8985273913919358, "prediction_time": 10.72789580773537, "recall": 0.9309950270343363, "size": 663, "time": 2.3705901299821646, "weighted_avg": 2.4185682438229468, "x2": 2.4561919611063416}}