{"branch": {"accuracy": 0.9814115983841991, "auc": 0.839562414725042, "avg_time": 12.417968462960012, "benchmark": 0.12112896248213723, "distinct": 199, "entropy": 2.058285282938913, "errors": -187, "exp_cost": 63857, "f1-score": 0.8952396349397915, "falsepos": 0.43249002808403536, "fullscore": 0.9556133466744896, "index": 0.654054331339807, "ko": 1.2100494899717316, "loss": 0.017587635188120787, "meanscore": 0.6637054327703138, "n_docs": 2207, "non_null": 0.09298269461849429, "precision": 0.8329320730644316, "prediction_time": 0.9621441741206519, "recall": 0.998809830311633, "size": 402, "time": 2.269174876518798, "weighted_avg": -0.5461998066019589, "x2": 0.762003827828294}, "brand": {"auc": 0.9999302247536495, "avg_time": 7.237531542374077, "benchmark": 0.31691460910065516, "distinct": 162, "entropy": -1.020914462371755, "errors": 165, "exp_cost": 9631, "f1-score": 0.9987418755646825, "falsepos": 0.03709141026234364, "fullscore": 0.8298563216312806, "index": 0.23917819781771724, "ko": 9776, "loss": 0.6363469993545854, "meanscore": 0.9704697576311805, "n_docs": 9736, "non_null": 0.28265103058429086, "precision": 0.018898439865882577, "prediction_time": 7.0051399164962875, "recall": 0.646409265242472, "size": 3245, "time": 1.988581866792748, "weighted_avg": -0.1356793065465972, "x2": 251}, "classifier": {"accuracy": 0.08953963874403936, "auc": 0.11461400376873865, "avg_time": 9.602128357649002, "benchmark": 2.3142349574104415, "distinct": 204, "entropy": 0.9074358886919117, "errors": 281, "exp_cost": 106120, "f1-score": 0.9557894146198676, "falsepos": 0.25402937562767414, "fullscore": 0.8878695203714319, "index": 43.97680029087314, "ko": 16020, "loss": 0.5406683175683504, "n_docs": 84004, "non_null": 0.4757557657037008, "precision": 0.062363073441617234, "prediction_time": 2.7822416755403685, "recall": 0.8149738150229581, "size": 95, "time": 0.272932703204508, "weighted_avg": 2.0741776333334188, "x2": 160}, "reports": {"accuracy": 0.7395002640455062, "auc": 0.7118501558213076, "avg_time": 1.0181222287946061, "benchmark": 0.7340498524193301, "distinct": 273, "entropy": 0.15230437900052549, "errors": 66, "exp_cost": 144, "f1-score": 0.9990216009851481, "falsepos": 0.002972622352341192, "fullscore": 0.10053284394574707, "index": 0.8907007298068212, "ko": 0.732998535079523, "loss": 0.5619259363823523, "meanscore": 0.883455767209872, "n_docs": 15597, "non_null": 0.33309197707731164, "precision": 0.9368391267189107, "prediction_time": 3.0332892249916426, "recall": 0.2217035573597631, "size": 11318, "time": 0.5722663935800243, "weighted_avg": 0.6502534913633428, "x2": 0.0885771385719265}, "train": {"accuracy": 0.5329631514262406, "auc": 0.5178899670762002, "avg_time": 1.463964323078299, "benchmark": -1.2419531246657602, "distinct": 4, "entropy": 0.47216219799556847, "errors": 137, "exp_cost": 7323, "falsepos": 0.00930061165364493, "fullscore": 0.9911188014708553, "index": 3.484035099072788, "ko": 0.21011260129349763, "loss": 0.011855773507302048, "meanscore": 0.3548139234974853, "n_docs": 236175, "non_null": 0.975811668075337, "precision": 0.12546530468606631, "prediction_time": 0.32507670859116017, "recall": 0.981042798690007, "size": 2269, "time": 0.09161572815356192, "weighted_avg": 0.8559755203067967, "x2": -40}, "train_full": {"accuracy": 0.8567154874333862, "auc": 0.2869436765858001, "avg_time": 0.7140518513410798, "benchmark": 1.1161682337772327, "distinct": -6, "entropy": 1.253507119597655, "errors": 35, "exp_cost": 184304, "f1-score": 0.9561867157539092, "falsepos": 0.6950147703306081, "fullscore": 0.4368855317987928, "index": 1.3400415787772832, "ko": 4.111339502569415, "loss": 0.0006325554973486414, "meanscore": 0.17845440054026096, "n_docs": 30337, "non_null": 0.009290746436390718, "precision": 0.7778452519319025, "prediction_time": 4.6521417969347905, "recall": 0.8645637682254228, "size": 128, "time": 1.284214123779928, "weighted_avg": 2.1404074582761363, "x2": 1.6047960620619346}}