{"branch": {"accuracy": 1.0, "auc": 1.0, "avg_time": 103816.22010080054, "benchmark": 6.966512304929845, "distinct": 973, "entropy": 11.034615973932551, "errors": 599, "exp_cost": 1322685130713, "f1-score": 1.0, "falsepos": 0.0, "fullscore": 1.0, "index": 2070.0071798292033, "ko": 6.326582761355291, "loss": 0.0, "meanscore": 0.9999999987915158, "n_docs": 10725184418775, "non_null": 2.9953817204386723e-13, "precision": 0.9999999999954936, "prediction_time": 242.5774700944908, "recall": 1.0, "size": 2053678473209, "time": 662.1258403416516, "weighted_avg": 8.702679481386701, "x2": 0.9999999999999613}, "brand": {"auc": 1.0, "avg_time": 12883.980414161337, "benchmark": 10.074409735500774, "distinct": 774, "entropy": 5.268065714047915, "errors": 994, "exp_cost": 546654311, "f1-score": 1.0, "falsepos": 0.0, "fullscore": 1.0, "index": 148.28067320161335, "ko": 570803482804, "loss": 4.6851411639181606e-14, "meanscore": 1.0, "n_docs": 2734814454, "non_null": 0.0, "precision": 0.9991257237934497, "prediction_time": 4019.798086130709, "recall": 0.9999999999999837, "size": 161721023627, "time": 53832.487002015085, "weighted_avg": 5.600237927528762, "x2": 1200}, "classifier": {"accuracy": 0.9999999999920419, "auc": 0.999898738927833, "avg_time": 43834.799871258765, "benchmark": 12.597847678358923, "distinct": 1091, "entropy": 7.551657574761317, "errors": 847, "exp_cost": 479993469735, "f1-score": 1.0, "falsepos": 2.475477600683007e-10, "fullscore": 1.0, "index": 58759.96889148516, "ko": 218196996201, "loss": 4.252999508125299e-09, "n_docs": 135025730430016, "non_null": 2.5091040356528538e-14, "precision": 0.9999999877268819, "prediction_time": 8637.904711666717, "recall": 0.9999999999999993, "size": 1556306726925, "time": 371.77516256871615, "weighted_avg": 9.096162558682769, "x2": 1027}, "reports": {"accuracy": 0.9999999999999363, "auc": 0.9999999999933586, "avg_time": 7564.089128063056, "benchmark": 8.193788404073866, "distinct": 1168, "entropy": 6.893385398471895, "errors": 851, "exp_cost": 1198144230, "f1-score": 1.0, "falsepos": 0.0, "fullscore": 0.9993801479542289, "index": 3692.0294102183548, "ko": 1.0, "loss": 0.0, "meanscore": 0.9999999997858503, "n_docs": 860935144620, "non_null": 4.440892098500626e-16, "precision": 1.0, "prediction_time": 11052.418606211451, "recall": 0.9999999999978503, "size": 24749714523814, "time": 3566.412429373067, "weighted_avg": 8.194925801175486, "x2": 0.0}, "train": {"accuracy": 1.0, "auc": 0.9999999999936678, "avg_time": 151.8039218607197, "benchmark": 5.800667467988122, "distinct": 896, "entropy": 6.667907785021504, "errors": 915, "exp_cost": 32560529152, "falsepos": 0.0, "fullscore": 1.0, "index": 1961.6349666764731, "ko": 4.689026944504349e-12, "loss": 0.0, "meanscore": 0.9999999999999982, "n_docs": 120722273451124, "non_null": 5.88418203051333e-15, "precision": 0.9999999881085858, "prediction_time": 4488.22570525424, "recall": 1.0, "size": 23741471222, "time": 395.8524043576489, "weighted_avg": 7.407523137862876, "x2": 794}, "train_full": {"accuracy": 1.0, "auc": 0.999999999990026, "avg_time": 1188.080072497312, "benchmark": 7.4044006729782, "distinct": 764, "entropy": 10.064874605100494, "errors": 613, "exp_cost": 25725887973170, "f1-score": 1.0, "falsepos": 2.55351295663786e-14, "fullscore": 0.9999999999999996, "index": 9929.528621750158, "ko": 24034.765664138205, "loss": 0.0, "meanscore": 1.0, "n_docs": 10381974310599, "non_null": 0.0, "precision": 0.9999999999980257, "prediction_time": 9364.010840251292, "recall": 0.9999999997819053, "size": 4709233793, "time": 3390.76150224305, "weighted_avg": 8.172091591361601, "x2": 8.80561394311264}}