{"branch": {"accuracy": 0.9987940109138282, "auc": 0.9829873414046442, "avg_time": 23.586639929274032, "benchmark": 0.9936874068532113, "distinct": 241, "entropy": 2.9961728114929307, "errors": -121, "exp_cost": 237691, "f1-score": 0.989880419124848, "falsepos": 0.09972945611871742, "fullscore": 0.9966290639316526, "index": 1.5566510220670136, "ko": 1.843517394667695, "loss": 0.0020156128215068625, "meanscore": 0.8746085071814891, "n_docs": 17528, "non_null": 0.021288687078190316, "precision": 0.9331973623640305, "prediction_time": 2.092449503146278, "recall": 0.999983282550758, "size": 3362, "time": 3.3504985307859223, "weighted_avg": 0.2928243494019005, "x2": 0.9051075366229955}, "brand": {"auc": 0.9999948496420821, "avg_time": 14.344859515527283, "benchmark": 1.5226584889982877, "distinct": 255, "entropy": -0.4025315162717044, "errors": 263, "exp_cost": 38491, "f1-score": 0.9999613121257263, "falsepos": 0.007303878805948627, "fullscore": 0.957090001388926, "index": 0.414703373741162, "ko": 61462, "loss": 0.38670778931387106, "meanscore": 0.9971183402017859, "n_docs": 29446, "non_null": 0.1508710436968228, "precision": 0.06001723745202048, "prediction_time": 13.295344241953018, "recall": 0.8274228366767514, "size": 16766, "time": 5.246143492011168, "weighted_avg": 0.6729873700028461, "x2": 334}, "classifier": {"accuracy": 0.3551297078000326, "auc": 0.28955069666589006, "avg_time": 19.76564579210439, "benchmark": 3.307017685892521, "distinct": 284, "entropy": 1.7810940111600795, "errors": 308, "exp_cost": 301012, "f1-score": 0.9958812724891575, "falsepos": 0.139428187492307, "fullscore": 0.9895508569370683, "index": 125.9672670168475, "ko": 262430, "loss": 0.35073552533616836, "n_docs": 441035, "non_null": 0.16937451052880892, "precision": 0.20738770929154648, "prediction_time": 5.883955562613039, "recall": 0.9547447613268943, "size": 833, "time": 0.5127689758011734, "weighted_avg": 2.623134566080576, "x2": 267}, "reports": {"accuracy": 0.8917944250171594, "auc": 0.8668116313306278, "avg_time": 3.071280625753284, "benchmark": 1.7647235211098697, "distinct": 353, "entropy": 0.8681887449656995, "errors": 122, "exp_cost": 562, "f1-score": 0.9999633386155834, "falsepos": 0.00011975467547908902, "fullscore": 0.23716880729426276, "index": 1.4527169325549867, "ko": 0.9059161186804797, "loss": 0.2687409886458333, "meanscore": 0.9630542594690092, "n_docs": 154122, "non_null": 0.1045126332547921, "precision": 0.9940108711263173, "prediction_time": 6.257127177832218, "recall": 0.46526082076989045, "size": 132259, "time": 1.8189228888851594, "weighted_avg": 1.29089450548141, "x2": 0.03156209357857209}, "train": {"accuracy": 0.8694221556086253, "auc": 0.7865505129039936, "avg_time": 2.1887840357145425, "benchmark": -0.5669197686348616, "distinct": 95, "entropy": 1.060752292154751, "errors": 215, "exp_cost": 35008, "falsepos": 0.0019625733663605205, "fullscore": 0.9995829083687753, "index": 5.986154757333725, "ko": 0.061396487276896616, "loss": 0.0013707113125420722, "meanscore": 0.6567322241184763, "n_docs": 2652040, "non_null": 0.8575275442920369, "precision": 0.23126734798694026, "prediction_time": 0.7634725607688964, "recall": 0.9985355630446503, "size": 10776, "time": 0.15302555505934923, "weighted_avg": 1.439108236456315, "x2": 60}, "train_full": {"accuracy": 0.9454581596572365, "auc": 0.5576080604208632, "avg_time": 1.3474601463384364, "benchmark": 1.976094622483896, "distinct": 69, "entropy": 1.9950318832510854, "errors": 91, "exp_cost": 678294, "f1-score": 0.9883728864559624, "falsepos": 0.46430131928304075, "fullscore": 0.7395808741276808, "index": 2.886119233655838, "ko": 8.604527435214814, "loss": 8.025893762519942e-05, "meanscore": 0.6002479557666894, "n_docs": 129497, "non_null": 0.0009124637499140498, "precision": 0.8877567471359142, "prediction_time": 12.58606439479607, "recall": 0.94544112947467, "size": 783, "time": 2.5213247635140816, "weighted_avg": 2.538557265446965, "x2": 2.5217877875808914}}