{"branch": {"accuracy": 0.9999955858421639, "auc": 0.9988179323894075, "avg_time": 83.64333527982375, "benchmark": 1.9375478881432022, "distinct": 353, "entropy": 4.157132528416582, "errors": -33, "exp_cost": 2758522, "f1-score": 0.9995853600384668, "falsepos": 0.0036844810798668526, "fullscore": 0.9999481536723756, "index": 4.743119664061457, "ko": 2.4253840646620475, "loss": 0.00010091463815709023, "meanscore": 0.9645425171154707, "n_docs": 348283, "non_null": 0.003450112645166703, "precision": 0.9904209869733932, "prediction_time": 4.003326387278707, "recall": 0.9999999815298818, "size": 61426, "time": 8.28452569332044, "weighted_avg": 1.687086282840594, "x2": 0.9830690983064008}, "brand": {"auc": 0.9999999638247664, "avg_time": 39.163662601477036, "benchmark": 2.6912867578989617, "distinct": 318, "entropy": 0.4171404377538538, "errors": 377, "exp_cost": 122171, "f1-score": 0.9999997807047566, "falsepos": 0.00025227938860816757, "fullscore": 0.9959180929822044, "index": 0.9783165223081639, "ko": 598031, "loss": 0.08679954144664259, "meanscore": 0.9999459522183204, "n_docs": 202657, "non_null": 0.005595024902867118, "precision": 0.20134364312196285, "prediction_time": 31.58516554951244, "recall": 0.9784299948857149, "size": 159614, "time": 22.19578460706209, "weighted_avg": 1.285911304300897, "x2": 456}, "classifier": {"accuracy": 0.7459615840565398, "auc": 0.502745405977056, "avg_time": 54.15664936865803, "benchmark": 4.605223906676615, "distinct": 421, "entropy": 2.6400406931144342, "errors": 392, "exp_cost": 2373313, "f1-score": 0.999898189819767, "falsepos": 0.02821741863326488, "fullscore": 0.9997659970709583, "index": 272.66253457190476, "ko": 1857392, "loss": 0.08762256403487778, "n_docs": 7756169, "non_null": 0.03134354444727294, "precision": 0.5815963938957794, "prediction_time": 15.872553485952531, "recall": 0.9959662345569191, "size": 23856, "time": 1.3411288473717955, "weighted_avg": 3.6911026119278634, "x2": 377}, "reports": {"accuracy": 0.9863147337280576, "auc": 0.9754179079780816, "avg_time": 8.180457952150725, "benchmark": 2.6783584933628455, "distinct": 466, "entropy": 1.8977421216354797, "errors": 234, "exp_cost": 5944, "f1-score": 0.9999997779152447, "falsepos": 1.9787679761407162e-07, "fullscore": 0.4964886116648583, "index": 5.059266415044735, "ko": 0.9925551806449456, "loss": 0.02365550643688663, "meanscore": 0.993632721913652, "n_docs": 1893011, "non_null": 0.011030632575320665, "precision": 0.9997875657747929, "prediction_time": 18.128790043662775, "recall": 0.8318298058780951, "size": 2082555, "time": 5.489426586438616, "weighted_avg": 2.3559576786029455, "x2": 0.0021445360112894996}, "train": {"accuracy": 0.9877719588868071, "auc": 0.9463117556876004, "avg_time": 3.2160044426067236, "benchmark": 0.24978752576882524, "distinct": 220, "entropy": 1.8949438291608818, "errors": 320, "exp_cost": 370947, "falsepos": 3.633739075858955e-05, "fullscore": 0.9999946213035789, "index": 13.18621513992449, "ko": 0.00810929151144324, "loss": 2.0724696723650737e-05, "meanscore": 0.9241429673166649, "n_docs": 56631501, "non_null": 0.4317428663112203, "precision": 0.6430160730051436, "prediction_time": 2.730350962905444, "recall": 0.9999797110354536, "size": 158286, "time": 0.5177772942561829, "weighted_avg": 2.279867899990986, "x2": 167}, "train_full": {"accuracy": 0.9983156607107428, "auc": 0.8752573969120311, "avg_time": 3.610698585322769, "benchmark": 2.8423709731687024, "distinct": 178, "entropy": 3.3448012391481603, "errors": 157, "exp_cost": 7974627, "f1-score": 0.999639814665033, "falsepos": 0.11456699892839861, "fullscore": 0.962145561372209, "index": 8.907939182802018, "ko": 30.743184489283102, "loss": 5.320821193643965e-07, "meanscore": 0.9354333709895769, "n_docs": 2502770, "non_null": 1.4058771907077272e-05, "precision": 0.9871469967220331, "prediction_time": 31.439886963011844, "recall": 0.9869808603228738, "size": 9692, "time": 7.809206034570821, "weighted_avg": 3.3938592387261286, "x2": 3.5046279846325654}}