{"branch": {"accuracy": 1.0, "auc": 0.9999999997902908, "avg_time": 7906.48138932619, "benchmark": 4.787593284005496, "distinct": 766, "entropy": 8.318005461653769, "errors": 378, "exp_cost": 10746937701, "f1-score": 0.999999999997004, "falsepos": 1.163513729807164e-13, "fullscore": 0.9999999999999655, "index": 168.23715883507145, "ko": 4.863283203033612, "loss": 3.6270986214503864e-12, "meanscore": 0.999989467081333, "n_docs": 9256492569, "non_null": 1.9697073305735557e-08, "precision": 0.9999994185028453, "prediction_time": 43.308401751006606, "recall": 1.0, "size": 2301605419, "time": 126.24987855587513, "weighted_avg": 6.096339527053523, "x2": 0.9999999840581346}, "brand": {"auc": 1.0, "avg_time": 1365.9619257355357, "benchmark": 7.049887682022485, "distinct": 589, "entropy": 3.1748747281840832, "errors": 756, "exp_cost": 17954306, "f1-score": 1.0, "falsepos": 5.67501601267395e-12, "fullscore": 0.9999999999540583, "index": 22.468972798538758, "ko": 3003525266, "loss": 1.0595657795597901e-07, "meanscore": 0.9999999999826625, "n_docs": 67489682, "non_null": 3.926303726586866e-12, "precision": 0.9358962338989675, "prediction_time": 500.95366645395603, "recall": 0.9999999821593804, "size": 934147593, "time": 2489.331557561069, "weighted_avg": 3.8581669374485106, "x2": 918}, "classifier": {"accuracy": 0.9999809018678391, "auc": 0.9810418041254647, "avg_time": 4012.880729257561, "benchmark": 9.498171481327097, "distinct": 806, "entropy": 5.451152405484189, "errors": 674, "exp_cost": 6249383463, "f1-score": 0.99999999999998, "falsepos": 1.4638541534495175e-06, "fullscore": 0.9999999999999999, "index": 5619.743398457443, "ko": 1326388503, "loss": 3.799814891225495e-05, "n_docs": 289375080656, "non_null": 9.832968927980801e-08, "precision": 0.999850202077182, "prediction_time": 926.0411987927379, "recall": 0.999999998231741, "size": 1420516146, "time": 45.914384605209456, "weighted_avg": 7.1690305515627175, "x2": 749}, "reports": {"accuracy": 0.9999999660291838, "auc": 0.9999993076347606, "avg_time": 589.8887958895187, "benchmark": 5.756854336451319, "distinct": 930, "entropy": 4.8076082353159695, "errors": 620, "exp_cost": 9166832, "f1-score": 1.0, "falsepos": 0.0, "fullscore": 0.9746393223859372, "index": 321.7364373762379, "ko": 0.9999999999179059, "loss": 2.8387292516640628e-12, "meanscore": 0.9999986778262882, "n_docs": 4005777729, "non_null": 6.981361488911375e-09, "precision": 0.9999999999995656, "prediction_time": 1066.4888149424937, "recall": 0.999998693848331, "size": 32453237295, "time": 214.59950815352894, "weighted_avg": 6.0386932160807, "x2": 2.3187785025413632e-11}, "train": {"accuracy": 0.9999999997550734, "auc": 0.999999542912893, "avg_time": 41.024509359235886, "benchmark": 3.653973182869672, "distinct": 624, "entropy": 4.872110666810272, "errors": 682, "exp_cost": 274431404, "falsepos": 2.042810365310288e-14, "fullscore": 0.9999999999999956, "index": 308.72052126076096, "ko": 1.6659971957544428e-07, "loss": 0.0, "meanscore": 0.9999999683462008, "n_docs": 185653243032, "non_null": 7.107026406272254e-07, "precision": 0.9999158132638001, "prediction_time": 280.2535932407732, "recall": 0.9999999999999973, "size": 189041694, "time": 32.74305950809315, "weighted_avg": 5.43621703099997, "x2": 529}, "train_full": {"accuracy": 0.9999999999961233, "auc": 0.9999968758390578, "avg_time": 149.85510879048317, "benchmark": 5.6048391356823934, "distinct": 544, "entropy": 7.490765697215483, "errors": 441, "exp_cost": 112063840367, "f1-score": 0.9999999999999911, "falsepos": 1.1049157722098357e-07, "fullscore": 0.9999999897688003, "index": 861.728165827937, "ko": 1624.9070106302308, "loss": 0.0, "meanscore": 0.9999999989339916, "n_docs": 38020090286, "non_null": 1.9984014443252818e-15, "precision": 0.9999999166728356, "prediction_time": 848.7184007598004, "recall": 0.9999987670377407, "size": 16302962, "time": 386.88614980083736, "weighted_avg": 6.434146872686794, "x2": 6.543658896009429}}