{"branch": {"accuracy": 0.9999999976951286, "auc": 0.9999741991461266, "avg_time": 312.70390283177977, "benchmark": 2.750976608227928, "distinct": 476, "entropy": 5.37162988101649, "errors": 88, "exp_cost": 31918377, "f1-score": 0.9999956348072768, "falsepos": 1.4804062843820631e-05, "fullscore": 0.999999838149529, "index": 13.713328434150931, "ko": 3.228361002642622, "loss": 8.265811256569222e-07, "meanscore": 0.9958419123061386, "n_docs": 7092627, "non_null": 0.00018209297422888682, "precision": 0.999194893262726, "prediction_time": 7.272889229703577, "recall": 0.9999999999976317, "size": 1536037, "time": 17.63490754535275, "weighted_avg": 2.7181383999482716, "x2": 0.9991330004165929}, "brand": {"auc": 0.9999999999442943, "avg_time": 107.49606236383282, "benchmark": 3.9181940544998923, "distinct": 408, "entropy": 1.293003503914093, "errors": 504, "exp_cost": 510506, "f1-score": 0.9999999999053926, "falsepos": 2.0742890609604103e-06, "fullscore": 0.9999481243612605, "index": 2.4660815974510473, "ko": 9355188, "loss": 0.007158162353424924, "meanscore": 0.9999980790035385, "n_docs": 867436, "non_null": 0.00016286414785415815, "precision": 0.44426177929300464, "prediction_time": 81.34986228484121, "recall": 0.9979521211547986, "size": 2477048, "time": 82.87197134846504, "weighted_avg": 2.2419400105035483, "x2": 604}, "classifier": {"accuracy": 0.9651577952302873, "auc": 0.751172177786865, "avg_time": 198.27582258672152, "benchmark": 6.044758764582252, "distinct": 522, "entropy": 3.5028407712371816, "errors": 469, "exp_cost": 26913024, "f1-score": 0.9999987214240056, "falsepos": 0.0018375042230031058, "fullscore": 0.999999859380483, "index": 731.9838938171957, "ko": 20064926, "loss": 0.021166764367477664, "n_docs": 140732803, "non_null": 0.0017048427231960428, "precision": 0.853787749673264, "prediction_time": 60.65214314312362, "recall": 0.9998579108572564, "size": 801801, "time": 4.152997728391913, "weighted_avg": 4.7715035336962766, "x2": 488}, "reports": {"accuracy": 0.9993740066471172, "auc": 0.9973618980136009, "avg_time": 33.4366841564726, "benchmark": 3.5096829597327406, "distinct": 604, "entropy": 2.694313333848454, "errors": 344, "exp_cost": 61675, "f1-score": 0.9999999998510805, "falsepos": 1.893747381132016e-10, "fullscore": 0.7343549686113235, "index": 16.51530789753278, "ko": 0.9998713179473497, "loss": 0.00024314423451265998, "meanscore": 0.9992366785107258, "n_docs": 20386360, "non_null": 0.00041606610310651604, "precision": 0.9999981293528406, "prediction_time": 61.67755468976742, "recall": 0.9805410229164693, "size": 38633063, "time": 17.058593172087672, "weighted_avg": 3.462383711729174, "x2": 2.342358911011644e-05}, "train": {"accuracy": 0.9996078609643163, "auc": 0.99501348596271, "avg_time": 7.489296606701503, "benchmark": 1.3455699557935932, "distinct": 345, "entropy": 2.70160542646186, "errors": 429, "exp_cost": 2544170, "falsepos": 1.9519480543017664e-07, "fullscore": 0.9999999767063441, "index": 35.531408761254, "ko": 0.0006006085791923077, "loss": 2.4266895715108205e-08, "meanscore": 0.99749008155434, "n_docs": 561732485, "non_null": 0.04776460976656516, "precision": 0.88492215781192, "prediction_time": 10.29109416978219, "recall": 0.9999999550255082, "size": 1083815, "time": 1.7199206122394914, "weighted_avg": 3.115157504023824, "x2": 287}, "train_full": {"accuracy": 0.9999566952648378, "auc": 0.9893193146697412, "avg_time": 10.589618886448271, "benchmark": 3.6910929496313365, "distinct": 284, "entropy": 4.316233389827174, "errors": 239, "exp_cost": 91426974, "f1-score": 0.9999988762694264, "falsepos": 0.010075570332177097, "fullscore": 0.9988766315564265, "index": 32.8040761323148, "ko": 111.9207864329991, "loss": 2.593213421775431e-10, "meanscore": 0.9978377537804397, "n_docs": 36936976, "non_null": 5.7812473919227614e-08, "precision": 0.9985915730565497, "prediction_time": 90.89424999455777, "recall": 0.9988268679418528, "size": 84838, "time": 24.434187231849037, "weighted_avg": 4.212525850459471, "x2": 4.4331501799304345}}