{"branch": {"accuracy": 1.0, "auc": 0.9999999999999998, "avg_time": 60789.174126081394, "benchmark": 6.574670127500256, "distinct": 906, "entropy": 10.380690879070658, "errors": 560, "exp_cost": 319481300405, "f1-score": 1.0, "falsepos": 0.0, "fullscore": 1.0, "index": 1270.3342880346959, "ko": 6.02288239979103, "loss": 0.0, "meanscore": 0.9999999912469606, "n_docs": 2097764518038, "non_null": 2.9304336734981007e-12, "precision": 0.9999999999745626, "prediction_time": 179.9150350850967, "recall": 1.0, "size": 424560962287, "time": 447.9336373417603, "weighted_avg": 8.1102782485626, "x2": 0.9999999999995336}, "brand": {"auc": 1.0, "avg_time": 8186.005138628547, "benchmark": 9.586354446125075, "distinct": 730, "entropy": 4.788243158594018, "errors": 947, "exp_cost": 179421111, "f1-score": 1.0, "falsepos": 0.0, "fullscore": 1.0, "index": 95.39065046455025, "ko": 178858784196, "loss": 1.198152688175469e-12, "meanscore": 1.0, "n_docs": 1116630552, "non_null": 0.0, "precision": 0.9970395692067856, "prediction_time": 2778.32921309684, "recall": 0.9999999999995662, "size": 38644118412, "time": 28594.66534183934, "weighted_avg": 5.200074153106819, "x2": 1144}, "classifier": {"accuracy": 0.9999999996145671, "auc": 0.9995957436514311, "avg_time": 25678.21198877923, "benchmark": 11.886746495192462, "distinct": 1018, "entropy": 7.10245974307513, "errors": 793, "exp_cost": 207984583602, "f1-score": 1.0, "falsepos": 9.312340898404159e-10, "fullscore": 1.0, "index": 36133.71471313277, "ko": 79313221835, "loss": 1.324105736166814e-08, "n_docs": 33731384352726, "non_null": 2.3312463071079037e-12, "precision": 0.9999998299030679, "prediction_time": 5711.0560272121875, "recall": 0.9999999999999502, "size": 359809025487, "time": 218.6981693977277, "weighted_avg": 8.60567199787223, "x2": 972}, "reports": {"accuracy": 0.9999999999982215, "auc": 0.999999999764755, "avg_time": 4431.035267144652, "benchmark": 7.39056545056363, "distinct": 1117, "entropy": 6.463798588900842, "errors": 800, "exp_cost": 408914656, "f1-score": 1.0, "falsepos": 0.0, "fullscore": 0.9990837019374017, "index": 1851.7556172213363, "ko": 0.9999999999999998, "loss": 0.0, "meanscore": 0.9999999989084057, "n_docs": 279835339199, "non_null": 3.2862601528904634e-14, "precision": 1.0, "prediction_time": 6509.901040356761, "recall": 0.9999999999485545, "size": 5810857631919, "time": 1749.9510519660028, "weighted_avg": 7.742711516484635, "x2": 0.0}, "train": {"accuracy": 1.0, "auc": 0.9999999998685307, "avg_time": 104.58455868057601, "benchmark": 5.274962124144347, "distinct": 842, "entropy": 6.262762847738279, "errors": 876, "exp_cost": 11917744457, "falsepos": 0.0, "fullscore": 1.0, "index": 1219.8598709485223, "ko": 4.901490324726865e-11, "loss": 0.0, "meanscore": 0.9999999999998277, "n_docs": 38745253479387, "non_null": 8.709699628184353e-13, "precision": 0.999999866144117, "prediction_time": 2355.8836747567752, "recall": 1.0, "size": 9973582408, "time": 248.35434868375373, "weighted_avg": 7.0008106514086625, "x2": 737}, "train_full": {"accuracy": 1.0, "auc": 0.9999999998901603, "avg_time": 760.5495171633622, "benchmark": 7.0222153579202455, "distinct": 726, "entropy": 9.672360183500393, "errors": 584, "exp_cost": 4853976403770, "f1-score": 1.0, "falsepos": 1.3681278332455804e-12, "fullscore": 0.9999999999999891, "index": 5977.461568328355, "ko": 11642.522317750143, "loss": 0.0, "meanscore": 1.0, "n_docs": 3357038579331, "non_null": 0.0, "precision": 0.999999999972315, "prediction_time": 5469.762411912935, "recall": 0.9999999982525617, "size": 1504644901, "time": 2334.347289818046, "weighted_avg": 7.806559795808949, "x2": 8.27712509144557}}