{"branch": {"accuracy": 0.999999913682987, "auc": 0.9998292838790206, "avg_time": 175.71966218481708, "benchmark": 2.372334634372824, "distinct": 419, "entropy": 4.8170698251724104, "errors": 30, "exp_cost": 8528270, "f1-score": 0.9999481263290424, "falsepos": 0.000230762633996906, "fullscore": 0.9999954605096694, "index": 8.159471143769673, "ko": 2.8075572710020604, "loss": 9.839566761038476e-06, "meanscore": 0.9867105352258012, "n_docs": 2096822, "non_null": 0.0006234018820590048, "precision": 0.9981793443888405, "prediction_time": 5.212701179602179, "recall": 0.9999999998837756, "size": 411105, "time": 11.612265514119644, "weighted_avg": 2.224296260685314, "x2": 0.9971258487191204}, "brand": {"auc": 0.9999999989557913, "avg_time": 65.72992231350891, "benchmark": 3.4691604670380913, "distinct": 369, "entropy": 0.8501817832872668, "errors": 440, "exp_cost": 299887, "f1-score": 0.9999999976349626, "falsepos": 2.487300034148543e-05, "fullscore": 0.9997946846318965, "index": 1.6288389474886829, "ko": 2191905, "loss": 0.02361283209887377, "meanscore": 0.9999868083909005, "n_docs": 403040, "non_null": 0.0013045841585008766, "precision": 0.3520088688784914, "prediction_time": 52.859238752614374, "recall": 0.9928955408213385, "size": 1003399, "time": 41.80676307550467, "weighted_avg": 1.7976449586187317, "x2": 526}, "classifier": {"accuracy": 0.8941558122170377, "auc": 0.6141124347655631, "avg_time": 108.97141077918832, "benchmark": 5.510982074515456, "distinct": 471, "entropy": 3.08095440682952, "errors": 431, "exp_cost": 11878050, "f1-score": 0.9999817578998099, "falsepos": 0.009003872139846436, "fullscore": 0.9999891646286644, "index": 513.4876195601983, "ko": 5006965, "loss": 0.037897681715449494, "n_docs": 41300385, "non_null": 0.0070529219716498615, "precision": 0.7047135716901142, "prediction_time": 34.547795491772554, "recall": 0.9990775248954671, "size": 152667, "time": 2.3885874240721185, "weighted_avg": 4.2112833924100315, "x2": 431}, "reports": {"accuracy": 0.9973104305305396, "auc": 0.9904609385166739, "avg_time": 20.669361963336716, "benchmark": 3.2310553301536737, "distinct": 546, "entropy": 2.3383918246794297, "errors": 297, "exp_cost": 22482, "f1-score": 0.9999999904714607, "falsepos": 4.739152181798545e-09, "fullscore": 0.6100275663368473, "index": 9.331356639626252, "ko": 0.9989221562956059, "loss": 0.002360016285388511, "meanscore": 0.9969172324041131, "n_docs": 5664339, "non_null": 0.0019789119862376747, "precision": 0.9999856420223313, "prediction_time": 35.04438746761566, "recall": 0.9404052113802471, "size": 10869185, "time": 9.101832614537232, "weighted_avg": 3.0260213679083687, "x2": 0.00028605082592814135}, "train": {"accuracy": 0.9984304202423858, "auc": 0.9852414492001238, "avg_time": 5.706545126087392, "benchmark": 0.7468159173921879, "distinct": 285, "entropy": 2.299209261988675, "errors": 383, "exp_cost": 1267384, "falsepos": 3.697887582143622e-06, "fullscore": 0.9999991483588602, "index": 23.3923604190209, "ko": 0.0022801772554842392, "loss": 7.775650969765735e-07, "meanscore": 0.9899070967794067, "n_docs": 158354938, "non_null": 0.15179575005580626, "precision": 0.7943800708750675, "prediction_time": 5.480753014386353, "recall": 0.999999070604143, "size": 366063, "time": 1.1237628909924928, "weighted_avg": 2.7763435932631992, "x2": 230}, "train_full": {"accuracy": 0.9997023941759297, "auc": 0.9555133419506099, "avg_time": 6.749889003465084, "benchmark": 3.1463156641523917, "distinct": 219, "entropy": 3.9717299772399013, "errors": 213, "exp_cost": 31532747, "f1-score": 0.9999912200803632, "falsepos": 0.03463624445124569, "fullscore": 0.9921468617687714, "index": 19.1277530486263, "ko": 56.661619601584604, "loss": 1.3867710535464539e-08, "meanscore": 0.9878794292011518, "n_docs": 9317111, "non_null": 1.1174309526573722e-06, "precision": 0.9951997165455472, "prediction_time": 56.47161023080499, "recall": 0.9965014423693341, "size": 27710, "time": 12.304514344737278, "weighted_avg": 3.7948294568436354, "x2": 3.987861188622373}}