{"branch": {"accuracy": 1.0, "auc": 0.9999999956533864, "avg_time": 3526.8784325760066, "benchmark": 4.311292946562786, "distinct": 672, "entropy": 7.546722223425544, "errors": 289, "exp_cost": 2438743886, "f1-score": 0.9999999998424938, "falsepos": 3.055344865998677e-11, "fullscore": 0.9999999999963756, "index": 94.08767584340178, "ko": 4.418090891687312, "loss": 3.9875325263949435e-10, "meanscore": 0.9999526615228581, "n_docs": 1543109281, "non_null": 2.2681559130877105e-07, "precision": 0.9999958463870728, "prediction_time": 28.581560855057834, "recall": 1.0, "size": 336431194, "time": 71.90103029938507, "weighted_avg": 5.18548846525131, "x2": 0.9999995359687286}, "brand": {"auc": 0.9999999999999999, "avg_time": 755.6550839514368, "benchmark": 6.300722902697281, "distinct": 544, "entropy": 2.6687279884149473, "errors": 699, "exp_cost": 5748293, "f1-score": 1.0, "falsepos": 1.9457546684975568e-10, "fullscore": 0.9999999968287371, "index": 13.478492843414605, "ko": 726935932, "loss": 2.5548088889992826e-06, "meanscore": 0.9999999996097437, "n_docs": 23861060, "non_null": 5.645047762570243e-10, "precision": 0.8525799638630409, "prediction_time": 354.96208527684183, "recall": 0.9999992037009976, "size": 209096547, "time": 1016.1851407543913, "weighted_avg": 3.3469651436690158, "x2": 855}, "classifier": {"accuracy": 0.9999036165791841, "auc": 0.9678923560884394, "avg_time": 1672.3280873681092, "benchmark": 8.696712990759767, "distinct": 743, "entropy": 4.950178912980733, "errors": 616, "exp_cost": 1855836955, "f1-score": 0.9999999999928996, "falsepos": 1.9854437651511958e-05, "fullscore": 0.9999999999999749, "index": 3159.992137517566, "ko": 476337006, "loss": 0.00015489935973700408, "n_docs": 34317703248, "non_null": 1.6918826265532871e-06, "precision": 0.9965560033212326, "prediction_time": 423.4147251610777, "recall": 0.9999999447693559, "size": 142144011, "time": 22.38121080764474, "weighted_avg": 6.533374895060021, "x2": 692}, "reports": {"accuracy": 0.9999997044309283, "auc": 0.9999935474232956, "avg_time": 285.3487661084311, "benchmark": 5.3401809025804825, "distinct": 837, "entropy": 4.189922094762651, "errors": 556, "exp_cost": 3435160, "f1-score": 0.9999999999999999, "falsepos": 0.0, "fullscore": 0.9401400054904945, "index": 138.58356101485637, "ko": 0.9999999925195664, "loss": 1.0143494932890462e-09, "meanscore": 0.9999930325804265, "n_docs": 1097407527, "non_null": 1.4173030193909142e-07, "precision": 0.9999999999856017, "prediction_time": 540.94006385844, "recall": 0.9999795731110547, "size": 6691894186, "time": 129.20319660696586, "weighted_avg": 5.561789374307731, "x2": 3.1185427573632296e-09}, "train": {"accuracy": 0.9999999759695408, "auc": 0.9999857420211444, "avg_time": 20.113111543557952, "benchmark": 3.1778429147122726, "distinct": 558, "entropy": 4.34945452613614, "errors": 619, "exp_cost": 67156768, "falsepos": 2.827627021417811e-12, "fullscore": 0.99999999999974, "index": 195.67259057681912, "ko": 2.774381226755551e-06, "loss": 5.329070518200751e-15, "meanscore": 0.9999989869998898, "n_docs": 54219137848, "non_null": 4.7740022363629286e-05, "precision": 0.9987492761201708, "prediction_time": 121.59924632842315, "recall": 0.9999999999994311, "size": 47971411, "time": 18.343913160487457, "weighted_avg": 4.936883022778109, "x2": 482}, "train_full": {"accuracy": 0.9999999996165577, "auc": 0.9999590750093001, "avg_time": 70.55571667040705, "benchmark": 5.10633010130211, "distinct": 462, "entropy": 6.816936877870366, "errors": 391, "exp_cost": 22757543809, "f1-score": 0.99999999999718, "falsepos": 5.257137714598237e-06, "fullscore": 0.9999997649460578, "index": 340.369053819923, "ko": 838.0478183473236, "loss": 1.1102230246251565e-16, "meanscore": 0.9999999718847286, "n_docs": 6751636361, "non_null": 3.615996391204135e-13, "precision": 0.9999977968631559, "prediction_time": 506.8825009433973, "recall": 0.9999921207013099, "size": 4973645, "time": 212.42937009295443, "weighted_avg": 5.807475008774369, "x2": 6.104640637570716}}