{"branch": {"accuracy": 0.999999999999581, "auc": 0.9999997971634392, "avg_time": 989.0870481289442, "benchmark": 3.688067482813572, "distinct": 580, "entropy": 6.558981657211643, "errors": 197, "exp_cost": 284713565, "f1-score": 0.9999999810199688, "falsepos": 2.8092693948877923e-08, "fullscore": 0.9999999987946937, "index": 37.418504544080605, "ko": 3.9393037162495483, "loss": 8.675641538502532e-09, "meanscore": 0.9996307432329915, "n_docs": 108498757, "non_null": 9.27615269519233e-06, "precision": 0.9999482895741232, "prediction_time": 17.76974119534468, "recall": 0.9999999999999999, "size": 21575841, "time": 31.704846386692974, "weighted_avg": 3.871356941574644, "x2": 0.9999738916158931}, "brand": {"auc": 0.999999999999885, "avg_time": 311.4827553783046, "benchmark": 5.202780342151287, "distinct": 487, "entropy": 2.0460943980003305, "errors": 580, "exp_cost": 1661388, "f1-score": 0.9999999999999387, "falsepos": 4.9443810712368474e-08, "fullscore": 0.9999997671898551, "index": 5.8322573542980845, "ko": 86928061, "loss": 0.0001912787603295385, "meanscore": 0.9999999729978732, "n_docs": 5278816, "non_null": 5.25813846463663e-07, "precision": 0.6877233766460347, "prediction_time": 182.8234595147021, "recall": 0.9999560778930026, "size": 27086667, "time": 280.25565418201523, "weighted_avg": 2.7882955550385193, "x2": 715}, "classifier": {"accuracy": 0.9977389640120135, "auc": 0.9031017111263936, "avg_time": 643.2108124652076, "benchmark": 7.367483296374873, "distinct": 638, "entropy": 4.3380069154935725, "errors": 548, "exp_cost": 268820232, "f1-score": 0.9999999973208348, "falsepos": 0.00019633697712717613, "fullscore": 0.9999999998675037, "index": 1942.5277965654625, "ko": 153035400, "loss": 0.0023598541615481583, "n_docs": 1678574075, "non_null": 4.0768222603015936e-05, "precision": 0.9832112844222869, "prediction_time": 155.48238049808805, "recall": 0.9999970058657754, "size": 11153555, "time": 10.063171957039108, "weighted_avg": 5.62387624157833, "x2": 622}, "reports": {"accuracy": 0.9999771685642075, "auc": 0.9997351829692455, "avg_time": 91.48083103152166, "benchmark": 4.480931856090532, "distinct": 711, "entropy": 3.5642245541223985, "errors": 442, "exp_cost": 397206, "f1-score": 0.999999999999585, "falsepos": 3.3084646133829665e-14, "fullscore": 0.8629302953691149, "index": 40.573146620823614, "ko": 0.9999982704807469, "loss": 7.557118275602903e-07, "meanscore": 0.9999369636096399, "n_docs": 134216034, "non_null": 7.801261947770755e-06, "precision": 0.9999999964473983, "prediction_time": 190.91267674852193, "recall": 0.9987089292407375, "size": 544251426, "time": 58.54263952248772, "weighted_avg": 4.427590920984477, "x2": 4.322110662702272e-07}, "train": {"accuracy": 0.9999952686602742, "auc": 0.9997388055423131, "avg_time": 11.135514533764729, "benchmark": 2.1198150466864147, "distinct": 453, "entropy": 3.5271573546636983, "errors": 526, "exp_cost": 20888442, "falsepos": 1.256969750507153e-09, "fullscore": 0.9999999998222978, "index": 90.27950892492584, "ko": 3.3066448683394256e-05, "loss": 1.8598900197730472e-11, "meanscore": 0.9999509368302986, "n_docs": 6845613918, "non_null": 0.002951049398878358, "precision": 0.9863607492126651, "prediction_time": 39.805165194292016, "recall": 0.9999999998952729, "size": 8349485, "time": 5.22294630227502, "weighted_avg": 3.9739494933004798, "x2": 395}, "train_full": {"accuracy": 0.9999997061761132, "auc": 0.9990940878585441, "avg_time": 27.353243181201595, "benchmark": 4.499109404590116, "distinct": 360, "entropy": 5.5484575504346045, "errors": 328, "exp_cost": 934323304, "f1-score": 0.9999999970615776, "falsepos": 0.0003978471101319103, "fullscore": 0.9999798414357942, "index": 102.6850894491882, "ko": 269.219125684256, "loss": 2.3447910280083306e-13, "meanscore": 0.9999908367336547, "n_docs": 484076001, "non_null": 1.9932278050305285e-10, "precision": 0.999948335765861, "prediction_time": 238.49159397627275, "recall": 0.9999317080956912, "size": 729038, "time": 67.76088219129775, "weighted_avg": 5.04747865540029, "x2": 5.235107088748556}}