{"branch": {"accuracy": 0.9999992032163357, "auc": 0.9993430206331844, "avg_time": 111.43580731745932, "benchmark": 2.1513446349478946, "distinct": 365, "entropy": 4.399494528322718, "errors": -5, "exp_cost": 3994440, "f1-score": 0.9997294039212068, "falsepos": 0.0015072273390162039, "fullscore": 0.9999671044682538, "index": 5.416852181091493, "ko": 2.6179959435254685, "loss": 3.278010565721523e-05, "meanscore": 0.9762325536289049, "n_docs": 839383, "non_null": 0.0017711369199396865, "precision": 0.9929289396083716, "prediction_time": 3.954835324519295, "recall": 0.9999999946936219, "size": 132681, "time": 9.47104665071035, "weighted_avg": 1.876603301268083, "x2": 0.9914489995047221}, "brand": {"auc": 0.9999999888040018, "avg_time": 46.370190537413514, "benchmark": 2.9437391860340165, "distinct": 344, "entropy": 0.579268382186487, "errors": 406, "exp_cost": 171008, "f1-score": 0.9999999752903506, "falsepos": 0.0001656016528166493, "fullscore": 0.9989654074912395, "index": 1.2090405064821226, "ko": 1030764, "loss": 0.05876821737043292, "meanscore": 0.9999431237975973, "n_docs": 312752, "non_null": 0.003201006038865417, "precision": 0.23589522836785348, "prediction_time": 35.97428765312671, "recall": 0.9860183471799969, "size": 270513, "time": 24.453063440263335, "weighted_avg": 1.5687412794836213, "x2": 492}, "classifier": {"accuracy": 0.784635748692903, "auc": 0.5031863192340226, "avg_time": 77.78841550243267, "benchmark": 4.877956038102157, "distinct": 424, "entropy": 2.780382903167875, "errors": 419, "exp_cost": 4403035, "f1-score": 0.9999262608516399, "falsepos": 0.015982582033958748, "fullscore": 0.9999510726425301, "index": 313.77185098384086, "ko": 3340106, "loss": 0.06892053263131936, "n_docs": 11298314, "non_null": 0.017699898221555488, "precision": 0.680224146053572, "prediction_time": 22.602154778734544, "recall": 0.997153263926891, "size": 49377, "time": 1.8002390440769334, "weighted_avg": 3.8010536900170027, "x2": 390}, "reports": {"accuracy": 0.9893348291512982, "auc": 0.9776848928710282, "avg_time": 11.276625268343869, "benchmark": 2.777790349113868, "distinct": 495, "entropy": 2.008185023230904, "errors": 257, "exp_cost": 7710, "f1-score": 0.9999999294886992, "falsepos": 7.590014017289093e-08, "fullscore": 0.5245537665668447, "index": 7.052062246583722, "ko": 0.9966999011804646, "loss": 0.010063952791198982, "meanscore": 0.9938863144696239, "n_docs": 2487740, "non_null": 0.006253404375392901, "precision": 0.9999317450116751, "prediction_time": 23.421628961115317, "recall": 0.8859900105332903, "size": 3486988, "time": 5.495735041092638, "weighted_avg": 2.5844148808707077, "x2": 0.000843586141444308}, "train": {"accuracy": 0.9940496314931434, "auc": 0.9559020056411658, "avg_time": 4.517828687079875, "benchmark": 0.4973006618524104, "distinct": 242, "entropy": 2.022080679521107, "errors": 340, "exp_cost": 552197, "falsepos": 2.039320733748795e-05, "fullscore": 0.999997778537296, "index": 17.206813805613823, "ko": 0.0071921880782575, "loss": 5.393597362512992e-06, "meanscore": 0.9653455789435799, "n_docs": 63278083, "non_null": 0.29847873661953395, "precision": 0.7040142164068008, "prediction_time": 3.941647234791707, "recall": 0.999989545525821, "size": 160631, "time": 0.6159097014422249, "weighted_avg": 2.408733286161479, "x2": 176}, "train_full": {"accuracy": 0.9987554836744974, "auc": 0.9203664037368505, "avg_time": 4.603567749426259, "benchmark": 2.889551511641969, "distinct": 192, "entropy": 3.6252492094488016, "errors": 166, "exp_cost": 12250235, "f1-score": 0.9998867996304508, "falsepos": 0.07347476005200115, "fullscore": 0.98023445458146, "index": 11.428352849844766, "ko": 34.846272672785844, "loss": 1.6037402428281666e-07, "meanscore": 0.9579487364172723, "n_docs": 4197992, "non_null": 5.762255993801979e-06, "precision": 0.9912718766222801, "prediction_time": 41.398716700217086, "recall": 0.9904625794997186, "size": 12582, "time": 9.9708681196903, "weighted_avg": 3.5861398932961093, "x2": 3.6342210835038693}}