{"branch": {"accuracy": 0.999999999998255, "auc": 0.9999992638278845, "avg_time": 761.7329034346246, "benchmark": 3.428935981885494, "distinct": 545, "entropy": 6.312430368185457, "errors": 163, "exp_cost": 210540630, "f1-score": 0.999999874672761, "falsepos": 1.1235785879470939e-07, "fullscore": 0.99999999753775, "index": 28.11611524312397, "ko": 3.6991204469787236, "loss": 4.223925242907711e-08, "meanscore": 0.9993116397588537, "n_docs": 72359208, "non_null": 1.3283180885226287e-05, "precision": 0.999908418275247, "prediction_time": 12.21955546829497, "recall": 0.9999999999999996, "size": 10913700, "time": 30.60140398588977, "weighted_avg": 3.8038048188671363, "x2": 0.9999442744355788}, "brand": {"auc": 0.9999999999997085, "avg_time": 244.90719065946928, "benchmark": 4.896396510362458, "distinct": 451, "entropy": 1.8258285029457229, "errors": 565, "exp_cost": 1307919, "f1-score": 0.9999999999997581, "falsepos": 1.1209427319691656e-07, "fullscore": 0.9999993791251061, "index": 4.696464435026594, "ko": 54879252, "loss": 0.0005105452486495743, "meanscore": 0.9999999179468277, "n_docs": 2292473, "non_null": 4.213939630681729e-06, "precision": 0.6048700430711569, "prediction_time": 142.60288795723596, "recall": 0.9998400172573366, "size": 14995340, "time": 254.4917840300653, "weighted_avg": 2.8009479061424853, "x2": 702}, "classifier": {"accuracy": 0.9954906572554926, "auc": 0.9138768160123769, "avg_time": 440.1560248702017, "benchmark": 7.114747371093484, "distinct": 605, "entropy": 4.109805167881363, "errors": 528, "exp_cost": 116224731, "f1-score": 0.9999999899309171, "falsepos": 0.00041354345845490137, "fullscore": 0.9999999992708286, "index": 1472.0514444794442, "ko": 86310189, "loss": 0.002191298051464563, "n_docs": 923992452, "non_null": 0.00013794289166790819, "precision": 0.9516594154879398, "prediction_time": 146.44013427634215, "recall": 0.9999902701310452, "size": 6791131, "time": 7.737705943283779, "weighted_avg": 5.420438768433856, "x2": 586}, "reports": {"accuracy": 0.999934359468486, "auc": 0.999687974255095, "avg_time": 84.32529155785943, "benchmark": 4.26147487104233, "distinct": 679, "entropy": 3.4768111378192637, "errors": 422, "exp_cost": 266689, "f1-score": 0.9999999999990735, "falsepos": 3.284039706841213e-13, "fullscore": 0.8224667551124534, "index": 35.395025728451884, "ko": 0.9999955829018427, "loss": 3.2069448044902416e-06, "meanscore": 0.999891344799305, "n_docs": 78527339, "non_null": 2.4330169618114184e-05, "precision": 0.9999999804906377, "prediction_time": 138.5730570147786, "recall": 0.9978108688551769, "size": 317289780, "time": 39.92147986092465, "weighted_avg": 4.266500046241028, "x2": 5.15663971412117e-07}, "train": {"accuracy": 0.9999875043131405, "auc": 0.9994680322240667, "avg_time": 11.724531245758325, "benchmark": 1.9595968760021567, "distinct": 428, "entropy": 3.321396777791616, "errors": 512, "exp_cost": 15479532, "falsepos": 2.5078356058472195e-09, "fullscore": 0.9999999997600346, "index": 67.59015471719403, "ko": 0.00010215910114785842, "loss": 1.789307590982503e-10, "meanscore": 0.9997349238664639, "n_docs": 3119761711, "non_null": 0.0048405673005471606, "precision": 0.9728954462517794, "prediction_time": 27.340803406803055, "recall": 0.9999999985597707, "size": 5616918, "time": 4.084878939203528, "weighted_avg": 3.8895037352501873, "x2": 370}, "train_full": {"accuracy": 0.9999988541509744, "auc": 0.998066931796778, "avg_time": 23.138709063509438, "benchmark": 4.415069812000017, "distinct": 360, "entropy": 5.271299250932284, "errors": 299, "exp_cost": 639670831, "f1-score": 0.9999999760653893, "falsepos": 0.0009790451401505695, "fullscore": 0.9999521151833135, "index": 73.84955141043314, "ko": 224.5263161007298, "loss": 1.7030821197749901e-12, "meanscore": 0.9999300632527076, "n_docs": 318730095, "non_null": 1.0160765562261531e-09, "precision": 0.9998567232908121, "prediction_time": 209.55996889702502, "recall": 0.9998227503447447, "size": 609029, "time": 47.78316446479659, "weighted_avg": 4.827704216144918, "x2": 5.233682864932639}}