{"branch": {"accuracy": 0.99999011623412, "auc": 0.9975691833010242, "avg_time": 73.47867198245497, "benchmark": 1.724755497145089, "distinct": 333, "entropy": 3.925102259193756, "errors": -36, "exp_cost": 2159385, "f1-score": 0.9991269895975042, "falsepos": 0.0070343848780489715, "fullscore": 0.9998788245665677, "index": 3.694133597266199, "ko": 2.336417448858188, "loss": 0.00018659528098596834, "meanscore": 0.9500069932473827, "n_docs": 258478, "non_null": 0.005210925621837781, "precision": 0.9831309382269516, "prediction_time": 3.522674814692134, "recall": 0.9999999306319631, "size": 42162, "time": 7.3298396393327, "weighted_avg": 1.4690011774110239, "x2": 0.9804341534311375}, "brand": {"auc": 0.9999999148936485, "avg_time": 33.60045660375204, "benchmark": 2.455557440927199, "distinct": 300, "entropy": 0.28947602064831635, "errors": 364, "exp_cost": 98271, "f1-score": 0.9999993179749632, "falsepos": 0.000536391795190827, "fullscore": 0.9957376006241943, "index": 0.8662235491556626, "ko": 402515, "loss": 0.10784388503442677, "meanscore": 0.9998384750806572, "n_docs": 136740, "non_null": 0.01008355729934951, "precision": 0.17121652871902404, "prediction_time": 27.037317945903357, "recall": 0.9634432008428937, "size": 137283, "time": 17.039170087503273, "weighted_avg": 1.218587133838211, "x2": 451}, "classifier": {"accuracy": 0.6625871572282779, "auc": 0.4524901821292034, "avg_time": 53.34861557421159, "benchmark": 4.533580272552602, "distinct": 388, "entropy": 2.443371685897377, "errors": 381, "exp_cost": 2832243, "f1-score": 0.9997812081846412, "falsepos": 0.02573601149417093, "fullscore": 0.9994470008827059, "index": 240.2846950264228, "ko": 1126855, "loss": 0.11854725811382516, "n_docs": 6014483, "non_null": 0.047710149832243975, "precision": 0.5386788087579027, "prediction_time": 16.0270651988296, "recall": 0.9927954191032903, "size": 15346, "time": 1.1875798079813946, "weighted_avg": 3.558477309248196, "x2": 357}, "reports": {"accuracy": 0.9769119411180921, "auc": 0.9645010131187617, "avg_time": 6.564134189049642, "benchmark": 2.460823662007934, "distinct": 456, "entropy": 1.6510556275428716, "errors": 223, "exp_cost": 3689, "f1-score": 0.9999990380122018, "falsepos": 1.0953658056145343e-06, "fullscore": 0.4474872195322674, "index": 4.461312850349368, "ko": 0.9891191524099668, "loss": 0.028225646047651654, "meanscore": 0.9908232395790574, "n_docs": 882716, "non_null": 0.02027403905005687, "precision": 0.9994248026265966, "prediction_time": 16.612313832299073, "recall": 0.8036028395585931, "size": 1186776, "time": 4.234655900163593, "weighted_avg": 2.1502309363300354, "x2": 0.0033284879041766136}, "train": {"accuracy": 0.9781873301942541, "auc": 0.9231941687806973, "avg_time": 3.4743184495981247, "benchmark": 0.06469139536180925, "distinct": 197, "entropy": 1.7780265252874563, "errors": 300, "exp_cost": 284829, "falsepos": 4.689047887196374e-05, "fullscore": 0.9999872766460954, "index": 11.51925663974943, "ko": 0.01293704763468273, "loss": 4.411672494497587e-05, "meanscore": 0.9231521955979783, "n_docs": 25262156, "non_null": 0.45329300136809947, "precision": 0.5589505800412611, "prediction_time": 2.3691433755658986, "recall": 0.9999373728067409, "size": 94690, "time": 0.41698494530793495, "weighted_avg": 2.183123306175947, "x2": 142}, "train_full": {"accuracy": 0.997055022403486, "auc": 0.8505969969307487, "avg_time": 3.0948096736910253, "benchmark": 2.6845155702666625, "distinct": 148, "entropy": 3.1037568692750916, "errors": 150, "exp_cost": 5612963, "f1-score": 0.9997106095772171, "falsepos": 0.14449363246553737, "fullscore": 0.9346796762290404, "index": 7.928741884336739, "ko": 24.59613526861227, "loss": 1.0261183280846353e-06, "meanscore": 0.8964214279049985, "n_docs": 1814013, "non_null": 3.129900006237918e-05, "precision": 0.9777932741356485, "prediction_time": 24.427402573743425, "recall": 0.9821539006599531, "size": 6193, "time": 7.022194235213164, "weighted_avg": 3.3110236961347916, "x2": 3.227812029183537}}