{"branch": {"accuracy": 1.0, "auc": 1.0, "avg_time": 67902.37546805078, "benchmark": 6.58097016783983, "distinct": 929, "entropy": 10.506772243902127, "errors": 553, "exp_cost": 503939555952, "f1-score": 1.0, "falsepos": 0.0, "fullscore": 1.0, "index": 1317.4445329908808, "ko": 6.185341465115424, "loss": 0.0, "meanscore": 0.9999999935324804, "n_docs": 3009344190499, "non_null": 2.2937207688755734e-12, "precision": 0.9999999999720308, "prediction_time": 188.7487619742079, "recall": 1.0, "size": 583197418996, "time": 458.7149771202526, "weighted_avg": 8.15101172480683, "x2": 0.9999999999996565}, "brand": {"auc": 1.0, "avg_time": 8965.229336661901, "benchmark": 9.543098649770407, "distinct": 732, "entropy": 4.862828209729285, "errors": 964, "exp_cost": 274960003, "f1-score": 1.0, "falsepos": 0.0, "fullscore": 1.0, "index": 103.90200374255193, "ko": 214368132336, "loss": 5.069278330438465e-13, "meanscore": 1.0, "n_docs": 1116693983, "non_null": 0.0, "precision": 0.9980871663809356, "prediction_time": 2899.6726867996795, "recall": 0.9999999999998752, "size": 49228293022, "time": 29556.224412638087, "weighted_avg": 5.349174587782535, "x2": 1159}, "classifier": {"accuracy": 0.9999999998952858, "auc": 0.9997323875014972, "avg_time": 23923.425872715954, "benchmark": 12.016632089607679, "distinct": 1029, "entropy": 7.215298200257774, "errors": 803, "exp_cost": 320063056249, "f1-score": 1.0, "falsepos": 4.578929457821346e-10, "fullscore": 1.0, "index": 36691.78207915503, "ko": 137412741059, "loss": 1.758313428190661e-08, "n_docs": 37264253857794, "non_null": 6.48925357893404e-13, "precision": 0.9999999185012648, "prediction_time": 6686.3746065715095, "recall": 0.9999999999999867, "size": 394014156727, "time": 263.2230190705065, "weighted_avg": 8.692473130358986, "x2": 979}, "reports": {"accuracy": 0.9999999999987418, "auc": 0.9999999999098999, "avg_time": 5437.334792717522, "benchmark": 7.684448696604813, "distinct": 1127, "entropy": 6.596329411827112, "errors": 806, "exp_cost": 457054526, "f1-score": 1.0, "falsepos": 0.0, "fullscore": 0.9989371778896128, "index": 2042.353200454442, "ko": 0.9999999999999999, "loss": 0.0, "meanscore": 0.9999999988978747, "n_docs": 460123132817, "non_null": 1.9095836023552692e-14, "precision": 1.0, "prediction_time": 6651.8810509740315, "recall": 0.9999999999801751, "size": 7579680085278, "time": 2375.443967498759, "weighted_avg": 7.825460028056573, "x2": 0.0}, "train": {"accuracy": 1.0, "auc": 0.999999999961668, "avg_time": 106.65182126096846, "benchmark": 5.284515494817859, "distinct": 850, "entropy": 6.360252107101754, "errors": 883, "exp_cost": 18381024272, "falsepos": 0.0, "fullscore": 1.0, "index": 1336.5127075660694, "ko": 3.980626939181775e-11, "loss": 0.0, "meanscore": 0.999999999999958, "n_docs": 37681658752449, "non_null": 1.3855583347321954e-13, "precision": 0.9999999581452222, "prediction_time": 2825.9288790516257, "recall": 1.0, "size": 11376127033, "time": 241.11571739315642, "weighted_avg": 7.0056620180416145, "x2": 752}, "train_full": {"accuracy": 1.0, "auc": 0.9999999999412666, "avg_time": 788.9642849688329, "benchmark": 7.10436497975879, "distinct": 725, "entropy": 9.737672508497017, "errors": 588, "exp_cost": 8212748462905, "f1-score": 1.0, "falsepos": 5.413447468072263e-13, "fullscore": 0.9999999999999911, "index": 6934.489613960467, "ko": 13596.530920211102, "loss": 0.0, "meanscore": 1.0, "n_docs": 3306660196729, "non_null": 0.0, "precision": 0.9999999999913477, "prediction_time": 6133.712728862491, "recall": 0.9999999993092733, "size": 1906482317, "time": 2649.2061973236027, "weighted_avg": 7.9083762659892765, "x2": 8.52639171641744}}