{"branch": {"accuracy": 1.0, "auc": 1.0, "avg_time": 85513.04509959297, "benchmark": 6.899108456750969, "distinct": 944, "entropy": 10.739621671007344, "errors": 587, "exp_cost": 710037681125, "f1-score": 1.0, "falsepos": 0.0, "fullscore": 1.0, "index": 1632.2377477010414, "ko": 6.348610248447806, "loss": 0.0, "meanscore": 0.9999999981424278, "n_docs": 4907240213502, "non_null": 4.4986236957811343e-13, "precision": 0.9999999999936869, "prediction_time": 197.96872226518354, "recall": 1.0, "size": 889439901061, "time": 527.2546958883829, "weighted_avg": 8.675892291615453, "x2": 0.9999999999999292}, "brand": {"auc": 1.0, "avg_time": 11166.206566093357, "benchmark": 9.807346233583457, "distinct": 764, "entropy": 5.074497289323362, "errors": 990, "exp_cost": 519209303, "f1-score": 1.0, "falsepos": 0.0, "fullscore": 1.0, "index": 119.77098703186746, "ko": 394696581357, "loss": 1.1213252548714081e-13, "meanscore": 1.0, "n_docs": 2371747990, "non_null": 0.0, "precision": 0.9987936989806847, "prediction_time": 2929.0928150619843, "recall": 0.9999999999999714, "size": 102920197123, "time": 39148.421319609835, "weighted_avg": 5.424507353311945, "x2": 1171}, "classifier": {"accuracy": 0.9999999999424183, "auc": 0.9998469618291126, "avg_time": 37539.10278783612, "benchmark": 12.383887061993741, "distinct": 1064, "entropy": 7.391265780598894, "errors": 818, "exp_cost": 491699579142, "f1-score": 1.0, "falsepos": 2.23304263968771e-10, "fullscore": 1.0, "index": 45307.56011845314, "ko": 212814918100, "loss": 2.2809187871786207e-09, "n_docs": 55665196582591, "non_null": 9.248157795127554e-14, "precision": 0.9999999152011504, "prediction_time": 8590.25504275428, "recall": 0.9999999999999987, "size": 824100847224, "time": 293.3835658355596, "weighted_avg": 8.935706766328964, "x2": 1007}, "reports": {"accuracy": 0.9999999999995559, "auc": 0.9999999999635029, "avg_time": 6657.975563088426, "benchmark": 7.770553775532332, "distinct": 1150, "entropy": 6.671443569183557, "errors": 831, "exp_cost": 668855198, "f1-score": 1.0, "falsepos": 0.0, "fullscore": 0.9995733498466728, "index": 2608.666446275397, "ko": 1.0, "loss": 0.0, "meanscore": 0.9999999996890955, "n_docs": 679591979257, "non_null": 2.3314683517128287e-15, "precision": 1.0, "prediction_time": 8785.733997512585, "recall": 0.9999999999941125, "size": 14113170363836, "time": 3210.85697913252, "weighted_avg": 7.924400418477468, "x2": 0.0}, "train": {"accuracy": 1.0, "auc": 0.9999999999908376, "avg_time": 124.17225961803216, "benchmark": 5.653912722032038, "distinct": 878, "entropy": 6.460233942454325, "errors": 914, "exp_cost": 19425521545, "falsepos": 0.0, "fullscore": 1.0, "index": 1685.8253546028593, "ko": 6.714850897537872e-12, "loss": 0.0, "meanscore": 0.9999999999999973, "n_docs": 57897156822477, "non_null": 2.864375403532904e-14, "precision": 0.9999999759121986, "prediction_time": 3744.9685838746304, "recall": 1.0, "size": 18281460659, "time": 324.13421138307564, "weighted_avg": 7.232053821655333, "x2": 787}, "train_full": {"accuracy": 1.0, "auc": 0.9999999999880174, "avg_time": 985.7174294125432, "benchmark": 7.153392940078895, "distinct": 735, "entropy": 9.965699780512637, "errors": 590, "exp_cost": 17847222566430, "f1-score": 1.0, "falsepos": 1.6409096303959814e-13, "fullscore": 0.9999999999999971, "index": 8395.129417148373, "ko": 19901.791410544265, "loss": 0.0, "meanscore": 1.0, "n_docs": 6508273340144, "non_null": 0.0, "precision": 0.9999999999972415, "prediction_time": 7511.668864541068, "recall": 0.9999999996621363, "size": 2598328900, "time": 3169.9113770607923, "weighted_avg": 8.013709204308043, "x2": 8.562553445904568}}