{"branch": {"accuracy": 0.9862325740081507, "auc": 0.8931319724562086, "avg_time": 14.215961243843937, "benchmark": 0.2761405832338176, "distinct": 198, "entropy": 2.2402460042792214, "errors": -194, "exp_cost": 134948, "f1-score": 0.9393989544205781, "falsepos": 0.31862632074129493, "fullscore": 0.9682282868544987, "index": 0.7829858710620529, "ko": 1.378999440414862, "loss": 0.011356982774126445, "meanscore": 0.7176041398916497, "n_docs": 5031, "non_null": 0.06501829531644687, "precision": 0.8638956319553444, "prediction_time": 1.2030839257888442, "recall": 0.999580646009345, "size": 717, "time": 2.453397964956288, "weighted_avg": -0.2374281174036259, "x2": 0.757710070761634}, "brand": {"auc": 0.9999467514999577, "avg_time": 8.50544772594375, "benchmark": 0.438917414956144, "distinct": 181, "entropy": -0.8936597877693957, "errors": 193, "exp_cost": 8883, "f1-score": 0.9995303869728902, "falsepos": 0.018000741052913716, "fullscore": 0.8794783702648746, "index": 0.26691049858196825, "ko": 14260, "loss": 0.5809502480271772, "meanscore": 0.9844509750249002, "n_docs": 11241, "non_null": 0.26539838023815276, "precision": 0.029509351103863157, "prediction_time": 8.15292741744991, "recall": 0.6735865354559991, "size": 5038, "time": 2.2198599851717966, "weighted_avg": 0.02026019395734846, "x2": 265}, "classifier": {"accuracy": 0.13248776829830855, "auc": 0.13630038083118878, "avg_time": 9.361196350073827, "benchmark": 2.5356258081759573, "distinct": 226, "entropy": 1.0808288366245715, "errors": 279, "exp_cost": 116463, "f1-score": 0.9704511309986765, "falsepos": 0.21901896735039972, "fullscore": 0.904348971147005, "index": 55.29260800283145, "ko": 37017, "loss": 0.5195588117529713, "n_docs": 114715, "non_null": 0.41821689131832507, "precision": 0.10222104892320305, "prediction_time": 3.1509859958243647, "recall": 0.8414331130289027, "size": 151, "time": 0.318151772254832, "weighted_avg": 2.423206070538975, "x2": 187}, "reports": {"accuracy": 0.8210012989806009, "auc": 0.7422977307007361, "avg_time": 1.2290106722833747, "benchmark": 0.9517531121735262, "distinct": 293, "entropy": 0.324591592787988, "errors": 80, "exp_cost": 282, "f1-score": 0.9995067726270219, "falsepos": 0.0012414178228290496, "fullscore": 0.12059423995667701, "index": 1.035817821237175, "ko": 0.7822340566117512, "loss": 0.5007788878828758, "meanscore": 0.8909616067745204, "n_docs": 21782, "non_null": 0.27025988240034937, "precision": 0.9672169979032346, "prediction_time": 3.2691056957391513, "recall": 0.2736571898864306, "size": 21509, "time": 0.646825597829698, "weighted_avg": 0.781061695010403, "x2": 0.06649173160635358}, "train": {"accuracy": 0.5740105126707444, "auc": 0.598596049968258, "avg_time": 1.6207857120217275, "benchmark": -1.1909928998072874, "distinct": 19, "entropy": 0.6064850428130859, "errors": 161, "exp_cost": 10629, "falsepos": 0.006157350565989761, "fullscore": 0.9933319093210703, "index": 4.558235069610063, "ko": 0.18778852639031174, "loss": 0.007463198119628922, "meanscore": 0.4000821280117368, "n_docs": 502013, "non_null": 0.9586786793813022, "precision": 0.1276908914640461, "prediction_time": 0.4156786621088976, "recall": 0.9917157629156101, "size": 4327, "time": 0.12925870945227316, "weighted_avg": 0.9817713010415086, "x2": -25}, "train_full": {"accuracy": 0.8783463454595948, "auc": 0.31866899929986603, "avg_time": 0.8434258073498229, "benchmark": 1.259256238010651, "distinct": 14, "entropy": 1.402944174613069, "errors": 50, "exp_cost": 185042, "f1-score": 0.9600295265332981, "falsepos": 0.6598567411155318, "fullscore": 0.49373502348103976, "index": 1.716506558263606, "ko": 4.7993733334240405, "loss": 0.00029542644176427935, "meanscore": 0.23252727928786437, "n_docs": 44553, "non_null": 0.005411649250215311, "precision": 0.7942316075900755, "prediction_time": 5.707952372566196, "recall": 0.8928861471204266, "size": 207, "time": 1.6615676851562404, "weighted_avg": 2.211206158664614, "x2": 1.897587755933912}}