{"branch": {"accuracy": 1.0, "auc": 0.9999999999936884, "avg_time": 12394.046749470763, "benchmark": 5.154943377256816, "distinct": 803, "entropy": 8.730912151923917, "errors": 419, "exp_cost": 20669906782, "f1-score": 0.9999999999999221, "falsepos": 1.1102230246251565e-15, "fullscore": 0.9999999999999991, "index": 252.25443851186563, "ko": 5.241977646765034, "loss": 1.936228954946273e-13, "meanscore": 0.9999979648566076, "n_docs": 28809346446, "non_null": 2.6584250356620487e-09, "precision": 0.9999999164266415, "prediction_time": 64.34647575144471, "recall": 1.0, "size": 6934951325, "time": 146.11131734002439, "weighted_avg": 6.58509411122034, "x2": 0.9999999987534947}, "brand": {"auc": 1.0, "avg_time": 2048.387615014088, "benchmark": 7.753489701095437, "distinct": 608, "entropy": 3.5419186327300776, "errors": 809, "exp_cost": 27103339, "f1-score": 1.0, "falsepos": 6.050715484207103e-13, "fullscore": 0.9999999999988676, "index": 30.904473589585457, "ko": 8475740389, "loss": 1.0098562208682438e-08, "meanscore": 0.9999999999994013, "n_docs": 99683428, "non_null": 4.285460875053104e-13, "precision": 0.9595320108873038, "prediction_time": 647.5149727907738, "recall": 0.9999999972878639, "size": 1793326129, "time": 3832.9197861926987, "weighted_avg": 4.0876447003263205, "x2": 978}, "classifier": {"accuracy": 0.9999978955339701, "auc": 0.9930503528170729, "avg_time": 5998.554099379861, "benchmark": 10.201329237126982, "distinct": 853, "entropy": 5.803998660559672, "errors": 699, "exp_cost": 12817070539, "f1-score": 0.999999999999998, "falsepos": 4.997842187881574e-07, "fullscore": 1.0, "index": 7448.535674899103, "ko": 4504501824, "loss": 1.0230061414207015e-05, "n_docs": 796725919270, "non_null": 1.4145899451811772e-08, "precision": 0.9999610885214475, "prediction_time": 1469.3392171857322, "recall": 0.9999999997728957, "size": 4044154867, "time": 63.61694671121383, "weighted_avg": 7.433512657149925, "x2": 802}, "reports": {"accuracy": 0.9999999946130584, "auc": 0.9999999086224072, "avg_time": 854.5010613153293, "benchmark": 6.262837742322063, "distinct": 970, "entropy": 5.184777231757916, "errors": 662, "exp_cost": 19721500, "f1-score": 1.0, "falsepos": 0.0, "fullscore": 0.9876872852300344, "index": 479.9887022493108, "ko": 0.9999999999944791, "loss": 1.340039190722564e-13, "meanscore": 0.9999997858599787, "n_docs": 9067881418, "non_null": 6.731692980821435e-10, "precision": 0.9999999999999931, "prediction_time": 1761.759749816091, "recall": 0.9999998396616231, "size": 126999077942, "time": 388.972482796854, "weighted_avg": 6.513067784206512, "x2": 1.998845533535132e-12}, "train": {"accuracy": 0.9999999999931022, "auc": 0.9999999165090327, "avg_time": 42.89780323457025, "benchmark": 4.077497035480789, "distinct": 668, "entropy": 5.168794955296889, "errors": 730, "exp_cost": 533154672, "falsepos": 1.2212453270876722e-15, "fullscore": 1.0, "index": 439.1867552355787, "ko": 3.1954532797584534e-08, "loss": 0.0, "meanscore": 0.9999999975996441, "n_docs": 640312807901, "non_null": 4.938364550621799e-08, "precision": 0.9999737339001469, "prediction_time": 515.3235773260768, "recall": 1.0, "size": 570491666, "time": 53.00652352783849, "weighted_avg": 5.857388310100036, "x2": 581}, "train_full": {"accuracy": 0.9999999999996352, "auc": 0.9999995820034594, "avg_time": 216.4697228913906, "benchmark": 5.821265762493785, "distinct": 582, "entropy": 7.977043791955188, "errors": 459, "exp_cost": 245782533324, "f1-score": 0.9999999999999998, "falsepos": 1.3320116343251698e-08, "fullscore": 0.9999999995935422, "index": 1304.9070005276037, "ko": 2772.3932900049676, "loss": 0.0, "meanscore": 0.9999999999877951, "n_docs": 102474806807, "non_null": 1.1102230246251565e-16, "precision": 0.9999999805757791, "prediction_time": 1308.9136769062502, "recall": 0.99999969867464, "size": 50943959, "time": 617.1523192284194, "weighted_avg": 6.7601311864450135, "x2": 6.92101439642471}}