{"branch": {"accuracy": 0.9999999998564137, "auc": 0.9999947471190562, "avg_time": 433.73476760035635, "benchmark": 3.150132003987345, "distinct": 500, "entropy": 5.729720480083385, "errors": 134, "exp_cost": 70602330, "f1-score": 0.9999993365100377, "falsepos": 3.4686738148437257e-06, "fullscore": 0.9999999205778637, "index": 18.550531511594073, "ko": 3.485216658349129, "loss": 2.0099075059842875e-07, "meanscore": 0.9981313332545968, "n_docs": 19172369, "non_null": 7.493287649329439e-05, "precision": 0.9994287582152002, "prediction_time": 10.877949795973535, "recall": 0.9999999999999245, "size": 3139242, "time": 22.01820950440573, "weighted_avg": 3.183952221235632, "x2": 0.999642266995044}, "brand": {"auc": 0.999999999995283, "avg_time": 150.6547549461982, "benchmark": 4.263383111358869, "distinct": 419, "entropy": 1.4371683397009969, "errors": 515, "exp_cost": 761741, "f1-score": 0.999999999995367, "falsepos": 1.3874053104157014e-06, "fullscore": 0.999982366571329, "index": 3.16535039095894, "ko": 17268266, "loss": 0.002594445914517296, "meanscore": 0.9999995512533326, "n_docs": 1577843, "non_null": 1.4968807374171611e-05, "precision": 0.4778429784693921, "prediction_time": 88.837844436806, "recall": 0.9994351435811744, "size": 4244848, "time": 123.66458654641458, "weighted_avg": 2.4133562623717095, "x2": 633}, "classifier": {"accuracy": 0.9849408964588167, "auc": 0.8399282141249357, "avg_time": 309.0316754590269, "benchmark": 6.435883810358532, "distinct": 560, "entropy": 3.7567428562730565, "errors": 495, "exp_cost": 48934344, "f1-score": 0.9999998315994666, "falsepos": 0.0015010956954395471, "fullscore": 0.999999972691026, "index": 958.0257707367485, "ko": 36681616, "loss": 0.007038352568541351, "n_docs": 355306667, "non_null": 0.0006899342679111964, "precision": 0.9219230505811791, "prediction_time": 68.44440314908329, "recall": 0.9999587301737768, "size": 1316003, "time": 5.100600678178259, "weighted_avg": 5.00760548009591, "x2": 538}, "reports": {"accuracy": 0.9995820077566759, "auc": 0.9982836568746343, "avg_time": 44.42005485860509, "benchmark": 3.935152176948534, "distinct": 633, "entropy": 3.1042129754867793, "errors": 368, "exp_cost": 83027, "f1-score": 0.9999999999001725, "falsepos": 1.669175908602938e-11, "fullscore": 0.7686466308392949, "index": 19.749996593069998, "ko": 0.999946441214194, "loss": 7.799749052161964e-05, "meanscore": 0.9996791125229346, "n_docs": 34310335, "non_null": 0.00011572749066868226, "precision": 0.9999998679575638, "prediction_time": 77.84234450120485, "recall": 0.9886304716040293, "size": 88312120, "time": 27.32797581257129, "weighted_avg": 3.647908004349404, "x2": 1.2587310876721602e-05}, "train": {"accuracy": 0.9998840728250632, "auc": 0.9974778380669547, "avg_time": 8.149048680045187, "benchmark": 1.5263717616213253, "distinct": 375, "entropy": 2.8890527747806014, "errors": 468, "exp_cost": 7194648, "falsepos": 4.84980837711646e-08, "fullscore": 0.9999999963188986, "index": 51.44327057896836, "ko": 0.0003088951972239906, "loss": 7.818498515277383e-09, "meanscore": 0.9989212089176128, "n_docs": 1610528113, "non_null": 0.030227550924852853, "precision": 0.9437452370318724, "prediction_time": 15.848294509059409, "recall": 0.999999989792197, "size": 2270510, "time": 2.203794885777871, "weighted_avg": 3.3506484416853626, "x2": 318}, "train_full": {"accuracy": 0.9999928858951519, "auc": 0.9920227733460125, "avg_time": 12.781455653455392, "benchmark": 4.039743868385529, "distinct": 307, "entropy": 4.794485294428105, "errors": 263, "exp_cost": 242669416, "f1-score": 0.9999996713970294, "falsepos": 0.005064631227567173, "fullscore": 0.9996399742271356, "index": 48.267866238088374, "ko": 130.88818991842933, "loss": 5.306644013103323e-11, "meanscore": 0.9995758236519541, "n_docs": 68568014, "non_null": 1.7172516075802946e-08, "precision": 0.9994863315458677, "prediction_time": 127.86691286989864, "recall": 0.9992557927195516, "size": 223709, "time": 28.903780144028822, "weighted_avg": 4.355273138168511, "x2": 4.618119886098498}}